# Blender 4.4.0
# www.blender.org
mtllib def.mtl
o TerrainDef
v -4999.996582 -53.135281 -4999.539062
v -4999.291504 37.935757 -4612.852539
v -4998.923828 -34.530136 -4246.410156
v -5000.020020 -49.314861 -3626.448975
v -5000.150391 -46.325203 -2987.613770
v -5000.068848 -47.388035 -2477.091553
v -5000.027344 -36.801765 -1218.678345
v -5000.202148 -48.201706 -645.310974
v -5000.188477 -46.296791 329.866241
v -5000.062500 -45.169445 1156.338379
v -5000.118652 -53.040436 1560.586304
v -5000.948242 -33.485931 1831.255371
v -5000.111816 -42.591053 2495.525635
v -4999.335938 2.841328 2658.031494
v -5000.721191 -55.176701 3386.670654
v -5000.065918 -15.624205 3831.364014
v -5000.213867 -47.117828 3983.338135
v -5000.375000 -37.483727 4997.875488
v -5135.884277 -41.884941 -4450.243652
v -5194.650391 -40.569878 -3309.801758
v -5310.280273 5.837910 -1496.136108
v -5132.734863 -9.989581 -1125.211060
v -5202.714844 12.077761 -947.196411
v -5136.928223 -38.105465 3004.544678
v -5163.948730 -44.510239 3575.521484
v -5138.644531 20.808271 3826.553467
v -5363.562012 -48.180847 4302.403320
v -5238.576172 -44.922516 -1314.295044
v -5345.659668 -38.737671 -4170.530762
v -5218.614746 -48.620213 2784.403320
v -5237.677734 -46.898479 -4703.952148
v -5160.498047 28.171835 -4267.325684
v -5183.896973 -2.473308 1820.533569
v -5209.859863 -45.652905 4999.990723
v -5325.594727 -40.813431 -2502.698975
v -5302.017090 -42.961384 1632.057739
v -5287.314453 -9.825768 3222.666260
v -5299.656738 95.343353 3373.803711
v -5367.668457 -42.822327 3793.721924
v -5303.304688 -19.389978 4777.723145
v -5458.483887 -37.658554 -4999.968262
v -5411.157715 -49.842525 -881.914001
v -5529.335449 -49.694706 2249.514648
v -5366.841309 246.388245 2991.595459
v -5369.613281 9.666150 3529.483398
v -5485.524414 -50.501698 4613.635254
v -5385.261230 -40.820332 -1699.435303
v -5368.331543 86.220329 3110.710938
v -5498.578125 -48.615414 1113.055664
v -5488.686523 -43.442734 2703.132812
v -5305.691406 -46.202702 -3886.951660
v -5701.333496 -45.820412 -237.382690
v -5492.658691 -9.260181 -1366.098511
v -5541.573242 -41.156883 -509.177063
v -5431.859375 206.891556 3309.981689
v -5457.861816 -31.280886 2014.571167
v -5524.840332 200.188309 3442.569824
v -5443.724121 39.601845 -4023.449707
v -5496.294434 -31.892435 -2665.165283
v -5596.410156 -23.812988 1798.870605
v -5484.256348 -36.599300 -2992.811035
v -5511.615234 40.005390 3022.179199
v -5497.909180 216.187363 3151.401611
v -5565.242188 184.906372 3538.666748
v -5663.160156 -43.368893 -3936.543701
v -5676.006836 -32.983749 -2024.232300
v -5630.400391 13.861357 -811.074280
v -5711.186523 -40.741539 -4374.909180
v -5684.703613 1.450014 -1759.986572
v -5519.356445 171.870483 3333.544922
v -5590.645996 1.392346 3912.031006
v -5599.270020 90.357155 4264.086426
v -5838.412109 -44.014767 4445.541504
v -5540.503906 -42.040859 -3526.557861
v -5641.971191 -27.088900 -2230.409668
v -5583.889648 36.903976 2846.381348
v -5560.864746 130.146729 -2901.451416
v -5665.965332 414.282990 3651.368408
v -5675.881348 -30.796251 -1141.007812
v -5637.157227 427.255859 3214.294434
v -5686.549316 262.602966 3771.840820
v -5587.778809 -7.909455 4107.090820
v -5609.318359 -44.809269 1501.131836
v -5739.485352 30.878868 -2521.687988
v -5648.123047 -22.968189 -1536.618530
v -5972.223633 -42.526176 841.093140
v -5666.146973 -19.090120 2641.533936
v -5637.214355 82.622932 3031.408691
v -5719.128906 1036.311523 -2861.940186
v -5714.473633 -40.765812 57.018387
v -5720.996094 844.618103 3327.466553
v -5820.883789 139.649429 -3612.985596
v -5692.886230 71.249039 -3063.821289
v -5726.260254 246.190994 2877.011719
v -5700.737305 623.291687 3471.392822
v -5675.301758 -33.766079 -4627.148926
v -5830.821777 -19.982656 1444.484741
v -5797.548828 -14.334555 2273.751221
v -5726.664062 291.572784 3100.385742
v -5919.316895 -42.398346 -4141.608398
v -5723.428711 -18.657436 -3766.154785
v -5755.437988 -51.849945 -3383.545166
v -5817.820801 136.619278 -1397.099976
v -5762.206543 -31.487602 1884.047729
v -5786.345215 394.034393 3978.061035
v -5908.595703 -47.138851 -803.552185
v -5794.612305 368.138184 3020.913574
v -5792.096191 612.288635 3210.291016
v -5939.108887 -21.226063 -4846.367188
v -5837.365234 -33.681919 2668.507812
v -5757.126953 1094.556885 3405.149902
v -5778.060547 55.730522 4297.034668
v -5825.114746 868.564636 -2761.067627
v -5818.015137 57.035782 -2061.780273
v -5788.455078 84.470169 -1690.636719
v -5804.449219 106.823441 -1290.046631
v -5791.415039 25.155006 -450.285431
v -5808.207031 -39.089046 1150.770508
v -6054.235352 -34.269695 -4999.317871
v -5840.834961 370.586243 -3106.967529
v -5871.854980 -43.322224 596.616333
v -5904.229492 97.222427 1606.594604
v -5782.675781 505.074554 3603.180664
v -5819.756836 94.116867 -4528.058105
v -5856.365234 176.186966 -3895.538574
v -5930.250000 86.859077 -3406.707764
v -5848.286621 909.185547 -2952.386475
v -5858.545898 56.104820 -1526.349487
v -5854.162598 112.276421 2888.351074
v -5777.864258 52.403748 4189.354492
v -5914.485352 301.145569 -2583.115479
v -5874.429199 19.501728 -1885.505493
v -5860.968262 -15.237069 309.364471
v -5793.029297 803.686340 3330.679199
v -5912.950684 89.533646 -4623.799805
v -5882.997559 14.462894 -3484.572266
v -5833.878418 244.359222 -2204.386475
v -5930.697266 184.852203 -1229.214355
v -5854.673340 463.403748 3544.044678
v -5829.062500 613.484192 3752.142578
v -5917.441895 373.562103 -3827.641602
v -5930.819824 335.203644 -2369.126221
v -5894.315430 911.654480 -144.726334
v -5834.991211 367.148865 25.415871
v -5965.210938 132.462891 1976.603271
v -5952.580566 242.100403 2132.932861
v -5902.153809 497.149109 3119.474854
v -5894.837402 568.787354 3471.766113
v -5945.470703 929.875061 -347.787811
v -5912.906738 837.007751 3839.803223
v -5957.942383 -41.393703 -4385.448730
v -5925.172852 648.023132 -3056.499268
v -5964.226074 24.377058 -969.790955
v -5932.261230 1204.753174 -238.757080
v -5982.830566 159.536240 2422.365234
v -5971.352051 75.295525 2550.106201
v -5976.221191 330.962372 -2653.337646
v -5931.072266 1233.343628 -19.820562
v -5927.782715 1178.514526 3331.319092
v -5943.382324 936.530029 3630.265137
v -6007.174805 1724.002686 3724.618408
v -6007.693848 61.610584 -3975.083008
v -5973.823730 329.566193 -1691.721680
v -6043.137695 493.607666 -548.029602
v -5997.863281 952.909485 -419.666351
v -5990.289062 1157.208740 48.267033
v -5987.798828 503.251556 3061.707520
v -6079.259277 -42.636784 4999.941895
v -5997.671387 663.896912 -3712.189941
v -5974.180664 727.148682 -3602.290039
v -5957.440430 526.670288 -3264.542480
v -6084.869141 69.201691 -2918.295166
v -5983.350098 354.369537 -2126.751953
v -5977.244629 261.838470 378.081665
v -6117.674805 -10.138862 1072.213867
v -6000.823730 247.321182 1409.808594
v -6010.898926 312.004791 1707.931274
v -6012.846191 337.664520 1784.503418
v -5994.944336 164.216217 1870.462769
v -5948.234863 136.459549 2232.197021
v -5990.924316 -46.573643 2786.399170
v -6062.685059 1318.101562 3563.152100
v -5898.485352 528.500793 3995.034912
v -6175.929199 -38.409996 4629.671875
v -5995.834961 -3.743789 -756.287659
v -5997.450195 1024.572876 -126.747856
v -6005.050293 1458.732788 3251.833008
v -6022.922852 953.317383 3377.078369
v -6037.182617 189.906235 4046.466309
v -6050.869629 -29.992580 4232.424805
v -6072.497070 391.847290 -1899.361450
v -6088.813965 244.885635 -1039.588135
v -6079.058105 193.013474 -661.210571
v -6076.921875 629.976624 605.158325
v -6000.650879 240.067886 1223.645874
v -6098.774414 54.254101 2610.605713
v -6122.165039 25.444908 2874.209473
v -6081.567871 532.896606 -3386.323730
v -6112.198730 646.591370 -3248.380371
v -6050.097656 545.936829 -2515.603760
v -6045.880859 597.949036 -2394.007324
v -6042.014160 415.490845 -1458.934570
v -6040.669922 395.232635 -1301.812866
v -6064.096191 539.590332 1586.771484
v -6138.663574 42.948666 2246.662598
v -6094.634277 657.957092 3434.496826
v -6021.729004 1124.575928 3869.221680
v -6098.519531 1002.259949 -3552.589600
v -6058.326172 532.321472 -2255.645752
v -6090.594238 553.871338 -2020.681030
v -6050.831055 557.374634 -1621.497192
v -6084.692871 1894.869873 96.455856
v -6127.151855 1226.624146 338.321960
v -6144.179199 1261.409424 458.358643
v -6142.357422 268.192291 860.631165
v -6105.549805 1079.233643 3137.031982
v -6094.680664 450.488190 -3817.340576
v -6116.642578 316.774628 -1768.214478
v -6048.879883 541.836914 -1192.946289
v -6155.976074 648.717102 -306.863403
v -6077.986816 833.239807 -161.425522
v -6141.463379 979.086243 -51.427719
v -6095.060059 124.146843 -4121.122070
v -6135.138184 315.455048 -2740.479736
v -6130.309082 329.592102 -442.702057
v -6131.696289 209.118256 1864.409058
v -6149.704102 81.392258 2146.025879
v -6176.141113 83.316246 2343.784668
v -6090.403809 1997.380127 3780.802734
v -6083.892578 -20.127672 -4714.798828
v -6217.746094 -46.949684 -4597.612305
v -6265.208984 -31.901651 -4407.102051
v -6137.611816 541.625366 -3710.487549
v -6250.968750 207.426346 -2406.879883
v -6140.533203 486.981537 -2144.884033
v -6169.979980 1320.358643 257.733032
v -6141.090332 2772.368896 3676.707031
v -6199.113770 117.798416 -4843.914551
v -6184.263672 132.502060 -1653.473755
v -6132.453125 174.748367 -1289.213745
v -6190.693848 263.178162 -612.764038
v -6164.985352 811.901917 709.146790
v -6199.704102 853.499451 3325.013916
v -6211.173340 301.464600 3958.391846
v -6139.872070 233.396042 -2616.362549
v -6165.965820 339.017975 -832.607849
v -6245.568848 25.555475 1675.643433
v -6226.345215 22.819450 2019.254883
v -6285.478027 165.671738 -4155.200195
v -6189.661621 924.560425 -3962.324219
v -6179.410156 698.919250 -3285.753906
v -6204.879883 102.804962 -2536.229492
v -6242.944336 288.250153 -390.626801
v -6214.410156 1207.335083 48.476215
v -6243.391602 514.272461 3036.186768
v -6185.818359 765.816956 -3602.803711
v -6279.443359 404.117065 -2116.638428
v -6262.074219 96.074081 -1094.740845
v -6174.685059 584.507446 611.518311
v -6183.006836 -18.768797 1400.442993
v -6231.346191 1785.183350 3565.086182
v -6307.663574 102.459923 4071.600830
v -6228.612793 1239.488525 -3832.062012
v -6247.753418 18.618637 -2973.436768
v -6244.499512 383.750702 -2783.821533
v -6288.879883 324.044647 -2698.997803
v -6246.620117 348.238800 -1908.903320
v -6272.771973 130.747986 -959.694336
v -6279.572754 76.540337 1935.977905
v -6318.333008 136.090637 2332.415283
v -6218.129883 257.042786 2708.502686
v -6286.035645 218.838547 2859.214600
v -6238.616211 1456.258179 -3485.801025
v -6259.062988 235.324997 -2266.226074
v -6227.519531 1130.429565 148.780655
v -6237.937500 948.207153 543.039001
v -6258.447754 665.430054 712.363770
v -6270.169434 11.690446 1789.797119
v -6220.841797 31.953833 2490.225586
v -6262.117188 829.699524 3128.673584
v -6298.584961 590.419739 3244.254639
v -6362.195801 -33.803867 4186.146484
v -6309.084961 -31.631241 -4999.969238
v -6214.877930 4.625458 -1415.832153
v -6291.187012 115.447945 -531.991699
v -6353.557617 176.435440 -222.247986
v -6282.658203 919.390625 370.634094
v -6283.116699 834.439514 850.350586
v -6231.306641 2422.386719 3739.004395
v -6297.045898 865.002991 -3600.490723
v -6344.069824 -14.765705 -1686.155029
v -6304.668945 112.718376 -1197.207520
v -6323.754883 -54.007889 1414.509888
v -6322.008301 600.908325 -3956.897217
v -6346.241211 183.471008 -2999.553467
v -6396.147461 113.602539 -2625.423096
v -6416.717285 -28.563128 -1351.649048
v -6372.352539 -38.501507 -762.647217
v -6356.685059 704.494446 -94.078819
v -6344.469727 1053.689941 243.195724
v -6325.790527 602.156372 1027.323120
v -6349.449219 51.578293 1216.187012
v -6357.464844 224.351303 2485.933105
v -6315.242676 229.669556 2684.643555
v -6394.468262 327.711182 -1993.809692
v -6377.255371 829.716675 604.756775
v -6354.087402 405.065582 2595.707764
v -6328.469238 634.627930 3862.260986
v -6570.205566 -35.836071 4442.346680
v -6384.066406 -29.705793 4790.635254
v -6826.598145 -40.336510 5000.435059
v -6378.059570 -35.280506 -4742.631836
v -6332.630371 1659.528564 -3796.831543
v -6360.890137 2338.053467 -3392.760010
v -6346.282715 285.120300 2136.359619
v -6412.506348 603.777222 3279.614502
v -6306.758301 1048.008667 3401.548096
v -6365.290039 3067.617188 3539.440674
v -6383.376465 2350.366943 3739.049805
v -6382.525391 285.129486 3979.241211
v -6389.379883 31.341949 -4326.568359
v -6446.500488 1805.064575 -3255.240967
v -6439.224121 261.459442 -2864.640625
v -6392.336426 802.473938 -10.807391
v -6324.942383 946.552185 495.767731
v -6388.024414 1008.440918 3071.875488
v -6326.480957 2459.035645 3632.451416
v -6400.181152 2119.910156 -3716.635986
v -6581.653320 -39.762360 -2439.323730
v -6438.459473 -23.614874 -384.417511
v -6395.652344 811.399475 120.422913
v -6377.725586 994.503113 390.126221
v -6400.817383 919.548889 690.086975
v -6393.048828 616.433533 819.865540
v -6422.241699 178.711182 2787.222656
v -6408.616699 598.254822 3201.052002
v -6396.637695 803.176575 945.747559
v -6455.468750 -25.782351 -4122.522949
v -6492.643555 51.272064 -3949.646484
v -6419.232910 1794.135986 -3576.112549
v -6482.633301 204.248703 -2094.191895
v -6508.029297 321.659149 1599.899170
v -6460.294922 1178.846436 2976.655029
v -6565.188965 -35.670425 -4602.625488
v -6489.988281 69.281364 -4407.826172
v -6484.519531 47.753876 -2302.008789
v -6520.693359 642.456665 1127.989746
v -6549.914062 274.299194 1382.941040
v -6439.183594 595.786926 2056.413818
v -6500.313477 460.147278 2325.427979
v -6454.696289 177.162552 2458.430908
v -6483.911133 291.075043 2696.652100
v -6491.270508 1894.487915 3416.608398
v -6554.857422 13.381172 4272.173340
v -6489.946289 2308.274902 -3409.141602
v -6461.019043 499.152466 -2945.532959
v -6477.917969 190.083130 -1825.544067
v -6434.792969 45.637238 -1072.795654
v -6428.091797 775.776672 509.972137
v -6497.207520 457.983673 1977.639404
v -6450.394531 2947.818359 3553.717285
v -6611.335449 -38.030502 -1061.525513
v -6558.403809 525.333801 329.530365
v -6494.168457 486.649292 1718.819824
v -6468.412598 338.118561 1834.517334
v -6454.077148 442.151062 2189.542236
v -6493.322266 802.204712 3141.243652
v -6556.780762 1323.584106 3355.629150
v -6490.875977 1860.764526 -3663.621338
v -6519.360352 1773.588623 -3557.531250
v -6533.740234 1225.224609 -3110.952881
v -6546.462891 332.743591 -1898.140869
v -6528.224121 68.203842 -274.311401
v -6492.740234 1057.708496 625.125427
v -6611.850586 644.748108 2870.023193
v -6488.408203 327.664032 4049.992920
v -6562.744629 302.894104 -2651.854980
v -6572.711426 -40.852623 -564.394958
v -6554.946777 316.110687 184.519684
v -6530.232910 694.567932 819.137390
v -6509.871094 621.838623 1002.705627
v -6532.371094 377.234100 1231.114380
v -6536.578125 248.429092 2527.635742
v -6590.741211 1188.350220 3973.858643
v -6550.023438 1047.888306 -3007.505127
v -6560.112793 451.866150 2099.258789
v -6599.456055 1671.134644 3801.583740
v -6573.905762 -20.419819 -4097.681641
v -6667.054688 18.347933 -2480.622559
v -6654.620605 -36.513924 -1545.149536
v -6579.424316 423.665344 900.006287
v -6575.559570 388.095551 1778.740967
v -6596.349121 411.341278 -3849.125977
v -6614.738770 978.400818 -3264.208984
v -6706.607910 452.422272 -2197.260010
v -6703.633789 33.580418 -1710.527222
v -6712.678223 -11.978812 -342.452698
v -6579.807129 671.665039 -50.105583
v -6606.334961 605.739746 490.807190
v -6631.849609 950.807312 2272.459473
v -6628.831543 790.941528 3077.148193
v -6640.355469 264.306305 4123.536621
v -6638.146973 486.526276 1923.255737
v -6643.809570 712.567261 2695.128174
v -6673.624023 -14.209907 -4421.806152
v -6669.008789 1574.128540 -2908.872070
v -6646.321289 282.105652 -2033.570923
v -6589.060547 418.749664 -155.954834
v -6642.528809 1544.369141 3290.287598
v -6696.098145 1196.415405 -2762.120361
v -6739.516113 -33.669853 -1288.934570
v -6656.877930 636.553101 777.430115
v -6653.106934 549.725403 1072.075439
v -6642.847656 755.038940 2417.605225
v -6653.390137 1418.517944 -3487.313721
v -6741.948242 428.720856 867.672363
v -6740.229004 157.922104 2072.046631
v -6750.767578 15.932547 4196.689453
v -6750.179688 871.667542 -3940.903564
v -6716.689941 225.300247 -3726.502441
v -6668.964355 1176.446289 -3379.155518
v -6714.816406 606.685364 -3112.135986
v -6680.965820 753.696289 -3025.966309
v -6665.824707 630.004639 4.339249
v -6698.608887 254.563461 182.614426
v -6707.303711 796.999878 2483.895752
v -6705.426270 -46.253220 4642.623047
v -6758.206055 1051.550415 -3559.337891
v -6834.577637 57.732441 -2357.739258
v -6926.034180 -38.292385 -604.189148
v -6692.969727 165.396988 -180.827530
v -6698.820312 571.142334 373.406860
v -6799.380859 328.065948 3034.465576
v -6684.683594 445.699524 3516.425781
v -6709.099609 2187.870361 3928.333740
v -6763.908203 365.519592 -4116.193848
v -6775.616699 390.864044 -2056.623291
v -6702.411621 314.678345 -1864.073486
v -6780.784668 371.814667 1038.197021
v -6706.675293 -5.209498 1428.504272
v -6748.272461 53.258690 1630.142700
v -6760.843750 1076.972290 3375.780762
v -6809.472168 267.799011 -4228.722168
v -6755.810059 472.499298 511.840973
v -6726.462402 643.080017 2333.305420
v -6738.969727 749.447083 2569.294678
v -6780.770508 975.698853 2768.164551
v -6814.517578 114.206123 4431.786133
v -6777.577148 15.254350 -4531.001465
v -6862.628906 379.123535 -3843.801758
v -6723.784180 1195.299194 -3311.737305
v -6728.471680 761.662842 1859.026367
v -6732.616699 621.126953 2680.288330
v -6892.183105 753.291321 3652.755371
v -6831.221680 405.704742 -2591.218018
v -6828.430664 9.818521 -1438.056641
v -6853.321289 -0.511454 -268.509125
v -6818.396973 477.262482 -48.593353
v -6839.346680 444.979279 27.301765
v -6818.706055 208.794937 178.907822
v -6723.182617 261.527100 1153.630127
v -6788.003418 916.070618 -3444.332764
v -6828.095215 385.665924 -1917.462036
v -6787.435059 239.669861 686.347656
v -6887.876953 307.815430 2897.010986
v -6880.954590 706.494690 3181.487305
v -6831.754395 8.955017 4877.757324
v -6903.796387 313.974396 -2879.152344
v -6880.942871 375.243866 -2744.724365
v -6817.028320 38.333427 -439.520233
v -6853.829590 178.793701 -161.862686
v -6904.575684 162.083130 299.926331
v -6886.014160 31.483492 1222.756226
v -6818.572754 343.940613 2290.646484
v -6854.899414 1225.160400 2626.612793
v -6824.284180 1161.139038 3962.459961
v -6854.799316 72.640182 -4363.250000
v -6843.615723 -22.005766 -1682.460938
v -6904.294434 -41.221165 -1030.401978
v -6908.949707 251.208527 1746.437012
v -6904.048828 512.904785 2455.438721
v -6791.572754 683.107178 3631.576660
v -6862.999512 1387.898438 3840.712158
v -6762.314941 -37.800621 -5000.195801
v -6922.955078 476.349884 -3713.913818
v -6871.136719 463.780396 496.449127
v -6765.149414 943.244446 3243.726807
v -6886.065430 43.998985 4593.083984
v -6893.369629 372.063293 -4110.535156
v -6934.252441 301.694183 -4012.574463
v -6918.979004 869.376404 -3281.717285
v -6928.877441 188.358932 -2006.555420
v -6929.131348 90.557518 789.435669
v -6997.923828 15.805731 1433.672607
v -6930.763184 65.843307 1988.658569
v -6815.210938 1375.935303 3434.780762
v -6906.980957 879.508789 -3442.615234
v -6890.390625 261.470428 -2980.139160
v -6919.139160 193.179382 1015.758850
v -6880.624023 -18.147388 1573.051270
v -6867.623535 182.329620 4115.573242
v -6887.732910 88.906723 4322.763672
v -7042.963379 153.154694 -4535.537598
v -7041.116211 659.888428 -2439.772461
v -6948.284668 -6.483306 -2226.251709
v -6897.875488 359.979919 2199.754639
v -6908.884277 1493.416748 3483.621582
v -6953.071777 174.946823 4165.541992
v -7064.757324 721.886780 -3237.068359
v -6987.053223 140.373444 -1919.991577
v -7000.890137 229.529449 624.580811
v -6879.442383 -44.123035 -4763.736816
v -6954.768555 583.618591 -2556.637695
v -6962.656738 328.441406 408.537231
v -6957.238281 455.399811 3030.630371
v -7013.195312 1527.093384 3901.811279
v -6964.380859 513.469177 -4160.663574
v -7055.414551 -11.061240 -1790.221802
v -6960.064453 483.234100 4.727092
v -6966.171387 363.111725 116.646492
v -7085.093262 674.000183 2700.454346
v -7013.653320 147.862213 -4602.383789
v -7023.430664 333.233429 -3967.974121
v -7004.307129 694.569031 -3820.071777
v -7072.171387 -39.833164 -242.558502
v -7137.720703 -36.814140 -4999.793457
v -6988.645020 236.306305 -4406.161621
v -7060.091309 941.940918 -4214.714355
v -7009.983398 493.809784 -3633.870361
v -7044.559082 556.707642 -3476.587158
v -7001.420898 167.532898 -2769.680908
v -7030.739746 56.060040 -146.712784
v -7007.514160 242.879700 489.702515
v -7027.670410 157.662750 2279.076660
v -7031.682617 967.497742 3488.582031
v -7071.758789 273.099274 3713.034668
v -7005.941895 114.038734 4691.583496
v -7032.002441 966.081482 -3329.120361
v -7171.319336 198.209946 -2278.143555
v -7033.934082 -35.215195 -1396.947144
v -7169.457520 -40.916866 -692.418884
v -7021.836426 329.676758 214.343277
v -7053.556152 195.335419 930.224854
v -7038.636230 214.409805 1096.196167
v -7022.461426 -24.482832 1270.478760
v -7022.521484 1057.958618 3304.611328
v -7054.579102 1788.036987 4006.851807
v -7142.235840 740.059814 -2944.270020
v -7319.315918 -33.792023 -1711.338501
v -7204.127930 -7.931326 -940.222473
v -7095.711914 343.358826 -22.967747
v -7118.868652 -22.916384 2136.604004
v -7061.465332 587.870239 2815.616943
v -7106.073242 869.883240 2925.069580
v -7083.732422 -8.729495 4252.502930
v -7085.619141 611.867676 -4066.346924
v -7106.118164 176.207016 -2144.779541
v -7144.180176 349.520996 -1988.255249
v -7068.426758 565.185059 1811.917114
v -7032.522461 646.144714 3095.288330
v -7111.807617 160.972122 -2760.067627
v -7115.768066 267.524506 615.100952
v -7103.694336 278.008728 1502.225586
v -7117.052246 351.486664 2421.489014
v -7127.805664 590.100403 3470.802979
v -7203.420898 505.898895 3566.549805
v -7132.808105 514.348938 -3864.783936
v -7120.240234 604.979492 -3061.989258
v -7158.110352 15.686861 -2663.811035
v -7261.519531 -15.305272 -1153.820557
v -7174.582031 409.853729 66.270966
v -7137.642578 1029.759766 1706.575806
v -7146.622559 235.966721 3767.617188
v -7142.919922 -15.691611 4539.165527
v -7170.055664 -11.481423 -4886.847168
v -7149.831543 288.777832 -4393.009766
v -7179.760254 650.750977 -3572.329590
v -7193.162598 548.274719 -3263.724854
v -7125.415039 249.241013 270.401520
v -7088.656738 158.172333 783.451172
v -7144.555176 231.690933 1064.492065
v -7143.137695 455.358704 3145.271729
v -7129.911133 166.099670 -4692.936523
v -7119.195801 872.661133 -3736.433594
v -7193.287109 229.243896 438.395508
v -7193.448242 229.155594 2519.650635
v -7117.873535 -29.185522 4857.678711
v -7181.261230 503.631531 -3987.669434
v -7165.675293 509.176117 -3450.048828
v -7180.403809 637.925476 -2438.325684
v -7234.318848 28.917192 827.348022
v -7348.579590 16.958506 1935.163208
v -7187.766113 398.162170 2334.043945
v -7188.537109 745.038086 2793.617676
v -7234.409180 574.530579 3618.650879
v -7199.207031 88.898972 4712.499023
v -7194.664062 78.172150 -4555.006836
v -7202.032227 619.579712 -4199.185547
v -7395.691895 -40.275143 -1439.169556
v -7228.151855 294.515625 105.535225
v -7247.728516 74.117867 704.239258
v -7191.798340 279.258423 1870.457642
v -7326.785156 416.941650 4070.709961
v -7307.620605 393.798767 307.580078
v -7201.412109 561.591248 3308.516846
v -7209.839844 955.433350 -3733.544434
v -7247.652344 122.692589 -2590.211914
v -7360.119629 382.062134 -2286.103271
v -7327.988770 127.790344 1347.123901
v -7212.110840 833.597168 2907.000244
v -7273.047852 363.700562 -3033.956787
v -7306.924805 33.534714 1189.138184
v -7240.997559 442.853088 1484.848511
v -7335.838867 338.876587 3860.829834
v -7233.488770 813.760559 3975.535400
v -7251.086914 711.398071 -4274.210938
v -7244.491699 580.442871 -4081.173584
v -7254.929688 397.753967 -3345.722412
v -7344.041016 -21.421490 -2852.239258
v -7238.873047 368.943726 192.279877
v -7358.115723 52.622925 1828.479736
v -7309.013672 264.661469 3080.274414
v -7322.842285 90.047653 4438.658203
v -7317.995605 -28.788326 -4603.086426
v -7282.057617 291.689880 -3920.293213
v -7331.133789 153.501266 -2096.997559
v -7307.694824 88.916794 577.198120
v -7315.860352 41.186050 939.120972
v -7287.405273 649.585205 2857.323730
v -7359.728027 -37.725269 -4794.280762
v -7268.366211 509.079346 -3548.190918
v -7289.986816 398.949005 -1947.506958
v -7491.934570 -19.833158 -708.762756
v -7293.084961 88.268379 -111.174446
v -7353.931152 56.148769 4305.720703
v -7369.829590 179.583527 -3050.493164
v -7553.032227 -32.964970 -2552.308594
v -7399.285645 515.275879 -2442.119629
v -7299.861816 815.893188 -2386.685059
v -7401.246582 141.728668 -32.570763
v -7369.120117 333.841309 259.851257
v -7333.418457 753.194336 2734.347412
v -7346.383789 147.867142 3306.255127
v -7308.466309 353.009003 3714.423828
v -7402.572754 162.979294 4172.984375
v -7349.123047 105.782997 4706.875488
v -7417.519043 147.435532 -4370.769531
v -7367.325195 563.653870 -4256.128418
v -7343.462891 401.318481 -3816.466309
v -7431.944824 206.507797 -2029.606567
v -7409.998047 327.780334 2378.950195
v -7366.112793 1412.487671 -3671.106689
v -7564.158203 -47.722733 -294.955383
v -7392.358398 -24.906178 2165.038330
v -7402.487793 289.002106 2533.695801
v -7426.122070 326.047302 -3252.248535
v -7512.650391 7.309703 -176.080261
v -7459.109863 304.440002 74.497284
v -7456.423828 197.775681 471.746338
v -7383.235840 248.974976 1422.800537
v -7507.420898 39.213806 -4457.943359
v -7427.833496 125.503113 -4071.365967
v -7409.365723 183.406586 -3953.425293
v -7660.409180 -42.941353 -524.659912
v -7418.086426 419.627350 177.874191
v -7468.531738 140.562912 651.536987
v -7422.539551 114.121887 795.948303
v -7399.205566 97.613098 1026.618408
v -7540.287109 222.676651 278.631775
v -7390.088867 64.423706 1600.921997
v -7406.148926 91.985252 2999.201904
v -7429.649902 163.205200 3248.219727
v -7447.388672 113.507019 3613.636719
v -7417.135254 277.948761 3731.964111
v -7421.279785 184.189621 3917.991699
v -7501.791504 33.712723 4566.351562
v -7419.068359 351.628845 -3411.789795
v -7620.749512 -33.289368 -4647.683105
v -7543.480469 276.572998 -2109.080078
v -7515.140625 32.949684 -1898.759521
v -7502.031738 263.435303 2624.030273
v -7500.095215 54.244598 4015.015625
v -7514.145508 658.035950 -3863.407959
v -7514.525879 -41.016293 -2824.600830
v -7495.511719 -54.230927 -1045.889648
v -7468.993164 372.432404 1292.047363
v -7509.846191 -15.439461 1725.669556
v -7580.075195 355.990936 1974.893555
v -7457.612305 50.448742 3387.286865
v -7505.521484 2569.582520 -3609.854248
v -7487.545410 379.842773 -3015.600586
v -7557.216797 88.943771 842.909119
v -7505.213867 399.746124 1425.298096
v -7451.260742 116.412994 4343.894043
v -7495.399902 228.046021 -4230.103516
v -7579.384277 255.394119 144.481781
v -7629.978027 155.280655 1545.978638
v -7532.730957 383.604919 3852.397705
v -7526.642090 -21.229542 4863.628906
v -7560.165527 593.697388 -3294.918213
v -7549.702637 308.348694 -3068.442871
v -7558.718750 230.208008 -2296.693359
v -7585.027832 561.939026 1099.845215
v -7594.827148 -43.771786 3001.925781
v -7539.925781 204.866440 3269.045654
v -7558.097656 7.937049 4173.107422
v -7579.586914 42.799313 4723.050293
v -7474.829102 -30.230846 5000.088867
v -7543.669922 611.996704 2342.678955
v -7570.180176 203.135071 3532.497070
v -7585.025391 297.034882 4415.416504
v -7567.334473 170.131256 -4195.175293
v -7610.734375 857.257568 -3960.165283
v -7619.150879 695.548828 -3818.442383
v -7573.960938 2479.898193 -3640.827148
v -7638.466309 430.755493 -4084.237305
v -7602.301270 1896.515503 -3435.039062
v -7620.727051 150.692322 1287.274292
v -7722.177734 833.802185 2050.247559
v -7612.963867 749.136353 2144.519043
v -7551.899414 326.859558 3721.511230
v -7596.548828 352.525360 3759.051025
v -7679.340820 25.267050 -4322.742188
v -7635.120605 -31.385767 -2884.854980
v -7639.651855 1003.189270 2269.530029
v -7655.708008 -11.766485 2671.838135
v -7685.068359 474.167572 -3085.852539
v -7621.140625 236.318512 -2189.928711
v -7631.868164 -34.080868 -1817.696655
v -7619.737793 84.383087 408.241486
v -7664.603027 122.711105 549.152466
v -7631.666016 674.193787 2437.484863
v -7620.038086 16.580420 2805.049072
v -7708.712402 4.178842 3254.960449
v -7737.100098 -4.044614 3369.969238
v -7662.874023 235.648392 4309.034180
v -7702.775879 559.599548 -4034.873779
v -7680.730957 2004.811035 -3485.100830
v -7676.320312 212.996323 916.431885
v -7797.267578 117.909538 1147.049683
v -7692.119629 338.789185 1831.671875
v -7739.242188 340.989502 3559.926270
v -7644.572754 128.248383 3973.010498
v -7686.778320 189.427872 -2367.299561
v -7695.707031 51.061886 22.454378
v -7736.752930 278.297943 763.789185
v -7764.954102 128.080200 4435.221191
v -7698.985840 123.476234 4756.514160
v -7714.351562 40.731468 -4511.530762
v -7732.295898 321.309937 -4178.758301
v -7719.932617 2064.947266 -3375.519531
v -7711.880371 44.357674 -2014.803711
v -7789.266602 357.248566 1892.295776
v -7741.696289 1062.820312 2148.248291
v -7742.097168 266.568329 3640.561523
v -7729.710938 254.310822 4105.602051
v -7816.321289 95.490311 322.431335
v -7708.551758 100.763214 1401.915039
v -7697.000488 208.472443 3804.899170
v -7721.340820 -10.730597 4571.630859
v -7813.353027 344.577301 -3921.903320
v -7855.287598 1420.371704 -3118.314453
v -7788.279297 -21.992273 -2481.756104
v -7732.774414 177.550552 -2244.597900
v -7793.410156 -35.076962 -940.358765
v -7745.884277 23.446482 137.299072
v -7841.582031 288.272217 1498.829346
v -7772.569336 138.826309 2510.557373
v -7862.884766 -9.041222 2952.039795
v -7754.100098 68.101357 3944.308838
v -7903.229492 -27.263882 4858.171387
v -7829.441406 22.886530 -4420.677734
v -7891.502441 -35.189159 -1365.534180
v -7775.077148 186.082520 670.578674
v -7776.004883 554.117615 1682.890747
v -7831.075684 150.107178 2352.250000
v -7750.090820 357.443085 4255.451660
v -7819.773438 49.922253 -3768.423096
v -7797.531738 66.128693 -2784.031494
v -7965.858398 -35.440006 2605.824463
v -7756.469238 63.493977 2842.302734
v -7904.546387 -13.154040 4725.619141
v -7823.970215 436.904968 -4088.802490
v -7997.219727 -29.588799 -2582.248779
v -7904.082520 -9.518931 -383.581696
v -7922.775879 16.397812 946.691345
v -7985.611328 24.886526 3081.883545
v -7962.464844 -47.431458 -4606.904297
v -7882.380859 1355.336914 -2940.218262
v -7910.772461 -5.202976 -2347.514160
v -7815.851074 235.536560 -2174.873535
v -7863.950195 449.099457 1727.526978
v -7935.864746 262.727478 2027.890869
v -7815.856445 375.479279 3772.593018
v -7915.077148 34.010120 -3556.293701
v -7838.198242 593.703247 -3453.491943
v -7884.478516 1598.507202 -3045.769531
v -7954.083496 -43.624462 -79.066010
v -7919.305176 31.135136 429.027893
v -7850.157227 164.004501 1347.227051
v -7846.312012 322.096375 3561.627441
v -8130.054199 -45.246292 -5000.002930
v -7965.669922 477.831024 -4286.354980
v -7891.199219 243.461334 4385.281250
v -7831.084473 127.912781 4546.000977
v -7884.330566 486.852600 -4134.791016
v -7923.144043 86.202126 220.098892
v -7951.555176 -38.635826 2783.724121
v -7925.842285 230.256516 3268.088379
v -7931.310059 698.244019 3812.038818
v -7944.206543 268.401855 -3841.857422
v -7950.497559 1.717740 1252.188354
v -7890.449707 168.597595 4045.785156
v -7978.876465 -33.791431 5000.630371
v -7950.083984 259.756012 -3305.670654
v -7989.796387 369.083862 -2806.799805
v -7967.219238 -26.907146 -2038.046021
v -7947.237305 258.915527 3404.418701
v -7978.991699 791.977234 -3950.453613
v -8026.636719 -2.528193 128.698593
v -7939.783203 47.096188 697.110840
v -8001.220215 249.322693 1730.028564
v -7946.057129 386.249420 3517.460205
v -7979.822266 456.081909 3655.257812
v -7968.797852 139.781708 4201.079102
v -7972.730469 -41.086491 2326.982422
v -8037.218262 274.552338 4343.384766
v -8017.895508 88.642036 -4470.989746
v -7983.660156 921.379089 -4151.703125
v -8029.534668 -15.141837 -3661.158936
v -7951.588867 -40.547310 -1769.104492
v -8035.112305 220.397049 3245.256836
v -8023.408691 77.092690 4539.964844
v -8026.827637 397.563110 -2922.437744
v -8024.004395 25.605021 1927.363770
v -8056.089844 31.415619 -2261.373535
v -8129.699219 -30.740635 1181.203613
v -7997.381836 623.449219 3761.438721
v -8016.886719 580.333069 3905.276855
v -8052.051270 266.614105 4084.868164
v -8189.739258 -15.979033 4999.732910
v -8070.607422 680.805237 -4060.488525
v -8045.692871 33.507130 -3220.247559
v -8148.924805 -34.104477 -1261.567261
v -8032.658691 15.326633 1558.421997
v -8188.905273 704.761353 -3723.655273
v -8071.704102 100.069061 -3508.178955
v -8253.728516 -50.351543 -2019.112793
v -8199.251953 -46.095272 -246.945511
v -8117.388184 -18.641653 296.912476
v -8081.229492 66.252792 1368.622681
v -8188.781250 123.083389 4691.696777
v -8065.234375 582.574890 -4317.533203
v -8166.396484 -42.560806 2089.745850
v -8167.074707 63.822815 2701.999756
v -8124.410156 58.405365 2939.774414
v -8112.319824 830.267212 3579.709473
v -8155.070801 29.577274 -3291.704834
v -8143.813965 45.361904 -2900.524658
v -8149.969238 39.704861 -2720.979492
v -8153.517090 205.818451 4316.397949
v -8132.464844 1352.990356 -3869.044189
v -8180.469727 -33.738602 2203.604980
v -8208.783203 715.246460 3433.752197
v -8131.301270 468.001129 3760.845215
v -8208.156250 2.070642 13.605778
v -8119.462891 -7.655609 669.778137
v -8152.762207 8.246492 1691.607056
v -8179.962402 -42.155918 2456.397461
v -8234.294922 -31.435850 -4502.319336
v -8211.476562 207.140015 -4226.075195
v -8170.440918 837.341309 -3984.723877
v -8351.577148 -33.470310 -2507.004883
v -8234.309570 -35.827652 -2349.055664
v -8232.299805 -48.414909 1532.768433
v -8192.993164 308.118408 -4331.616699
v -8175.604492 169.332458 -3413.417725
v -8180.104004 -3.419130 -3030.833496
v -8238.928711 168.659225 2818.670410
v -8211.447266 665.000122 3180.897217
v -8164.560059 258.557068 4021.537598
v -8157.307129 86.019356 4456.600098
v -8287.238281 -5.546948 -2846.316162
v -8336.460938 728.067505 3061.556396
v -8235.484375 242.130188 4222.227051
v -8243.894531 102.326721 4636.268066
v -8219.444336 1132.572266 3604.766846
v -8320.989258 24.624825 -4408.526367
v -8242.530273 251.139633 -4081.606445
v -8239.984375 839.063782 -3834.088379
v -8616.171875 -47.207016 -495.980499
v -8264.828125 15.537837 352.487610
v -8337.892578 -40.932236 900.141052
v -8259.939453 744.652954 3790.612061
v -8304.982422 343.432983 4086.930664
v -8275.339844 1183.388550 -3544.414307
v -8362.937500 -35.396000 622.474609
v -8238.379883 20.387661 686.120605
v -8276.783203 443.710999 3942.529541
v -8310.045898 418.636719 4440.840332
v -8365.865234 985.108398 -3406.927979
v -8229.394531 -41.638397 -933.340576
v -8853.045898 -44.209705 -783.368286
v -8360.097656 161.202744 2294.025635
v -8367.232422 -30.961065 2464.048340
v -8337.749023 1274.473633 -3754.972656
v -8441.166016 640.576172 -3308.481934
v -8329.299805 65.767326 -3154.890137
v -8323.441406 -42.349846 -1669.539185
v -8341.657227 -10.459743 2648.720215
v -8289.431641 831.752136 3324.313232
v -8312.033203 918.214966 3650.187256
v -8383.152344 -13.040668 4811.860840
v -8393.935547 147.467300 -3959.426270
v -8422.480469 682.707825 3477.039307
v -8348.452148 674.177185 4305.543945
v -8377.453125 194.006714 4595.034180
v -8351.588867 284.545410 -4114.555664
v -8399.272461 -40.812244 2035.598145
v -8399.241211 897.334167 2954.351562
v -8400.669922 547.052307 3987.121338
v -8362.661133 511.125854 4186.844238
v -8477.246094 -40.684174 159.751633
v -8490.386719 -41.256142 1666.619141
v -8424.607422 728.137085 3282.881104
v -8425.745117 6.561064 -4282.941895
v -8489.208984 -21.556721 -2686.164307
v -8429.725586 527.309509 3871.662109
v -8539.916992 -43.942631 -4673.707031
v -8479.140625 405.173553 -3521.542236
v -8534.120117 -30.118229 -3080.673584
v -8641.414062 -35.474224 -2143.509033
v -8471.369141 950.325867 -3725.109131
v -8509.776367 205.948761 2811.320068
v -8451.551758 -28.215761 -256.114624
v -8454.773438 211.379623 2256.277344
v -8468.044922 290.776642 4146.818359
v -8434.666016 782.649231 4337.997070
v -8499.370117 77.128288 -4454.585938
v -8481.831055 75.838661 -4121.819336
v -8480.746094 964.357300 -3783.475098
v -8648.959961 -49.094608 -1094.713867
v -8570.791016 89.287689 2397.593506
v -8502.677734 211.733322 2741.210449
v -8480.468750 419.575287 3142.294678
v -8621.324219 -9.170098 722.287842
v -8541.041016 352.427612 3584.061523
v -8887.657227 -38.898243 -4999.790039
v -8565.289062 92.806358 -3458.329834
v -8410.360352 -39.840363 -1342.284180
v -8725.850586 -29.571888 1961.543457
v -8632.060547 211.770187 3698.296387
v -8576.954102 218.359634 3837.351807
v -8551.435547 436.253021 4171.613770
v -8543.545898 704.219360 4305.207520
v -8566.560547 108.343964 4558.351562
v -8593.813477 -16.804808 -4132.563965
v -8783.266602 -48.564617 1158.139160
v -8722.595703 -38.739498 1555.326660
v -8625.661133 26.916927 2185.933350
v -8632.937500 -35.520672 5000.921875
v -8585.016602 -27.545067 -2411.018799
v -8644.616211 -41.724087 383.115753
v -8620.009766 20.026932 938.760803
v -8582.349609 548.272339 3010.512939
v -8600.264648 286.138428 3218.966797
v -8635.595703 217.565002 -3236.240967
v -8612.581055 215.044037 2502.275879
v -8558.201172 285.375061 3436.002686
v -8591.670898 455.469513 4009.845703
v -8575.304688 -45.603809 4747.795410
v -8567.935547 758.912537 4374.542480
v -8651.714844 78.851974 -4383.560059
v -8802.825195 234.929916 -3936.514893
v -8643.589844 981.872986 -3670.495361
v -8772.286133 157.623047 2966.458252
v -8675.710938 142.352051 3482.882568
v -8706.208984 38.066151 -4019.513916
v -8757.969727 740.510681 -3817.545166
v -8743.666992 -49.932735 -1884.962158
v -8687.267578 69.885933 -4203.381348
v -8810.653320 -23.368608 -94.515320
v -8648.453125 83.251007 2762.915771
v -8666.654297 364.630493 3115.055664
v -8654.464844 953.488831 4166.355957
v -8724.461914 -17.338181 -3354.647217
v -8689.600586 -8.580857 -2965.915771
v -8730.507812 285.756195 3623.939941
v -8718.100586 974.275085 4134.669434
v -8717.515625 149.266602 -3120.546875
v -8870.484375 40.937317 124.043877
v -8731.274414 118.598763 2635.631836
v -8744.198242 364.982330 3922.281982
v -8668.716797 678.228149 4321.817383
v -8724.936523 341.127411 4524.690430
v -8792.201172 134.133850 2155.129883
v -8782.916992 188.810410 2274.934082
v -8772.104492 195.431793 3336.361816
v -8724.775391 814.136841 -3675.520264
v -8866.747070 28.316750 -3501.373291
v -8816.857422 -43.101173 -1471.229736
v -8775.853516 637.464172 3763.119141
v -8643.328125 478.996216 4439.920898
v -8854.939453 -29.860001 -4600.627930
v -8810.790039 235.410019 -4323.658691
v -8867.958984 -14.905337 1736.848999
v -8745.646484 103.724098 2403.978271
v -8795.936523 52.702621 2837.190918
v -8915.208984 46.127163 -3297.771484
v -8787.970703 -1.125700 -371.219147
v -8717.468750 70.055321 4658.281250
v -8815.688477 67.295433 4768.284668
v -8804.243164 362.311035 -3173.121094
v -8791.121094 -45.912575 -2682.603027
v -8929.726562 -39.351501 -2437.907227
v -8781.867188 562.745728 3133.187744
v -8785.767578 236.931030 3544.376953
v -8849.106445 1092.065186 -3703.766846
v -8858.954102 58.279102 -553.649658
v -8843.548828 489.055328 3665.144775
v -8804.794922 511.205505 3881.551025
v -8849.630859 1694.430054 4103.061035
v -8871.040039 751.423584 4559.060059
v -8914.267578 638.905823 4624.757812
v -8934.380859 46.789391 -4155.514160
v -8906.667969 -4.812298 -265.613373
v -8878.901367 -14.465852 536.997131
v -8999.668945 -50.519577 2063.822754
v -8842.982422 949.859375 4372.021484
v -8867.083984 11.242040 2416.625244
v -8817.728516 115.503433 2613.998779
v -8836.068359 1621.516968 4249.420898
v -8903.731445 617.951660 4503.155762
v -8960.511719 -0.199495 4819.785156
v -8947.353516 -19.078016 -2994.331055
v -8939.541992 -33.973125 357.845093
v -8976.338867 -37.417328 1534.817627
v -8884.059570 422.438141 3209.557861
v -8883.377930 395.336334 3771.351807
v -9039.891602 -21.356512 -2746.439697
v -8937.388672 -16.665941 -4803.193359
v -8993.829102 450.392944 -3593.064697
v -8898.853516 -41.669140 899.760315
v -8968.194336 91.279564 3002.132568
v -8989.474609 -14.710049 5000.444824
v -8983.213867 233.530869 -4458.415527
v -8905.240234 147.323502 -4425.316895
v -8929.704102 313.807953 -3951.563965
v -8972.711914 518.092712 -3795.242920
v -8983.386719 98.061462 -67.682022
v -8964.322266 -18.499355 2746.231201
v -8950.208008 491.628937 3304.702637
v -8992.589844 352.171967 3456.637451
v -9088.932617 696.201904 3815.881592
v -9057.504883 26.899858 -4303.140625
v -8962.598633 29.630184 1134.657227
v -8968.705078 675.324585 3643.981201
v -9025.430664 505.488647 3757.839844
v -8964.754883 1363.277588 4024.668945
v -8969.012695 1730.842163 4192.083496
v -9047.611328 643.639771 -3692.901611
v -9150.552734 -16.443914 2486.187500
v -8968.244141 1063.331909 4359.948242
v -9048.440430 20.876188 -4666.241699
v -9038.324219 -8.518128 -565.230591
v -9042.648438 74.510033 -166.767349
v -9078.290039 -20.653379 1254.129150
v -9073.184570 151.144104 -4500.116211
v -9053.116211 308.350128 -4069.841064
v -9039.001953 56.509182 -3292.028809
v -9268.934570 -46.434055 -1215.653198
v -9155.222656 18.008219 322.402252
v -9202.759766 -41.139423 1017.695923
v -9080.347656 270.278473 4677.479004
v -9384.826172 -41.384838 -4801.630859
v -9109.218750 -42.412788 1780.042114
v -9162.177734 -27.655294 2590.918457
v -9080.125977 1033.691895 4197.745117
v -9208.506836 -46.576061 -5000.114258
v -9031.727539 429.120880 -3918.673828
v -9101.819336 -47.144840 73.108757
v -9235.221680 -44.779366 580.863953
v -9119.195312 175.159042 2980.285645
v -9157.566406 286.328125 3284.208252
v -9040.804688 589.625549 3333.133789
v -9081.906250 1606.528198 4010.036133
v -9041.568359 573.808533 4538.146973
v -9076.530273 -10.561224 -3141.716064
v -9068.437500 352.502533 3547.021484
v -9166.745117 856.990234 -3507.968506
v -9125.315430 101.714188 3119.744141
v -9057.757812 521.391174 4365.295898
v -9124.064453 294.205566 4455.304688
v -9170.266602 1.847997 4887.945312
v -9128.511719 -39.387539 -2307.643555
v -9104.402344 495.858948 3466.877441
v -9250.520508 504.544495 3861.804199
v -9150.856445 1357.135498 4095.799072
v -9156.446289 61.169529 -4255.959961
v -9169.469727 656.878540 -4045.274658
v -9192.360352 113.918587 -2886.306885
v -9375.799805 -45.794029 -1569.735840
v -9225.485352 -23.102139 2252.015137
v -9153.354492 519.728394 3371.837402
v -9211.654297 704.507385 3586.711914
v -9174.498047 396.138123 4608.857422
v -9222.895508 486.887848 4682.380859
v -9227.421875 -43.967579 4999.903320
v -9218.666016 101.881622 -4595.800293
v -9131.162109 969.985107 -3588.478516
v -9299.005859 11.299790 -3033.559814
v -9349.139648 -49.242985 -598.687805
v -9129.342773 272.992188 2862.976074
v -9216.750000 1057.982544 -3424.030762
v -9258.348633 747.644714 -3357.144531
v -9284.692383 -21.781120 -2638.598389
v -9301.906250 -14.327244 1470.450073
v -9211.281250 220.727875 -3791.127930
v -9404.685547 36.080566 -3085.715820
v -9437.207031 -43.657509 -2060.601074
v -9229.097656 -27.145470 -175.101242
v -9213.469727 548.897644 4308.039062
v -9300.601562 236.524567 -3654.202148
v -9349.614258 54.686779 -2849.422363
v -9295.416016 37.054886 -2260.583252
v -9229.231445 330.336609 3715.464600
v -9251.348633 39.811741 3073.223633
v -9312.278320 503.542114 3395.839600
v -9272.798828 814.997070 3487.779541
v -9361.942383 -14.127335 1779.628662
v -9322.371094 19.788906 2793.062500
v -9335.409180 669.226196 3966.067627
v -9321.864258 513.210144 4068.580566
v -9324.166016 597.999023 4213.806641
v -9287.990234 411.849243 -4221.052734
v -9282.248047 738.358582 -4058.237793
v -9374.018555 567.063660 -4010.207764
v -9415.726562 -43.653488 -2452.074707
v -9372.208984 -25.874655 -385.859222
v -9335.571289 291.401550 3194.262451
v -9350.424805 194.689072 -3525.162598
v -9397.307617 516.205933 3758.962891
v -9285.046875 372.863892 4414.495605
v -9374.833984 109.597664 4828.030273
v -9391.215820 485.700317 -3277.820068
v -9412.064453 -49.577473 256.018555
v -9470.827148 -31.612675 1260.465820
v -9550.041016 -43.851547 2222.031982
v -9377.780273 525.502625 3619.727783
v -9340.690430 366.359680 4531.363281
v -9426.840820 488.231934 -3678.004150
v -9523.476562 -38.487404 -1820.143677
v -9363.094727 -0.065519 -58.799522
v -9464.533203 39.443691 4804.187500
v -9494.098633 -14.525913 -2617.165039
v -9419.277344 26.366146 2625.102539
v -9471.447266 38.100086 2913.827637
v -9474.702148 207.147415 3093.392334
v -9471.391602 400.236664 4104.143555
v -9379.012695 -39.301006 -4461.694336
v -9405.272461 642.863159 -4195.385742
v -9420.856445 91.911957 -2741.574951
v -9447.008789 -35.908581 973.986877
v -9608.140625 -48.806278 1971.903320
v -9444.572266 64.735649 2427.571777
v -9457.669922 78.201363 2751.415283
v -9423.779297 609.021423 3849.422607
v -9454.145508 501.709290 -4288.529297
v -9460.482422 519.368530 -4119.509766
v -9463.064453 37.054646 -3465.233398
v -9544.108398 -19.124676 -218.304535
v -9574.104492 -32.487141 1543.731812
v -9464.916016 304.471252 3972.135498
v -9425.315430 313.823242 4328.042969
v -9321.065430 612.840515 4670.916992
v -9440.479492 157.487747 4999.280273
v -9576.868164 -29.611364 10.600927
v -9424.712891 286.823090 3451.880371
v -9489.702148 210.680679 4491.965332
v -9488.463867 948.242310 -3936.116699
v -9570.084961 456.436401 -3282.024658
v -9626.150391 -46.789845 451.510712
v -9507.221680 207.956146 4657.871582
v -9595.020508 814.986206 -4000.599365
v -9516.212891 137.939728 3283.698730
v -9512.917969 605.345032 3639.866699
v -9548.518555 618.837097 3839.013916
v -9497.542969 203.199249 4241.089844
v -10036.011719 -47.759159 -4999.764160
v -9567.431641 1247.998657 -3748.940918
v -9557.008789 219.887589 -3540.499023
v -9662.587891 -41.005264 -1144.152344
v -9554.572266 664.173584 3745.650635
v -9673.816406 -28.155378 -2894.363037
v -9746.811523 -24.965284 -2097.067871
v -9803.492188 -50.141521 -1727.593750
v -9607.556641 4.965860 4854.742676
v -9601.415039 -37.764687 -4521.103027
v -9599.164062 -5.824465 -2770.786621
v -9752.733398 -43.318810 -448.123932
v -9651.215820 35.955421 1068.974243
v -9614.332031 -16.074177 2466.312744
v -9624.217773 -12.582725 2699.859131
v -9596.732422 509.429718 3553.660156
v -9577.264648 523.245483 3941.382324
v -9555.751953 536.910645 -4185.070312
v -9598.622070 1367.448242 -3841.498779
v -9648.214844 336.938843 -3376.115234
v -9727.445312 73.154343 -3131.384766
v -9724.999023 29.116577 -2466.292480
v -9620.176758 -3.749064 2890.920410
v -9628.132812 246.567322 3132.548340
v -9583.356445 202.424759 4335.349121
v -9678.382812 771.966431 -3566.575439
v -9745.586914 -25.607214 -2620.762207
v -9684.160156 189.572876 3261.775146
v -9674.609375 579.591248 4233.020996
v -9603.423828 753.152161 -4348.331543
v -9636.181641 303.441772 3420.271484
v -9692.390625 217.523956 4457.695801
v -9659.653320 802.031982 -4217.190918
v -9657.296875 37.464706 -1949.655762
v -9890.557617 -44.260029 -792.172058
v -9690.818359 0.874574 842.955933
v -9696.883789 -34.406059 1732.703613
v -9643.228516 728.304626 3702.044189
v -9657.295898 427.002472 4662.121094
v -9669.329102 550.907959 -4110.751953
v -9888.723633 -40.523323 -4656.459961
v -9729.458008 941.629761 -4300.633789
v -9759.489258 -36.015873 -13.931236
v -9726.356445 754.470093 3812.014893
v -9700.712891 1222.533203 4076.381592
v -9824.354492 73.979118 2996.555664
v -9766.599609 641.666504 -4090.823730
v -9717.707031 1839.356079 -3881.531738
v -9769.071289 1983.091431 -3778.157715
v -9729.653320 323.118896 -3314.448975
v -9767.469727 490.294128 3591.670654
v -9741.986328 -56.840534 4999.338379
v -9873.667969 -28.629337 2588.525146
v -9790.356445 246.418594 3132.534180
v -9819.028320 91.965767 -2991.228760
v -9831.131836 58.911797 -2758.823730
v -9809.553711 226.840164 4558.797363
v -9840.644531 97.765381 -4488.366699
v -9863.371094 53.177101 1838.308228
v -9821.208008 518.320923 4343.057617
v -9925.929688 -34.189732 747.451538
v -9925.707031 -40.644142 2362.892090
v -9801.368164 129.690689 3352.093018
v -9823.665039 1651.135986 3982.705566
v -9841.909180 1095.839966 4121.182129
v -9771.558594 789.864807 4229.455566
v -9875.382812 23.732586 4784.596191
v -9818.785156 1114.308960 -3987.044922
v -9815.664062 -42.438522 1217.295654
v -9785.336914 58.733437 2805.177002
v -9839.908203 651.100525 -4196.185059
v -9853.018555 1998.487793 -3834.854004
v -9853.428711 467.333923 -3369.529297
v -9958.342773 581.312683 -3314.395264
v -9879.086914 -41.088104 1479.103760
v -9867.719727 680.159546 -4339.443359
v -9880.896484 -17.738131 -2388.850830
v -9897.271484 766.121704 3734.885010
v -9874.400391 552.010010 -4081.615234
v -9841.413086 970.503357 -3520.785156
v -9949.980469 -36.889996 419.938354
v -10011.940430 61.347733 2052.511963
v -9959.523438 259.839447 3452.496338
v -9941.464844 444.997223 4473.373047
v -9929.435547 -6.100574 2900.925049
v -9926.137695 425.891602 3209.312500
v -9914.386719 686.391296 3644.216797
v -9911.640625 522.188416 4266.208496
v -10012.384766 393.963593 -4257.134766
v -9966.795898 961.144653 -3985.088867
v -9967.657227 282.625427 -3177.008789
v -9956.184570 132.596390 -3058.714600
v -9963.525391 -24.719313 52.573269
v -9978.567383 39.281101 2721.611816
v -9987.533203 314.233093 3327.489746
v -9946.452148 753.197388 4173.651855
v -9965.905273 279.954376 -4497.653320
v -10006.604492 -30.034031 -188.521667
v -9993.320312 -7.343730 1722.801514
v -9965.147461 536.042725 -4121.633301
v -9940.487305 1416.609863 4007.212402
v -9944.523438 620.562256 4354.816406
v -10015.532227 276.506287 4586.516113
v -9974.640625 74.557503 4779.487305
v -9981.196289 772.392822 -3673.800049
v -10004.019531 672.456055 -3431.639404
v -9925.150391 137.762283 -2815.586182
v -10051.554688 92.318375 3034.654297
v -10092.912109 -2.192034 5001.587402
v -10065.958984 313.054718 -4401.552734
v -10206.678711 -16.615585 -473.829315
v -10072.980469 44.846035 1522.446655
v -10088.106445 262.874512 3250.094727
v -10025.308594 659.666748 3753.427246
v -10281.742188 -43.985165 -1700.414062
v -10103.370117 -21.369417 -629.295044
v -10209.857422 -34.182873 1367.188110
v -10085.277344 32.730965 1988.204834
v -10068.260742 900.924683 3860.563232
v -10050.408203 419.201935 4281.910645
v -10096.715820 690.027222 -3542.544189
v -10071.227539 -42.167606 -2674.937256
v -10187.664062 -18.492296 682.205383
v -10155.603516 56.337955 2638.082031
v -10153.727539 50.655952 2824.217773
v -10117.633789 283.907806 3360.881592
v -10091.720703 624.049683 4072.894775
v -10079.882812 712.842651 4174.351074
v -10052.149414 697.837952 -4036.784424
v -10055.894531 814.891907 -3922.726807
v -10073.520508 249.204468 -3213.038086
v -10052.062500 41.605530 -2392.092529
v -10048.694336 -31.837137 988.251465
v -10226.992188 38.100384 1838.375610
v -10114.557617 282.764832 4478.057617
v -10134.076172 371.416565 -4192.107422
v -9994.831055 -32.369583 -2092.345459
v -10172.483398 58.353344 1610.338623
v -10208.613281 36.997837 2470.964600
v -10100.494141 14.848490 4746.345215
v -10163.440430 40.702019 -4803.035156
v -10156.338867 190.855713 -3774.367188
v -10124.789062 400.590240 -3419.824951
v -10120.505859 425.377411 3595.560791
v -10354.989258 -28.257872 -5000.633789
v -10176.309570 202.520645 -4442.236328
v -10171.957031 36.609646 -1960.233276
v -10373.255859 -42.664062 -884.234375
v -10125.719727 1.873512 2267.951660
v -10162.388672 127.734306 3126.937988
v -10216.712891 56.528309 -4674.567871
v -10157.343750 703.365051 -4063.292480
v -10220.343750 272.319855 -3582.554932
v -10181.252930 400.350922 -3326.256104
v -10222.208984 -25.677748 -3098.092285
v -10222.683594 -20.313503 -2411.568604
v -10195.777344 582.103882 3827.677002
v -10197.649414 600.746826 4218.547852
v -10152.379883 420.485016 4369.549805
v -10209.237305 246.476822 4514.688477
v -10207.396484 12.930779 5000.087402
v -10191.305664 764.359802 -3946.640137
v -10361.883789 -44.640278 -2705.122803
v -10254.410156 278.351166 3045.780762
v -10179.254883 490.773621 4051.413330
v -10325.191406 -42.653362 354.112366
v -10260.107422 185.630569 2957.921875
v -10265.229492 702.943604 3516.138428
v -10261.796875 354.249023 4372.690918
v -10238.480469 150.343369 -4260.249512
v -10216.153320 258.844788 -3456.994141
v -10387.790039 -45.485611 -2034.928101
v -10231.793945 -39.741039 -158.974762
v -10243.748047 355.322876 3319.113281
v -10342.040039 -44.226955 1113.927979
v -10398.002930 -16.367252 2001.281128
v -10264.885742 538.959167 4134.826660
v -10232.283203 247.053192 4586.209473
v -10352.664062 -9.236552 -4825.411133
v -10306.702148 112.406364 -4476.421387
v -10312.222656 224.654175 -4217.974609
v -10276.379883 409.489136 -4037.845703
v -10421.067383 -47.373058 -1208.719971
v -10304.287109 423.565186 -3810.413086
v -10314.184570 75.165024 2349.703125
v -10270.588867 431.747314 3673.988770
v -10307.167969 439.879944 3791.740234
v -10303.537109 -3.059676 4854.960449
v -10355.987305 774.515930 -3295.440674
v -10333.923828 14.363171 2509.033203
v -10312.653320 259.356049 3972.802002
v -10330.376953 462.239136 4235.763184
v -10323.233398 165.365433 4650.335938
v -10291.757812 191.287628 -3467.407227
v -10484.711914 13.219106 -2575.418945
v -10344.947266 -37.864853 1574.822266
v -10434.522461 121.633743 2871.275391
v -10392.374023 390.972534 -3602.623535
v -10373.167969 -26.556992 2163.621094
v -10368.187500 266.201508 4509.810547
v -10371.202148 299.932190 -3933.763916
v -10565.458008 -31.562897 -2368.874756
v -10578.911133 -30.074501 -597.962952
v -10380.965820 -25.966667 787.888611
v -10299.296875 289.238434 3196.075195
v -10455.225586 433.890167 -4097.184570
v -10361.546875 38.190311 -2451.921143
v -10450.571289 -47.545261 -339.198364
v -10357.206055 426.843689 4378.317383
v -10408.505859 240.130493 3641.733643
v -10376.253906 250.036942 3898.051270
v -10417.470703 474.309845 4097.766602
v -10649.102539 -35.564110 -4926.100586
v -10437.185547 228.033630 -4657.569824
v -10480.116211 11.198668 -4292.750000
v -10471.875977 86.806335 -3829.675537
v -10437.527344 371.926422 -3456.767578
v -10409.078125 81.039001 3024.694092
v -10506.073242 -38.889088 -4424.920410
v -10449.771484 30.052937 2731.067627
v -10709.623047 -38.260201 -1501.758911
v -10480.717773 4.245081 3314.705322
v -10490.619141 157.143188 3873.968506
v -10467.608398 222.112930 4417.781250
v -10535.958008 21.203278 4615.170898
v -10496.350586 213.799438 -3613.940186
v -10571.737305 60.467724 -3246.905273
v -10609.517578 -33.165558 1.291628
v -10516.657227 4.562049 2550.955811
v -10525.256836 134.447037 4262.713379
v -10581.260742 -12.217505 4749.775879
v -10590.687500 34.673485 -2156.299805
v -10620.841797 -45.621117 1138.714355
v -10598.122070 -37.549519 4999.838867
v -10865.427734 -46.956268 698.266785
v -10566.825195 -3.397598 2361.085449
v -10848.957031 -29.904175 -5000.750000
v -10603.520508 84.474960 -4739.543457
v -10634.799805 99.931122 -4146.189941
v -10577.924805 400.499573 -3965.904785
v -10569.795898 -25.760733 -813.350891
v -10618.750977 -17.056004 1983.339111
v -10561.206055 -13.480278 3042.342285
v -10648.148438 -38.162621 -4591.104980
v -10579.280273 24.862171 -3421.297852
v -10542.555664 -42.653168 -3115.715576
v -10724.689453 -43.282291 1625.524902
v -10654.061523 19.853798 2835.909424
v -10531.776367 299.143677 4073.761963
v -10745.536133 -45.180828 -2018.496826
v -10574.942383 16.979036 3525.711426
v -10636.087891 413.280365 3953.896973
v -10574.197266 136.143768 4318.156250
v -10640.564453 6.843976 -4261.947754
v -10708.188477 202.135178 -3880.355957
v -10640.216797 117.421631 -3718.227051
v -10615.218750 -12.773644 3184.113770
v -10830.952148 -43.480392 -387.679016
v -10615.388672 61.195644 3726.262939
v -10692.032227 213.501968 -4053.622803
v -10605.653320 70.197594 -2658.791748
v -10622.062500 152.842926 4436.239258
v -10716.112305 120.271667 -2790.883301
v -10725.500000 -27.923178 2611.178711
v -10888.616211 -33.323467 -998.869385
v -10766.758789 -17.767801 84.788208
v -10681.439453 468.067963 4126.443359
v -10756.075195 308.102844 3362.455811
v -10735.983398 235.515396 4621.705566
v -10769.797852 53.717113 4998.599121
v -10733.891602 126.726738 -3720.885010
v -10771.815430 -2.733070 -3135.678467
v -10626.364258 -30.630243 -2966.975098
v -10744.809570 -30.702909 2178.321777
v -10759.105469 493.507721 3818.493896
v -10775.120117 -25.498541 -3552.678223
v -10740.513672 204.823715 -3330.111816
v -10891.858398 -27.447651 1870.457397
v -10792.071289 252.730270 3053.329834
v -10797.466797 496.810242 3551.371582
v -10731.451172 482.095856 4245.637207
v -10772.236328 200.141205 4424.412598
v -10811.199219 183.353745 4750.319824
v -10709.330078 3.684576 -2554.595459
v -10794.925781 42.803341 -2454.633545
v -10732.479492 -37.682873 314.382263
v -10720.508789 151.627350 3207.065186
v -10947.286133 -16.789593 -4327.490723
v -10871.005859 -27.214422 -2637.290039
v -10758.386719 543.176208 3947.383789
v -11005.345703 -35.837021 -110.421417
v -10835.643555 234.061966 2790.569824
v -10845.460938 112.012184 3221.766602
v -10812.656250 569.616211 3693.635010
v -10841.988281 28.472656 -4146.996094
v -10783.291016 131.466507 -2951.453125
v -11002.197266 -47.604534 -2335.804443
v -10887.329102 -47.351387 -1233.630127
v -10840.234375 332.450867 4117.787598
v -10958.151367 2.694978 -4669.808105
v -10831.875000 271.007843 -3799.844971
v -10893.459961 -49.010075 2323.189697
v -10834.307617 228.138855 2914.266357
v -10834.492188 206.236313 4545.229980
v -10862.733398 113.433998 -3277.022949
v -10891.551758 649.428894 3789.032959
v -10971.244141 1422.253296 3913.045410
v -10851.107422 133.283295 -4810.400879
v -10885.286133 83.920074 -3967.462158
v -11062.062500 -44.148666 -3168.570068
v -11006.296875 -38.627193 -1779.673584
v -10900.533203 33.796452 4430.928223
v -10921.384766 -44.635139 4998.841797
v -10899.199219 166.264420 -3420.321289
v -11232.380859 -47.725124 -2111.984131
v -10868.995117 845.131348 4027.584961
v -10868.072266 130.240082 4208.402344
v -10975.519531 75.680130 2625.019531
v -10973.449219 126.119484 4583.375000
v -10963.494141 346.847137 -3715.086914
v -10988.716797 414.225189 -3547.877197
v -11001.278320 294.574677 -3359.597900
v -10967.515625 26.333954 -2853.086426
v -11002.755859 -30.166498 236.250244
v -10939.106445 94.583481 3443.588867
v -10981.172852 184.138397 3641.689697
v -10992.794922 1314.030273 4020.610107
v -11053.289062 331.495514 -4078.147705
v -10956.526367 60.170528 -2778.289062
v -10986.310547 7.116935 4265.972168
v -11014.613281 -7.899252 4770.683105
v -11076.089844 80.402885 -3295.015869
v -11049.605469 -44.752537 1698.782593
v -11065.369141 213.532562 2458.406250
v -11002.608398 -37.074654 3234.349121
v -11068.371094 -10.230795 -4463.118652
v -10955.987305 26.615891 2930.395752
v -11020.806641 92.578514 -3892.036865
v -11117.566406 -39.047462 -1508.227661
v -11187.238281 -33.296944 1364.493896
v -11137.382812 0.351001 4390.273438
v -11159.861328 105.098480 -3762.839600
v -11085.017578 261.692902 -3662.268066
v -11133.995117 70.814438 -2940.044922
v -11008.585938 -40.484604 -791.245483
v -11289.439453 -47.935856 -4999.033203
v -11025.163086 73.274513 -4783.989258
v -11132.765625 -40.149593 2762.960205
v -11065.273438 109.169441 3501.387207
v -11139.767578 62.096004 -4558.356934
v -11145.166016 -30.081326 -1131.973022
v -11155.641602 -24.522276 2046.899292
v -11229.172852 1740.505127 4168.135742
v -11093.283203 538.379333 -3535.041992
v -11045.738281 870.362366 3783.585938
v -11137.445312 1451.557373 4068.788086
v -11191.102539 -22.463308 5001.502930
v -11287.823242 12.174707 -3997.611084
v -11351.045898 -48.962017 -573.547302
v -11184.625977 80.174332 2578.028809
v -11135.015625 696.751038 3893.960449
v -11141.938477 64.745132 4617.706543
v -11182.727539 13.907787 -4373.214355
v -11227.854492 38.563580 -4028.591553
v -11150.845703 190.034607 2305.034180
v -11204.272461 173.241989 4333.281738
v -11206.396484 242.593033 -4203.868652
v -11102.800781 397.234711 -3443.200928
v -11435.434570 -34.237942 810.495850
v -11288.831055 -32.145309 1791.221802
v -11239.298828 325.411255 3367.537109
v -11211.157227 330.259003 3620.881836
v -11186.188477 418.950592 3739.517822
v -11198.244141 127.567772 4798.543945
v -11284.370117 -45.091866 -2834.773193
v -11253.966797 268.577454 3087.794678
v -11247.031250 330.540833 3505.035889
v -11257.380859 753.385315 -4710.978516
v -11237.791016 333.581512 -3599.657715
v -11193.216797 -49.909866 228.285049
v -11242.951172 114.140762 2396.917969
v -11305.726562 9.713473 2787.414795
v -11272.666016 237.982452 3176.690918
v -11359.565430 128.523590 -3865.357666
v -11324.949219 22.434795 -3196.209473
v -11608.288086 -49.687912 -2092.867676
v -11432.316406 -43.902576 1096.483887
v -11341.073242 550.835083 -3448.838135
v -11294.575195 219.895218 2201.713135
v -11327.930664 0.027526 4532.059082
v -11416.720703 -43.648380 -1332.399170
v -11566.775391 -40.095066 497.696625
v -11219.280273 147.888840 2097.448975
v -11445.069336 -32.512341 1670.560303
v -11325.504883 1095.778931 4029.062744
v -11366.970703 20.271606 -4886.751465
v -11360.974609 215.955338 -4404.811523
v -11333.132812 286.960175 3794.913818
v -11357.086914 398.788696 -4561.079590
v -11415.255859 251.128387 -3584.451416
v -11433.801758 -34.776230 -961.785522
v -11406.774414 233.543594 2439.286133
v -11376.749023 122.685051 2555.067871
v -11375.661133 166.062912 2929.530029
v -11337.565430 230.993225 3008.137207
v -11362.901367 345.574280 3517.418945
v -11348.192383 328.801605 3708.026611
v -11403.050781 444.556244 -4651.231934
v -11400.858398 117.890694 -3713.585449
v -11377.618164 162.922455 2682.646240
v -11398.983398 208.582001 3126.791260
v -11422.861328 -18.813951 4789.906738
v -11397.685547 577.748474 -4233.244629
v -11454.458984 113.500443 2292.339355
v -11502.732422 -52.287582 -3120.357910
v -11501.329102 -36.094028 -14.660383
v -11384.863281 590.107117 2067.001709
v -11363.427734 653.973633 4278.125000
v -11471.304688 527.878784 -4127.638184
v -11430.351562 545.817749 1921.956421
v -11465.061523 569.427368 3325.362061
v -11411.837891 417.670471 3567.404541
v -11543.138672 209.542328 -3514.771729
v -11537.639648 119.780937 -3353.376953
v -11470.704102 1.459396 4615.554199
v -11478.501953 -33.329590 -4788.124512
v -11597.864258 -38.984039 -2521.419434
v -11454.599609 161.657913 3801.021973
v -11457.731445 523.077332 4032.775146
v -11497.875977 439.151611 4426.317383
v -11507.101562 3.882811 5004.721191
v -11514.803711 502.219818 2809.663818
v -11497.457031 248.836014 -4399.556641
v -11534.984375 148.436752 -3764.378174
v -11577.032227 -37.892418 1345.806274
v -11511.412109 207.317093 1835.966675
v -11497.874023 165.858078 2558.804688
v -11558.891602 377.175415 2995.404541
v -11553.367188 423.451324 4105.654785
v -11472.934570 847.551758 4292.368652
v -11565.664062 420.952240 -4536.829102
v -11547.311523 446.826782 -3943.905029
v -11544.333008 195.119690 2098.702148
v -11528.467773 345.183105 3444.703857
v -11593.637695 39.671551 3697.388672
v -11836.213867 -47.966240 -2837.173828
v -11728.340820 -52.322197 -1080.530273
v -11841.927734 -46.701088 928.474182
v -11549.449219 336.243713 3157.374512
v -11536.345703 509.708893 4189.618652
v -11638.275391 80.263153 4539.514648
v -11675.367188 28.545527 4793.311035
v -11609.414062 697.656860 -4270.742676
v -11559.318359 257.208374 -3610.167969
v -11648.250000 -41.882915 -415.938019
v -11618.298828 46.477360 1887.243896
v -11576.921875 449.019257 3973.458252
v -11661.341797 162.671402 4411.291992
v -11632.109375 127.666542 -4688.518555
v -11659.631836 401.449310 -4414.724121
v -11636.926758 767.178345 -4036.838135
v -11644.266602 216.670197 -3475.114990
v -11686.116211 -42.075478 1687.109375
v -11692.677734 -42.893932 2219.882080
v -11645.567383 381.576569 4254.570801
v -11909.461914 -49.713360 182.203262
v -11703.788086 20.548452 2085.397705
v -11609.979492 37.444229 2500.858398
v -11650.444336 191.808456 2932.270264
v -11632.411133 172.531250 3571.230469
v -11691.184570 147.110764 -3615.414551
v -11832.791992 -46.736767 -1510.064453
v -11665.876953 148.914413 3426.260742
v -11618.049805 127.035645 4689.702637
v -11673.487305 5.605772 4990.477051
v -11742.088867 680.298035 4105.424316
v -11852.957031 -41.128075 -4739.902344
v -11687.124023 592.908020 -4566.168945
v -11707.333984 430.118896 -3765.871582
v -11741.621094 -30.948730 -747.211609
v -11738.407227 -43.032017 2502.896729
v -11738.862305 110.714874 2772.862793
v -11687.535156 173.190994 3077.916992
v -11724.265625 819.079163 -4129.696777
v -11695.076172 475.888977 -3277.088623
v -11743.145508 22.690363 3299.569580
v -11734.175781 231.444427 -3156.561035
v -11754.884766 -15.160891 -2176.847412
v -11742.776367 303.007111 3812.934326
v -11778.329102 669.925476 4007.085938
v -12202.369141 -41.039402 -4999.125000
v -11955.934570 -37.068310 1345.870605
v -11798.787109 242.096298 1834.334839
v -11791.672852 191.626709 2912.073975
v -11707.569336 292.112671 4296.933105
v -11707.791016 420.065857 -3380.974609
v -11816.466797 460.060272 -3329.622559
v -11863.976562 736.590637 3652.542480
v -11789.900391 1519.607300 -3916.180420
v -11842.855469 175.707382 -3682.974854
v -11740.076172 -1.945193 -1826.668945
v -11914.593750 -43.363495 417.509033
v -11802.683594 65.707253 1998.739502
v -11819.280273 191.312622 3068.042725
v -12033.378906 -36.831913 -2224.915039
v -11875.003906 -43.529343 -2008.709717
v -11855.955078 300.510193 -4536.345215
v -11858.500000 210.224335 -4264.654785
v -11847.348633 114.354752 -3052.137207
v -11841.825195 667.208252 4313.508301
v -11833.912109 338.272339 4407.937012
v -11799.159180 198.529343 -3549.105713
v -11910.997070 365.680664 3928.478027
v -11784.580078 150.800552 4642.062988
v -11970.744141 475.543671 -4185.770508
v -11960.751953 -27.379484 -207.879791
v -11894.129883 96.420013 2678.827148
v -11855.235352 101.101532 2834.528564
v -11928.430664 489.613342 3542.018555
v -11979.528320 244.634415 -4539.655762
v -11956.704102 126.013718 1990.469849
v -11917.004883 867.201294 4075.321533
v -11912.679688 1169.948364 4191.431152
v -12024.583984 740.451294 -3989.551270
v -11911.026367 367.467499 -3360.674805
v -11954.763672 108.793869 -3131.655762
v -12048.259766 210.673294 -2995.987061
v -11881.820312 140.201965 -1778.776733
v -12029.107422 -22.026550 644.414124
v -12005.610352 64.848305 1726.955078
v -11956.842773 -48.856647 2466.443359
v -12024.970703 88.227425 -3529.775146
v -12113.032227 -44.354191 -2499.597168
v -11981.637695 125.785721 -1824.301636
v -11978.093750 -37.575253 -1273.664795
v -12098.896484 -47.321747 -863.907532
v -12050.120117 38.428272 1621.743042
v -11948.654297 273.542908 1844.650757
v -11974.951172 27.135727 2947.009766
v -11912.418945 63.272598 3361.686279
v -11906.575195 221.498581 4529.171387
v -11871.975586 -24.781853 5000.676270
v -11994.551758 358.627838 -4342.051270
v -11954.616211 47.449162 3173.499512
v -12052.195312 586.723206 4256.286133
v -11979.469727 173.762512 4416.594727
v -12059.312500 670.915466 -4082.753418
v -12006.417969 -37.814560 -3747.808594
v -12006.535156 90.905380 -1625.641968
v -12008.153320 -36.849949 -534.996399
v -11993.573242 63.181988 2160.999023
v -11983.853516 491.799286 3765.117432
v -12045.125977 -35.062012 4722.311035
v -12029.330078 8.823938 5000.275879
v -12021.533203 434.671173 -3410.840332
v -11994.052734 451.323090 -3279.417969
v -12009.946289 30.281763 2677.344971
v -12015.596680 639.612427 3992.145508
v -12033.014648 156.997696 4525.969727
v -12124.332031 51.932995 417.715088
v -12075.004883 194.257111 3269.370117
v -12092.292969 18.196039 13.325663
v -12047.948242 537.764954 3592.412598
v -12083.289062 900.125366 4122.283203
v -12124.873047 562.720276 -4217.422363
v -12143.047852 189.448517 -3127.271240
v -12078.418945 227.508011 -1808.128174
v -12095.546875 107.166977 -1416.210205
v -12225.445312 -25.514500 -1190.104248
v -12109.909180 9.554794 1817.692749
v -12113.091797 41.388454 2086.926270
v -12067.833008 349.713226 3460.466064
v -12169.687500 1086.695801 3861.429199
v -12124.250977 639.282959 -4465.078125
v -12097.099609 815.694458 -3286.329102
v -12219.354492 -14.341082 -2758.886963
v -12152.276367 153.746918 -1515.008423
v -12301.197266 -34.269806 -215.848587
v -12128.660156 340.617950 204.117401
v -12143.280273 -3.017180 -4740.689941
v -12121.910156 108.628113 -2030.954102
v -12150.632812 61.074360 -108.686577
v -12119.594727 184.489807 2780.364258
v -12121.685547 58.852928 3027.721191
v -12121.929688 461.058228 3656.179199
v -12135.667969 387.778687 4371.453125
v -12292.786133 174.718628 -3779.472656
v -12153.496094 104.476517 -1622.123169
v -12283.745117 -42.814095 4999.798828
v -12186.734375 291.038116 -3425.093994
v -12235.817383 214.114212 -3844.032227
v -12181.050781 23.408779 -3605.865967
v -12242.693359 378.618011 -2989.468506
v -12195.089844 126.244225 -2133.132324
v -12184.002930 245.902466 3398.670654
v -12139.465820 715.814697 4002.304443
v -12217.939453 23.833454 -4686.972656
v -12197.644531 453.283325 -4308.083496
v -12250.202148 67.308090 -2232.905029
v -12274.421875 116.915680 -1797.949951
v -12264.957031 57.681377 -1673.024780
v -12207.000000 521.103943 2674.201416
v -12217.561523 271.902039 3257.362793
v -12272.340820 220.459976 3517.448486
v -12286.097656 -4.978762 4753.396484
v -12198.378906 656.647400 -4106.675293
v -12247.538086 510.287811 -3313.964355
v -12321.152344 85.850700 -2366.130371
v -12201.034180 255.788895 -1387.358643
v -12220.474609 55.682198 46.666874
v -12229.886719 92.208382 625.429504
v -12303.558594 -47.353920 1131.903564
v -12186.515625 778.381287 4195.687012
v -12178.757812 436.977997 4599.197266
v -12233.829102 493.072632 -4428.211914
v -12215.012695 -2.012504 1967.150879
v -12218.338867 -39.355534 2384.688721
v -12348.799805 54.864086 3070.952881
v -12327.405273 1769.258667 4466.288574
v -12249.912109 47.012611 -1908.036255
v -12426.628906 -29.494667 -925.629517
v -12230.819336 74.563530 1744.199707
v -12307.424805 95.915840 2069.656250
v -12274.000000 -7.625793 2993.009521
v -12240.537109 848.894226 4328.993164
v -12322.713867 5.780267 298.765625
v -12300.183594 0.249439 485.736633
v -12353.400391 90.360451 802.423218
v -12269.537109 -34.517719 1577.858521
v -12319.592773 160.040283 2207.551758
v -12304.398438 550.139160 4122.918945
v -12433.541992 -41.594273 -618.840698
v -12273.445312 558.977966 2572.884033
v -12324.193359 207.601410 2779.758789
v -12356.843750 324.876953 3434.278809
v -12301.879883 692.137634 3901.097412
v -12280.838867 617.170898 4025.932861
v -12324.454102 789.976501 4228.664551
v -12337.355469 380.908112 -4512.504395
v -12318.716797 317.031403 -4093.562988
v -12362.661133 233.470459 -3695.553467
v -12334.374023 147.170944 -1408.496704
v -12369.898438 57.384167 2433.238037
v -12361.866211 495.296173 3769.384766
v -12355.426758 29.268091 -4655.231445
v -12332.157227 224.930481 1795.151001
v -12439.019531 111.025169 2677.756836
v -12487.033203 240.749908 4655.557617
v -12285.005859 129.019638 -3149.580322
v -12418.556641 437.071503 -2991.857910
v -12354.389648 59.656685 -2512.247070
v -12424.861328 203.337433 -1441.422974
v -12403.947266 3.226978 -4886.931641
v -12360.032227 452.656158 -4395.656250
v -12375.576172 150.336502 -4212.486816
v -12382.724609 210.888824 -3135.208740
v -12368.162109 185.609238 -24.283503
v -12521.689453 47.307865 170.030945
v -12387.077148 113.791832 1948.819824
v -12443.817383 307.118713 2899.706787
v -12405.469727 -7.112515 -3884.387939
v -12414.932617 51.920593 -2020.831909
v -12429.991211 97.182083 -1538.115723
v -12450.833008 27.584806 -1306.345459
v -12437.550781 17.666216 698.871704
v -12466.533203 842.047974 -3570.160889
v -12377.321289 1006.554565 -3395.393066
v -12494.074219 130.460007 -2660.880859
v -12394.795898 -13.565164 -2191.785400
v -12463.034180 134.692276 -1754.409058
v -12391.252930 121.489700 350.428040
v -12329.830078 318.328491 3241.487305
v -12459.839844 426.085999 3597.217285
v -12407.255859 1796.829224 4488.389160
v -12475.179688 76.467270 -1684.694580
v -12498.599609 191.830627 -236.077454
v -12481.860352 220.272736 1019.976379
v -12470.219727 194.845230 2558.405762
v -12435.916016 766.852173 4213.612305
v -12459.179688 310.465088 -2428.856201
v -12478.289062 106.123383 2343.294189
v -12487.372070 155.996292 -4082.020264
v -12599.627930 673.525940 -2817.906982
v -12594.401367 22.694502 -2202.479736
v -12471.583984 396.187286 -48.637535
v -12510.238281 113.066849 562.136841
v -12529.307617 -47.185017 1524.728394
v -12435.874023 889.020264 4059.078857
v -12508.597656 21.510693 -4696.753906
v -12514.086914 748.623535 -4464.366699
v -12573.877930 145.324570 -366.748260
v -12501.578125 52.573273 2221.730713
v -12523.372070 256.704498 3469.573730
v -12510.630859 1122.864746 4004.412109
v -12601.548828 -47.990417 -4999.662109
v -12499.390625 170.878387 -4206.248535
v -12552.819336 279.615356 -3748.471680
v -12511.569336 259.335999 -3270.190674
v -12597.162109 -2.338382 -1948.444702
v -12551.500977 515.477234 423.039246
v -12500.233398 54.335472 3073.122070
v -12549.333008 726.430603 4318.085449
v -12577.913086 78.401207 4847.936035
v -12542.804688 25.774313 1807.592896
v -12481.662109 435.692932 3734.770020
v -12568.593750 458.009949 4555.212402
v -12507.178711 51.534760 -3907.508789
v -12600.483398 46.413692 -1577.075928
v -12561.748047 132.534729 39.471481
v -12578.701172 129.511215 1994.813843
v -12585.570312 100.631523 2659.562988
v -12556.869141 161.276382 3357.965820
v -12607.338867 352.890564 -3458.564209
v -12573.496094 163.903671 -3085.527344
v -12578.987305 325.451874 -1359.227295
v -12651.626953 260.019531 -504.587799
v -12554.658203 420.751495 2828.182617
v -12595.632812 754.821777 4153.121582
v -12607.270508 429.765686 -3635.128174
v -12569.429688 623.947266 -2899.495605
v -12654.147461 312.236542 -1423.713135
v -12626.920898 32.274185 886.908569
v -12610.326172 365.712921 2939.932129
v -12606.249023 -1.027735 4997.445312
v -12647.319336 403.229645 -4261.159668
v -12638.634766 474.523438 -4096.731445
v -12616.244141 247.823624 -3934.387695
v -12602.564453 114.933937 1226.896729
v -12631.331055 -10.273763 2390.850342
v -12589.713867 172.603851 3093.196289
v -12609.754883 703.659912 3774.083008
v -12650.381836 1085.395996 -2435.353271
v -12645.377930 69.634102 -1792.688354
v -12673.958984 -34.968216 -1142.090576
v -12625.707031 275.147156 668.197998
v -12665.262695 565.609131 -3259.830811
v -12718.187500 397.212952 -3150.830322
v -12700.674805 288.325165 -3017.210205
v -12673.466797 898.145813 -2582.175293
v -12579.175781 36.297279 -629.965271
v -12681.508789 66.900009 263.542572
v -12654.121094 340.573212 541.040527
v -12730.916992 52.527485 2690.710693
v -12709.132812 818.133667 4217.118652
v -12681.737305 309.523956 4412.142090
v -12691.162109 37.959095 1640.388550
v -12638.338867 1107.555664 3633.237793
v -12704.179688 988.081116 4044.908447
v -12677.869141 456.417206 4693.352539
v -12675.586914 6.014801 -4663.759277
v -12680.813477 316.160797 -3498.319824
v -12721.045898 164.141739 -630.229187
v -12674.773438 15.490163 2170.789551
v -12707.967773 446.153442 3434.211914
v -12760.577148 19.605108 -4807.061035
v -12724.161133 421.809998 -4376.405762
v -12722.891602 913.148315 -3715.828613
v -12719.322266 -3.520207 -1584.968750
v -12802.659180 419.294525 -1289.538452
v -12720.022461 328.390198 1401.827148
v -12714.014648 263.799652 1789.932007
v -12728.939453 327.864563 -3932.348877
v -12792.998047 1285.675171 -3665.110596
v -12767.972656 299.017578 -2888.557373
v -12765.442383 1072.912476 -2709.674072
v -12826.399414 223.502533 -2247.702148
v -12716.281250 -11.782186 -905.986755
v -12696.767578 -51.752354 -130.430344
v -12708.359375 444.582947 2862.111572
v -12739.112305 634.977783 3812.785400
v -12721.636719 295.476776 4574.773438
v -12786.446289 308.857697 -4212.540039
v -12722.418945 307.363647 -4050.994385
v -12781.230469 151.725479 795.080139
v -12739.378906 -12.525738 1117.849976
v -12845.130859 86.474091 1292.999390
v -12759.377930 -34.016560 2393.793213
v -12710.742188 767.755249 3217.089355
v -12755.161133 439.632446 -1354.966797
v -12840.397461 91.621574 -731.937073
v -12753.084961 60.081612 -322.303619
v -12783.935547 115.107445 380.737518
v -12755.201172 210.324799 600.651489
v -12739.287109 578.237549 3017.659180
v -12733.174805 -43.215038 4999.561523
v -12881.199219 438.540649 -4345.539551
v -12848.774414 226.122543 -4069.838379
v -12776.341797 794.524841 -3341.018799
v -12870.358398 -8.462720 -487.860504
v -12816.342773 250.865723 1519.724243
v -12786.291992 157.958099 2139.016357
v -12798.813477 974.944763 3637.389893
v -12849.212891 -0.939985 -1650.368774
v -12862.987305 109.670700 -1124.992065
v -12866.548828 151.913834 456.956268
v -12766.862305 341.276978 1945.435059
v -12787.544922 50.031372 4483.598633
v -12877.300781 -42.332954 4779.991699
v -12902.525391 -37.690308 -4999.791992
v -12911.980469 21.442368 -4543.322754
v -12861.904297 986.818481 -3507.388916
v -12912.663086 -18.279013 -1959.966187
v -12887.883789 82.925858 -197.156952
v -12867.266602 158.289932 992.847961
v -12894.085938 740.155823 2795.852051
v -12875.604492 650.537415 4082.839844
v -12899.880859 504.196472 -3912.757324
v -12868.674805 340.033173 -3052.998535
v -12874.768555 312.299164 -2525.269531
v -12846.765625 181.836731 -840.509766
v -12907.504883 103.667969 -297.809052
v -12893.875977 63.411957 2404.922607
v -12863.372070 843.404419 2901.590576
v -12786.053711 740.653809 3146.512695
v -12863.576172 527.079407 3270.759033
v -12813.898438 516.950134 3445.351562
v -12886.699219 132.587845 4360.351074
v -12832.665039 285.457031 -3955.325439
v -12905.544922 412.374878 -2411.426270
v -12897.960938 -11.890404 138.146851
v -12905.616211 201.521164 2263.525146
v -12889.681641 -0.115434 -4844.015137
v -13027.253906 -27.616428 -4719.604004
v -12939.848633 177.571426 -3225.057861
v -12847.045898 75.237770 674.287659
v -12908.164062 376.194885 1645.828735
v -12902.900391 382.892090 3789.256104
v -12844.940430 676.038391 4199.660156
v -12922.692383 16.201229 -1522.769043
v -12963.751953 274.955963 1106.661987
v -12883.781250 268.995697 2670.836426
v -12966.844727 325.736694 3563.297607
v -12925.631836 349.719879 3927.786133
v -12935.037109 1268.141602 -3747.125000
v -12973.798828 274.361908 -2753.482666
v -12919.695312 442.806854 -2637.041016
v -12907.747070 338.482605 -915.480774
v -12934.123047 451.204285 1900.188599
v -12904.217773 298.868469 2041.011230
v -12959.753906 441.635376 2154.347412
v -12961.896484 929.410217 -3483.492188
v -12904.108398 144.396347 -93.753578
v -12971.514648 19.565104 1414.192505
v -12941.719727 682.367859 3013.476562
v -12944.562500 369.015015 3434.806152
v -12915.604492 236.682236 -2837.878418
v -12933.737305 161.371613 -2213.000488
v -13001.565430 2.733112 133.004486
v -12934.580078 929.042114 3161.078857
v -12971.204102 324.374023 -4136.639648
v -13017.457031 448.078461 -3951.836914
v -12914.756836 239.265976 -1269.719482
v -13042.920898 17.820974 550.655518
v -13013.887695 137.481949 914.170044
v -13050.577148 315.309937 1578.416748
v -12975.241211 442.370239 2535.150146
v -13024.163086 632.420349 2708.893799
v -12992.081055 436.471771 -3034.233887
v -12996.352539 317.153442 -990.011658
v -13090.809570 104.333214 2322.212646
v -13016.261719 580.863647 3260.577881
v -13087.613281 35.705605 -5000.992676
v -13027.166992 66.054543 -1741.581055
v -13001.537109 6.700468 -751.518677
v -13052.400391 16.777414 -47.442070
v -12970.293945 16.900818 725.458801
v -13047.495117 -22.224934 4182.879883
v -12930.152344 -42.090046 4542.857910
v -12979.487305 710.452759 -4272.409180
v -13044.830078 572.509155 -3353.274414
v -13059.806641 320.179077 -3119.945068
v -13025.025391 408.773529 -2855.697021
v -13063.992188 -10.815094 -1456.416382
v -13007.246094 216.321228 -1233.017578
v -13123.653320 216.352188 -853.953796
v -13085.489258 67.239998 -618.987000
v -13017.734375 617.236023 1746.956055
v -13055.157227 694.136658 2857.486816
v -13095.373047 36.935173 4055.478271
v -13036.748047 131.387390 -1817.311035
v -13091.428711 -10.319044 -400.145905
v -13049.306641 247.529449 370.311005
v -13083.534180 57.276302 3777.862793
v -13098.504883 959.568726 -3730.713135
v -13045.522461 202.584030 -2655.226074
v -13146.393555 29.191206 -2391.995605
v -13120.572266 -35.976231 -1573.636353
v -13052.941406 309.336517 1201.374756
v -13107.212891 520.300415 1943.856445
v -13118.892578 504.323151 3091.546875
v -13127.734375 156.499146 -4297.954590
v -13090.608398 553.783875 -4199.633301
v -13100.729492 337.526245 -3531.704346
v -13087.035156 418.016815 -2967.628174
v -13112.672852 81.645622 -2209.405762
v -13204.987305 301.917389 -1042.746582
v -13080.523438 390.418671 -969.486145
v -13150.272461 97.591003 1053.710693
v -13152.695312 632.743347 2079.736572
v -13094.249023 278.390747 3382.790283
v -13426.143555 -45.793976 4740.824219
v -13112.280273 169.213623 -4901.031738
v -13195.861328 -32.318638 -4408.746094
v -13117.061523 125.651962 745.235596
v -13151.542969 200.528763 1687.595947
v -13086.975586 529.189514 1794.107056
v -13189.226562 680.715881 2177.475586
v -13119.339844 978.517883 2591.161621
v -13638.300781 -35.274307 4999.913086
v -13122.911133 686.827820 -4024.306396
v -13236.452148 122.705025 162.746246
v -13170.329102 237.881638 898.058655
v -13111.370117 903.679443 2691.385742
v -13142.166016 422.397247 2958.227051
v -13152.611328 40.126709 3628.461182
v -13225.540039 142.363724 -3518.195068
v -13179.582031 1185.620972 -3303.179443
v -13251.272461 366.599823 -2692.353271
v -13147.329102 89.872627 -2042.130737
v -13219.083984 82.569901 -53.621525
v -13217.304688 301.055481 2453.414062
v -13180.337891 718.753967 -3793.714111
v -13250.208984 389.505707 -2891.175049
v -13149.702148 385.017914 -1331.561646
v -13212.893555 520.757935 -1264.776367
v -13182.473633 494.635834 -1161.893799
v -13189.171875 319.077026 1487.501709
v -13238.139648 119.479523 3320.826416
v -13207.804688 35.782894 -4891.545410
v -13190.007812 403.530884 -3069.583496
v -13213.084961 303.525299 359.010223
v -13198.704102 324.214569 1218.114746
v -13175.749023 562.522461 1851.151733
v -13261.044922 384.242249 3043.860352
v -13246.534180 16.592300 3903.776611
v -13239.329102 -20.619493 -4676.622559
v -13206.522461 982.149292 -4134.922852
v -13232.227539 510.663971 -2970.743652
v -13217.323242 1376.976929 -1872.719360
v -13269.240234 196.122437 -1427.777588
v -13311.260742 63.414307 -204.947250
v -13206.227539 841.468689 2631.864014
v -13173.318359 823.181335 2750.186768
v -13274.225586 56.964809 3465.918213
v -13232.350586 1089.375854 -3869.299316
v -13317.651367 295.188202 -3715.751465
v -13328.954102 133.250702 -1640.176025
v -13269.318359 271.215302 -687.936523
v -13227.980469 76.553528 -454.981079
v -13267.306641 92.345222 454.584839
v -13216.891602 13.207799 640.578186
v -13250.668945 123.798012 1635.712891
v -13204.890625 546.182800 3138.726074
v -13350.893555 -36.084103 4201.877930
v -13354.214844 137.147644 -2361.910156
v -13239.888672 460.106812 2002.203491
v -13264.375000 980.412048 2850.551025
v -13266.017578 79.193764 4015.861328
v -13338.715820 162.733444 -4254.402344
v -13371.463867 135.230026 -2537.439209
v -13307.646484 306.292084 -2201.322510
v -13295.631836 264.678680 -918.502441
v -13301.528320 208.675201 1050.379150
v -13319.142578 312.093842 -3409.151123
v -13375.294922 267.422424 -2105.402344
v -13299.809570 313.234192 850.089539
v -13289.716797 307.154999 1463.197388
v -13282.861328 592.193237 2254.067871
v -13380.596680 -54.009438 -5000.681641
v -13250.104492 702.751831 -4019.498779
v -13327.540039 298.565186 -3637.081055
v -13346.891602 531.247681 -3244.262451
v -13295.805664 391.075104 -3075.185059
v -13350.688477 290.928650 1785.327148
v -13305.934570 1054.157349 2712.147461
v -13277.475586 34.963543 3741.860840
v -13312.364258 1381.862549 -1879.937744
v -13314.360352 375.728577 1890.334717
v -13331.946289 259.771423 2045.739380
v -13341.025391 459.751923 2178.446777
v -13419.472656 136.784241 -4536.991211
v -13385.899414 145.072052 -4121.100098
v -13308.304688 419.396729 -1100.878052
v -13355.029297 127.523628 50.442734
v -13407.911133 415.541260 266.204102
v -13371.501953 536.364197 326.683380
v -13397.185547 25.566286 3539.646240
v -13441.391602 9.130693 -1255.784790
v -13371.756836 184.094696 -611.610535
v -13465.291992 34.003590 -51.268940
v -13411.745117 205.826538 493.099976
v -13382.138672 464.270142 968.056702
v -13368.727539 644.522827 1248.463989
v -13396.800781 757.000305 2595.422363
v -13411.071289 62.408180 3200.437744
v -13390.633789 172.413483 -4360.384277
v -13449.965820 248.837051 -2913.374512
v -13382.643555 251.354111 -2772.328369
v -13445.123047 7.428025 -401.630554
v -13330.729492 41.611885 -357.095154
v -13457.130859 569.342590 1128.838501
v -13417.103516 384.616089 1455.047241
v -13391.671875 426.642670 2378.488770
v -13377.527344 394.930359 2972.604736
v -13457.648438 264.315857 -3850.510986
v -13377.977539 380.295776 -3469.567871
v -13390.134766 245.370392 -1536.044434
v -13411.103516 308.745514 -948.891907
v -13404.287109 341.139832 836.842163
v -13411.479492 100.294914 3728.972168
v -13407.662109 188.678818 -3119.063721
v -13453.984375 361.243500 -1036.053833
v -13462.668945 179.513550 -237.315216
v -13436.708984 547.409607 1666.232544
v -13714.379883 -47.967674 4548.363770
v -13634.940430 41.667038 -4689.183105
v -13472.144531 212.572723 -2465.228027
v -13522.717773 753.071045 739.071411
v -13413.223633 319.920563 2040.772339
v -13442.916016 856.424744 2795.295166
v -13433.269531 219.467117 -3706.516357
v -13536.216797 29.317299 -2683.169189
v -13479.122070 335.625580 -2203.239746
v -13483.200195 430.452393 -729.161621
v -13513.980469 727.490723 1527.765137
v -13504.992188 503.593384 1823.713867
v -13487.563477 85.451012 3359.077881
v -13476.553711 394.672333 -3255.260986
v -13539.276367 62.613846 -1736.744263
v -13496.500000 399.061279 158.034348
v -13483.551758 513.750305 597.539856
v -13539.201172 261.321838 2323.338623
v -13527.606445 506.766968 2745.552979
v -13428.392578 14.670621 3969.706299
v -13542.147461 20.872360 -4173.858398
v -13506.619141 614.390991 -3640.354736
v -13566.650391 129.536179 -3002.423828
v -13481.150391 731.123413 -1989.170532
v -13544.907227 194.977386 -1121.075928
v -13554.134766 249.240921 2186.779785
v -13496.128906 405.099579 2889.089600
v -13524.534180 170.968857 3087.729004
v -13532.574219 64.063385 3731.625244
v -13538.416992 83.311844 -4393.981934
v -13626.938477 19.238165 -3992.409180
v -13602.884766 122.729858 -1521.875122
v -13578.333008 637.685913 -604.665894
v -13646.650391 1173.580200 917.937256
v -13515.766602 920.876709 2604.842041
v -13646.346680 -15.181922 3239.291992
v -13619.779297 26.907862 3637.768799
v -13520.738281 1108.105957 -3476.464844
v -13502.532227 638.117615 1016.571838
v -13525.328125 490.423431 1431.799927
v -13536.128906 559.307068 1945.367188
v -13611.040039 12.400296 3464.781250
v -13679.232422 -40.296555 4359.224609
v -13637.051758 -2.691437 -4726.675781
v -13531.350586 255.999146 -3848.166016
v -13596.075195 168.062820 -3118.409180
v -13632.451172 33.613552 374.614685
v -13512.289062 687.188354 1310.638794
v -13559.031250 556.939270 1652.051270
v -13564.481445 49.605438 4047.096680
v -13704.934570 225.582474 -4535.203613
v -13591.630859 415.186340 -2466.946533
v -13724.957031 472.339569 -2356.257080
v -13606.000977 202.108948 -1246.562744
v -13545.732422 230.502167 -855.816528
v -13618.526367 478.935730 1852.893066
v -13664.910156 1387.632568 -3380.073486
v -13643.166992 306.074738 -2918.954346
v -13576.611328 739.179626 1154.798340
v -13621.053711 535.287842 1305.361206
v -13632.653320 758.918884 2698.200684
v -13592.769531 489.944122 2913.567139
v -13639.127930 539.591187 -2109.769531
v -13660.744141 704.895142 -1886.519409
v -13629.558594 347.165955 -407.284302
v -13621.713867 187.387527 -137.381363
v -13663.550781 372.843750 112.321075
v -13625.384766 733.592896 658.056274
v -13607.168945 567.911560 1501.207275
v -13809.576172 -1.038409 4801.416504
v -13691.337891 -7.735147 -5000.670898
v -13727.028320 60.866016 -4888.982422
v -13741.280273 41.095142 -3836.180176
v -13648.706055 353.880798 -3737.607910
v -13663.653320 491.210693 -3589.324219
v -13683.287109 381.012360 -766.034851
v -13727.578125 1162.482666 2345.797852
v -13650.826172 17.926939 3942.691650
v -13722.329102 584.137268 -860.783203
v -13662.716797 653.037903 -583.537415
v -13742.293945 478.005005 541.986816
v -13635.027344 1322.250244 836.981384
v -13681.728516 550.033142 1378.209473
v -13666.275391 334.773499 1747.100586
v -13666.374023 603.379883 2008.505371
v -13704.548828 71.289978 3562.184570
v -13667.783203 -8.244365 -2674.047607
v -13780.091797 690.836304 -1916.829102
v -13708.449219 392.775940 -1071.426880
v -13689.786133 929.024780 737.258362
v -13706.354492 866.898743 1115.736816
v -13697.496094 1694.275879 2581.761230
v -13655.246094 697.045776 2779.341797
v -13732.773438 470.411377 -985.229797
v -13709.703125 205.157730 -161.127518
v -13742.763672 53.763287 3078.260254
v -13752.316406 1.367406 3721.851074
v -13720.660156 612.422424 -2455.860107
v -13722.545898 424.263947 -1758.467041
v -13788.186523 377.079498 -1664.375122
v -13756.142578 1139.950928 968.693054
v -13797.182617 70.386787 2959.792236
v -13694.250977 169.162308 -4258.644531
v -13732.652344 165.671112 -3056.725586
v -13822.239258 443.649414 -1514.741333
v -13740.207031 745.929016 -418.162140
v -13749.363281 640.313538 2124.264893
v -13752.082031 362.344543 -4415.497559
v -13769.971680 592.109375 -3508.118896
v -13754.785156 349.896423 -2889.913574
v -13747.869141 482.263153 -1255.970825
v -13775.767578 338.428497 333.812195
v -13752.164062 992.246216 828.679993
v -13813.700195 33.867828 -3919.914062
v -13837.097656 215.137604 -3178.185303
v -13718.186523 306.769012 -2246.275635
v -13796.122070 521.808228 -1401.105225
v -13810.273438 360.065704 84.513229
v -13851.958008 507.101349 1707.374878
v -13803.711914 460.985199 1843.267334
v -13809.221680 34.178688 4114.574219
v -13902.600586 101.249847 -3623.741211
v -13841.112305 328.011322 -2619.495850
v -13852.755859 566.903625 -218.331604
v -13788.309570 1617.472534 1273.296875
v -13803.154297 819.654724 1557.951538
v -13759.089844 1521.821289 2530.605469
v -13809.632812 6.333347 3456.860107
v -13895.083984 47.107864 3813.208984
v -13871.412109 -9.866305 -2171.805420
v -13848.954102 391.390717 -1063.802490
v -13791.400391 929.904907 -635.498962
v -13776.292969 721.831848 2779.793457
v -13880.143555 -26.817719 -4839.374023
v -13900.871094 501.325623 -4401.399902
v -13863.317383 385.036285 -4118.939453
v -13969.803711 3.800362 -2058.562744
v -13854.308594 455.581238 -907.490234
v -13889.183594 1655.581665 -488.040344
v -13874.760742 505.481873 490.711700
v -13810.440430 490.196106 722.760498
v -13817.749023 1122.171509 1079.165283
v -13804.644531 1791.433960 2406.438477
v -13938.134766 -44.376232 3142.026855
v -13845.658203 704.670776 -4324.719727
v -13858.370117 618.502380 -2929.768311
v -13922.039062 54.787289 -2308.135010
v -13924.418945 509.555664 -93.080185
v -13883.903320 1073.503418 896.052612
v -13921.847656 1614.493164 1375.781250
v -13838.219727 764.159668 2000.763550
v -13863.367188 1422.799805 2478.063721
v -13857.824219 655.462280 2700.206787
v -13932.667969 344.377930 -3417.517822
v -13856.924805 640.920959 -2808.014648
v -13892.617188 592.825867 -2535.063232
v -13851.725586 302.638885 -1202.615601
v -13879.238281 788.226685 -760.620605
v -13908.024414 1529.211304 -663.337952
v -13864.567383 628.685669 -292.991577
v -13887.153320 682.219666 2241.635742
v -13911.107422 486.181091 -1676.201294
v -13843.167969 565.997070 368.616882
v -13993.380859 313.355621 2808.946533
v -14025.808594 20.657742 3610.491455
v -14233.206055 -3.200488 -5003.301270
v -13964.045898 24.812660 -4576.061523
v -13878.040039 536.863892 -4249.219238
v -13953.878906 619.626831 135.496460
v -13899.689453 437.753571 712.106628
v -13987.082031 -35.236469 4672.541992
v -13994.461914 485.191559 -3043.347656
v -13972.492188 939.418457 -2752.379639
v -13943.780273 784.292969 -1380.071411
v -13960.676758 1302.965332 1044.984619
v -13926.290039 2174.444824 1218.175415
v -13978.257812 1141.318115 1501.321411
v -13922.706055 821.997009 1628.486816
v -13938.740234 413.229706 2167.849609
v -13925.932617 248.959976 2618.444092
v -13946.828125 456.192535 -241.233093
v -13934.202148 251.134720 1825.552368
v -13946.636719 674.940613 2060.016846
v -14003.850586 9.189017 3948.943848
v -14021.694336 17.056023 -4780.364258
v -13937.268555 240.820999 -1782.188354
v -13959.262695 658.020264 -1500.629150
v -14013.681641 257.820190 -838.826355
v -13977.791992 1507.961548 -571.363098
v -13931.541992 701.843384 527.361206
v -14062.040039 22.315931 2385.182373
v -14097.966797 -28.528778 4132.995117
v -13964.092773 435.561859 -4338.520996
v -13978.275391 304.052094 -3711.587891
v -14034.816406 443.557434 -3217.875732
v -13992.097656 599.221985 -2919.406006
v -13965.204102 753.447693 -2857.385010
v -13985.746094 315.824158 -1122.237305
v -14013.899414 663.848206 671.280090
v -14006.085938 1278.599487 898.854065
v -14143.953125 -30.846907 4444.854004
v -14004.690430 -26.677692 4998.622559
v -14026.634766 524.129944 -4217.973633
v -14022.602539 337.632080 -942.786072
v -14078.172852 1304.545654 -380.240570
v -14084.478516 131.292755 363.119415
v -14039.990234 706.073547 744.009583
v -14010.606445 110.807739 3752.968994
v -14083.289062 161.431671 -4481.604004
v -14004.601562 340.001038 -3297.862061
v -14057.447266 885.775635 -2718.378418
v -14069.230469 688.075195 -225.257401
v -14065.622070 1695.256104 1129.138550
v -14107.795898 371.828979 1651.967041
v -14059.996094 -2.949261 2590.178955
v -14077.581055 -27.199644 3401.085449
v -14071.129883 1482.615723 -2512.296143
v -14084.612305 84.151352 -2146.913086
v -14085.178711 469.256989 -1228.189087
v -14085.684570 215.170227 -728.596619
v -14022.009766 493.386627 544.068848
v -14053.794922 1556.505371 1397.508667
v -14075.050781 -42.103783 3189.476807
v -14049.111328 1387.830078 -4048.271240
v -14025.365234 143.439362 -3501.252441
v -14064.963867 712.216431 -1404.365967
v -14038.893555 875.337524 -103.357727
v -14117.748047 331.244751 171.310898
v -14087.775391 47.405403 1821.130493
v -14173.012695 -9.875332 1979.547607
v -14173.333008 58.135082 -4645.088867
v -14157.757812 1522.403198 -1595.850342
v -14116.695312 120.000305 -3404.895264
v -14098.858398 432.262573 -3011.243408
v -14110.714844 -42.287659 -1946.768555
v -14171.768555 63.159946 -1852.275513
v -14106.951172 445.855865 -983.281250
v -14135.123047 1812.725952 1035.378174
v -14045.561523 217.337982 2962.155762
v -14125.071289 659.747559 -4178.599121
v -14148.654297 602.614258 -3117.939697
v -14169.124023 451.936859 -2754.818604
v -14128.780273 7.553880 4889.845703
v -14251.232422 -16.789253 -4793.894043
v -14160.422852 1505.988647 -3875.084717
v -14145.144531 683.438660 601.577454
v -14220.875977 -17.796288 4698.766602
v -14145.345703 110.501015 -4380.882812
v -14150.366211 251.889206 -3264.850342
v -14183.060547 308.170807 -2905.390869
v -14153.090820 470.725586 -926.097778
v -14164.288086 1155.782715 862.160278
v -14179.243164 -31.877506 2176.679932
v -14205.492188 -25.445211 2790.073242
v -14139.824219 34.340618 3802.832520
v -14240.198242 718.749451 -3745.318604
v -14241.671875 238.350403 -3603.713867
v -14271.434570 1102.651978 960.159851
v -14186.801758 880.568665 -4053.881836
v -14255.478516 1586.034668 -1506.386963
v -14225.705078 590.211060 -1252.535034
v -14197.908203 607.583374 -1109.927368
v -14259.932617 24.674683 -608.597107
v -14195.764648 221.994339 76.210144
v -14333.131836 515.740173 221.759323
v -14195.636719 591.167358 448.466034
v -14207.511719 54.096130 3053.554688
v -14290.113281 53.725128 -4438.798828
v -14263.219727 176.783493 -4265.399902
v -14230.991211 332.134186 -2221.035889
v -14247.001953 447.723907 -2138.727051
v -14302.899414 77.086037 -377.149170
v -14192.373047 893.306885 710.091064
v -14219.714844 -27.355829 2358.965332
v -14310.984375 5.531660 3273.469727
v -14226.820312 -22.124041 3519.733643
v -14283.200195 -26.032299 4113.368652
v -14260.958984 1375.855835 -2526.620361
v -14278.182617 1228.353394 -2408.787598
v -14297.932617 66.589920 1802.756592
v -14294.815430 757.418213 -3441.279541
v -14248.408203 395.596466 -3257.397949
v -14288.916992 411.765472 -1031.924561
v -14201.111328 469.008331 -199.362411
v -14239.628906 811.827332 577.503662
v -14320.468750 46.239002 1577.229370
v -14357.985352 33.871414 2465.847168
v -14286.043945 515.321472 -3067.096924
v -14283.350586 1012.804443 -1396.067627
v -14368.650391 197.209015 -927.049316
v -14274.226562 467.156708 377.458282
v -14263.750000 892.375793 815.281555
v -14343.917969 176.455582 1291.759399
v -14322.451172 906.305481 -1995.144775
v -14331.916992 337.484283 -1151.246094
v -14286.264648 98.932091 -801.997742
v -14402.830078 47.949730 -257.600006
v -14317.273438 880.971008 783.892334
v -14386.498047 78.696205 1118.801514
v -14354.294922 43.247204 3095.559814
v -14449.074219 -30.159298 4410.929199
v -14370.511719 1169.703491 -3918.936279
v -14343.523438 1845.313721 -2690.395264
v -14319.778320 1051.811279 -1771.392944
v -14376.571289 152.004074 -60.216373
v -14300.931641 -18.550158 4999.585938
v -14352.054688 958.639465 -2276.435059
v -14368.622070 -5.457043 -452.551605
v -14412.093750 57.558521 1903.968262
v -14425.954102 3.820391 2936.615967
v -14400.501953 538.653564 -2983.552002
v -14361.432617 927.023560 -2881.381592
v -14345.670898 -20.990665 3831.305176
v -14403.818359 207.422302 -4199.505371
v -14466.095703 -24.434904 3432.487305
v -14424.938477 15.473502 -4565.572754
v -14330.270508 394.437653 -4100.358398
v -14482.335938 360.954712 -3292.160889
v -14414.932617 1258.696777 -1691.144897
v -14483.438477 93.616158 -1445.646240
v -14361.825195 355.953583 -1295.325928
v -14479.583008 132.844086 -1040.034424
v -14450.812500 35.577332 -667.312622
v -14411.752930 -5.594332 2085.928467
v -14430.100586 -20.941050 2600.803467
v -14393.146484 82.162453 -3652.542969
v -14457.569336 1826.454102 -2771.558105
v -14541.943359 1207.450562 -2187.767334
v -14473.964844 1555.628418 -1893.523071
v -14360.618164 482.052307 651.250732
v -14464.156250 -18.229723 2337.053223
v -14524.761719 17.729893 2830.924561
v -14410.657227 763.737915 -3436.765869
v -14416.990234 1853.582397 -2624.454590
v -14454.872070 285.341431 -790.548035
v -14438.414062 188.227768 279.672211
v -14455.378906 147.779556 440.379822
v -14515.186523 -16.458195 1411.510132
v -14455.452148 41.779934 1712.460205
v -14506.896484 657.907959 -4125.560547
v -14519.047852 1053.799316 -4009.454590
v -14532.568359 -37.302467 4722.593750
v -14606.855469 -45.107910 -5000.569824
v -14539.193359 2.420025 -4325.062012
v -14438.143555 384.883820 -3120.347412
v -14543.660156 1189.196045 -2838.708740
v -14492.380859 1813.216919 -2007.016357
v -14456.859375 91.652260 -1231.160400
v -14477.416992 207.573196 95.237740
v -14552.173828 88.223923 950.658020
v -14521.769531 1127.496460 -2454.677979
v -14549.583008 936.221863 -2326.186279
v -14535.013672 -11.845374 3133.303711
v -14560.201172 -39.151047 4043.433350
v -14531.740234 6.844592 -4731.976562
v -14632.722656 250.241409 -3784.384766
v -14544.550781 559.403198 -842.825562
v -14627.500000 68.699791 -139.460602
v -14512.403320 247.060883 585.711975
v -14578.711914 94.465553 -3614.474854
v -14557.580078 451.292480 -3429.012939
v -14544.104492 244.070312 2.624531
v -14561.274414 199.970337 173.360031
v -14597.982422 -23.452478 761.153503
v -14608.790039 117.036507 1821.539917
v -14641.521484 38.441765 -4492.813965
v -14562.284180 498.311584 -3119.077881
v -14548.289062 780.054993 -2970.842285
v -14573.041016 988.263794 -1746.290771
v -14603.106445 48.497528 -1258.909790
v -14605.372070 37.465733 -408.629456
v -14572.979492 23.283493 -270.676056
v -14569.386719 138.602539 260.729950
v -14584.807617 -2.841480 1119.381348
v -14570.099609 -20.358376 2139.496094
v -14583.428711 -31.303179 2571.308838
v -14665.175781 147.253021 1683.026733
v -14642.424805 -35.202412 3746.890137
v -14651.728516 487.446686 -4131.243652
v -14666.942383 250.529465 -3212.799561
v -14599.042969 244.077576 446.425415
v -14716.024414 19.218908 1438.926147
v -14664.122070 77.552704 1581.522583
v -14670.783203 98.380211 2351.144043
v -14738.578125 -31.832615 3504.688477
v -14633.554688 404.424347 -3328.370117
v -14641.535156 218.490204 -2704.780273
v -14647.959961 622.109375 -914.437744
v -14739.393555 -22.218737 3211.007812
v -14752.125977 -30.135887 4275.483398
v -14643.866211 628.923096 -3009.236816
v -14700.139648 224.682556 -2151.466064
v -14695.083008 55.534946 -1156.081055
v -14720.469727 -42.711063 2022.212769
v -14768.121094 -9.896760 -4734.767090
v -14752.814453 236.872238 -4226.643555
v -14682.875977 277.157990 -4063.134033
v -14692.561523 264.452881 -2439.959229
v -14729.938477 -16.897100 -1989.819092
v -14685.364258 -22.690035 855.742859
v -14779.691406 -18.145517 1172.254517
v -14807.197266 -38.083515 2600.243896
v -14999.915039 -53.370163 4999.951172
v -14817.159180 130.627716 -4382.464355
v -14637.034180 381.071136 -1713.812134
v -14628.134766 50.123672 -640.143372
v -14763.046875 113.107941 219.247650
v -14726.277344 70.652069 -3530.319336
v -14653.944336 34.709503 -1507.488892
v -14758.997070 185.468979 -819.821899
v -14677.278320 86.869247 -10.747153
v -14733.391602 220.467789 400.325012
v -14743.952148 40.960823 588.202820
v -14734.671875 -30.860287 2900.482666
v -14848.138672 -41.845806 4551.871582
v -14697.065430 376.081299 -2836.268311
v -14758.905273 115.224258 75.477173
v -14798.167969 17.681557 1811.780518
v -14755.520508 41.738056 -3936.592773
v -14774.091797 4.838221 -2322.819336
v -14788.263672 -12.044868 -1247.635742
v -14749.916016 309.010895 -956.598938
v -14773.191406 466.157532 -3725.427734
v -14787.252930 -15.626820 -2592.093750
v -14791.118164 82.341011 -1062.294556
v -14789.270508 -31.684845 -677.420532
v -14838.669922 72.801506 -4513.101074
v -14787.746094 -32.418953 -484.373047
v -14806.294922 42.584072 -1408.240112
v -14859.785156 167.977875 -4132.435547
v -14830.266602 58.912922 -3402.668701
v -14828.843750 -29.029667 -3151.518555
v -14825.343750 113.088089 -2765.466309
v -14835.335938 22.092440 -4999.817383
v -14997.120117 -64.318176 -3914.540527
v -14801.218750 -11.046146 -1771.771851
v -14772.512695 34.610825 -214.269791
v -14830.047852 152.815140 -4296.455078
v -14993.675781 -50.026535 -3612.170654
v -15001.082031 4.799628 -2681.865479
v -14868.555664 9.769628 821.699951
v -14999.868164 -31.750237 -4987.929199
v -14999.538086 3.157791 -4152.274414
v -15004.233398 -6.553290 -2481.405029
v -14999.797852 -30.656565 4058.957520
v -14997.826172 18.217325 -3769.746582
v -14997.301758 -36.221657 464.284332
v -14995.999023 -25.104805 -4389.567383
v -15000.555664 -38.381073 -2184.509277
v -14994.580078 32.034397 -942.099548
v -14922.824219 -33.958336 217.427399
v -14999.825195 -49.726383 -3144.707520
v -14998.751953 -14.974036 -380.612183
v -15000.035156 -38.769032 3641.948242
v -15000.008789 -33.135998 -4693.666504
v -15000.101562 -30.577057 -1773.638550
v -14999.503906 -32.300774 -803.005493
v -14907.078125 28.473019 -252.790604
v -15000.049805 -26.736708 969.214966
v -15000.572266 -2.180347 1311.466187
v -15000.593750 -19.681786 1512.929199
v -14999.916016 -40.843571 2764.907959
v -14999.651367 -32.603924 -112.038155
v -15000.236328 -19.716698 -3428.310303
v -14999.891602 -25.663845 -1239.047974
v -14999.931641 -42.687805 1841.415161
vn -0.3235 0.9282 0.1839
vn 0.0373 0.9993 -0.0047
vn -0.1852 0.9796 0.0777
vn -0.0373 0.9954 -0.0885
vn -0.0069 0.9997 0.0238
vn 0.2587 0.9658 0.0193
vn -0.2507 0.9424 -0.2215
vn -0.1616 0.9322 0.3239
vn 0.0504 0.9767 -0.2086
vn 0.1564 0.9858 -0.0607
vn 0.9296 -0.1470 -0.3379
vn 0.1707 0.9828 -0.0705
vn 0.2537 0.9296 -0.2674
vn 0.2429 0.9498 0.1971
vn 0.3786 0.8802 -0.2862
vn 0.0200 0.9998 0.0021
vn -0.3555 0.9006 -0.2501
vn 0.4267 0.8344 -0.3489
vn 0.1644 0.9863 -0.0145
vn -0.0113 0.9999 -0.0095
vn -0.3771 0.9166 0.1332
vn 0.1552 0.6485 0.7452
vn 0.0380 0.9991 0.0195
vn -0.0139 0.9995 0.0283
vn 0.0170 0.9997 -0.0172
vn -0.0149 0.9795 -0.2011
vn -0.2311 0.9470 -0.2231
vn -0.0373 0.9905 0.1327
vn 0.4067 0.7651 -0.4992
vn 0.4166 0.8540 0.3118
vn 0.0337 0.9994 0.0060
vn 0.0075 1.0000 0.0032
vn 0.0001 1.0000 -0.0084
vn -0.0068 1.0000 -0.0014
vn 0.1385 0.9324 0.3339
vn -0.0630 0.9871 -0.1471
vn -0.1810 0.9340 0.3079
vn 0.1082 0.8496 0.5162
vn -0.2938 0.7548 0.5864
vn -0.4805 0.7954 -0.3693
vn 0.0201 0.9998 0.0021
vn 0.7473 0.5901 -0.3055
vn 0.5668 0.4882 0.6636
vn 0.5504 0.7875 0.2773
vn -0.0062 0.9999 -0.0086
vn 0.0103 0.9999 0.0137
vn -0.0171 0.9998 0.0079
vn 0.2104 0.9592 0.1890
vn -0.0027 1.0000 -0.0024
vn -0.0435 0.9969 0.0649
vn 0.0240 0.9996 -0.0159
vn -0.0250 0.9997 -0.0023
vn 0.5246 0.5125 -0.6798
vn 0.5681 0.8209 -0.0585
vn -0.0029 1.0000 -0.0020
vn 0.0296 0.9995 -0.0129
vn 0.6969 0.6141 -0.3704
vn 0.1264 0.9901 0.0617
vn -0.3159 0.9418 -0.1154
vn 0.0063 0.9999 0.0105
vn 0.0200 0.9998 0.0058
vn 0.0636 0.9979 -0.0120
vn 0.0201 0.9998 0.0015
vn 0.0878 0.9679 0.2356
vn -0.0089 0.9999 0.0119
vn -0.1745 0.9795 -0.1010
vn 0.3532 0.7435 0.5679
vn -0.3923 0.8797 0.2689
vn -0.0074 0.9998 -0.0168
vn -0.5666 0.4951 0.6586
vn 0.7178 0.6923 0.0745
vn 0.7451 0.6077 -0.2747
vn 0.2338 0.6347 -0.7365
vn 0.7951 0.5955 -0.1147
vn 0.0249 0.9997 0.0019
vn 0.0620 0.9981 -0.0052
vn -0.1065 0.7244 0.6811
vn 0.6288 0.6824 0.3729
vn 0.0028 0.9999 -0.0147
vn -0.0746 0.8086 0.5837
vn 0.0244 0.9972 -0.0714
vn 0.3047 0.5478 -0.7792
vn -0.3209 0.9283 0.1881
vn 0.6642 0.7341 0.1409
vn 0.0125 0.9998 0.0124
vn 0.9140 0.4047 0.0278
vn 0.0475 0.9989 0.0049
vn 0.0789 0.9960 0.0415
vn 0.1629 0.9790 -0.1222
vn -0.1893 0.9700 -0.1528
vn -0.2994 0.7334 -0.6103
vn 0.2164 0.9753 0.0433
vn 0.1692 0.9855 0.0090
vn 0.0023 0.9999 -0.0104
vn 0.2270 0.9605 -0.1613
vn 0.3029 0.9493 0.0839
vn 0.0141 0.9998 -0.0165
vn 0.1450 0.9891 -0.0266
vn -0.7589 0.5771 0.3018
vn 0.0115 0.9958 -0.0906
vn -0.1015 0.9948 0.0126
vn -0.0120 0.9963 0.0855
vn 0.8432 0.4911 0.2188
vn 0.8466 0.4823 -0.2251
vn 0.4466 0.5185 0.7292
vn 0.5084 0.7462 -0.4298
vn 0.2340 0.6080 0.7587
vn 0.0314 0.9995 0.0078
vn -0.4803 0.6000 -0.6398
vn 0.1217 0.9886 0.0881
vn -0.0016 0.9999 -0.0103
vn 0.0357 0.9988 0.0327
vn 0.2118 0.9751 -0.0665
vn 0.9736 0.1764 -0.1451
vn 0.2980 0.9504 0.0894
vn 0.2443 0.9060 -0.3458
vn 0.3085 0.9403 -0.1434
vn 0.9164 0.3962 -0.0568
vn 0.1374 0.5789 -0.8038
vn 0.8518 0.3262 0.4100
vn 0.4747 0.5451 0.6910
vn 0.5150 0.5816 -0.6297
vn 0.0306 0.9995 -0.0011
vn -0.0461 0.9969 0.0641
vn 0.8294 0.5491 0.1034
vn 0.9440 0.2485 -0.2172
vn 0.8601 0.3311 0.3881
vn 0.5828 0.7212 -0.3746
vn -0.0489 0.9988 -0.0050
vn 0.0053 1.0000 0.0063
vn 0.3271 0.4196 -0.8467
vn 0.3360 0.4656 -0.8187
vn 0.7110 0.7003 0.0637
vn 0.1251 0.9906 -0.0548
vn -0.0803 0.9945 -0.0667
vn -0.0156 0.9981 0.0596
vn 0.1277 0.9913 -0.0328
vn 0.7130 0.5489 -0.4363
vn 0.8955 0.4450 0.0081
vn 0.0407 0.8483 -0.5280
vn -0.0024 1.0000 -0.0055
vn -0.0076 0.9999 0.0094
vn 0.0006 1.0000 0.0040
vn 0.3294 0.7690 0.5479
vn 0.5243 0.7552 -0.3934
vn 0.6530 0.7468 0.1263
vn -0.2157 0.9711 -0.1017
vn 0.8442 0.4550 -0.2835
vn 0.4632 0.3704 -0.8052
vn 0.3968 0.3136 -0.8626
vn 0.9300 0.3162 0.1876
vn 0.8934 0.4173 0.1664
vn 0.1735 0.9773 -0.1216
vn -0.2023 0.9512 0.2329
vn -0.1729 0.6316 -0.7557
vn 0.8756 0.4830 0.0066
vn 0.9905 0.1262 0.0546
vn -0.0635 0.8402 0.5385
vn 0.6042 0.6969 -0.3865
vn 0.7375 0.1574 -0.6568
vn 0.5396 0.2601 0.8008
vn -0.0204 0.9998 0.0051
vn 0.0054 1.0000 0.0063
vn 0.4720 0.4722 0.7445
vn -0.1955 0.9802 -0.0306
vn 0.0057 1.0000 -0.0071
vn 0.7551 0.6317 0.1755
vn 0.7876 0.3127 -0.5310
vn 0.5115 0.8523 0.1088
vn 0.6184 0.7857 -0.0154
vn 0.9272 0.1575 -0.3398
vn 0.4740 0.8660 0.1591
vn -0.0784 0.9961 0.0409
vn 0.7555 0.1790 0.6303
vn 0.2133 0.6576 0.7225
vn 0.1454 0.6032 0.7843
vn 0.4254 0.1964 -0.8835
vn 0.4452 0.8361 0.3205
vn 0.3482 0.8875 0.3018
vn 0.0119 0.9999 0.0016
vn 0.1278 0.9913 -0.0320
vn -0.1931 0.2657 -0.9445
vn 0.7028 0.7013 0.1194
vn -0.7585 0.6127 0.2220
vn 0.1559 0.3138 0.9366
vn 0.2649 0.7788 -0.5686
vn 0.9575 0.2858 0.0378
vn 0.0276 0.9993 -0.0257
vn -0.6671 0.2630 0.6969
vn 0.2881 0.9112 -0.2945
vn 0.4075 0.7975 -0.4448
vn 0.4094 0.8010 -0.4369
vn 0.5140 0.5718 -0.6394
vn 0.6519 0.2175 -0.7264
vn 0.5099 0.1833 0.8405
vn 0.7192 0.4584 0.5221
vn 0.5864 0.7809 0.2153
vn 0.3423 0.9338 0.1043
vn 0.2223 0.8351 -0.5031
vn -0.6653 0.5975 -0.4476
vn -0.5621 0.4798 -0.6736
vn -0.3216 0.5030 -0.8022
vn 0.9261 0.3769 0.0141
vn 0.9045 0.3784 0.1965
vn 0.8862 0.4533 0.0953
vn -0.1352 0.7414 0.6573
vn 0.8003 0.5803 -0.1510
vn 0.9229 0.2168 -0.3182
vn 0.8414 0.2842 0.4597
vn 0.8392 0.5082 -0.1938
vn 0.6794 0.6582 0.3243
vn 0.7593 0.6503 -0.0227
vn 0.3341 0.3658 -0.8687
vn -0.9215 0.1991 -0.3334
vn -0.6905 0.2113 0.6918
vn 0.9441 0.3071 0.1198
vn 0.6124 0.4268 0.6654
vn -0.0307 0.7393 0.6727
vn 0.8679 0.3790 -0.3210
vn 0.8437 0.5050 -0.1820
vn 0.7883 0.6141 -0.0376
vn 0.9607 0.1726 0.2174
vn 0.3539 0.7521 -0.5560
vn 0.8415 0.5377 0.0527
vn 0.6168 0.7270 -0.3016
vn 0.3284 0.2648 -0.9067
vn 0.3665 0.8221 -0.4358
vn 0.4447 0.7349 0.5121
vn 0.3358 0.9009 0.2752
vn 0.7761 0.1999 -0.5980
vn 0.9923 0.1221 -0.0200
vn 0.5745 0.8126 0.0978
vn -0.4240 0.8252 0.3732
vn 0.8716 0.1987 -0.4481
vn -0.5027 0.8620 -0.0656
vn 0.5718 0.8060 0.1529
vn 0.2984 0.9108 -0.2854
vn 0.9938 0.1106 0.0075
vn 0.7698 0.5624 0.3017
vn 0.5913 0.2112 0.7783
vn 0.5257 0.2469 -0.8140
vn 0.9372 0.3466 0.0396
vn 0.8787 0.1521 0.4525
vn -0.3607 0.8355 0.4146
vn -0.2530 0.7545 -0.6055
vn 0.8851 0.3289 -0.3292
vn -0.6401 0.3199 0.6986
vn 0.7803 0.5123 0.3588
vn 0.9345 0.3475 -0.0767
vn 0.8212 0.2004 -0.5343
vn 0.9315 0.1739 0.3194
vn 0.8263 0.5626 0.0270
vn 0.9808 0.1911 -0.0391
vn 0.1161 0.4355 -0.8927
vn 0.4091 0.7443 -0.5279
vn 0.1393 0.5277 -0.8379
vn 0.0035 0.9999 -0.0150
vn 0.9485 0.3012 -0.0984
vn 0.9103 0.2436 -0.3348
vn 0.7937 0.1966 0.5756
vn -0.9619 0.2720 0.0279
vn 0.6579 0.4907 0.5713
vn 0.7787 0.3039 -0.5489
vn 0.6011 0.1596 -0.7831
vn 0.8171 0.2097 0.5370
vn 0.9259 0.3709 0.0714
vn 0.1104 0.9915 -0.0695
vn -0.9590 0.0401 0.2806
vn 0.4457 0.6227 0.6431
vn -0.4569 0.7246 -0.5160
vn 0.5753 0.3889 0.7195
vn -0.3463 0.2780 0.8960
vn -0.2931 0.9556 -0.0301
vn 0.0176 0.9998 0.0017
vn -0.9377 0.2990 0.1771
vn 0.6150 0.7853 0.0712
vn 0.5167 0.8356 0.1866
vn 0.4943 0.3229 0.8071
vn 0.2554 0.3752 -0.8911
vn 0.6834 0.1135 0.7212
vn 0.7011 0.7119 0.0412
vn 0.7549 0.1680 -0.6339
vn 0.9072 0.3257 0.2663
vn -0.0555 0.2213 0.9736
vn 0.9538 0.2363 -0.1855
vn 0.9185 0.2307 -0.3210
vn 0.8694 0.1276 -0.4773
vn 0.8492 0.4613 0.2569
vn -0.1796 0.3654 -0.9134
vn 0.8448 0.5347 -0.0200
vn 0.2176 0.8983 0.3817
vn -0.6203 0.7310 0.2844
vn 0.1949 0.3725 -0.9073
vn 0.9135 0.2972 0.2780
vn 0.5002 0.7119 -0.4929
vn -0.9542 0.2737 0.1209
vn 0.8734 0.4869 -0.0108
vn 0.9054 0.3782 -0.1932
vn 0.8937 0.4374 0.1003
vn 0.7198 0.4643 -0.5160
vn 0.7116 0.6375 0.2953
vn 0.9174 0.2744 0.2883
vn 0.9551 0.2916 -0.0534
vn 0.8441 0.5361 -0.0054
vn -0.0754 0.3825 -0.9209
vn 0.5593 0.1715 -0.8111
vn 0.8439 0.2721 0.4623
vn -0.0754 0.6466 0.7591
vn -0.3439 0.8561 -0.3856
vn 0.6790 0.7281 -0.0944
vn 0.7371 0.5255 -0.4249
vn 0.8981 0.4087 0.1623
vn 0.8536 0.4439 -0.2725
vn 0.9474 0.2648 0.1798
vn 0.2497 0.4176 0.8736
vn -0.8631 0.4189 -0.2822
vn 0.2603 0.4079 -0.8751
vn 0.9233 0.3244 -0.2057
vn 0.1420 0.8032 0.5785
vn -0.1636 0.6288 -0.7602
vn -0.1111 0.2427 0.9637
vn 0.7799 0.1364 -0.6109
vn 0.6401 0.1655 0.7503
vn -0.0939 0.1870 0.9779
vn 0.0177 0.9998 0.0068
vn 0.7147 0.2020 0.6696
vn 0.8232 0.2158 0.5252
vn 0.6824 0.2627 -0.6821
vn 0.7572 0.5612 0.3343
vn 0.8772 0.4772 0.0540
vn 0.9711 0.1471 0.1878
vn 0.8049 0.2382 0.5435
vn 0.8335 0.4349 0.3408
vn 0.9099 0.3395 0.2382
vn -0.4444 0.8761 -0.1872
vn 0.3374 0.1896 -0.9221
vn 0.2547 0.1731 -0.9514
vn 0.1189 0.3960 -0.9105
vn 0.1185 0.3950 -0.9110
vn 0.7957 0.4356 -0.4208
vn 0.8978 0.3238 0.2986
vn 0.8689 0.3255 -0.3729
vn -0.5937 0.5324 0.6034
vn -0.5789 0.3245 -0.7480
vn -0.9287 0.3674 0.0506
vn -0.8659 0.4151 -0.2791
vn -0.0876 0.2106 0.9736
vn 0.7994 0.1225 0.5882
vn 0.4689 0.6391 0.6096
vn 0.8620 0.4701 0.1895
vn -0.8862 0.2037 -0.4162
vn -0.9218 0.3875 0.0026
vn -0.1238 0.5626 -0.8174
vn 0.9619 0.1067 0.2516
vn 0.1087 0.4504 0.8862
vn -0.5868 0.6845 -0.4326
vn -0.4474 0.6026 0.6609
vn -0.1722 0.8843 -0.4340
vn -0.0414 0.9977 -0.0539
vn -0.1066 0.9888 0.1046
vn -0.4926 0.5544 -0.6708
vn 0.5059 0.7174 -0.4790
vn -0.6741 0.3423 0.6545
vn 0.3410 0.5951 -0.7277
vn 0.5728 0.6031 -0.5551
vn 0.4069 0.3919 -0.8252
vn 0.4486 0.1153 -0.8863
vn -0.3877 0.8461 0.3658
vn -0.4870 0.7084 0.5109
vn 0.4640 0.2075 -0.8612
vn 0.8557 0.0860 -0.5103
vn 0.7457 0.6648 0.0447
vn 0.0309 0.9995 -0.0008
vn -0.3009 0.3320 -0.8940
vn -0.3543 0.7862 0.5063
vn -0.8705 0.4627 -0.1677
vn -0.2917 0.8692 0.3993
vn -0.9500 0.3038 -0.0720
vn -0.9208 0.2678 0.2837
vn -0.9205 0.3865 0.0577
vn -0.8178 0.3129 -0.4830
vn -0.1681 0.3649 -0.9158
vn -0.7843 0.1885 -0.5910
vn 0.4436 0.1806 0.8778
vn 0.9303 0.1304 -0.3427
vn 0.9832 0.1566 0.0941
vn 0.8752 0.1633 0.4554
vn 0.7972 0.4086 0.4445
vn -0.4972 0.3681 -0.7857
vn -0.3940 0.2342 0.8888
vn -0.4086 0.2688 0.8722
vn 0.8110 0.1297 0.5705
vn -0.4157 0.3850 -0.8240
vn 0.8554 0.5107 0.0866
vn -0.8505 0.5164 0.1003
vn -0.8245 0.5653 -0.0228
vn -0.4958 0.3150 0.8093
vn -0.7398 0.6321 -0.2306
vn -0.3130 0.8823 0.3516
vn -0.9486 0.2897 -0.1272
vn 0.0226 0.1025 0.9945
vn 0.0357 0.9969 -0.0698
vn 0.8762 0.1913 -0.4423
vn -0.9206 0.3312 -0.2071
vn -0.7943 0.3020 -0.5272
vn -0.9169 0.3930 0.0689
vn 0.8999 0.4259 -0.0936
vn -0.4900 0.3077 -0.8156
vn -0.5783 0.1649 -0.7990
vn -0.9247 0.2822 -0.2557
vn -0.4050 0.8983 -0.1702
vn -0.2256 0.9388 0.2604
vn -0.1684 0.9857 -0.0118
vn -0.2883 0.2360 -0.9280
vn -0.3499 0.1801 0.9193
vn 0.0340 0.9989 0.0319
vn 0.2405 0.3644 -0.8997
vn -0.3938 0.3278 -0.8587
vn -0.0997 0.4903 0.8658
vn -0.5325 0.8159 -0.2253
vn -0.8445 0.3073 -0.4386
vn -0.5886 0.4320 0.6833
vn 0.5998 0.7332 0.3204
vn -0.0400 0.2222 0.9742
vn -0.2399 0.3916 -0.8883
vn -0.8547 0.4948 -0.1571
vn -0.7745 0.6085 -0.1729
vn 0.1562 0.5832 0.7972
vn 0.4172 0.1544 -0.8956
vn 0.2331 0.0882 -0.9684
vn 0.1326 0.1405 0.9812
vn -0.1385 0.6445 0.7519
vn 0.9781 0.2058 0.0321
vn 0.9808 0.1645 -0.1045
vn 0.9559 0.1668 0.2418
vn 0.8482 0.2038 0.4888
vn 0.6897 0.6265 -0.3632
vn -0.4047 0.4148 0.8150
vn -0.8744 0.4639 -0.1423
vn -0.1877 0.5752 0.7962
vn -0.2421 0.8749 0.4193
vn -0.6027 0.6175 -0.5055
vn -0.9827 0.1845 0.0130
vn -0.9657 0.1924 0.1746
vn -0.7136 0.6222 -0.3219
vn -0.3106 0.6959 0.6475
vn 0.3546 0.9040 -0.2389
vn 0.6450 0.6031 0.4694
vn 0.5208 0.3821 -0.7634
vn 0.0157 0.1030 0.9946
vn 0.0421 0.9991 0.0004
vn 0.4324 0.7260 -0.5347
vn 0.0944 0.1733 -0.9803
vn 0.0859 0.5947 -0.7993
vn 0.5376 0.3848 -0.7502
vn 0.1929 0.8151 0.5463
vn -0.7693 0.5325 -0.3530
vn -0.9140 0.3945 0.0945
vn -0.5857 0.7727 -0.2448
vn 0.1671 0.2104 0.9632
vn -0.5669 0.3453 -0.7479
vn -0.7822 0.6159 -0.0938
vn 0.8093 0.5608 -0.1749
vn -0.3429 0.2455 -0.9067
vn -0.9321 0.3607 -0.0337
vn -0.0913 0.5255 0.8459
vn 0.0092 0.7190 -0.6950
vn -0.0651 0.9863 0.1514
vn 0.2172 0.2146 -0.9522
vn 0.8559 0.1936 0.4795
vn -0.1142 0.5602 0.8204
vn -0.8172 0.5457 0.1853
vn -0.4698 0.5530 -0.6881
vn -0.8099 0.5836 0.0597
vn -0.9223 0.3866 0.0041
vn -0.8752 0.4172 -0.2450
vn 0.8325 0.2389 0.4998
vn 0.7668 0.2017 0.6093
vn 0.6636 0.5973 0.4504
vn -0.6739 0.4021 0.6198
vn -0.8604 0.1343 -0.4917
vn -0.0147 0.9998 0.0166
vn -0.1052 0.6314 0.7683
vn 0.0005 0.7869 -0.6171
vn 0.8003 0.2027 0.5643
vn 0.3985 0.4653 -0.7904
vn 0.1364 0.1756 -0.9750
vn -0.6806 0.6734 0.2887
vn -0.6291 0.5640 0.5350
vn -0.5812 0.3134 -0.7510
vn 0.3058 0.9482 0.0858
vn -0.8290 0.4861 0.2766
vn 0.5049 0.5978 -0.6227
vn 0.4232 0.1547 -0.8927
vn 0.3696 0.3567 0.8580
vn 0.2127 0.7432 0.6344
vn -0.3528 0.4639 0.8126
vn -0.3239 0.6608 -0.6770
vn -0.4843 0.7915 -0.3728
vn -0.2118 0.9469 0.2419
vn -0.8697 0.4885 0.0707
vn -0.1069 0.2339 -0.9664
vn -0.2344 0.3260 -0.9159
vn -0.7187 0.4968 -0.4865
vn -0.6658 0.4112 -0.6226
vn 0.5435 0.5380 0.6443
vn -0.1676 0.8610 0.4801
vn 0.7842 0.5139 -0.3478
vn 0.7051 0.4892 -0.5133
vn 0.7842 0.3114 -0.5367
vn -0.6679 0.2614 -0.6968
vn -0.6106 0.2370 -0.7556
vn -0.5046 0.6267 -0.5939
vn -0.8765 0.2991 -0.3772
vn -0.5952 0.3500 0.7234
vn -0.6081 0.3810 0.6965
vn -0.8236 0.4287 -0.3714
vn -0.4513 0.3563 0.8182
vn -0.0604 0.5160 0.8545
vn 0.8436 0.2186 0.4904
vn 0.8074 0.1601 0.5678
vn -0.2572 0.9432 -0.2104
vn 0.2918 0.8713 0.3947
vn -0.2942 0.9496 0.1081
vn -0.4736 0.0862 0.8765
vn 0.0031 0.9984 0.0571
vn -0.6956 0.6964 -0.1766
vn 0.8409 0.1650 0.5154
vn 0.9799 0.1190 0.1603
vn -0.6812 0.6777 0.2769
vn -0.8797 0.4740 -0.0375
vn 0.5702 0.6911 0.4441
vn -0.2366 0.3653 -0.9003
vn 0.8780 0.4785 0.0120
vn -0.3517 0.7429 0.5696
vn 0.0622 0.4705 0.8802
vn -0.1176 0.6662 0.7365
vn 0.0199 0.9994 -0.0283
vn 0.7095 0.1524 0.6880
vn 0.0791 0.4589 -0.8850
vn -0.5557 0.5381 0.6338
vn -0.6117 0.3711 -0.6986
vn 0.8440 0.4866 -0.2255
vn -0.3189 0.3715 0.8719
vn 0.6666 0.2459 -0.7037
vn 0.7584 0.0663 -0.6484
vn 0.9509 0.1051 0.2912
vn 0.7633 0.1701 -0.6233
vn 0.0864 0.3042 0.9487
vn 0.0020 1.0000 0.0095
vn -0.5133 0.3198 -0.7964
vn 0.2697 0.1466 -0.9517
vn 0.9670 0.1011 0.2340
vn 0.3453 0.1457 -0.9271
vn 0.5751 0.1165 0.8097
vn 0.8116 0.5254 0.2556
vn -0.5856 0.7746 0.2388
vn -0.8019 0.4961 -0.3328
vn -0.9116 0.4080 -0.0508
vn -0.8705 0.4389 0.2228
vn -0.3427 0.7183 0.6055
vn 0.8547 0.4573 -0.2455
vn -0.6549 0.4183 -0.6294
vn 0.4882 0.4704 0.7351
vn 0.8105 0.5728 -0.1227
vn -0.3358 0.9350 0.1142
vn -0.8533 0.5156 -0.0785
vn 0.3147 0.3735 0.8726
vn -0.1427 0.2934 -0.9453
vn -0.0331 0.0705 0.9970
vn -0.1884 0.8418 0.5059
vn -0.2937 0.9104 0.2913
vn -0.1604 0.9870 0.0059
vn -0.8409 0.5376 -0.0629
vn -0.7209 0.4284 -0.5448
vn 0.6157 0.6727 0.4103
vn 0.6247 0.7798 0.0418
vn -0.6494 0.4164 -0.6363
vn -0.0036 0.3005 0.9538
vn 0.4789 0.8765 0.0501
vn 0.9179 0.1107 0.3811
vn -0.4086 0.6330 -0.6576
vn -0.6955 0.6816 -0.2274
vn -0.0611 0.5339 0.8433
vn -0.2415 0.9369 0.2526
vn -0.6058 0.7286 0.3196
vn 0.5030 0.3510 0.7898
vn 0.7365 0.5533 -0.3891
vn 0.6975 0.6778 0.2326
vn 0.8065 0.2138 -0.5513
vn 0.9374 0.2885 -0.1952
vn 0.3743 0.9268 -0.0307
vn 0.7874 0.1194 -0.6048
vn -0.6104 0.7695 -0.1878
vn -0.5691 0.5058 -0.6483
vn -0.3787 0.7996 0.4661
vn -0.8315 0.5172 -0.2027
vn 0.4852 0.2650 0.8333
vn 0.8294 0.5285 -0.1811
vn 0.8434 0.4789 0.2438
vn -0.2445 0.8124 -0.5294
vn -0.0103 0.5193 -0.8545
vn 0.2351 0.4805 0.8449
vn 0.2574 0.0732 -0.9635
vn -0.0430 0.1483 0.9880
vn 0.6962 0.2828 0.6598
vn 0.3243 0.5293 0.7840
vn -0.7515 0.6571 -0.0594
vn -0.9065 0.2772 -0.3185
vn 0.8585 0.2340 0.4564
vn -0.7193 0.5255 0.4543
vn -0.3009 0.9177 -0.2595
vn -0.6906 0.4633 0.5554
vn -0.8400 0.5202 0.1545
vn 0.4798 0.4698 0.7410
vn 0.8047 0.5283 -0.2707
vn 0.4001 0.3220 -0.8580
vn 0.9568 0.2903 0.0163
vn 0.8375 0.5008 0.2186
vn 0.4869 0.1215 -0.8650
vn -0.3449 0.1343 -0.9290
vn 0.0318 0.9985 0.0452
vn 0.0354 0.8740 -0.4846
vn -0.6056 0.0495 -0.7942
vn -0.1829 0.2731 0.9445
vn -0.4963 0.6957 -0.5194
vn -0.6160 0.7504 -0.2396
vn -0.3903 0.8657 0.3134
vn -0.4084 0.8191 -0.4030
vn -0.9085 0.3250 -0.2626
vn -0.9286 0.3657 -0.0629
vn 0.3092 0.5356 -0.7858
vn 0.7979 0.5688 0.1995
vn 0.8034 0.3022 -0.5130
vn 0.7809 0.3641 0.5076
vn 0.4162 0.1845 -0.8903
vn 0.0444 0.2981 0.9535
vn 0.3476 0.8919 0.2893
vn -0.4526 0.1289 -0.8824
vn -0.5343 0.1325 -0.8349
vn -0.5747 0.3522 0.7387
vn 0.8168 0.2047 0.5394
vn 0.1324 0.6961 0.7056
vn -0.5902 0.8018 -0.0935
vn 0.4520 0.5674 0.6883
vn -0.4900 0.8232 0.2867
vn -0.4106 0.4991 -0.7631
vn 0.6907 0.4035 -0.6001
vn 0.8103 0.4373 0.3901
vn 0.8115 0.4402 0.3844
vn 0.8284 0.5002 -0.2522
vn 0.6845 0.3976 0.6111
vn -0.1862 0.5660 -0.8031
vn -0.6540 0.7564 0.0130
vn 0.2990 0.6929 0.6561
vn 0.0312 0.1872 -0.9818
vn -0.2115 0.4069 0.8887
vn 0.6416 0.1524 0.7518
vn 0.5885 0.1404 0.7962
vn 0.6138 0.4568 0.6439
vn 0.0478 0.3145 -0.9481
vn 0.3891 0.1669 0.9060
vn 0.7011 0.6561 0.2793
vn -0.1990 0.6667 -0.7182
vn 0.1415 0.2343 -0.9618
vn -0.1162 0.2996 -0.9470
vn -0.8976 0.2409 -0.3690
vn 0.8564 0.4555 -0.2431
vn 0.0736 0.4640 0.8828
vn 0.2168 0.3889 0.8954
vn -0.8591 0.4879 -0.1545
vn 0.5599 0.2787 0.7803
vn 0.9214 0.3881 0.0183
vn 0.0038 0.1058 -0.9944
vn 0.5247 0.0777 0.8477
vn 0.1133 0.9466 0.3017
vn -0.0431 0.7775 0.6273
vn -0.2293 0.2720 -0.9346
vn -0.3476 0.7283 -0.5905
vn -0.5975 0.2599 0.7586
vn 0.8634 0.1927 0.4662
vn 0.3185 0.4003 0.8592
vn -0.0568 0.9980 0.0288
vn -0.7741 0.3060 0.5543
vn -0.8514 0.4438 -0.2797
vn -0.1356 0.5941 0.7929
vn -0.7630 0.5316 -0.3679
vn -0.4869 0.5985 0.6362
vn 0.9457 0.2153 -0.2436
vn -0.4410 0.2204 0.8700
vn 0.4537 0.4485 0.7701
vn -0.0459 0.9087 -0.4149
vn -0.7303 0.1414 0.6684
vn 0.7572 0.5184 -0.3973
vn 0.0213 0.5719 0.8200
vn -0.4271 0.8665 -0.2583
vn -0.0717 0.7365 -0.6726
vn -0.0777 0.3873 -0.9187
vn -0.5609 0.8249 -0.0703
vn -0.8225 0.3723 -0.4300
vn -0.5456 0.4958 0.6756
vn 0.9203 0.2766 0.2765
vn -0.3824 0.1446 -0.9126
vn -0.9612 0.1935 0.1964
vn -0.2131 0.3272 -0.9206
vn 0.3652 0.7486 -0.5535
vn 0.7662 0.3703 0.5252
vn -0.4195 0.3941 0.8177
vn -0.0575 0.9983 0.0131
vn -0.9782 0.0948 -0.1847
vn -0.9020 0.1295 0.4118
vn 0.9623 0.1792 0.2047
vn 0.8600 0.2333 0.4538
vn 0.5162 0.6814 0.5188
vn -0.7628 0.3182 0.5630
vn -0.5704 0.5268 -0.6302
vn 0.6286 0.3342 -0.7023
vn 0.9175 0.3474 -0.1938
vn 0.9247 0.3801 -0.0216
vn 0.9058 0.2507 -0.3416
vn -0.8993 0.0906 -0.4278
vn -0.0136 0.9999 0.0105
vn -0.3707 0.8698 -0.3255
vn 0.8838 0.1849 0.4297
vn 0.2243 0.8469 -0.4821
vn -0.0192 0.9997 -0.0175
vn -0.5112 0.8399 -0.1824
vn -0.8037 0.3909 -0.4487
vn 0.8554 0.2766 0.4379
vn 0.8543 0.2750 0.4411
vn 0.8742 0.3304 -0.3558
vn -0.9017 0.3150 -0.2963
vn 0.3888 0.1269 0.9126
vn -0.0044 1.0000 -0.0032
vn -0.4112 0.8487 0.3325
vn -0.8112 0.1974 -0.5504
vn 0.8382 0.1442 0.5260
vn -0.0109 0.9996 0.0253
vn -0.2260 0.5524 -0.8024
vn -0.1802 0.5396 -0.8224
vn -0.4596 0.4550 0.7627
vn -0.1762 0.3108 0.9340
vn 0.5294 0.7902 -0.3089
vn -0.2828 0.5928 0.7540
vn -0.0379 0.9988 -0.0294
vn 0.7906 0.2541 -0.5571
vn -0.8172 0.1644 -0.5525
vn -0.3365 0.4021 0.8515
vn -0.8254 0.3391 0.4513
vn 0.1000 0.9264 0.3630
vn 0.0248 0.9932 -0.1136
vn -0.2353 0.5238 0.8187
vn -0.4700 0.5063 0.7230
vn 0.9933 0.0012 0.1156
vn -0.2367 0.4608 0.8553
vn -0.7746 0.5093 -0.3750
vn 0.9444 0.2802 -0.1719
vn 0.3957 0.2566 -0.8818
vn -0.9895 0.0943 -0.1094
vn 0.4037 0.0887 0.9106
vn 0.0463 0.9989 0.0049
vn -0.9268 0.3071 -0.2160
vn -0.1808 0.1415 -0.9733
vn 0.1169 0.7980 -0.5913
vn 0.0053 0.9998 0.0172
vn -0.0207 0.6746 -0.7379
vn -0.3685 0.2393 -0.8983
vn 0.1693 0.9012 -0.3990
vn 0.1346 0.8259 -0.5475
vn -0.6059 0.4849 0.6307
vn -0.8665 0.4956 0.0591
vn 0.7711 0.2854 0.5692
vn -0.8785 0.3533 -0.3214
vn -0.9866 0.1245 -0.1053
vn 0.9442 0.1257 0.3044
vn 0.9498 0.2991 -0.0916
vn -0.4589 0.1540 -0.8751
vn -0.9583 0.2804 0.0548
vn -0.9547 0.2797 -0.1021
vn 0.1295 0.4984 0.8572
vn -0.6130 0.3240 -0.7206
vn -0.6845 0.5601 -0.4666
vn -0.3068 0.2724 -0.9119
vn -0.1693 0.2186 0.9610
vn -0.1443 0.1986 0.9694
vn 0.8022 0.5482 -0.2363
vn 0.5852 0.2511 -0.7710
vn 0.1576 0.3277 -0.9316
vn 0.4838 0.6894 0.5391
vn -0.1629 0.9575 -0.2379
vn -0.6147 0.3228 -0.7197
vn 0.3596 0.3744 0.8547
vn -0.1067 0.4974 -0.8609
vn -0.6191 0.7373 0.2705
vn -0.4331 0.3551 -0.8285
vn -0.9146 0.3921 0.0985
vn -0.7224 0.6099 -0.3259
vn -0.8535 0.3404 0.3945
vn -0.2072 0.8854 0.4162
vn 0.8887 0.4583 0.0153
vn -0.0912 0.9588 0.2691
vn 0.4762 0.8009 0.3631
vn 0.7363 0.3342 -0.5884
vn 0.7426 0.4765 0.4706
vn 0.2267 0.3159 0.9213
vn 0.6359 0.7692 0.0626
vn 0.1144 0.4758 0.8721
vn -0.7590 0.3414 0.5544
vn -0.7116 0.4824 0.5108
vn 0.9245 0.3425 0.1671
vn 0.3086 0.3111 0.8989
vn -0.6151 0.4982 0.6112
vn -0.6663 0.1917 -0.7206
vn -0.4247 0.2331 -0.8748
vn 0.2428 0.9696 0.0305
vn 0.2747 0.1580 0.9484
vn 0.3089 0.9466 0.0919
vn -0.0099 0.9999 0.0095
vn -0.3070 0.6594 -0.6862
vn -0.0779 0.3730 -0.9245
vn -0.0349 0.3582 -0.9330
vn -0.3447 0.4270 0.8359
vn -0.8132 0.5819 0.0090
vn -0.6620 0.3487 0.6635
vn -0.9137 0.2124 -0.3464
vn -0.0750 0.2303 -0.9702
vn -0.1514 0.2051 -0.9670
vn 0.5185 0.8298 -0.2063
vn -0.0039 0.1943 0.9809
vn -0.8399 0.2655 0.4733
vn -0.6289 0.4468 -0.6363
vn -0.9020 0.2110 0.3766
vn 0.3422 0.3892 0.8552
vn 0.4198 0.8872 0.1914
vn -0.7204 0.6872 0.0935
vn -0.2211 0.5131 0.8294
vn -0.9452 0.2681 0.1865
vn 0.2296 0.2934 -0.9280
vn -0.2454 0.6934 -0.6775
vn -0.7057 0.6074 0.3649
vn -0.4645 0.4306 -0.7738
vn -0.9607 0.2100 -0.1814
vn -0.0781 0.1838 -0.9799
vn 0.5573 0.1035 0.8238
vn 0.7193 0.6545 0.2328
vn 0.1268 0.9464 -0.2970
vn -0.0530 0.5732 0.8177
vn -0.8925 0.3627 -0.2682
vn -0.6913 0.1120 -0.7139
vn -0.0084 0.9997 0.0239
vn -0.0016 1.0000 -0.0070
vn 0.3535 0.9299 0.1020
vn -0.0587 0.5102 -0.8581
vn -0.7956 0.4691 -0.3835
vn -0.9358 0.3338 -0.1133
vn -0.5624 0.5763 0.5930
vn -0.7749 0.3166 -0.5471
vn 0.9591 0.2109 0.1890
vn -0.0324 0.9994 0.0107
vn 0.3942 0.9098 -0.1298
vn -0.9629 0.2631 0.0605
vn -0.9794 0.1844 0.0824
vn -0.2537 0.8613 0.4402
vn 0.0574 0.8901 -0.4522
vn -0.2863 0.3018 -0.9093
vn -0.7085 0.5366 -0.4583
vn -0.8226 0.5685 0.0115
vn -0.4390 0.2416 -0.8654
vn 0.9784 0.1498 0.1425
vn -0.7686 0.2139 -0.6029
vn -0.8662 0.1134 0.4866
vn -0.4177 0.0769 0.9053
vn -0.1559 0.3422 0.9266
vn 0.4410 0.8971 0.0263
vn 0.0054 0.5667 -0.8239
vn 0.1895 0.2038 -0.9605
vn 0.5956 0.4436 0.6697
vn 0.4275 0.8490 0.3106
vn -0.8895 0.4550 -0.0420
vn -0.4996 0.2969 0.8138
vn 0.9652 0.1784 -0.1910
vn -0.1649 0.2123 0.9632
vn 0.8678 0.1630 0.4695
vn 0.0665 0.7970 0.6003
vn -0.5735 0.2819 -0.7692
vn -0.9404 0.2172 0.2615
vn -0.8820 0.3922 -0.2612
vn -0.1501 0.6059 0.7812
vn -0.7878 0.5144 -0.3387
vn 0.0735 0.9909 0.1127
vn -0.6812 0.3047 -0.6657
vn 0.3509 0.1959 -0.9157
vn 0.1822 0.9238 -0.3367
vn -0.1921 0.6593 0.7269
vn -0.7974 0.5341 -0.2808
vn -0.1012 0.4773 0.8729
vn 0.1750 0.9749 -0.1378
vn -0.8709 0.4901 -0.0348
vn -0.4400 0.5294 0.7254
vn 0.0740 0.9815 0.1768
vn -0.3363 0.8837 -0.3256
vn 0.0665 0.5450 -0.8358
vn 0.9412 0.2215 -0.2550
vn -0.0914 0.1579 0.9832
vn 0.2808 0.8282 0.4850
vn 0.0093 0.7531 -0.6578
vn -0.8924 0.3408 -0.2957
vn 0.7851 0.3398 0.5178
vn -0.7594 0.5051 -0.4101
vn -0.7817 0.4992 -0.3737
vn -0.1332 0.9273 0.3499
vn 0.2131 0.9420 0.2592
vn -0.7515 0.6127 -0.2447
vn 0.5900 0.7069 -0.3901
vn 0.6583 0.2264 0.7179
vn 0.3637 0.6020 0.7109
vn 0.5895 0.7862 0.1853
vn 0.4554 0.8807 0.1300
vn 0.3822 0.4626 -0.7999
vn -0.9254 0.2647 0.2713
vn 0.7642 0.6338 -0.1195
vn -0.7966 0.3589 -0.4864
vn -0.1517 0.4522 -0.8789
vn -0.8588 0.5114 -0.0318
vn -0.4661 0.1997 -0.8619
vn -0.4878 0.3077 0.8169
vn -0.1762 0.7598 0.6258
vn 0.2228 0.5403 0.8114
vn -0.2535 0.5685 0.7827
vn -0.9424 0.3011 0.1456
vn 0.0782 0.5755 -0.8141
vn 0.5376 0.7302 -0.4216
vn 0.4604 0.8831 -0.0902
vn -0.2277 0.3096 0.9232
vn 0.7350 0.5790 -0.3530
vn 0.8151 0.5142 0.2667
vn -0.8109 0.5281 -0.2522
vn 0.1988 0.8809 0.4296
vn 0.0299 0.5537 -0.8322
vn 0.0764 0.5063 -0.8590
vn -0.7148 0.4910 0.4980
vn 0.3462 0.4036 -0.8469
vn 0.3435 0.2166 0.9139
vn -0.0164 0.1552 0.9877
vn 0.5097 0.8603 0.0087
vn 0.5923 0.5166 0.6183
vn -0.1755 0.4282 0.8865
vn -0.2971 0.6951 0.6546
vn -0.0129 0.9997 0.0210
vn -0.3137 0.3692 -0.8748
vn -0.2308 0.6921 0.6839
vn -0.0233 0.2351 -0.9717
vn -0.4922 0.3143 0.8117
vn 0.5632 0.6842 -0.4634
vn 0.0346 0.4070 -0.9128
vn 0.8540 0.4904 0.1736
vn 0.0912 0.8899 -0.4470
vn 0.9087 0.3988 0.1235
vn -0.5371 0.4855 -0.6898
vn -0.6203 0.7830 0.0462
vn -0.1902 0.5015 -0.8440
vn 0.0779 0.6775 0.7314
vn 0.4567 0.6717 0.5833
vn -0.5557 0.5872 0.5885
vn -0.0932 0.2955 -0.9508
vn -0.0440 0.3896 -0.9199
vn 0.6571 0.4406 0.6116
vn -0.5081 0.8491 0.1442
vn 0.0027 0.9996 0.0280
vn 0.7033 0.4260 -0.5691
vn 0.9740 0.2228 0.0419
vn 0.5289 0.2974 -0.7949
vn -0.8574 0.5076 -0.0856
vn -0.5287 0.7034 -0.4752
vn -0.3268 0.3634 -0.8724
vn -0.8492 0.5218 0.0807
vn -0.4213 0.8932 -0.1572
vn -0.4188 0.5165 -0.7468
vn -0.4289 0.2370 0.8717
vn -0.6421 0.1570 0.7504
vn 0.5754 0.2679 -0.7728
vn 0.6335 0.5165 0.5761
vn 0.6238 0.7758 0.0954
vn -0.5823 0.4213 -0.6953
vn 0.4162 0.6217 0.6635
vn -0.0265 0.9992 0.0286
vn -0.0081 0.9999 -0.0073
vn 0.5421 0.6508 0.5316
vn -0.8485 0.5210 0.0932
vn 0.2731 0.8715 -0.4072
vn 0.4650 0.7322 0.4976
vn 0.7432 0.4156 -0.5243
vn -0.8350 0.3794 -0.3986
vn -0.7712 0.2131 -0.5998
vn -0.8494 0.3984 -0.3461
vn 0.8737 0.4693 -0.1280
vn 0.3148 0.2333 0.9200
vn -0.0346 0.9852 0.1681
vn -0.2339 0.9659 -0.1112
vn 0.1426 0.9835 0.1110
vn -0.1786 0.3549 -0.9177
vn 0.8486 0.4632 -0.2557
vn 0.0935 0.9881 -0.1220
vn -0.6350 0.6500 -0.4174
vn 0.9300 0.3566 0.0889
vn 0.3194 0.4149 -0.8520
vn -0.5071 0.2915 0.8111
vn -0.2452 0.1555 -0.9569
vn 0.9887 0.1211 0.0886
vn 0.4939 0.1159 0.8617
vn -0.4826 0.8635 0.1464
vn 0.1670 0.9173 0.3615
vn 0.7465 0.4494 0.4907
vn 0.5182 0.3852 0.7636
vn 0.8105 0.4542 -0.3698
vn 0.4077 0.3566 0.8406
vn 0.4372 0.6533 -0.6181
vn 0.4369 0.6538 -0.6177
vn 0.3807 0.8707 -0.3115
vn 0.8612 0.3633 0.3555
vn -0.8972 0.3364 -0.2861
vn 0.7853 0.5621 0.2593
vn 0.9351 0.3500 0.0561
vn 0.3142 0.4241 -0.8494
vn -0.9710 0.2347 0.0455
vn -0.9141 0.2167 0.3428
vn -0.5211 0.6387 0.5661
vn 0.3337 0.7322 -0.5937
vn -0.5161 0.3042 -0.8006
vn -0.0807 0.3610 0.9290
vn -0.1845 0.9803 -0.0704
vn 0.3072 0.9484 0.0788
vn 0.2142 0.7908 0.5734
vn 0.0396 0.5907 0.8060
vn 0.7274 0.4327 -0.5326
vn -0.2450 0.4982 -0.8318
vn 0.7807 0.3296 -0.5310
vn -0.4203 0.3010 0.8560
vn 0.0067 0.2625 -0.9649
vn 0.7105 0.2421 0.6608
vn -0.2195 0.3795 -0.8988
vn 0.8429 0.3529 0.4062
vn 0.6191 0.5482 0.5623
vn -0.7392 0.3708 -0.5623
vn 0.0760 0.9971 -0.0105
vn -0.3967 0.5327 -0.7476
vn -0.0237 0.6821 0.7308
vn -0.5448 0.8209 0.1712
vn 0.7769 0.1976 -0.5978
vn 0.7469 0.2509 0.6158
vn -0.6287 0.1444 -0.7641
vn -0.2219 0.9748 -0.0221
vn -0.0518 0.7830 -0.6199
vn 0.1793 0.9697 -0.1662
vn 0.2063 0.7814 -0.5889
vn 0.5968 0.3654 0.7144
vn -0.8034 0.2235 -0.5520
vn 0.4897 0.5803 0.6508
vn 0.0926 0.9939 -0.0592
vn 0.3278 0.8155 0.4769
vn 0.1973 0.9718 -0.1294
vn -0.7732 0.3022 -0.5576
vn 0.1608 0.9870 -0.0076
vn 0.6379 0.7531 -0.1610
vn 0.3458 0.5157 0.7839
vn -0.0040 0.9963 -0.0853
vn 0.1142 0.9182 0.3793
vn -0.2311 0.7306 0.6425
vn -0.8990 0.3341 -0.2833
vn -0.8240 0.2931 -0.4849
vn -0.7439 0.1447 -0.6525
vn -0.2336 0.8087 0.5399
vn 0.5664 0.5460 -0.6173
vn -0.2118 0.6238 -0.7524
vn 0.7104 0.6194 -0.3341
vn -0.6177 0.3486 0.7050
vn 0.0646 0.3056 0.9500
vn 0.0408 0.5428 0.8389
vn -0.3846 0.3023 -0.8722
vn -0.1299 0.7837 -0.6074
vn 0.6868 0.6922 -0.2216
vn -0.4003 0.9148 -0.0528
vn -0.0151 0.9786 -0.2054
vn -0.6682 0.7434 -0.0284
vn 0.2656 0.9259 -0.2685
vn 0.3872 0.4426 -0.8088
vn 0.7147 0.6225 0.3189
vn -0.4290 0.4534 0.7813
vn -0.8532 0.2391 -0.4635
vn 0.8871 0.4558 -0.0729
vn 0.0155 0.9988 0.0463
vn 0.2965 0.3761 0.8779
vn -0.1515 0.3384 -0.9287
vn -0.0874 0.6462 0.7582
vn -0.4002 0.8833 -0.2444
vn -0.0440 0.3411 0.9390
vn -0.4728 0.4727 0.7437
vn -0.3781 0.8052 0.4568
vn -0.5862 0.6330 0.5056
vn -0.4214 0.7618 -0.4919
vn -0.1983 0.2780 0.9399
vn -0.1536 0.9212 0.3575
vn 0.7586 0.5750 -0.3065
vn -0.1937 0.0840 0.9775
vn -0.1660 0.8196 -0.5484
vn -0.0304 0.7670 0.6409
vn -0.4526 0.8329 0.3185
vn -0.6992 0.2761 -0.6595
vn -0.6981 0.3378 0.6314
vn -0.8066 0.5767 0.1295
vn -0.0783 0.3794 -0.9219
vn -0.1121 0.5807 0.8064
vn -0.1574 0.3242 0.9328
vn 0.5851 0.3722 -0.7205
vn -0.8825 0.3208 0.3439
vn 0.4390 0.4537 0.7755
vn -0.3583 0.3067 -0.8818
vn 0.6264 0.7030 0.3368
vn 0.3504 0.3667 -0.8618
vn 0.4175 0.2559 -0.8719
vn -0.3017 0.4682 0.8305
vn -0.9659 0.1832 -0.1828
vn 0.0330 0.4084 0.9122
vn 0.2602 0.3168 -0.9121
vn -0.8523 0.4722 -0.2248
vn -0.5127 0.2357 0.8256
vn 0.2865 0.3331 0.8983
vn -0.0162 0.9997 0.0193
vn -0.0108 0.9999 -0.0001
vn -0.5657 0.7522 0.3378
vn -0.1361 0.6050 0.7845
vn 0.3894 0.8129 -0.4331
vn 0.4241 0.2619 -0.8669
vn -0.0370 0.2157 0.9757
vn -0.1541 0.7629 -0.6279
vn -0.6925 0.1498 -0.7057
vn -0.2098 0.9481 0.2389
vn -0.2009 0.6859 0.6994
vn -0.7178 0.3874 -0.5786
vn 0.3882 0.5152 0.7641
vn -0.3784 0.5502 -0.7444
vn 0.7832 0.5164 -0.3463
vn -0.8018 0.5416 0.2527
vn 0.3677 0.4527 0.8123
vn 0.4546 0.8832 0.1153
vn -0.6793 0.7203 0.1402
vn 0.9240 0.2911 -0.2479
vn -0.5026 0.4697 0.7258
vn -0.8277 0.4840 0.2841
vn -0.4362 0.7760 0.4556
vn -0.9372 0.2744 0.2154
vn -0.0585 0.9800 0.1903
vn -0.2219 0.6262 -0.7474
vn -0.0046 1.0000 -0.0014
vn -0.0085 0.7088 -0.7054
vn 0.6335 0.7425 0.2177
vn -0.6893 0.7091 0.1488
vn -0.6676 0.6348 0.3891
vn -0.4995 0.7427 -0.4460
vn -0.7579 0.6506 0.0470
vn -0.3170 0.7061 0.6332
vn -0.7465 0.4402 -0.4990
vn -0.2950 0.2839 -0.9123
vn 0.6885 0.3444 -0.6382
vn -0.4078 0.3953 0.8231
vn -0.6042 0.4856 0.6318
vn -0.8278 0.5414 0.1471
vn 0.0585 0.9906 0.1237
vn -0.6421 0.3213 0.6960
vn -0.6390 0.7529 0.1575
vn 0.1714 0.9443 -0.2809
vn 0.1158 0.8666 -0.4853
vn -0.3825 0.7195 -0.5797
vn -0.6873 0.7170 0.1165
vn -0.3272 0.2165 -0.9198
vn -0.8857 0.4601 0.0616
vn -0.2943 0.3621 -0.8845
vn -0.1504 0.2976 -0.9428
vn -0.1026 0.2131 -0.9716
vn 0.5378 0.1188 0.8347
vn -0.1928 0.6102 -0.7684
vn -0.3010 0.5433 -0.7837
vn -0.5081 0.2186 0.8331
vn -0.4248 0.4278 -0.7979
vn -0.2374 0.6973 0.6763
vn -0.8249 0.2917 -0.4843
vn -0.0118 0.4001 0.9164
vn -0.0259 0.3801 0.9246
vn 0.0664 0.7920 0.6069
vn -0.4205 0.4287 0.7996
vn -0.4327 0.4802 -0.7630
vn -0.6444 0.5543 0.5267
vn -0.0958 0.4496 -0.8881
vn -0.7652 0.4954 0.4111
vn -0.4363 0.7902 -0.4305
vn 0.0117 0.9834 0.1813
vn -0.0985 0.7373 0.6684
vn 0.5369 0.8242 0.1799
vn 0.2953 0.7942 0.5310
vn -0.2655 0.9217 -0.2827
vn 0.0045 0.4057 -0.9140
vn -0.7578 0.3209 -0.5681
vn -0.4913 0.2859 -0.8227
vn 0.7484 0.1683 0.6415
vn -0.7928 0.3734 0.4817
vn -0.0368 0.6839 -0.7286
vn -0.0973 0.4094 -0.9071
vn 0.0746 0.4672 -0.8810
vn -0.8905 0.2644 0.3702
vn -0.7719 0.6078 0.1865
vn -0.9419 0.3297 0.0638
vn -0.8341 0.0410 -0.5501
vn -0.8376 0.2920 -0.4617
vn 0.5070 0.8619 -0.0009
vn 0.1884 0.8576 0.4786
vn -0.2388 0.7217 -0.6497
vn -0.3681 0.9140 0.1707
vn -0.4071 0.7887 0.4607
vn -0.5434 0.6000 0.5872
vn 0.2186 0.4560 0.8627
vn 0.0315 0.9018 -0.4311
vn 0.1331 0.5774 -0.8056
vn 0.1184 0.7608 -0.6381
vn 0.0067 0.7005 0.7137
vn -0.2225 0.4414 -0.8693
vn -0.9735 0.2077 -0.0959
vn 0.3741 0.3205 -0.8703
vn -0.8620 0.2895 0.4162
vn -0.9469 0.2659 0.1806
vn -0.4307 0.8750 0.2212
vn -0.5665 0.4561 0.6863
vn -0.2846 0.5703 -0.7705
vn 0.0221 0.1427 -0.9895
vn -0.5652 0.5613 -0.6046
vn 0.1517 0.7268 0.6699
vn 0.3809 0.9072 0.1783
vn 0.5643 0.8256 0.0051
vn -0.8509 0.5212 -0.0656
vn -0.7848 0.3397 0.5184
vn -0.7765 0.3246 0.5402
vn -0.9271 0.3728 -0.0379
vn -0.8864 0.2178 0.4085
vn 0.5363 0.5774 0.6156
vn -0.1601 0.9871 0.0089
vn 0.2318 0.6027 -0.7636
vn -0.3911 0.3907 0.8333
vn 0.3546 0.8895 0.2880
vn -0.9039 0.4014 0.1478
vn -0.3173 0.4801 -0.8178
vn -0.7784 0.3053 0.5485
vn -0.1403 0.8889 0.4362
vn -0.4813 0.7870 0.3859
vn -0.8872 0.4446 -0.1230
vn 0.5571 0.1708 0.8127
vn -0.3185 0.9381 0.1363
vn -0.1383 0.9887 -0.0583
vn -0.1675 0.9858 -0.0075
vn -0.1209 0.9877 -0.0995
vn 0.0555 0.9832 0.1741
vn 0.4149 0.8586 0.3012
vn 0.2941 0.9554 -0.0275
vn -0.7887 0.4418 0.4274
vn 0.2821 0.9337 0.2203
vn -0.7490 0.5584 -0.3567
vn -0.8501 0.5159 -0.1053
vn -0.4967 0.5653 -0.6586
vn 0.0420 0.9247 -0.3784
vn -0.5433 0.4303 0.7209
vn -0.0191 0.9994 0.0288
vn -0.0907 0.7610 -0.6424
vn -0.5435 0.7879 -0.2895
vn 0.2671 0.9594 0.0906
vn -0.6739 0.3753 -0.6364
vn -0.7960 0.5580 -0.2347
vn -0.8873 0.4435 -0.1268
vn -0.3566 0.9300 -0.0895
vn 0.6177 0.2760 -0.7364
vn -0.1215 0.9915 -0.0465
vn -0.6843 0.0107 -0.7291
vn 0.4977 0.8650 0.0641
vn -0.8267 0.5327 0.1809
vn -0.0960 0.9811 0.1682
vn 0.2988 0.9060 -0.2997
vn 0.7945 0.5622 -0.2295
vn 0.8715 0.4745 -0.1236
vn -0.4685 0.8764 0.1113
vn 0.8129 0.5257 0.2506
vn -0.2590 0.7751 0.5764
vn 0.4077 0.8574 -0.3140
vn 0.8650 0.0780 0.4957
vn 0.0341 0.7040 0.7094
vn -0.4045 0.6327 -0.6604
vn -0.2866 0.5713 0.7691
vn -0.0066 0.8890 0.4578
vn 0.7755 0.6260 0.0825
vn 0.6490 0.5158 0.5593
vn 0.8998 0.4314 0.0644
vn -0.6955 0.3318 0.6373
vn -0.8813 0.3775 0.2843
vn 0.5894 0.7210 0.3644
vn -0.0556 0.9399 0.3368
vn -0.7780 0.2523 -0.5753
vn 0.4489 0.1370 -0.8830
vn 0.6677 0.2717 0.6931
vn -0.4909 0.5978 0.6337
vn -0.5615 0.6544 -0.5064
vn -0.5552 0.7726 0.3079
vn 0.3760 0.6813 0.6280
vn 0.5345 0.1088 -0.8382
vn 0.8811 0.4592 0.1126
vn 0.5030 0.7601 0.4114
vn 0.3384 0.3511 -0.8731
vn -0.4477 0.5356 0.7160
vn 0.8892 0.3928 -0.2346
vn 0.8695 0.4923 -0.0396
vn -0.0314 0.4553 0.8898
vn 0.8958 0.2624 -0.3587
vn -0.5527 0.7743 0.3081
vn 0.3043 0.9231 -0.2353
vn 0.2766 0.8557 0.4374
vn 0.8719 0.3897 -0.2966
vn -0.7051 0.7072 -0.0515
vn -0.7060 0.7082 -0.0082
vn -0.2023 0.8603 0.4680
vn 0.1454 0.7640 0.6287
vn 0.8671 0.3645 -0.3395
vn -0.4992 0.6830 -0.5332
vn 0.6677 0.7088 -0.2276
vn 0.8128 0.4610 0.3560
vn -0.0082 0.9990 -0.0449
vn -0.3005 0.7378 0.6045
vn 0.8981 0.2649 -0.3512
vn -0.3526 0.1246 -0.9274
vn 0.7218 0.0894 0.6863
vn 0.6484 0.5810 0.4919
vn 0.4965 0.8325 -0.2460
vn -0.7020 0.6173 0.3551
vn -0.1076 0.9713 0.2121
vn -0.9282 0.3487 -0.1295
vn 0.2560 0.5331 -0.8064
vn 0.7706 0.5160 -0.3740
vn 0.3149 0.0861 -0.9452
vn -0.2185 0.2746 0.9364
vn 0.6504 0.1020 0.7527
vn 0.6488 0.4255 0.6309
vn 0.6941 0.3747 -0.6147
vn -0.5774 0.3796 0.7228
vn 0.6435 0.5066 -0.5737
vn 0.4528 0.5921 0.6666
vn 0.7005 0.5641 -0.4370
vn 0.1677 0.8953 -0.4127
vn -0.4232 0.6650 -0.6154
vn 0.6711 0.4378 -0.5983
vn 0.6269 0.1798 -0.7581
vn -0.8176 0.4190 0.3949
vn -0.3834 0.4020 0.8315
vn -0.1391 0.6378 0.7575
vn -0.1635 0.8629 0.4781
vn 0.2630 0.5939 -0.7604
vn -0.1806 0.9674 0.1772
vn 0.9609 0.1735 -0.2159
vn 0.9598 0.1984 -0.1983
vn 0.7830 0.4447 0.4350
vn 0.3336 0.8646 0.3757
vn -0.2712 0.9437 -0.1894
vn -0.4414 0.7560 -0.4833
vn -0.6734 0.7080 -0.2128
vn 0.4871 0.5612 0.6692
vn -0.2681 0.9401 -0.2106
vn 0.1382 0.6564 0.7417
vn -0.2314 0.9314 0.2808
vn -0.7781 0.5394 -0.3221
vn -0.8572 0.5001 0.1231
vn 0.0571 0.5748 0.8163
vn -0.0085 1.0000 -0.0047
vn -0.1546 0.2852 -0.9459
vn -0.7300 0.3554 0.5838
vn 0.0880 0.9960 -0.0170
vn -0.0082 0.9997 0.0215
vn -0.6225 0.6950 0.3599
vn -0.0482 0.4746 -0.8789
vn -0.6190 0.3696 0.6930
vn 0.8674 0.4826 -0.1213
vn 0.7482 0.3146 -0.5842
vn -0.5077 0.4147 0.7551
vn -0.1575 0.5461 0.8228
vn 0.4926 0.7055 -0.5095
vn 0.1320 0.3755 0.9174
vn 0.4478 0.6011 -0.6619
vn 0.3499 0.3757 0.8581
vn -0.6886 0.6387 0.3434
vn -0.5962 0.6329 0.4939
vn -0.5144 0.6051 -0.6076
vn -0.4324 0.8257 -0.3623
vn 0.7515 0.6279 -0.2025
vn -0.8978 0.4385 -0.0399
vn 0.7890 0.2944 0.5392
vn -0.4672 0.2391 0.8512
vn -0.7529 0.6431 -0.1399
vn -0.0811 0.6548 -0.7514
vn 0.4454 0.5948 -0.6692
vn -0.6783 0.7310 0.0745
vn 0.5816 0.8004 0.1455
vn 0.1136 0.9036 -0.4131
vn 0.3238 0.4440 -0.8355
vn -0.2944 0.9555 -0.0179
vn 0.0279 0.9944 -0.1018
vn -0.5652 0.6357 -0.5258
vn 0.0759 0.9812 -0.1772
vn 0.7958 0.3326 -0.5060
vn -0.6798 0.6012 -0.4199
vn -0.0141 0.8175 -0.5757
vn -0.7350 0.6080 0.3001
vn -0.7031 0.5312 0.4728
vn 0.8222 0.5691 -0.0131
vn 0.3387 0.7415 -0.5792
vn 0.8153 0.5785 -0.0258
vn 0.5658 0.1062 0.8176
vn -0.3493 0.9014 -0.2558
vn -0.2368 0.7333 0.6373
vn -0.5270 0.8492 -0.0339
vn 0.6496 0.5045 -0.5688
vn -0.4615 0.6600 0.5928
vn -0.2864 0.4067 0.8675
vn -0.1195 0.6765 0.7267
vn -0.1996 0.9675 -0.1552
vn -0.0145 0.9963 0.0843
vn -0.9088 0.3413 -0.2400
vn -0.9043 0.0649 -0.4220
vn 0.8027 0.1641 0.5734
vn -0.5783 0.6819 0.4478
vn -0.7916 0.5747 -0.2077
vn -0.7649 0.5381 0.3542
vn 0.7481 0.3139 -0.5847
vn -0.6858 0.6063 0.4025
vn -0.8557 0.3655 0.3663
vn 0.7290 0.1161 0.6746
vn -0.1803 0.6833 -0.7075
vn 0.3913 0.2857 -0.8748
vn -0.1868 0.9090 -0.3725
vn -0.4303 0.7738 -0.4648
vn 0.1485 0.9652 -0.2153
vn 0.7239 0.6899 0.0086
vn -0.8730 0.3855 -0.2989
vn 0.5313 0.6548 -0.5376
vn 0.9365 0.3502 -0.0212
vn 0.8362 0.5080 -0.2064
vn 0.3315 0.5686 0.7529
vn -0.0211 0.5785 0.8154
vn -0.0011 0.9995 -0.0323
vn -0.0782 0.9923 0.0958
vn 0.0161 0.9991 0.0395
vn -0.1824 0.9200 -0.3469
vn -0.2611 0.7378 -0.6225
vn -0.6897 0.2216 0.6893
vn -0.8329 0.2355 0.5008
vn -0.8930 0.2828 0.3502
vn 0.2446 0.4688 -0.8488
vn -0.5143 0.7005 0.4947
vn 0.8263 0.5101 -0.2387
vn -0.0170 0.9972 0.0722
vn 0.0074 1.0000 0.0029
vn 0.0116 0.9999 0.0091
vn 0.3717 0.8998 0.2282
vn -0.4274 0.7554 -0.4967
vn 0.3397 0.4598 -0.8205
vn 0.0400 0.6332 -0.7729
vn 0.0352 0.3728 -0.9272
vn -0.8019 0.2897 0.5226
vn 0.6346 0.3388 0.6946
vn 0.6188 0.2667 0.7389
vn 0.1192 0.9924 -0.0293
vn -0.6240 0.7814 -0.0050
vn -0.3092 0.9356 0.1706
vn 0.4463 0.4324 -0.7835
vn 0.3571 0.2482 -0.9005
vn -0.2068 0.6359 0.7436
vn 0.0046 0.8322 0.5545
vn 0.1481 0.9817 -0.1194
vn 0.8164 0.5771 -0.0200
vn -0.1689 0.6579 -0.7339
vn -0.0978 0.8446 -0.5264
vn 0.0147 0.9943 -0.1057
vn -0.8115 0.5267 -0.2532
vn 0.0592 0.9981 -0.0139
vn -0.0859 0.9952 0.0463
vn -0.5015 0.7057 0.5005
vn -0.1822 0.5099 0.8407
vn 0.2481 0.9318 -0.2647
vn -0.0985 0.4795 -0.8720
vn 0.5050 0.4961 0.7063
vn -0.7378 0.5697 0.3621
vn -0.8907 0.2472 -0.3816
vn -0.8646 0.0854 -0.4951
vn -0.9199 0.0941 -0.3807
vn 0.9300 0.1530 0.3341
vn 0.8696 0.1154 0.4800
vn 0.7044 0.6401 0.3069
vn -0.3996 0.9028 0.1590
vn -0.0681 0.8577 -0.5096
vn 0.4353 0.8957 -0.0912
vn -0.6234 0.2621 -0.7367
vn 0.1488 0.9820 -0.1159
vn -0.1185 0.7318 0.6712
vn 0.2339 0.5903 0.7725
vn -0.5608 0.8227 0.0931
vn -0.2746 0.9479 -0.1617
vn 0.5013 0.3797 -0.7775
vn 0.6007 0.4340 -0.6714
vn -0.8635 0.2034 -0.4615
vn -0.4564 0.7306 -0.5079
vn -0.2010 0.6220 -0.7568
vn -0.0217 0.9997 -0.0100
vn 0.0789 0.9892 0.1237
vn -0.3654 0.9287 0.0637
vn 0.5084 0.6516 -0.5629
vn 0.6065 0.7456 -0.2762
vn -0.0723 0.6584 -0.7492
vn -0.2089 0.7921 -0.5736
vn 0.6786 0.6122 0.4060
vn 0.5358 0.5436 0.6461
vn 0.7024 0.6907 -0.1718
vn 0.9838 0.1758 -0.0357
vn 0.0354 0.9334 0.3571
vn 0.1962 0.9367 -0.2899
vn -0.7037 0.6288 -0.3307
vn -0.2696 0.8119 -0.5178
vn -0.4855 0.8682 0.1031
vn 0.7095 0.6685 0.2229
vn -0.0387 0.9990 0.0221
vn 0.6296 0.6787 -0.3783
vn 0.2677 0.4405 0.8569
vn -0.9572 0.0915 -0.2745
vn -0.6275 0.6669 -0.4018
vn 0.3662 0.8734 0.3209
vn -0.7449 0.3020 -0.5948
vn 0.5869 0.5472 -0.5967
vn -0.0070 0.9991 0.0421
vn -0.9135 0.1365 -0.3832
vn 0.0800 0.1251 0.9889
vn -0.2266 0.5499 0.8039
vn -0.2737 0.9596 0.0646
vn -0.5758 0.6480 -0.4986
vn -0.0813 0.9964 0.0244
vn 0.7806 0.6250 -0.0089
vn 0.9278 0.3058 0.2137
vn 0.7080 0.3301 0.6243
vn 0.9263 0.3516 0.1356
vn 0.0164 0.9939 -0.1093
vn -0.0831 0.9717 -0.2212
vn -0.7540 0.4894 -0.4382
vn -0.7909 0.5398 -0.2882
vn -0.7797 0.5345 0.3262
vn 0.4840 0.5063 -0.7137
vn 0.6036 0.5262 -0.5990
vn 0.5982 0.7643 -0.2408
vn 0.5765 0.7685 -0.2777
vn 0.6500 0.3169 -0.6907
vn -0.6862 0.7183 -0.1152
vn 0.5599 0.7577 0.3353
vn 0.7473 0.4978 -0.4402
vn 0.4177 0.2110 0.8837
vn -0.3318 0.9401 -0.0785
vn -0.8868 0.4433 -0.1307
vn -0.6509 0.7533 -0.0946
vn -0.7633 0.6328 0.1299
vn -0.7427 0.4758 -0.4712
vn -0.9191 0.1695 0.3558
vn -0.6651 0.7188 -0.2022
vn 0.3561 0.3611 -0.8619
vn -0.9375 0.1831 -0.2959
vn -0.6973 0.1694 -0.6965
vn -0.9310 0.1466 0.3342
vn 0.0038 1.0000 -0.0011
vn -0.0484 0.7435 -0.6670
vn 0.0981 0.6526 -0.7513
vn -0.2307 0.8088 0.5409
vn 0.4022 0.7238 -0.5606
vn 0.8625 0.1787 -0.4735
vn 0.2920 0.4500 0.8440
vn -0.9236 0.1459 0.3544
vn 0.5478 0.4028 0.7332
vn -0.0147 0.9996 0.0236
vn -0.2660 0.6849 -0.6783
vn -0.6748 0.4708 0.5683
vn -0.6691 0.5288 0.5222
vn -0.7552 0.5041 0.4190
vn 0.3236 0.7598 -0.5640
vn 0.3103 0.9427 0.1227
vn -0.3272 0.8338 0.4447
vn -0.7319 0.5877 0.3450
vn -0.6692 0.7431 0.0014
vn 0.2504 0.9680 -0.0163
vn -0.0438 0.9763 -0.2121
vn 0.0359 0.5380 -0.8422
vn 0.5434 0.7325 0.4101
vn -0.2182 0.7519 0.6222
vn 0.0835 0.9925 0.0898
vn 0.4942 0.1463 0.8570
vn 0.2672 0.5577 -0.7859
vn -0.6932 0.0697 0.7173
vn -0.4745 0.8774 0.0712
vn -0.7719 0.4402 -0.4588
vn -0.7741 0.6276 0.0831
vn -0.0540 0.7026 0.7095
vn -0.4170 0.8890 -0.1892
vn -0.6322 0.5812 0.5124
vn 0.3659 0.3992 0.8407
vn 0.4215 0.9022 0.0918
vn 0.5541 0.2950 -0.7785
vn 0.6825 0.1916 0.7053
vn 0.1683 0.8091 -0.5630
vn 0.1131 0.7461 -0.6562
vn -0.4914 0.4816 0.7257
vn -0.0778 0.9954 0.0550
vn -0.0147 0.9997 0.0193
vn -0.4278 0.3672 -0.8259
vn -0.0774 0.9921 0.0984
vn -0.2257 0.9738 -0.0285
vn -0.1968 0.9777 -0.0732
vn -0.3077 0.9416 0.1368
vn -0.7510 0.4740 -0.4596
vn 0.2516 0.9219 -0.2946
vn 0.6414 0.3368 -0.6893
vn 0.9376 0.3433 0.0558
vn -0.7546 0.6497 0.0924
vn 0.4409 0.4082 0.7994
vn 0.4087 0.8960 0.1739
vn 0.5314 0.2657 -0.8043
vn 0.7084 0.2152 0.6722
vn -0.7470 0.6609 -0.0725
vn -0.8282 0.1457 -0.5412
vn -0.9465 0.1304 -0.2953
vn -0.1848 0.1220 0.9752
vn -0.4893 0.4349 0.7560
vn 0.0235 0.8854 -0.4643
vn 0.4351 0.9002 -0.0188
vn 0.7288 0.4508 -0.5154
vn -0.2184 0.6539 -0.7243
vn -0.9472 0.2924 -0.1316
vn 0.7124 0.0940 0.6955
vn -0.6554 0.5019 -0.5644
vn 0.0754 0.9948 -0.0678
vn 0.4470 0.8925 -0.0599
vn 0.7304 0.4516 -0.5125
vn -0.4938 0.4283 -0.7568
vn 0.2329 0.8861 0.4007
vn -0.8789 0.3143 0.3588
vn -0.0792 0.8623 -0.5002
vn 0.1211 0.9810 -0.1518
vn -0.2872 0.9574 -0.0298
vn 0.0156 0.9993 0.0332
vn -0.0175 0.9997 -0.0198
vn 0.5280 0.7355 0.4245
vn -0.2452 0.6333 -0.7340
vn -0.4077 0.2351 -0.8823
vn 0.2721 0.5543 -0.7866
vn -0.9009 0.4336 -0.0172
vn -0.0081 0.9999 -0.0121
vn -0.3253 0.8892 0.3218
vn -0.2750 0.9409 -0.1979
vn -0.8016 0.4393 0.4055
vn 0.6476 0.5785 -0.4960
vn 0.5542 0.3488 0.7557
vn -0.8294 0.4824 0.2818
vn 0.1490 0.9796 -0.1345
vn 0.2180 0.1983 -0.9556
vn -0.0215 0.7958 -0.6052
vn -0.1102 0.9873 0.1143
vn -0.4909 0.8520 -0.1822
vn -0.0305 0.9953 -0.0922
vn -0.0943 0.9919 0.0848
vn -0.0604 0.9596 0.2746
vn -0.0034 0.9998 -0.0188
vn -0.1777 0.9832 0.0408
vn 0.2478 0.8847 -0.3948
vn 0.7515 0.6487 -0.1201
vn -0.5161 0.6580 0.5483
vn -0.3745 0.6409 0.6701
vn -0.1266 0.4578 -0.8800
vn -0.9134 0.3734 -0.1618
vn 0.9036 0.2313 0.3605
vn 0.7416 0.4993 0.4482
vn -0.6735 -0.0046 0.7392
vn 0.1113 0.9779 -0.1770
vn -0.0263 0.9963 0.0813
vn 0.8371 0.3426 -0.4264
vn 0.7267 0.1928 -0.6594
vn 0.9305 0.3573 -0.0808
vn -0.4562 0.4801 0.7493
vn -0.0976 0.9941 0.0469
vn -0.1857 0.9665 -0.1772
vn -0.8870 0.4012 0.2285
vn -0.0116 0.9996 -0.0252
vn -0.3257 0.9392 0.1087
vn 0.7968 0.2363 0.5561
vn 0.0896 0.9530 0.2895
vn -0.5175 0.4338 -0.7376
vn -0.9148 0.2871 -0.2841
vn -0.3789 0.1961 -0.9044
vn -0.8957 0.1591 -0.4153
vn -0.7716 0.2024 0.6031
vn 0.0068 0.9965 0.0833
vn -0.1063 0.9934 0.0427
vn 0.6737 0.2949 -0.6776
vn 0.5870 0.7632 0.2699
vn 0.9801 0.1171 0.1600
vn 0.3116 0.9385 0.1486
vn -0.3614 0.9322 0.0198
vn -0.1074 0.9938 -0.0299
vn 0.2613 0.8889 0.3762
vn -0.7073 0.6857 -0.1719
vn -0.6694 0.7394 0.0714
vn 0.6947 0.2505 0.6742
vn -0.3282 0.9444 0.0185
vn -0.0181 0.9998 -0.0125
vn -0.0044 1.0000 0.0029
vn 0.0760 0.9810 -0.1787
vn 0.3174 0.9042 0.2859
vn 0.8619 0.4956 -0.1076
vn 0.5888 0.5918 0.5506
vn 0.8388 0.4025 0.3666
vn -0.9134 0.3619 0.1863
vn -0.8926 0.1782 -0.4141
vn -0.3995 0.8895 -0.2217
vn -0.0025 1.0000 0.0067
vn 0.7400 0.6722 0.0209
vn 0.7326 0.2736 0.6232
vn 0.6056 0.5933 0.5303
vn 0.8384 0.4024 0.3675
vn 0.9587 0.2423 -0.1488
vn 0.9542 0.2394 -0.1792
vn 0.8530 0.4083 0.3250
vn 0.0624 0.6868 -0.7242
vn 0.0247 0.9969 -0.0742
vn -0.2658 0.8901 -0.3702
vn -0.0907 0.7123 -0.6960
vn 0.8182 0.3430 -0.4614
vn -0.5792 0.4006 0.7100
vn 0.6651 0.6754 -0.3185
vn -0.3592 0.8510 0.3831
vn -0.7109 0.2755 -0.6471
vn 0.7039 0.1587 0.6923
vn 0.2882 0.9409 0.1782
vn -0.0270 0.9995 0.0163
vn -0.4322 0.9000 0.0569
vn 0.0102 0.9999 -0.0117
vn 0.4347 0.6764 -0.5946
vn 0.3167 0.5509 -0.7721
vn -0.2378 0.3631 -0.9009
vn 0.1124 0.5392 0.8346
vn 0.5411 0.1196 0.8324
vn 0.6260 0.3127 0.7144
vn 0.0800 0.9297 -0.3594
vn 0.0240 0.9997 -0.0071
vn 0.0700 0.6596 0.7484
vn 0.0545 0.9916 -0.1176
vn 0.9541 0.2426 -0.1757
vn -0.2045 0.5816 -0.7874
vn 0.0385 0.6982 0.7149
vn -0.9147 0.4026 0.0358
vn 0.6508 0.5581 0.5147
vn 0.9004 0.4047 -0.1595
vn 0.9634 0.2233 0.1483
vn -0.4925 0.8535 0.1701
vn -0.0094 0.9997 -0.0218
vn -0.0040 0.9999 0.0138
vn 0.3403 0.9305 0.1352
vn 0.7970 0.3085 -0.5192
vn 0.0181 0.9943 -0.1049
vn -0.5774 0.7239 -0.3775
vn -0.0164 0.9967 0.0789
vn -0.1004 0.9894 0.1045
vn 0.3094 0.2394 -0.9203
vn 0.0057 1.0000 0.0031
vn -0.9325 0.2362 -0.2734
vn 0.0157 0.9989 0.0449
vn -0.0835 0.9962 0.0257
vn -0.6328 0.7524 0.1830
vn -0.7717 0.2437 0.5875
vn -0.1596 0.4520 0.8776
vn -0.5895 0.7286 -0.3486
vn 0.3758 0.4047 -0.8336
vn -0.8954 0.2454 0.3716
vn -0.3326 0.9079 0.2552
vn -0.1459 0.9891 0.0206
vn -0.9810 0.1744 -0.0849
vn -0.9265 0.3638 0.0962
vn 0.5559 0.7847 -0.2741
vn 0.7215 0.4056 0.5612
vn 0.2692 0.6930 0.6688
vn 0.1760 0.9081 -0.3801
vn -0.2520 0.1239 0.9598
vn -0.0010 0.1785 -0.9839
vn -0.5508 0.2988 0.7793
vn -0.1370 0.9813 0.1353
vn 0.5509 0.6150 -0.5642
vn 0.5412 0.8242 -0.1665
vn -0.7288 0.4433 -0.5218
vn -0.3320 0.6865 0.6469
vn -0.7436 0.4802 -0.4653
vn -0.5861 0.8092 -0.0397
vn -0.2090 0.1846 -0.9603
vn -0.8904 0.3888 0.2365
vn 0.0241 0.9997 -0.0030
vn -0.0234 0.9996 0.0148
vn 0.0748 0.9887 -0.1296
vn -0.9456 0.3143 0.0839
vn 0.1554 0.4927 0.8562
vn -0.4209 0.3531 -0.8356
vn -0.0881 0.9960 -0.0116
vn 0.1049 0.9944 0.0104
vn 0.0516 0.6607 0.7489
vn -0.8804 0.3192 -0.3507
vn 0.0965 0.3549 -0.9299
vn 0.4905 0.3883 0.7801
vn 0.3609 0.7864 -0.5013
vn 0.1976 0.9336 0.2991
vn -0.9553 0.2246 -0.1922
vn -0.9760 0.2173 0.0140
vn 0.0270 0.9990 0.0353
vn -0.3727 0.3939 0.8402
vn -0.8226 0.5670 0.0428
vn -0.7681 0.4197 -0.4835
vn -0.0057 0.9997 -0.0240
vn -0.8066 0.5121 0.2954
vn 0.3045 0.3270 -0.8946
vn -0.4736 0.3134 0.8231
vn 0.1547 0.9353 0.3182
vn -0.5298 0.6965 -0.4839
vn -0.6377 0.7702 0.0054
vn -0.1419 0.2297 0.9629
vn 0.1920 0.9724 -0.1323
vn -0.0094 0.9999 0.0134
vn 0.0367 0.9993 -0.0103
vn -0.3215 0.5825 -0.7465
vn -0.5052 0.3889 0.7704
vn -0.8983 0.4108 0.1558
vn -0.1679 0.5528 0.8162
vn -0.0529 0.4468 -0.8931
vn -0.3387 0.3789 0.8612
vn -0.0438 0.9972 0.0607
vn 0.1594 0.9342 0.3192
vn 0.1122 0.9931 -0.0343
vn 0.0400 0.9986 0.0357
vn -0.1570 0.9811 -0.1131
vn 0.2471 0.8572 0.4519
vn 0.0156 0.9996 -0.0234
vn 0.1645 0.6756 0.7187
vn 0.6764 0.6411 -0.3625
vn -0.7598 0.3784 -0.5286
vn -0.9444 0.3266 -0.0384
vn 0.8465 0.5108 -0.1499
vn -0.5213 0.3050 0.7970
vn 0.0480 0.5453 0.8369
vn 0.0623 0.9931 -0.0996
vn 0.0971 0.9540 -0.2835
vn 0.7664 0.5419 -0.3450
vn -0.6874 0.2509 -0.6816
vn -0.9228 0.3407 0.1800
vn -0.3489 0.5371 -0.7680
vn 0.9583 0.0795 0.2744
vn -0.8416 0.3114 -0.4414
vn -0.4299 0.7103 0.5574
vn -0.1433 0.9871 -0.0719
vn 0.0084 0.9999 0.0065
vn -0.0100 0.2095 -0.9777
vn 0.2352 0.9529 0.1913
vn -0.7314 0.6819 -0.0113
vn -0.6616 0.7498 -0.0051
vn -0.5239 0.3427 -0.7798
vn -0.7881 0.5899 -0.1758
vn -0.1740 0.8068 -0.5646
vn 0.0349 0.4027 -0.9146
vn -0.0701 0.2344 -0.9696
vn 0.0245 0.9993 -0.0285
vn -0.2810 0.5690 0.7729
vn -0.2960 0.6616 0.6889
vn 0.6045 0.7808 0.1581
vn 0.3337 0.2465 0.9099
vn 0.0181 0.9979 0.0630
vn 0.1372 0.9756 -0.1714
vn 0.0277 0.9991 0.0317
vn -0.6081 0.7390 0.2900
vn 0.8981 0.1748 -0.4036
vn -0.2361 0.7208 -0.6517
vn -0.6327 0.3336 0.6988
vn -0.1711 0.2675 0.9482
vn -0.1979 0.8730 -0.4457
vn -0.6888 0.5168 -0.5084
vn -0.0788 0.9916 0.1024
vn 0.0513 0.9951 0.0842
vn 0.1884 0.9712 0.1457
vn -0.0732 0.6568 0.7505
vn 0.9396 0.2773 -0.2008
vn 0.4660 0.0839 -0.8808
vn -0.4073 0.6081 -0.6814
vn 0.4418 0.5999 0.6670
vn -0.0152 0.9996 0.0227
vn -0.2535 0.8768 0.4085
vn -0.4478 0.7169 -0.5344
vn -0.9003 0.4337 0.0358
vn -0.4194 0.9039 0.0845
vn 0.1100 0.5892 -0.8005
vn 0.0136 0.4912 0.8709
vn 0.3250 0.3483 0.8793
vn 0.2206 0.7519 0.6212
vn -0.2488 0.8298 0.4995
vn 0.5089 0.6466 0.5682
vn -0.0805 0.9967 -0.0063
vn -0.0052 0.9999 -0.0090
vn 0.0731 0.9971 0.0189
vn 0.5599 0.7442 -0.3644
vn -0.5299 0.6237 0.5746
vn -0.3583 0.5815 -0.7304
vn 0.5591 0.7877 -0.2589
vn 0.4296 0.4087 0.8053
vn -0.8998 0.4360 -0.0157
vn -0.4184 0.1758 0.8911
vn -0.1882 0.2448 0.9511
vn -0.0088 0.9998 -0.0181
vn 0.0530 0.9947 -0.0881
vn -0.6373 0.7706 -0.0099
vn -0.0536 0.9120 -0.4066
vn 0.5442 0.7233 -0.4251
vn 0.0253 0.6445 -0.7642
vn -0.0483 0.9539 0.2963
vn -0.0065 0.7959 0.6054
vn 0.2700 0.7257 -0.6329
vn 0.9222 0.2692 0.2775
vn -0.2576 0.4852 0.8356
vn 0.5826 0.7886 0.1965
vn -0.1011 0.4780 -0.8725
vn 0.2174 0.9509 -0.2203
vn -0.1969 0.9718 -0.1299
vn 0.0890 0.8432 0.5302
vn 0.7151 0.3350 -0.6135
vn 0.3367 0.2970 -0.8935
vn 0.4181 0.8186 0.3938
vn 0.2972 0.7129 -0.6352
vn 0.2824 0.5795 -0.7645
vn 0.7234 0.6677 0.1760
vn 0.6090 0.4148 0.6761
vn 0.8660 0.4197 0.2721
vn -0.0359 0.9991 0.0220
vn -0.2314 0.9642 0.1293
vn -0.4180 0.7413 -0.5252
vn 0.7082 0.3560 0.6097
vn 0.9789 0.1809 0.0948
vn 0.7116 0.2841 0.6425
vn 0.0387 0.9989 -0.0258
vn 0.8583 0.3454 -0.3796
vn -0.0527 0.9923 0.1119
vn 0.4422 0.8233 -0.3559
vn 0.3615 0.9188 0.1585
vn 0.5492 0.7434 -0.3818
vn 0.4668 0.3460 -0.8138
vn 0.6091 0.7845 -0.1165
vn 0.5743 0.4570 -0.6793
vn 0.6423 0.4408 0.6269
vn 0.9842 0.1761 0.0188
vn 0.8393 0.2588 0.4782
vn 0.5663 0.2424 0.7877
vn -0.0602 0.9846 0.1642
vn 0.1846 0.1807 0.9661
vn -0.0256 0.3744 -0.9269
vn -0.0308 0.9985 -0.0442
vn 0.0435 0.9956 0.0836
vn -0.0011 0.9524 0.3048
vn 0.0507 0.9938 -0.0989
vn -0.3032 0.6739 -0.6738
vn 0.3806 0.3823 -0.8420
vn 0.0865 0.1780 0.9802
vn 0.4016 0.2953 0.8669
vn 0.2605 0.9645 -0.0432
vn 0.0908 0.6289 0.7722
vn -0.1158 0.4569 0.8819
vn -0.4555 0.6771 0.5780
vn -0.0102 0.4838 0.8751
vn 0.7965 0.1683 -0.5807
vn 0.8403 0.1304 -0.5263
vn 0.9837 0.1796 -0.0017
vn 0.0364 0.9921 -0.1203
vn -0.0713 0.9949 0.0707
vn -0.9266 0.3640 -0.0943
vn -0.6067 0.7948 -0.0134
vn -0.1039 0.9547 0.2788
vn -0.7649 0.2296 -0.6018
vn -0.9136 0.4063 0.0159
vn -0.8905 0.4027 0.2117
vn 0.3421 0.2905 0.8936
vn 0.4728 0.2394 -0.8480
vn 0.2076 0.2715 0.9398
vn 0.4504 0.5254 -0.7219
vn -0.0502 0.9981 0.0360
vn 0.0896 0.8712 -0.4826
vn -0.0831 0.1876 0.9787
vn -0.3561 0.7564 -0.5488
vn 0.8304 0.5205 0.1988
vn 0.1251 0.1871 -0.9743
vn 0.1146 0.9933 -0.0135
vn 0.0579 0.9943 0.0892
vn 0.7584 0.5544 -0.3427
vn 0.2385 0.2023 -0.9498
vn -0.5319 0.4411 -0.7228
vn -0.3194 0.2158 -0.9227
vn 0.0073 0.9996 -0.0258
vn 0.0148 0.9928 -0.1185
vn -0.4981 0.8208 0.2796
vn -0.3282 0.5599 -0.7608
vn 0.4590 0.4288 -0.7781
vn -0.5771 0.7206 0.3842
vn 0.3134 0.9496 -0.0085
vn -0.9399 0.3403 -0.0264
vn 0.0875 0.9953 0.0418
vn 0.0918 0.9955 0.0253
vn 0.0065 0.9999 -0.0114
vn -0.3416 0.8464 0.4085
vn 0.5392 0.8144 -0.2143
vn 0.4121 0.8969 -0.1604
vn -0.0419 0.9949 0.0915
vn -0.6913 0.7097 0.1356
vn -0.7406 0.6527 -0.1596
vn 0.6539 0.4576 0.6024
vn 0.5249 0.8407 -0.1332
vn 0.7250 0.4256 -0.5416
vn 0.4245 0.5449 -0.7231
vn -0.6082 0.2510 -0.7530
vn -0.5445 0.2604 0.7973
vn 0.0916 0.9715 0.2185
vn 0.5638 0.8213 -0.0873
vn -0.1715 0.9045 -0.3906
vn 0.5361 0.3934 -0.7469
vn 0.5989 0.4756 0.6443
vn 0.2826 0.4672 0.8377
vn 0.3766 0.3822 -0.8438
vn 0.0671 0.1785 0.9817
vn 0.2075 0.2717 0.9397
vn 0.2681 0.9623 -0.0464
vn 0.0803 0.9945 -0.0679
vn -0.0302 0.9995 0.0009
vn 0.2560 0.8948 -0.3658
vn -0.1267 0.9841 -0.1247
vn 0.3528 0.2190 -0.9097
vn 0.5012 0.7922 0.3482
vn 0.2069 0.3265 0.9223
vn -0.3497 0.4335 -0.8305
vn -0.6429 0.5551 0.5277
vn 0.3794 0.7547 -0.5353
vn -0.0189 0.4679 -0.8836
vn -0.6472 0.7602 -0.0574
vn 0.5954 0.4811 -0.6435
vn 0.4650 0.5977 -0.6531
vn -0.2980 0.8689 -0.3953
vn -0.1219 0.9401 -0.3184
vn 0.2613 0.7729 0.5783
vn 0.1014 0.9946 0.0226
vn -0.2129 0.2381 0.9476
vn -0.4026 0.7850 0.4709
vn -0.1212 0.9916 -0.0455
vn -0.1011 0.9926 0.0674
vn -0.0945 0.9936 0.0618
vn -0.4857 0.3577 -0.7976
vn -0.8270 0.1362 0.5455
vn -0.7036 0.1231 0.6999
vn -0.3765 0.2952 0.8781
vn -0.0236 0.9927 -0.1182
vn 0.5239 0.6278 -0.5757
vn 0.1660 0.9238 0.3450
vn -0.0938 0.9927 -0.0763
vn -0.4638 0.5519 -0.6930
vn 0.6687 0.4454 0.5954
vn -0.3510 0.9047 -0.2415
vn -0.0553 0.9956 -0.0751
vn 0.7464 0.3480 0.5673
vn -0.3087 0.8949 0.3223
vn -0.0054 1.0000 0.0034
vn 0.0013 0.9999 0.0153
vn -0.2815 0.9119 -0.2986
vn -0.0759 0.9946 0.0704
vn -0.3203 0.9433 0.0869
vn -0.0728 0.9925 0.0982
vn 0.7372 0.6753 0.0214
vn -0.7031 0.3948 -0.5914
vn 0.4799 0.1795 -0.8588
vn -0.9283 0.1452 -0.3423
vn -0.0536 0.9511 -0.3042
vn 0.2371 0.5277 0.8157
vn 0.2940 0.7032 -0.6474
vn 0.8442 0.2610 0.4682
vn 0.0101 0.9998 0.0157
vn -0.9530 0.3018 -0.0246
vn -0.8268 0.1419 0.5443
vn -0.9595 0.2818 0.0044
vn -0.6456 0.3852 0.6594
vn 0.5358 0.8185 0.2075
vn -0.0018 0.9999 -0.0168
vn -0.6463 0.7330 0.2123
vn -0.4839 0.5335 -0.6937
vn -0.3833 0.2891 -0.8772
vn 0.6391 0.4530 0.6215
vn -0.4681 0.1878 -0.8635
vn 0.3420 0.2197 0.9137
vn 0.2652 0.5383 0.7999
vn 0.8741 0.2630 0.4084
vn 0.3653 0.8913 -0.2687
vn 0.0131 0.9998 0.0131
vn 0.0602 0.9968 0.0529
vn 0.0768 0.9956 -0.0529
vn 0.3855 0.8093 0.4431
vn -0.4782 0.3163 -0.8194
vn 0.6717 0.4827 0.5619
vn 0.8125 0.3804 -0.4418
vn -0.0887 0.4249 0.9009
vn 0.5859 0.3693 0.7213
vn 0.0377 0.9956 0.0860
vn -0.1162 0.9386 0.3248
vn -0.7116 0.5673 0.4145
vn 0.1897 0.9396 -0.2848
vn 0.9664 0.2557 -0.0257
vn 0.7645 0.1966 0.6139
vn -0.1529 0.8593 -0.4881
vn -0.1347 0.9898 0.0470
vn 0.1802 0.9416 0.2845
vn 0.8077 0.5462 -0.2221
vn 0.3257 0.7398 0.5888
vn -0.3783 0.8329 0.4040
vn 0.8141 0.3994 -0.4215
vn 0.3246 0.3482 0.8794
vn -0.7751 0.3786 -0.5059
vn 0.4082 0.3123 -0.8578
vn 0.8704 0.3171 -0.3765
vn 0.9737 0.1895 0.1264
vn 0.2557 0.1708 0.9515
vn 0.0207 0.9985 0.0509
vn -0.4662 0.8301 0.3060
vn -0.0014 1.0000 -0.0082
vn 0.0635 0.9973 0.0365
vn 0.4995 0.5506 -0.6688
vn 0.0265 0.9988 0.0407
vn -0.0094 0.9999 0.0055
vn -0.8604 0.2015 0.4681
vn 0.8268 0.5471 -0.1310
vn -0.7946 0.4112 -0.4467
vn -0.1301 0.2718 -0.9535
vn 0.1621 0.9774 0.1359
vn -0.2614 0.5448 -0.7968
vn -0.5608 0.5884 -0.5825
vn -0.0473 0.6598 -0.7499
vn -0.2856 0.2866 0.9145
vn -0.2474 0.4184 0.8739
vn 0.1274 0.7896 -0.6002
vn -0.9673 0.2325 -0.1012
vn 0.1996 0.8753 0.4404
vn -0.0801 0.6714 0.7367
vn -0.0775 0.9965 -0.0300
vn 0.9133 0.3477 0.2121
vn -0.6750 0.4245 -0.6035
vn 0.5594 0.2872 -0.7776
vn -0.8016 0.2345 -0.5500
vn -0.1003 0.9648 -0.2430
vn 0.1112 0.9936 0.0209
vn -0.1746 0.3488 -0.9208
vn 0.8314 0.4592 -0.3129
vn 0.4819 0.7946 -0.3692
vn 0.1088 0.7726 -0.6255
vn -0.4769 0.8263 0.2997
vn 0.0331 0.5008 0.8649
vn 0.4686 0.2291 0.8532
vn 0.1314 0.9442 0.3020
vn -0.0089 1.0000 0.0034
vn -0.7658 0.4597 0.4496
vn -0.5171 0.7665 0.3810
vn -0.5864 0.1955 -0.7861
vn -0.9613 0.2009 -0.1887
vn -0.5606 0.2507 0.7892
vn -0.1687 0.2626 0.9501
vn 0.0302 0.5082 0.8607
vn -0.4075 0.7574 0.5102
vn 0.0649 0.8672 -0.4937
vn 0.3883 0.4058 -0.8274
vn -0.0757 0.5074 0.8584
vn 0.1449 0.9851 -0.0925
vn 0.1850 0.9826 -0.0157
vn 0.8835 0.4678 -0.0237
vn -0.9706 0.2010 -0.1327
vn 0.2916 0.8239 0.4860
vn 0.5749 0.2918 -0.7644
vn -0.9255 0.2637 -0.2718
vn -0.5870 0.1833 -0.7886
vn -0.6692 0.7338 0.1172
vn 0.4012 0.5027 -0.7657
vn -0.1722 0.2989 -0.9386
vn 0.4926 0.5943 -0.6358
vn -0.0681 0.3830 0.9212
vn 0.0612 0.2389 0.9691
vn -0.9874 0.1457 0.0617
vn -0.2325 0.3880 0.8918
vn 0.2396 0.8316 -0.5010
vn 0.0150 0.9999 0.0065
vn -0.1747 0.9428 -0.2838
vn -0.0445 0.9796 -0.1961
vn 0.3682 0.6189 -0.6938
vn -0.3762 0.4938 0.7840
vn -0.1685 0.3278 0.9296
vn -0.8709 0.2148 0.4420
vn -0.1655 0.9859 -0.0239
vn -0.3982 0.8624 -0.3126
vn -0.0543 0.9954 0.0786
vn 0.4673 0.6538 0.5952
vn -0.2860 0.9477 0.1417
vn -0.0288 0.9978 -0.0590
vn 0.1956 0.9779 -0.0745
vn -0.3590 0.5855 0.7268
vn 0.2062 0.6800 -0.7036
vn 0.5639 0.3724 -0.7371
vn 0.5530 0.3640 -0.7495
vn 0.8027 0.5388 0.2555
vn 0.0534 0.9986 -0.0023
vn -0.0290 0.9970 -0.0711
vn 0.1335 0.1925 0.9722
vn -0.5581 0.4847 0.6734
vn -0.6577 0.7533 0.0066
vn 0.7770 0.4329 0.4569
vn 0.0496 0.9873 0.1506
vn 0.0232 0.9997 -0.0101
vn -0.0016 0.9996 0.0292
vn 0.2398 0.9621 0.1296
vn 0.0536 0.9950 -0.0847
vn 0.2952 0.4927 -0.8186
vn -0.6103 0.6798 -0.4066
vn 0.5865 0.8024 0.1104
vn 0.2862 0.9508 -0.1186
vn 0.2231 0.9619 0.1583
vn 0.4432 0.8686 -0.2217
vn -0.7872 0.2643 -0.5573
vn 0.7505 0.6440 0.1483
vn 0.4265 0.6305 -0.6485
vn 0.5074 0.3453 -0.7895
vn -0.7768 0.5431 0.3187
vn 0.0272 0.9996 -0.0124
vn 0.0488 0.9837 -0.1729
vn -0.0704 0.9974 -0.0143
vn 0.1054 0.9463 0.3057
vn 0.4538 0.6850 -0.5700
vn -0.8284 0.3020 0.4717
vn -0.2006 0.5257 0.8266
vn -0.5979 0.4730 0.6471
vn 0.6857 0.7254 0.0600
vn 0.7836 0.4350 0.4436
vn -0.8365 0.2820 -0.4698
vn 0.4381 0.6585 -0.6120
vn -0.8769 0.3782 -0.2967
vn -0.9075 0.3176 -0.2749
vn -0.3301 0.9381 -0.1050
vn -0.7326 0.6677 0.1324
vn -0.7665 0.5173 0.3806
vn 0.9471 0.2439 0.2085
vn -0.7702 0.3469 -0.5352
vn -0.0859 0.3936 0.9153
vn 0.0947 0.7282 0.6788
vn -0.0127 0.9335 0.3583
vn -0.9496 0.2824 -0.1360
vn -0.8349 0.4335 0.3391
vn -0.2932 0.4886 -0.8218
vn -0.4942 0.7694 -0.4046
vn 0.5017 0.3261 -0.8012
vn -0.1287 0.4314 0.8929
vn 0.2701 0.9511 -0.1499
vn 0.0287 0.9977 0.0619
vn -0.0141 0.8871 -0.4614
vn -0.7421 0.3223 0.5877
vn 0.2461 0.2556 -0.9349
vn -0.1282 0.9914 0.0271
vn -0.5927 0.7898 0.1579
vn -0.6935 0.6835 -0.2278
vn 0.5186 0.8452 0.1292
vn -0.0473 0.3788 0.9243
vn -0.8890 0.3350 0.3122
vn -0.9039 0.4185 -0.0886
vn -0.4635 0.5942 -0.6573
vn 0.5488 0.5147 -0.6587
vn 0.0911 0.4188 0.9035
vn -0.0003 0.9999 -0.0146
vn 0.0020 0.9998 -0.0215
vn 0.0237 0.9996 -0.0130
vn -0.0728 0.9971 -0.0235
vn 0.0060 0.9998 -0.0212
vn 0.7673 0.5463 -0.3360
vn 0.5332 0.8109 -0.2410
vn -0.3749 0.6012 0.7057
vn -0.2241 0.9114 -0.3452
vn -0.0267 0.9986 0.0449
vn 0.3169 0.9142 0.2526
vn 0.1957 0.5381 -0.8199
vn 0.0086 0.9999 -0.0063
vn -0.0423 0.3909 -0.9195
vn -0.4917 0.7832 0.3806
vn -0.0272 0.9933 -0.1120
vn -0.0723 0.9936 0.0866
vn -0.5109 0.8436 0.1650
vn 0.2180 0.5401 -0.8129
vn 0.0345 0.8999 0.4347
vn 0.6786 0.4320 0.5940
vn 0.5483 0.5147 -0.6591
vn 0.9632 0.2175 0.1577
vn 0.9792 0.1710 -0.1093
vn -0.5249 0.8507 -0.0288
vn 0.0540 0.9975 0.0449
vn 0.3377 0.9411 0.0140
vn -0.4355 0.8996 -0.0319
vn -0.1108 0.9729 0.2032
vn 0.1662 0.5134 -0.8419
vn 0.8740 0.4127 -0.2566
vn -0.5229 0.7110 -0.4702
vn -0.5437 0.7900 0.2835
vn -0.3567 0.8181 -0.4511
vn 0.2461 0.3263 -0.9127
vn 0.5603 0.1792 0.8086
vn 0.5438 0.1585 0.8241
vn -0.4936 0.8578 0.1432
vn -0.0460 0.9798 0.1947
vn -0.0335 0.9967 -0.0745
vn -0.3203 0.8382 -0.4413
vn -0.0984 0.7237 -0.6831
vn 0.1594 0.6945 -0.7016
vn 0.6999 0.3427 0.6267
vn 0.8220 0.5613 0.0960
vn 0.6890 0.5273 0.4972
vn -0.4500 0.4487 -0.7722
vn 0.2273 0.2709 -0.9354
vn 0.8604 0.4939 0.1257
vn 0.3219 0.4468 -0.8347
vn 0.0631 0.9449 0.3211
vn 0.3206 0.8656 0.3847
vn -0.0014 0.9996 -0.0274
vn 0.6019 0.1719 -0.7798
vn -0.0451 0.9952 0.0872
vn 0.0606 0.9982 -0.0031
vn 0.3972 0.9095 0.1229
vn 0.0134 0.9999 -0.0022
vn 0.0048 0.9999 0.0123
vn -0.0567 0.9980 -0.0267
vn -0.4597 0.8607 -0.2188
vn -0.2651 0.9634 -0.0389
vn -0.0052 0.6944 -0.7196
vn 0.6315 0.7561 -0.1718
vn 0.8863 0.2337 -0.3999
vn 0.1003 0.6667 0.7386
vn -0.5692 0.8007 -0.1869
vn -0.0842 0.3942 0.9151
vn 0.0455 0.9223 0.3839
vn 0.0560 0.9984 0.0031
vn -0.0784 0.9147 0.3966
vn -0.0304 0.9995 -0.0080
vn 0.2034 0.8602 0.4676
vn 0.1627 0.5771 -0.8003
vn 0.6469 0.2052 0.7345
vn 0.0473 0.9956 -0.0807
vn 0.5914 0.3915 0.7050
vn -0.0047 0.9999 -0.0166
vn 0.8146 0.4531 0.3622
vn 0.5471 0.3087 0.7780
vn 0.1339 0.7052 0.6963
vn 0.0119 0.9999 -0.0075
vn 0.5130 0.8374 0.1885
vn 0.5371 0.7719 0.3400
vn 0.6940 0.3401 0.6346
vn 0.1447 0.6786 -0.7202
vn 0.0004 0.9998 -0.0212
vn 0.9189 0.3349 -0.2085
vn 0.8238 0.1618 -0.5432
vn 0.1058 0.8910 -0.4416
vn -0.0404 0.9984 0.0400
vn -0.0397 0.9986 0.0345
vn 0.1941 0.9771 -0.0869
vn 0.2458 0.9504 -0.1906
vn -0.1088 0.6886 -0.7169
vn 0.7229 0.3384 0.6025
vn 0.1354 0.3487 -0.9274
vn 0.3385 0.1485 -0.9292
vn 0.9594 0.2527 0.1253
vn 0.9641 0.2651 0.0173
vn 0.5509 0.1835 0.8141
vn 0.9109 0.2168 0.3510
vn -0.4958 0.7137 -0.4948
vn -0.5479 0.4911 0.6772
vn 0.2297 0.9074 -0.3521
vn 0.1022 0.9006 0.4226
vn 0.3040 0.7277 -0.6148
vn -0.2410 0.5090 -0.8263
vn 0.3717 0.6242 0.6872
vn 0.3763 0.9251 -0.0507
vn 0.5234 0.8199 0.2320
vn -0.0953 0.9953 -0.0182
vn -0.0565 0.9983 -0.0173
vn -0.0009 0.9151 0.4032
vn -0.2394 0.5596 -0.7934
vn -0.4612 0.6581 -0.5952
vn 0.3023 0.6919 -0.6557
vn -0.2838 0.3834 0.8789
vn 0.6225 0.3497 0.7001
vn 0.5306 0.3392 0.7768
vn 0.2405 0.9193 -0.3114
vn 0.2669 0.8867 0.3774
vn 0.4134 0.9051 -0.0989
vn 0.0010 0.9998 -0.0200
vn -0.0005 0.6193 -0.7852
vn -0.5832 0.5719 -0.5769
vn 0.0920 0.2392 0.9666
vn 0.3957 0.4701 0.7889
vn -0.0128 0.2134 -0.9769
vn 0.5496 0.4321 0.7150
vn 0.0316 0.9994 -0.0106
vn -0.0928 0.8811 0.4638
vn -0.6175 0.7154 -0.3270
vn 0.9432 0.2153 -0.2528
vn 0.7683 0.3632 0.5271
vn -0.0313 0.9293 0.3681
vn -0.2797 0.1763 -0.9437
vn -0.0048 0.9999 -0.0145
vn -0.0921 0.9865 -0.1353
vn 0.3548 0.9349 -0.0021
vn -0.2524 0.5518 -0.7949
vn 0.5122 0.2501 0.8216
vn -0.2084 0.3857 0.8988
vn -0.0372 0.2217 -0.9744
vn -0.7084 0.4613 0.5342
vn 0.5160 0.6140 -0.5973
vn 0.5575 0.4937 0.6674
vn -0.0258 0.9996 -0.0114
vn -0.1145 0.9832 -0.1419
vn 0.1273 0.9008 -0.4152
vn 0.7978 0.1952 -0.5705
vn -0.1781 0.2360 -0.9553
vn -0.0879 0.2887 0.9534
vn -0.0267 0.9996 -0.0072
vn 0.3723 0.5596 -0.7404
vn -0.8279 0.5151 0.2220
vn -0.8700 0.4223 0.2546
vn -0.5496 0.7066 0.4457
vn -0.2344 0.1837 -0.9546
vn -0.1457 0.1623 -0.9759
vn 0.4690 0.1860 0.8634
vn 0.7475 0.6621 0.0537
vn -0.5427 0.8396 -0.0260
vn -0.0087 1.0000 0.0036
vn 0.0291 0.9995 0.0148
vn -0.4693 0.8813 -0.0546
vn 0.2901 0.9426 0.1653
vn -0.0105 0.9987 -0.0508
vn -0.0677 0.5565 -0.8281
vn 0.4891 0.4856 0.7246
vn 0.5610 0.5731 0.5973
vn 0.1840 0.4060 0.8952
vn 0.5716 0.8077 0.1446
vn -0.1699 0.9838 0.0572
vn 0.3195 0.9130 -0.2536
vn 0.2977 0.9284 0.2224
vn 0.8180 0.4899 0.3015
vn 0.1916 0.3854 -0.9026
vn 0.4139 0.2134 -0.8850
vn -0.1416 0.1724 0.9748
vn -0.0011 0.3345 0.9424
vn -0.5829 0.4020 0.7061
vn -0.8291 0.4942 0.2612
vn -0.1786 0.1602 -0.9708
vn -0.5111 0.2458 0.8236
vn 0.3797 0.5905 0.7121
vn 0.2641 0.9635 0.0433
vn 0.5834 0.7993 0.1441
vn -0.3940 0.8816 -0.2598
vn -0.0286 0.9976 0.0636
vn -0.2215 0.9292 0.2959
vn -0.4956 0.8520 -0.1689
vn 0.4319 0.5327 0.7277
vn 0.5485 0.5739 -0.6082
vn -0.3407 0.2430 0.9082
vn -0.2008 0.1818 -0.9626
vn 0.0357 0.9992 -0.0163
vn 0.0817 0.9124 -0.4012
vn 0.6849 0.7117 0.1562
vn -0.3468 0.3033 0.8875
vn 0.6925 0.4473 -0.5660
vn 0.4186 0.2432 -0.8750
vn -0.3713 0.7547 0.5409
vn -0.1370 0.8048 0.5776
vn 0.0455 0.9985 -0.0301
vn -0.2283 0.9441 -0.2378
vn 0.2942 0.5553 -0.7778
vn -0.6575 0.2534 -0.7096
vn 0.4994 0.6660 -0.5541
vn 0.4806 0.4965 0.7229
vn 0.2283 0.4716 0.8517
vn 0.2564 0.6803 0.6867
vn -0.8222 0.1578 0.5468
vn -0.0028 0.2879 0.9576
vn 0.3105 0.9487 -0.0598
vn -0.0411 0.9975 -0.0578
vn -0.0072 0.9999 -0.0139
vn -0.3047 0.2343 0.9232
vn -0.8826 0.4653 0.0667
vn -0.7381 0.5777 -0.3484
vn 0.7657 0.6171 0.1814
vn -0.0291 0.9988 0.0381
vn 0.0652 0.9974 0.0306
vn 0.0367 0.9993 0.0089
vn 0.0408 0.9992 0.0047
vn -0.0397 0.7871 -0.6155
vn -0.1052 0.4920 -0.8642
vn -0.3993 0.3314 -0.8548
vn 0.4530 0.8900 0.0525
vn -0.5525 0.4201 -0.7199
vn 0.0584 0.9983 0.0060
vn 0.4173 0.9061 0.0701
vn -0.6225 0.7040 0.3418
vn -0.6981 0.3537 -0.6225
vn -0.6068 0.6502 -0.4572
vn 0.3186 0.6878 0.6523
vn 0.3434 0.2884 -0.8938
vn -0.7411 0.1752 -0.6481
vn -0.8541 0.5041 0.1276
vn 0.0152 0.9991 0.0407
vn 0.0804 0.9961 -0.0349
vn 0.0164 0.9998 0.0132
vn 0.0621 0.9532 0.2960
vn -0.3311 0.3331 -0.8828
vn -0.1533 0.3475 0.9251
vn -0.4579 0.5056 -0.7312
vn 0.1441 0.9091 0.3909
vn 0.3641 0.9147 -0.1755
vn 0.0246 0.6032 0.7972
vn 0.2585 0.9549 0.1459
vn 0.2281 0.9282 -0.2939
vn 0.1772 0.9646 0.1956
vn -0.6641 0.5272 -0.5301
vn -0.1037 0.9033 0.4163
vn -0.6667 0.1870 0.7215
vn -0.0961 0.3338 0.9377
vn -0.8490 0.2855 0.4446
vn -0.3409 0.2863 -0.8955
vn -0.8510 0.3523 -0.3895
vn -0.9418 0.1387 0.3063
vn -0.2470 0.9037 0.3497
vn -0.4050 0.3925 0.8258
vn -0.4190 0.5422 0.7283
vn -0.7421 0.6654 0.0806
vn 0.0583 0.9983 0.0082
vn -0.0413 0.9963 0.0748
vn -0.2129 0.9596 -0.1842
vn -0.9688 0.1973 0.1502
vn -0.0552 0.4403 -0.8962
vn 0.3200 0.9322 0.1690
vn 0.0631 0.9979 -0.0129
vn -0.0375 0.9019 -0.4304
vn 0.2262 0.9685 -0.1037
vn 0.2526 0.9488 -0.1899
vn -0.2288 0.7456 -0.6259
vn -0.6532 0.7049 0.2767
vn -0.4507 0.5673 0.6892
vn -0.9225 0.2234 0.3149
vn -0.6956 0.3366 0.6347
vn -0.6869 0.4194 0.5936
vn 0.0553 0.9983 0.0184
vn -0.1109 0.5859 -0.8027
vn -0.5632 0.6168 0.5498
vn -0.4431 0.8935 0.0728
vn -0.4355 0.6929 -0.5747
vn 0.3185 0.9028 -0.2890
vn 0.0062 0.9999 -0.0154
vn -0.0449 0.9989 -0.0140
vn 0.2148 0.7807 -0.5868
vn 0.2391 0.9685 -0.0699
vn -0.2874 0.7267 -0.6240
vn 0.3932 0.7896 -0.4712
vn 0.2838 0.9589 -0.0005
vn 0.1872 0.4720 -0.8615
vn -0.2884 0.7721 -0.5662
vn -0.3505 0.8665 -0.3554
vn 0.2116 0.6855 -0.6966
vn -0.8012 0.2874 -0.5248
vn -0.2254 0.4760 0.8500
vn 0.5974 0.6590 0.4569
vn -0.3963 0.9171 0.0439
vn 0.3379 0.8784 -0.3380
vn -0.2803 0.9266 -0.2506
vn -0.5769 0.7188 -0.3879
vn -0.4265 0.5355 0.7289
vn -0.3047 0.9187 -0.2514
vn 0.0240 0.9938 -0.1084
vn -0.0483 0.9987 -0.0144
vn 0.0820 0.9962 0.0296
vn -0.5330 0.6110 -0.5854
vn -0.4877 0.2803 -0.8268
vn 0.5198 0.6122 0.5958
vn -0.2475 0.9277 0.2795
vn -0.5949 0.7231 -0.3509
vn 0.2455 0.3656 -0.8978
vn -0.2232 0.8356 -0.5019
vn -0.2621 0.2629 0.9285
vn -0.8457 0.3276 -0.4213
vn -0.2243 0.4767 0.8499
vn -0.5226 0.8241 0.2186
vn 0.0135 0.9999 0.0107
vn -0.0213 0.9992 0.0339
vn 0.6054 0.6312 0.4849
vn 0.0228 0.3459 0.9380
vn 0.5144 0.6229 0.5894
vn -0.3620 0.5687 0.7386
vn -0.0515 0.9964 0.0680
vn -0.8064 0.3371 -0.4858
vn -0.0337 0.9969 0.0705
vn -0.1641 0.9301 -0.3287
vn 0.2582 0.9549 0.1465
vn -0.1510 0.9847 0.0868
vn 0.4921 0.7769 -0.3927
vn 0.4970 0.5806 -0.6449
vn 0.8885 0.3978 -0.2289
vn -0.9153 0.3446 0.2083
vn -0.7691 0.4287 0.4741
vn -0.7380 0.5481 -0.3936
vn -0.6994 0.5593 -0.4450
vn -0.8712 0.4623 -0.1651
vn -0.7400 0.3221 0.5905
vn -0.3556 0.8894 0.2874
vn 0.5003 0.8653 -0.0310
vn 0.0596 0.6278 0.7761
vn -0.9586 0.2778 0.0618
vn 0.0001 0.9966 -0.0826
vn -0.1108 0.8123 -0.5726
vn -0.0528 0.9986 -0.0039
vn -0.1457 0.9741 0.1727
vn 0.2390 0.8063 -0.5410
vn 0.5000 0.4502 -0.7398
vn -0.2806 0.7508 -0.5979
vn -0.3175 0.5608 0.7646
vn 0.7632 0.5995 0.2411
vn 0.3117 0.6529 0.6903
vn 0.1310 0.9722 -0.1939
vn -0.1672 0.8542 -0.4924
vn -0.2260 0.9510 -0.2109
vn -0.5748 0.8174 0.0380
vn -0.1526 0.3482 -0.9249
vn -0.8564 0.3112 -0.4120
vn -0.6690 0.6251 -0.4021
vn -0.0026 0.9974 -0.0723
vn 0.2701 0.5632 -0.7809
vn -0.0727 0.8295 -0.5538
vn -0.3825 0.6623 0.6442
vn 0.0610 0.9922 -0.1085
vn -0.1635 0.3603 -0.9184
vn 0.2346 0.2928 0.9270
vn -0.2063 0.3705 -0.9057
vn -0.0252 0.9981 0.0557
vn -0.0307 0.9982 -0.0509
vn -0.0173 0.9982 0.0580
vn 0.3563 0.9342 -0.0162
vn -0.1928 0.9798 -0.0522
vn 0.4289 0.4481 0.7844
vn -0.7242 0.6351 -0.2688
vn -0.8743 0.4234 0.2374
vn -0.2210 0.7425 0.6324
vn -0.4377 0.7936 -0.4226
vn -0.9167 0.3555 -0.1824
vn 0.7099 0.2783 0.6470
vn -0.7609 0.6367 -0.1253
vn -0.7541 0.4764 0.4521
vn -0.4391 0.5054 -0.7428
vn -0.4867 0.5507 0.6781
vn -0.6706 0.7349 0.1012
vn 0.4887 0.2958 -0.8208
vn 0.2429 0.9505 -0.1940
vn -0.0119 0.9987 0.0489
vn 0.1142 0.8560 -0.5042
vn 0.5731 0.8055 -0.1508
vn 0.3632 0.6409 0.6763
vn -0.3887 0.9136 0.1191
vn -0.2651 0.9516 -0.1556
vn -0.1489 0.9852 0.0846
vn 0.1162 0.8257 -0.5520
vn 0.7877 0.5851 0.1929
vn -0.7167 0.6946 0.0629
vn 0.1221 0.9920 0.0314
vn 0.5782 0.7528 -0.3146
vn -0.8428 0.3143 -0.4369
vn -0.9222 0.3611 0.1384
vn 0.7444 0.5351 0.3995
vn -0.0259 0.9981 0.0554
vn -0.0629 0.9350 0.3490
vn -0.2509 0.9675 0.0321
vn 0.0704 0.7295 -0.6804
vn -0.2402 0.7506 0.6155
vn 0.3209 0.6284 -0.7086
vn -0.0561 0.9967 0.0588
vn -0.0094 0.9999 0.0090
vn -0.0897 0.9938 0.0658
vn -0.0405 0.9950 -0.0914
vn -0.6318 0.5533 -0.5429
vn -0.7445 0.6121 -0.2667
vn -0.6762 0.3805 0.6308
vn -0.6767 0.5316 0.5095
vn 0.0824 0.8083 0.5830
vn 0.6157 0.7858 0.0580
vn 0.4532 0.6704 -0.5875
vn -0.0489 0.9987 -0.0141
vn -0.8270 0.5573 0.0741
vn -0.5551 0.3839 -0.7379
vn -0.0025 0.5017 -0.8650
vn 0.5892 0.7513 0.2974
vn 0.4560 0.5448 0.7037
vn -0.0518 0.9929 -0.1071
vn 0.4304 0.6184 -0.6575
vn -0.1204 0.7365 0.6656
vn 0.7491 0.5863 0.3085
vn 0.3059 0.3001 -0.9035
vn -0.0655 0.2286 0.9713
vn -0.4556 0.8390 0.2976
vn -0.4361 0.8299 0.3478
vn -0.6967 0.6524 -0.2983
vn -0.8497 0.4395 -0.2913
vn -0.0173 0.9983 -0.0563
vn -0.0698 0.9924 0.1016
vn -0.0640 0.9969 -0.0466
vn -0.7574 0.5916 -0.2762
vn -0.9156 0.3893 0.1002
vn -0.7011 0.4798 0.5276
vn -0.6230 0.7641 -0.1672
vn -0.8954 0.4432 0.0415
vn 0.0696 0.6731 0.7363
vn 0.0191 0.9997 0.0123
vn -0.3822 0.9193 -0.0939
vn -0.8551 0.5130 -0.0754
vn -0.7505 0.4198 0.5104
vn -0.8831 0.4665 -0.0504
vn -0.7885 0.4868 -0.3760
vn -0.8612 0.2886 0.4184
vn -0.0786 0.9907 -0.1110
vn -0.6360 0.7700 0.0503
vn 0.5691 0.6027 -0.5594
vn -0.5627 0.8265 0.0158
vn -0.2621 0.7326 0.6282
vn -0.8406 0.5057 -0.1942
vn 0.4663 0.8588 -0.2123
vn -0.2897 0.8755 -0.3868
vn 0.0325 0.9324 0.3599
vn -0.9554 0.2952 -0.0020
vn -0.3278 0.5940 -0.7347
vn -0.8581 0.5126 0.0292
vn -0.7061 0.4487 0.5478
vn -0.1281 0.9915 -0.0244
vn 0.0098 0.9999 -0.0076
vn 0.0942 0.9953 0.0239
vn 0.0215 0.9997 0.0096
vn -0.0353 0.9985 -0.0429
vn -0.0062 0.9999 -0.0138
vn -0.4732 0.5474 0.6903
vn -0.1383 0.4226 -0.8957
vn -0.5080 0.3861 -0.7700
vn 0.3149 0.8070 0.4996
vn -0.8764 0.3213 -0.3588
vn -0.0083 0.9979 0.0639
vn -0.2952 0.9547 0.0380
vn -0.5171 0.8504 0.0975
vn -0.6869 0.5181 -0.5097
vn -0.7520 0.4839 0.4477
vn -0.0033 0.9964 0.0845
vn -0.0744 0.5581 -0.8264
vn 0.0606 0.4148 0.9079
vn -0.9574 0.2881 -0.0174
vn 0.0850 0.9958 -0.0326
vn 0.2426 0.9505 -0.1942
vn -0.0006 0.9991 -0.0425
vn -0.0213 0.9984 -0.0530
vn 0.0723 0.9963 -0.0460
vn -0.2969 0.8139 -0.4994
vn -0.6627 0.6691 -0.3363
vn -0.3673 0.8615 -0.3505
vn -0.5408 0.6759 0.5007
vn -0.7043 0.6366 0.3142
vn -0.4801 0.7735 0.4138
vn -0.9264 0.3752 -0.0308
vn -0.2877 0.9531 0.0942
vn -0.0000 0.9984 0.0559
vn -0.7857 0.6160 -0.0577
vn 0.8211 0.5314 -0.2085
vn 0.1163 0.8221 -0.5574
vn -0.1881 0.8369 -0.5140
vn 0.5644 0.7726 -0.2907
vn -0.4406 0.8471 0.2972
vn -0.4670 0.8155 0.3418
vn -0.0884 0.9953 -0.0386
vn -0.4202 0.8592 -0.2918
vn -0.2457 0.7206 0.6484
vn -0.0691 0.9930 0.0959
vn -0.1394 0.7751 -0.6163
vn -0.0028 0.3975 0.9176
vn 0.0764 0.9967 -0.0257
vn -0.0472 0.9956 -0.0812
vn -0.3653 0.8908 -0.2701
vn -0.0902 0.9370 -0.3374
vn -0.4990 0.3824 -0.7777
vn -0.6506 0.6095 -0.4530
vn 0.3634 0.8795 0.3072
vn 0.0022 0.9978 0.0663
vn 0.0152 0.9993 -0.0351
vn 0.0095 0.9996 0.0274
vn 0.0029 0.9973 -0.0740
vn 0.7385 0.5207 0.4284
vn -0.6813 0.6474 0.3416
vn 0.6503 0.7081 -0.2754
vn 0.0247 0.8527 0.5219
vn 0.0002 0.9999 -0.0134
vn 0.0066 0.9986 -0.0521
vn -0.0476 0.9986 0.0234
vn -0.0153 0.9998 -0.0081
vn -0.1539 0.9881 -0.0008
vn -0.1742 0.9819 -0.0743
vn 0.6808 0.6237 0.3840
vn -0.0227 0.9788 0.2034
vn 0.4765 0.4969 -0.7253
vn 0.7460 0.6657 -0.0153
vn 0.0154 0.8358 0.5488
vn 0.0783 0.9963 -0.0363
vn 0.8744 0.4636 -0.1435
vn 0.6448 0.5277 0.5530
vn 0.7255 0.6727 0.1458
vn 0.0038 0.9963 0.0859
vn -0.1342 0.9908 -0.0174
vn -0.1336 0.9772 -0.1653
vn 0.7315 0.6436 -0.2251
vn 0.7318 0.6233 0.2757
vn 0.7863 0.3674 -0.4967
vn 0.8499 0.4454 0.2815
vn 0.3125 0.7623 -0.5668
vn -0.4458 0.8245 0.3485
vn 0.6882 0.7045 -0.1736
vn 0.0854 0.7925 0.6039
vn 0.0121 0.9998 -0.0142
vn -0.0088 0.9975 -0.0705
vn 0.7590 0.5374 -0.3674
vn 0.8428 0.4462 0.3011
vn 0.3088 0.9247 -0.2225
vn 0.6434 0.7561 0.1200
vn 0.4362 0.8254 0.3583
vn 0.0537 0.7338 0.6772
vn -0.1257 0.8882 0.4419
vn 0.3345 0.9389 -0.0810
vn 0.8789 0.4197 -0.2267
vn 0.7285 0.6846 -0.0259
vn 0.5345 0.6269 0.5668
vn -0.0139 0.9597 -0.2808
vn 0.1993 0.6538 0.7300
vn 0.1702 0.9853 0.0162
vn 0.6861 0.6871 -0.2391
vn -0.3726 0.8279 0.4192
vn 0.0032 0.9982 -0.0596
vn -0.1393 0.9902 0.0087
vn 0.0980 0.5228 0.8468
vn -0.0280 0.7747 0.6317
vn -0.8436 0.5352 -0.0436
vn 0.0767 0.8965 0.4363
vn 0.3104 0.6360 -0.7065
vn -0.6333 0.7143 -0.2977
vn 0.0009 0.9996 -0.0270
vn -0.1366 0.9905 -0.0150
vn 0.8394 0.5424 -0.0341
vn 0.9053 0.4150 0.0911
vn 0.9309 0.3559 -0.0827
vn 0.7101 0.6557 -0.2566
vn -0.2594 0.7589 -0.5973
vn 0.6265 0.6480 -0.4330
vn 0.7485 0.5590 -0.3568
vn -0.5731 0.6382 0.5140
vn -0.6007 0.7248 -0.3373
vn -0.1903 0.5608 -0.8058
vn 0.6331 0.6554 0.4119
vn -0.0326 0.9993 0.0186
vn 0.9203 0.3452 -0.1842
vn -0.1794 0.9735 -0.1416
vn -0.0659 0.7556 0.6517
vn -0.7691 0.6384 -0.0298
vn -0.2093 0.6851 0.6977
vn -0.4052 0.8284 0.3868
vn 0.0059 0.9329 -0.3601
vn 0.0188 0.7797 0.6259
vn -0.0351 0.9992 0.0208
vn -0.0017 0.9995 0.0328
vn -0.0527 0.9980 0.0357
vn 0.7602 0.6493 0.0229
vn 0.6536 0.6859 -0.3198
vn -0.2871 0.6413 -0.7115
vn 0.7529 0.6538 0.0756
vn 0.7621 0.6027 -0.2365
vn 0.8095 0.1455 0.5687
vn -0.0261 0.9731 -0.2288
vn 0.2476 0.6538 -0.7150
vn -0.1783 0.7008 0.6907
vn -0.0343 0.9992 0.0225
vn -0.1777 0.7822 0.5971
vn 0.8080 0.1737 -0.5630
vn -0.8702 0.2962 0.3937
vn -0.3911 0.8485 -0.3564
vn -0.0955 0.6792 -0.7277
vn -0.4273 0.8076 0.4065
vn -0.0000 0.9996 -0.0274
vn -0.0328 0.9993 0.0155
vn 0.0293 0.9914 -0.1276
vn 0.0189 0.9993 0.0307
vn -0.7212 0.4046 -0.5622
vn 0.9007 0.2324 0.3671
vn -0.6009 0.4882 0.6329
vn -0.4306 0.8956 0.1114
vn 0.2553 0.7355 -0.6276
vn 0.1631 0.9773 -0.1352
vn -0.3894 0.8931 0.2252
vn 0.3554 0.8941 -0.2727
vn 0.2110 0.6111 -0.7629
vn -0.8388 0.5195 0.1629
vn -0.7786 0.5592 -0.2848
vn -0.7317 0.5485 -0.4047
vn -0.4376 0.8690 0.2310
vn 0.5444 0.5512 0.6323
vn -0.8391 0.5178 0.1666
vn -0.9327 0.3600 0.0200
vn 0.0620 0.9966 0.0548
vn 0.6381 0.6549 0.4049
vn 0.8671 0.4861 0.1086
vn 0.9399 0.3415 0.0042
vn 0.7883 0.6148 0.0261
vn -0.6144 0.6190 -0.4892
vn -0.0059 1.0000 -0.0061
vn -0.8571 0.4157 -0.3043
vn 0.6034 0.1709 0.7789
vn -0.4806 0.7419 0.4675
vn 0.8225 0.5683 0.0228
vn -0.1186 0.9760 -0.1825
vn 0.8771 0.3760 -0.2990
vn -0.0045 1.0000 -0.0040
vn 0.0168 0.9998 -0.0124
vn -0.6855 0.7265 0.0471
vn -0.8466 0.3940 -0.3579
vn -0.6500 0.7273 0.2204
vn -0.6189 0.6968 0.3626
vn -0.6182 0.6963 0.3647
vn -0.0225 0.9966 -0.0798
vn -0.0767 0.9959 0.0472
vn 0.8370 0.5473 0.0015
vn -0.8543 0.5186 0.0341
vn -0.6792 0.6963 -0.2320
vn -0.5599 0.3462 -0.7527
vn 0.8780 0.2380 0.4153
vn -0.5146 0.6019 -0.6107
vn -0.3389 0.7124 -0.6146
vn -0.1810 0.7855 0.5918
vn -0.0099 0.9983 0.0571
vn -0.3224 0.6811 -0.6574
vn -0.1700 0.5884 -0.7905
vn -0.1665 0.6932 0.7013
vn -0.0024 0.9995 0.0323
vn 0.0434 0.9973 -0.0594
vn 0.0028 0.9963 0.0860
vn 0.6427 0.5656 -0.5168
vn 0.4203 0.5925 0.6872
vn 0.5284 0.5314 0.6621
vn -0.1296 0.3275 0.9359
vn -0.4632 0.8747 -0.1424
vn -0.0019 1.0000 0.0008
vn -0.0626 0.9979 -0.0159
vn -0.8112 0.5670 0.1430
vn 0.2923 0.1808 -0.9391
vn -0.1230 0.9878 -0.0958
vn -0.5362 0.5602 -0.6314
vn -0.6356 0.6781 -0.3691
vn 0.7509 0.6507 -0.1128
vn 0.4337 0.7953 -0.4235
vn 0.0304 0.9993 0.0217
vn 0.0216 0.4064 0.9135
vn -0.1057 0.9921 0.0675
vn -0.4842 0.8585 0.1689
vn -0.4463 0.8871 0.1174
vn -0.0912 0.9000 -0.4262
vn 0.3490 0.2211 -0.9106
vn 0.4441 0.8550 0.2679
vn 0.0592 0.9981 -0.0194
vn -0.0040 0.9995 0.0321
vn 0.0430 0.9979 0.0477
vn -0.1298 0.8565 -0.4995
vn 0.7326 0.1789 0.6567
vn 0.4560 0.8394 0.2957
vn 0.6260 0.5709 -0.5313
vn 0.5802 0.4163 0.7000
vn -0.9880 0.1455 -0.0516
vn -0.0084 0.3228 -0.9464
vn 0.5565 0.1243 0.8215
vn -0.0884 0.9579 -0.2730
vn 0.0825 0.9887 0.1255
vn -0.0382 0.8899 -0.4546
vn 0.3937 0.8650 -0.3112
vn 0.6256 0.6397 -0.4466
vn -0.1359 0.7261 0.6740
vn -0.1090 0.8190 0.5634
vn -0.9115 0.2731 -0.3076
vn -0.3784 0.7004 -0.6052
vn -0.1871 0.8179 0.5441
vn -0.3357 0.7109 -0.6179
vn -0.4447 0.5120 0.7349
vn 0.3687 0.3974 -0.8403
vn -0.3423 0.8351 0.4305
vn -0.0006 0.9996 -0.0279
vn 0.0202 0.9997 -0.0107
vn -0.0348 0.9970 -0.0685
vn -0.2562 0.1726 -0.9511
vn 0.2795 0.5899 -0.7575
vn -0.7038 0.5041 0.5006
vn -0.6339 0.6091 -0.4766
vn -0.3315 0.3766 0.8650
vn 0.0185 0.9996 -0.0192
vn 0.0342 0.9983 -0.0476
vn 0.8092 0.5742 -0.1245
vn 0.4610 0.6377 -0.6171
vn -0.1096 0.2240 -0.9684
vn 0.3645 0.1033 0.9254
vn 0.5676 0.6715 0.4764
vn 0.4295 0.8447 0.3195
vn -0.1741 0.9444 -0.2789
vn -0.0624 0.9972 0.0403
vn 0.6018 0.6087 -0.5171
vn 0.8027 0.5521 -0.2253
vn 0.4704 0.6564 -0.5898
vn -0.9163 0.3099 -0.2538
vn 0.5566 0.4463 0.7007
vn 0.5808 0.8079 -0.0998
vn 0.8594 0.2453 0.4487
vn -0.0723 0.5632 -0.8231
vn -0.7707 0.3832 0.5091
vn 0.1082 0.7142 0.6915
vn -0.3332 0.6975 0.6344
vn -0.1025 0.9946 -0.0155
vn -0.5245 0.8354 0.1643
vn 0.1205 0.7416 -0.6599
vn 0.7501 0.6197 -0.2308
vn -0.5075 0.1592 -0.8468
vn 0.3512 0.7892 -0.5038
vn -0.1759 0.4069 -0.8964
vn -0.0809 0.9961 0.0345
vn -0.5447 0.7748 0.3207
vn 0.6236 0.6895 0.3685
vn 0.2549 0.4272 0.8675
vn -0.0157 0.9998 0.0143
vn 0.8361 0.4141 -0.3597
vn 0.4002 0.8634 -0.3072
vn 0.6953 0.5996 -0.3963
vn -0.2029 0.9411 -0.2705
vn 0.4300 0.6438 -0.6329
vn 0.2471 0.4241 0.8712
vn -0.0307 0.9992 -0.0261
vn -0.0536 0.9985 0.0117
vn 0.7729 0.6342 0.0198
vn 0.5313 0.2677 -0.8038
vn -0.7211 0.5007 -0.4789
vn -0.0158 0.9999 -0.0049
vn 0.3054 0.8350 0.4576
vn -0.2147 0.2197 -0.9516
vn -0.2569 0.2403 -0.9361
vn -0.7121 0.2626 -0.6512
vn 0.6823 0.6532 0.3283
vn 0.2273 0.9615 0.1541
vn 0.0293 0.9993 0.0222
vn -0.6433 0.4591 -0.6126
vn 0.3942 0.2616 0.8810
vn 0.1104 0.6410 0.7596
vn 0.0709 0.9935 0.0889
vn -0.2963 0.4861 -0.8221
vn 0.0014 0.9996 0.0300
vn 0.0098 0.9997 -0.0228
vn -0.1888 0.8417 0.5059
vn 0.5827 0.8120 -0.0354
vn 0.2549 0.7104 -0.6561
vn 0.3838 0.6120 -0.6915
vn -0.3372 0.7867 -0.5171
vn -0.0295 0.1043 0.9941
vn 0.6578 0.4910 -0.5711
vn 0.0028 1.0000 0.0034
vn -0.0013 0.9993 0.0368
vn 0.0343 0.9983 -0.0474
vn 0.7993 0.4208 -0.4289
vn 0.5611 0.6302 0.5366
vn -0.0507 0.9113 -0.4086
vn 0.0430 0.9955 0.0843
vn -0.5000 0.7432 0.4446
vn -0.4847 0.7684 -0.4179
vn -0.6917 0.4374 0.5747
vn 0.6993 0.4558 0.5507
vn 0.6019 0.4039 0.6889
vn -0.0175 0.9998 -0.0035
vn -0.2556 0.8201 0.5119
vn 0.0805 0.7303 0.6784
vn 0.2397 0.9264 -0.2905
vn -0.5355 0.8268 0.1719
vn 0.1248 0.9915 -0.0362
vn 0.5344 0.4439 0.7193
vn -0.3099 0.9497 -0.0447
vn 0.7170 0.3567 -0.5989
vn -0.3024 0.9303 0.2078
vn -0.0064 0.9997 -0.0230
vn 0.0519 0.9986 -0.0090
vn -0.2469 0.9675 0.0549
vn -0.9882 0.1303 0.0806
vn -0.4761 0.6991 0.5335
vn -0.7760 0.2544 -0.5771
vn 0.6553 0.3954 0.6436
vn -0.1107 0.6855 -0.7196
vn 0.8771 0.2997 -0.3754
vn 0.8787 0.3037 -0.3683
vn 0.8576 0.3472 0.3795
vn 0.6187 0.4627 -0.6349
vn 0.8229 0.5680 -0.0135
vn -0.0964 0.2776 -0.9558
vn 0.0821 0.9940 -0.0728
vn -0.4250 0.8662 -0.2630
vn -0.3908 0.3923 -0.8327
vn -0.4319 0.3783 0.8188
vn 0.0216 0.9998 0.0021
vn -0.0312 0.9992 -0.0254
vn 0.1255 0.9916 -0.0299
vn 0.6706 0.2999 0.6785
vn -0.7086 0.2954 -0.6408
vn 0.9137 0.3684 0.1716
vn 0.6254 0.6525 0.4279
vn -0.9441 0.2196 0.2457
vn 0.4709 0.3746 0.7987
vn 0.2484 0.3841 0.8892
vn 0.3240 0.6784 -0.6594
vn -0.6412 0.6421 0.4203
vn -0.3203 0.2662 -0.9091
vn 0.3792 0.3528 0.8554
vn 0.2790 0.7287 0.6254
vn 0.9206 0.3897 0.0243
vn -0.3457 0.5151 0.7843
vn -0.9171 0.2095 -0.3392
vn 0.5242 0.2363 0.8182
vn 0.0668 0.9930 0.0971
vn 0.0698 0.4332 -0.8986
vn 0.1782 0.9770 0.1169
vn -0.0103 0.9995 -0.0301
vn 0.4963 0.5817 -0.6444
vn 0.0558 0.2333 -0.9708
vn 0.3142 0.9060 -0.2836
vn 0.9181 0.3923 -0.0563
vn -0.7442 0.6644 -0.0684
vn -0.7074 0.2707 -0.6529
vn 0.6781 0.5265 0.5128
vn -0.0788 0.7963 0.5998
vn -0.9092 0.3806 0.1689
vn -0.7810 0.3565 0.5128
vn 0.6340 0.4826 -0.6042
vn 0.7271 0.4770 0.4937
vn -0.6926 0.6839 -0.2293
vn 0.2965 0.6718 -0.6788
vn -0.7543 0.5064 0.4178
vn -0.6207 0.5048 0.5999
vn -0.7399 0.6184 0.2648
vn 0.4167 0.2989 -0.8585
vn 0.1420 0.9100 0.3896
vn 0.1555 0.6399 0.7526
vn 0.4804 0.4666 0.7426
vn -0.8491 0.4489 0.2786
vn -0.0051 0.9998 -0.0213
vn -0.0489 0.9985 -0.0262
vn -0.0112 0.9999 -0.0120
vn -0.7594 0.3250 -0.5636
vn -0.9345 0.3459 0.0837
vn -0.7098 0.6880 -0.1514
vn 0.7455 0.6642 -0.0550
vn 0.2578 0.5016 -0.8258
vn -0.9835 0.1803 0.0142
vn -0.2317 0.3739 0.8981
vn 0.1863 0.6567 0.7308
vn 0.3462 0.3376 -0.8753
vn 0.1545 0.6962 -0.7011
vn -0.0432 0.8908 0.4524
vn -0.0040 0.9997 0.0249
vn -0.0208 0.9992 0.0340
vn -0.7083 0.6416 -0.2943
vn 0.6572 0.7390 0.1484
vn 0.0828 0.5384 -0.8386
vn -0.2727 0.3045 -0.9127
vn -0.5507 0.4785 -0.6840
vn 0.3220 0.7495 0.5784
vn 0.3672 0.7864 -0.4967
vn 0.2424 0.8513 0.4652
vn -0.0051 0.9997 -0.0246
vn 0.0359 0.9991 0.0229
vn -0.0397 0.9992 -0.0004
vn -0.7061 0.2592 -0.6590
vn -0.5722 0.6262 0.5295
vn -0.5984 0.7600 0.2536
vn -0.7327 0.3202 -0.6005
vn 0.6228 0.7782 -0.0804
vn 0.1838 0.9824 -0.0317
vn 0.4030 0.3439 -0.8481
vn 0.7932 0.3636 0.4885
vn 0.7377 0.3701 0.5646
vn 0.0135 0.9997 -0.0194
vn -0.7049 0.6172 0.3494
vn -0.5284 0.8446 -0.0860
vn -0.9517 0.3011 0.0601
vn -0.1792 0.6494 0.7390
vn 0.1371 0.6790 0.7213
vn 0.8052 0.5876 -0.0799
vn -0.5247 0.6544 -0.5444
vn -0.0630 0.9204 -0.3859
vn -0.9037 0.4225 0.0699
vn 0.1314 0.5506 -0.8244
vn -0.5600 0.2889 0.7765
vn -0.7885 0.4430 0.4266
vn 0.0004 0.9933 0.1156
vn -0.0334 0.9945 -0.0989
vn 0.7313 0.5783 0.3617
vn 0.4883 0.5834 0.6489
vn 0.6405 0.3954 0.6583
vn 0.8205 0.4304 -0.3762
vn -0.0045 1.0000 -0.0068
vn -0.8196 0.5647 0.0972
vn 0.8055 0.5918 -0.0291
vn -0.7930 0.4980 -0.3509
vn -0.8923 0.3035 0.3341
vn 0.5176 0.7946 -0.3172
vn 0.5712 0.2713 -0.7747
vn 0.8050 0.5074 0.3075
vn 0.0330 0.9990 0.0295
vn -0.0037 0.9981 0.0614
vn -0.7119 0.6670 -0.2199
vn -0.5300 0.8437 -0.0852
vn -0.6522 0.4318 -0.6230
vn -0.1240 0.4339 -0.8924
vn 0.6214 0.7680 -0.1552
vn 0.6334 0.3911 0.6677
vn -0.5859 0.6808 0.4395
vn 0.8317 0.4402 -0.3383
vn 0.2131 0.9766 0.0296
vn -0.5606 0.6936 -0.4525
vn -0.8528 0.4659 0.2360
vn -0.8628 0.4801 -0.1584
vn -0.7931 0.5779 0.1923
vn -0.7713 0.6354 0.0366
vn -0.8132 0.5767 -0.0786
vn 0.9164 0.3752 0.1398
vn -0.0331 0.9973 -0.0653
vn 0.3083 0.5232 -0.7945
vn 0.0076 0.9999 -0.0098
vn -0.0991 0.9043 -0.4152
vn 0.3251 0.3759 0.8678
vn 0.0022 0.9997 -0.0228
vn 0.0022 0.9999 0.0130
vn -0.8515 0.5078 0.1312
vn 0.9254 0.3654 0.1004
vn 0.3723 0.4620 -0.8049
vn 0.6757 0.6646 -0.3191
vn -0.2989 0.5696 0.7656
vn 0.0941 0.8721 -0.4802
vn 0.0296 0.9992 -0.0252
vn 0.0678 0.8735 -0.4820
vn 0.6707 0.4933 0.5540
vn 0.2223 0.9220 -0.3171
vn -0.0145 0.9998 0.0165
vn -0.0008 0.9993 -0.0375
vn -0.0056 0.9999 -0.0164
vn 0.7078 0.5253 -0.4723
vn 0.4587 0.6004 0.6550
vn 0.2347 0.9457 0.2250
vn -0.4834 0.7604 -0.4338
vn 0.1231 0.9800 0.1566
vn 0.8772 0.3987 -0.2675
vn 0.8789 0.3610 0.3117
vn -0.0831 0.7448 0.6621
vn 0.7712 0.2506 -0.5852
vn 0.9125 0.1230 0.3901
vn 0.3319 0.4796 -0.8123
vn -0.0607 0.9935 -0.0963
vn -0.0389 0.9800 -0.1950
vn -0.0015 1.0000 0.0017
vn -0.0228 0.4407 0.8974
vn -0.4574 0.1752 -0.8718
vn -0.6246 0.4273 0.6536
vn -0.7621 0.3829 -0.5220
vn -0.2967 0.4350 0.8501
vn 0.1242 0.8718 -0.4738
vn -0.4029 0.4558 0.7937
vn -0.0276 0.9996 0.0105
vn 0.0024 0.9997 -0.0224
vn 0.0422 0.9050 0.4234
vn 0.6303 0.6282 0.4562
vn 0.5962 0.7199 0.3554
vn -0.5992 0.2969 -0.7435
vn 0.2862 0.9247 -0.2511
vn 0.3609 0.4018 0.8416
vn -0.0113 0.9997 -0.0199
vn 0.0954 0.9681 0.2315
vn -0.0054 0.9983 0.0579
vn 0.0020 0.9996 -0.0269
vn 0.0695 0.8171 0.5723
vn -0.4164 0.3934 -0.8197
vn -0.5627 0.7860 0.2559
vn -0.1654 0.2733 -0.9476
vn 0.2916 0.1524 0.9443
vn 0.4528 0.7227 0.5222
vn -0.3617 0.7399 -0.5672
vn 0.8565 0.2876 0.4286
vn 0.6878 0.2155 0.6932
vn -0.1134 0.2388 -0.9644
vn 0.0034 0.9995 0.0320
vn 0.2209 0.6624 0.7159
vn 0.2144 0.8489 -0.4831
vn -0.0750 0.7289 -0.6805
vn 0.0958 0.3856 -0.9177
vn 0.6946 0.7153 0.0766
vn -0.1869 0.5016 -0.8447
vn -0.3882 0.7934 0.4689
vn 0.4871 0.8336 0.2606
vn 0.1038 0.3908 -0.9146
vn 0.7154 0.6166 -0.3287
vn 0.6551 0.6511 0.3833
vn -0.3755 0.6536 -0.6571
vn -0.5817 0.3474 0.7355
vn -0.2897 0.6615 0.6918
vn -0.0943 0.9905 0.0998
vn 0.0602 0.9982 -0.0017
vn 0.0410 0.4823 -0.8750
vn -0.0260 0.9997 -0.0037
vn 0.0748 0.8126 -0.5780
vn 0.4728 0.3096 -0.8250
vn 0.8724 0.2280 0.4325
vn -0.2035 0.4998 -0.8419
vn -0.7071 0.1479 0.6915
vn -0.4396 0.8982 -0.0096
vn -0.2265 0.5705 -0.7895
vn -0.2131 0.4993 -0.8398
vn 0.4835 0.7104 0.5114
vn -0.0114 0.9996 -0.0241
vn 0.4066 0.7779 -0.4791
vn 0.6357 0.4145 0.6512
vn 0.0247 0.9992 -0.0325
vn 0.2429 0.9536 -0.1780
vn 0.1920 0.6846 0.7032
vn -0.6720 0.6937 -0.2590
vn -0.2868 0.7271 0.6238
vn 0.6150 0.4190 0.6680
vn -0.0736 0.2794 -0.9573
vn -0.1516 0.7557 0.6371
vn 0.6472 0.7216 0.2458
vn -0.3774 0.2923 -0.8787
vn -0.9503 0.2720 0.1512
vn 0.2810 0.5461 -0.7892
vn 0.2606 0.9046 -0.3374
vn 0.0493 0.4748 -0.8787
vn 0.3378 0.9004 0.2741
vn -0.0867 0.9962 -0.0083
vn -0.6756 0.7277 -0.1181
vn 0.1880 0.9743 -0.1241
vn -0.7296 0.6557 0.1943
vn -0.1170 0.9029 0.4136
vn -0.6548 0.6289 -0.4193
vn 0.1536 0.9880 -0.0154
vn -0.4945 0.8637 0.0976
vn -0.7270 0.6866 0.0037
vn -0.3425 0.2516 0.9052
vn -0.3487 0.8001 -0.4881
vn -0.5984 0.2249 0.7690
vn 0.2839 0.8504 -0.4430
vn -0.2056 0.9680 0.1442
vn 0.4841 0.8338 0.2653
vn 0.2402 0.8929 0.3809
vn 0.2632 0.9155 0.3042
vn -0.5135 0.5532 0.6560
vn -0.3218 0.1803 0.9295
vn -0.3256 0.6021 0.7290
vn -0.4989 0.8202 0.2800
vn 0.1287 0.9765 -0.1731
vn 0.5296 0.2707 -0.8039
vn 0.5779 0.7858 -0.2204
vn 0.8062 0.3099 0.5040
vn -0.0245 0.9976 -0.0649
vn -0.4482 0.7940 -0.4108
vn -0.4746 0.8773 0.0718
vn 0.6833 0.6987 -0.2120
vn -0.9116 0.3408 -0.2298
vn -0.2875 0.3022 0.9089
vn -0.0389 0.9990 -0.0211
vn -0.4511 0.8885 -0.0847
vn 0.0804 0.5956 -0.7992
vn 0.7611 0.4584 -0.4589
vn 0.5437 0.7508 -0.3750
vn 0.3409 0.9401 0.0090
vn 0.4136 0.9103 -0.0155
vn 0.4107 0.9036 0.1223
vn 0.9183 0.3780 -0.1177
vn 0.1547 0.2793 -0.9477
vn -0.1886 0.3540 -0.9160
vn -0.6633 0.2376 0.7096
vn 0.4903 0.6604 -0.5687
vn 0.3543 0.8485 -0.3930
vn 0.7251 0.6571 0.2062
vn 0.0518 0.9986 0.0092
vn -0.7975 0.4456 0.4068
vn -0.3285 0.9071 0.2632
vn 0.1408 0.3902 -0.9099
vn 0.4052 0.9096 0.0917
vn 0.9492 0.3074 -0.0674
vn -0.2910 0.6928 0.6598
vn 0.8942 0.2598 0.3645
vn 0.2082 0.6300 0.7481
vn 0.4772 0.8683 0.1354
vn -0.0196 0.9995 -0.0261
vn -0.0132 0.9996 -0.0267
vn -0.7062 0.4841 -0.5167
vn -0.3779 0.8536 0.3586
vn 0.1562 0.9824 -0.1021
vn 0.7003 0.5407 -0.4661
vn -0.1078 0.5786 -0.8084
vn 0.9208 0.3641 -0.1400
vn 0.4614 0.5684 -0.6812
vn 0.9378 0.2609 -0.2291
vn 0.4678 0.7963 -0.3836
vn 0.6039 0.6483 -0.4637
vn 0.6430 0.7347 0.2162
vn 0.4592 0.8837 0.0910
vn 0.6946 0.4228 -0.5820
vn 0.1337 0.9385 -0.3185
vn 0.7806 0.6179 -0.0941
vn 0.4051 0.8138 0.4167
vn 0.4830 0.7208 -0.4972
vn -0.4810 0.7863 0.3878
vn -0.1738 0.4036 -0.8983
vn 0.2808 0.3899 0.8770
vn 0.0889 0.8139 0.5742
vn 0.0736 0.9057 -0.4174
vn 0.8071 0.5864 -0.0696
vn 0.0428 0.9978 0.0501
vn 0.7570 0.3959 0.5198
vn -0.0437 0.9990 -0.0097
vn -0.2328 0.7011 -0.6740
vn -0.1983 0.3200 -0.9264
vn -0.2927 0.9493 -0.1146
vn -0.3985 0.9119 0.0977
vn -0.5231 0.8456 -0.1062
vn 0.5495 0.2980 -0.7805
vn 0.2270 0.4818 -0.8464
vn 0.0022 -0.0016 -1.0000
vn 0.3011 0.2825 -0.9108
vn -0.0766 0.2941 0.9527
vn 0.3737 0.6079 0.7006
vn -0.1098 0.8564 -0.5044
vn -0.1598 0.2778 -0.9472
vn 0.5538 0.6608 -0.5067
vn 0.1020 0.9921 0.0730
vn 0.2943 0.5315 0.7943
vn -0.0422 0.9680 0.2476
vn 0.8530 0.3450 0.3915
vn -0.3453 0.7343 -0.5844
vn -0.5202 0.5267 -0.6723
vn 0.6856 0.5903 0.4261
vn 0.8923 0.4455 0.0726
vn 0.3680 0.5107 0.7771
vn 0.1345 0.5776 -0.8052
vn 0.1234 0.2358 0.9639
vn 0.4356 0.4747 0.7648
vn 0.3600 0.7025 -0.6139
vn 0.5910 0.7513 -0.2937
vn -0.4312 0.8022 0.4130
vn -0.4905 0.8047 0.3343
vn -0.2374 0.9133 -0.3310
vn -0.2704 0.9557 -0.1162
vn -0.4417 0.8014 0.4033
vn 0.2942 0.3602 0.8853
vn 0.8550 0.3434 0.3887
vn 0.1414 0.9787 0.1489
vn 0.0300 0.7720 -0.6349
vn 0.0219 0.7974 -0.6031
vn 0.4507 0.8791 -0.1548
vn 0.7871 0.5922 -0.1727
vn 0.0005 0.7468 -0.6651
vn 0.0285 0.9973 0.0679
vn -0.1050 0.8761 -0.4706
vn 0.4746 0.8789 0.0490
vn -0.5663 0.7844 -0.2531
vn -0.7804 0.5963 -0.1881
vn 0.1667 0.4016 0.9005
vn 0.2068 0.4237 0.8819
vn 0.1580 0.2908 0.9436
vn 0.3181 0.9317 0.1753
vn -0.0776 0.5012 -0.8618
vn 0.7438 0.2948 -0.5998
vn 0.9794 0.1251 0.1583
vn -0.6788 0.6113 0.4069
vn 0.5391 0.7754 0.3288
vn 0.1673 0.5543 -0.8153
vn -0.4539 0.2995 -0.8392
vn -0.6174 0.7378 -0.2731
vn -0.4319 0.7148 -0.5500
vn 0.4873 0.8696 0.0790
vn 0.3112 0.9054 0.2889
vn 0.2279 0.9164 0.3290
vn -0.5377 0.2608 0.8018
vn 0.9376 0.2367 0.2548
vn -0.6169 0.2360 0.7508
vn 0.3943 0.8848 -0.2483
vn 0.4337 0.8948 -0.1064
vn -0.5279 0.5000 0.6865
vn -0.2601 0.9637 0.0598
vn -0.3890 0.8472 -0.3619
vn 0.4456 0.8362 0.3197
vn 0.4365 0.8517 0.2900
vn 0.6279 0.5758 -0.5237
vn 0.2729 0.8065 -0.5245
vn 0.9194 0.3814 -0.0962
vn 0.3344 0.4895 -0.8053
vn -0.8091 0.5106 -0.2909
vn -0.6209 0.2487 0.7434
vn -0.7843 0.4366 0.4407
vn -0.1036 0.5494 -0.8291
vn -0.1883 0.8931 -0.4086
vn -0.5284 0.5177 0.6729
vn 0.0450 0.9978 0.0492
vn -0.0052 0.9995 -0.0304
vn -0.4398 0.8824 -0.1671
vn 0.8511 0.2272 -0.4732
vn 0.0320 0.3082 0.9508
vn -0.1455 0.6990 -0.7001
vn 0.4258 0.9025 0.0649
vn -0.9487 0.3141 -0.0373
vn -0.5076 0.5734 -0.6431
vn -0.0411 0.8762 -0.4802
vn 0.8654 0.1529 -0.4772
vn -0.7764 0.6157 0.1342
vn -0.1697 0.6932 -0.7005
vn 0.7230 0.6791 0.1266
vn -0.3067 0.4021 0.8627
vn -0.1761 0.9412 0.2884
vn -0.4088 0.6303 -0.6600
vn -0.0081 0.9998 -0.0155
vn 0.0782 0.7108 0.6990
vn -0.3810 0.2618 -0.8867
vn -0.4300 0.7401 0.5170
vn -0.8341 0.5273 0.1618
vn -0.1965 0.3589 -0.9125
vn 0.3976 0.9158 -0.0570
vn 0.0467 0.9981 0.0404
vn -0.8647 0.4258 -0.2664
vn 0.8417 0.5262 0.1211
vn -0.1207 0.2877 -0.9501
vn -0.2689 0.6018 -0.7520
vn -0.1841 0.3836 -0.9050
vn 0.1100 0.1108 0.9877
vn -0.2561 0.3748 -0.8910
vn -0.8990 0.3065 -0.3127
vn 0.7304 0.3929 -0.5587
vn 0.2831 0.4834 -0.8284
vn 0.0127 0.8504 -0.5260
vn 0.2902 0.7868 0.5447
vn 0.4437 0.7499 0.4906
vn 0.2091 0.9595 -0.1890
vn -0.3798 0.7537 -0.5365
vn -0.7279 0.5547 0.4030
vn -0.8706 0.4456 -0.2083
vn 0.1928 0.5469 -0.8147
vn 0.7052 0.5755 -0.4141
vn -0.0125 0.9995 -0.0278
vn 0.3878 0.6755 0.6271
vn -0.6924 0.3970 0.6025
vn -0.7742 0.4420 0.4531
vn 0.3201 0.4984 -0.8057
vn -0.0437 0.3385 0.9399
vn 0.1042 0.9748 -0.1974
vn -0.7463 0.4902 0.4501
vn -0.4298 0.8612 -0.2713
vn -0.1702 0.9418 0.2900
vn -0.3965 0.6286 -0.6691
vn -0.1693 0.7302 0.6619
vn 0.2633 0.6754 0.6888
vn -0.4220 0.8401 -0.3407
vn 0.5587 0.7904 -0.2514
vn 0.7799 0.5228 0.3441
vn 0.7048 0.1693 -0.6889
vn -0.7380 0.6161 -0.2752
vn 0.7863 0.2506 -0.5648
vn 0.9663 0.2564 0.0228
vn 0.5728 0.2764 0.7717
vn 0.5032 0.4594 0.7319
vn -0.5313 0.7684 -0.3569
vn -0.0463 0.8386 -0.5428
vn 0.1790 0.8942 0.4104
vn 0.8401 0.5357 -0.0854
vn 0.3794 0.9250 0.0217
vn 0.7632 0.2284 -0.6045
vn 0.3700 0.2865 0.8838
vn -0.3888 0.8614 0.3269
vn 0.0970 0.9809 -0.1685
vn 0.0622 0.9740 0.2180
vn 0.8012 0.5855 0.1235
vn 0.6098 0.5902 -0.5290
vn 0.5790 0.6858 0.4410
vn -0.5356 0.3205 -0.7813
vn -0.7774 0.4008 0.4847
vn 0.7498 0.6585 0.0649
vn 0.0391 0.4059 -0.9131
vn 0.2936 0.0872 0.9519
vn 0.0556 0.5153 0.8552
vn 0.8517 0.4469 -0.2738
vn 0.7031 0.5766 -0.4161
vn -0.4099 0.8691 -0.2770
vn 0.0551 0.9042 0.4236
vn 0.4982 0.6685 -0.5522
vn 0.3140 0.9389 0.1412
vn -0.6003 0.5900 -0.5400
vn -0.4904 0.5614 0.6666
vn -0.3348 0.6179 -0.7114
vn 0.6150 0.3270 0.7175
vn 0.0825 0.5996 0.7960
vn 0.5373 0.7750 0.3328
vn 0.5309 0.8010 0.2767
vn -0.0413 0.7483 -0.6621
vn -0.0139 0.5440 -0.8390
vn -0.3930 0.9155 -0.0862
vn 0.8673 0.4775 0.1406
vn 0.7921 0.3950 0.4654
vn -0.1845 0.2312 -0.9552
vn 0.0129 0.9934 -0.1143
vn 0.2276 0.3562 -0.9063
vn 0.8919 0.4415 -0.0980
vn 0.2377 0.6871 -0.6866
vn 0.3770 0.4567 0.8058
vn 0.1239 0.8386 0.5305
vn 0.0326 0.7643 0.6440
vn 0.8054 0.3393 -0.4860
vn 0.5827 0.3699 0.7236
vn 0.5228 0.5861 -0.6190
vn -0.0435 0.9987 -0.0254
vn -0.4884 0.7740 -0.4030
vn -0.5055 0.8211 -0.2649
vn 0.7845 0.5223 0.3341
vn 0.8831 0.3542 0.3076
vn 0.8645 0.3941 0.3118
vn -0.0155 0.9203 -0.3909
vn 0.1274 0.5092 0.8512
vn 0.3447 0.5409 -0.7672
vn -0.3289 0.4678 -0.8204
vn 0.4627 0.8864 -0.0126
vn 0.6178 0.7559 -0.2166
vn 0.8392 0.2525 0.4817
vn -0.3418 0.7042 -0.6223
vn -0.6512 0.7062 0.2780
vn 0.4369 0.4045 -0.8034
vn -0.4097 0.1961 -0.8909
vn 0.3965 0.6007 0.6942
vn -0.1513 0.9726 -0.1767
vn 0.3549 0.2870 -0.8897
vn 0.3667 0.3872 0.8459
vn 0.1678 0.9806 0.1012
vn 0.3143 0.2427 -0.9178
vn -0.6585 0.2379 0.7140
vn 0.7440 0.4691 -0.4758
vn 0.2036 0.9448 -0.2568
vn 0.0213 0.9244 0.3809
vn -0.3013 0.8781 -0.3716
vn -0.4988 0.4826 -0.7200
vn -0.4014 0.6425 -0.6528
vn -0.4118 0.9022 -0.1283
vn -0.2189 0.9662 0.1362
vn -0.6348 0.1146 0.7641
vn 0.3391 0.7897 0.5112
vn 0.4785 0.5647 -0.6725
vn -0.2743 0.9603 -0.0512
vn 0.6492 0.5169 -0.5580
vn -0.7489 0.4258 0.5077
vn 0.6638 0.3879 -0.6395
vn 0.0038 0.9683 -0.2496
vn -0.0465 0.8700 -0.4909
vn 0.5986 0.7324 -0.3245
vn -0.1299 0.7951 0.5924
vn 0.0099 0.5642 0.8256
vn -0.6499 0.6599 -0.3770
vn -0.6495 0.6631 -0.3720
vn -0.9326 0.3104 0.1839
vn -0.8142 0.2352 0.5308
vn -0.1099 0.8976 0.4270
vn 0.1335 0.6638 -0.7359
vn 0.3481 0.5416 -0.7652
vn 0.5271 0.7941 0.3026
vn 0.1006 0.9917 0.0804
vn 0.0774 0.4588 -0.8852
vn 0.7680 0.4881 -0.4147
vn 0.3604 0.4717 0.8048
vn 0.0850 0.3671 -0.9263
vn -0.2820 0.7527 0.5949
vn -0.0213 0.9940 -0.1073
vn -0.6123 0.3228 -0.7217
vn 0.1858 0.9247 -0.3323
vn -0.2503 0.9638 0.0922
vn -0.3891 0.8575 -0.3367
vn 0.3813 0.7115 -0.5903
vn 0.8143 0.5800 0.0233
vn 0.5191 0.6003 0.6084
vn 0.0318 0.9498 0.3112
vn 0.3922 0.7327 0.5562
vn -0.1519 0.9661 0.2089
vn 0.1091 0.8691 0.4824
vn 0.9034 0.4273 -0.0362
vn -0.9444 0.3017 0.1310
vn -0.1015 0.3737 -0.9220
vn 0.7400 0.6604 -0.1274
vn 0.0461 0.5062 -0.8612
vn 0.6564 0.3964 0.6419
vn -0.0212 0.9998 -0.0011
vn -0.7500 0.6530 -0.1050
vn -0.6322 0.7464 -0.2077
vn -0.6347 0.7225 -0.2742
vn 0.7318 0.4699 0.4936
vn 0.9027 0.4148 0.1142
vn 0.8418 0.4157 0.3444
vn 0.9226 0.2250 -0.3133
vn -0.2101 0.8611 -0.4629
vn 0.0637 0.9971 0.0408
vn -0.9492 0.2714 -0.1591
vn 0.4616 0.3408 -0.8190
vn 0.2816 0.3029 0.9105
vn 0.2990 0.3956 0.8684
vn 0.8423 0.4769 -0.2513
vn 0.8366 0.4160 -0.3565
vn 0.6145 0.2834 0.7363
vn 0.6616 0.5523 0.5073
vn -0.1290 0.3727 -0.9189
vn 0.7231 0.1840 0.6658
vn 0.3798 0.6764 0.6311
vn 0.4030 0.3253 0.8555
vn 0.4058 0.3355 0.8502
vn 0.8083 0.5884 -0.0192
vn 0.6205 0.5231 0.5843
vn 0.3253 0.9193 -0.2216
vn -0.7063 0.6887 -0.1640
vn -0.3299 0.4647 -0.8217
vn 0.7895 0.6095 -0.0719
vn 0.8830 0.2091 0.4203
vn 0.4921 0.8704 0.0117
vn -0.8857 0.1853 -0.4256
vn -0.8381 0.1275 0.5305
vn 0.6963 0.4621 0.5492
vn 0.8585 0.2467 -0.4496
vn -0.2518 0.9542 0.1614
vn -0.0789 0.3891 0.9178
vn 0.6751 0.5028 0.5398
vn 0.6182 0.4320 0.6566
vn -0.2115 0.2961 -0.9314
vn -0.5591 0.7603 0.3308
vn 0.8686 0.4434 -0.2214
vn -0.3631 0.9153 0.1742
vn 0.4723 0.3903 0.7903
vn 0.4601 0.8075 -0.3692
vn 0.4893 0.5416 -0.6836
vn -0.4227 0.4099 -0.8083
vn 0.6610 0.5144 0.5463
vn -0.3022 0.8668 0.3966
vn 0.5301 0.3745 -0.7608
vn -0.0656 0.9890 0.1327
vn -0.6472 0.5563 0.5212
vn 0.9594 0.2509 0.1285
vn 0.7440 0.5624 0.3608
vn -0.3912 0.9028 0.1787
vn 0.0549 0.9946 -0.0878
vn -0.8991 0.3527 -0.2591
vn -0.6097 0.7791 -0.1457
vn 0.8868 0.4610 0.0328
vn 0.2422 0.8171 0.5231
vn 0.9692 0.2202 -0.1108
vn 0.6223 0.4928 -0.6082
vn 0.5499 0.1871 -0.8140
vn -0.5271 0.4598 0.7147
vn 0.5451 0.7755 -0.3186
vn -0.7720 0.4569 -0.4418
vn 0.8943 0.2757 0.3525
vn -0.0054 0.2138 0.9769
vn 0.2265 0.8680 -0.4419
vn -0.7235 0.6665 0.1796
vn -0.7847 0.6181 -0.0468
vn 0.8380 0.5383 0.0897
vn 0.0753 0.6671 0.7412
vn 0.8069 0.5685 -0.1603
vn -0.4990 0.5050 -0.7043
vn -0.3712 0.3150 0.8735
vn -0.6553 0.5554 -0.5120
vn 0.1032 0.9621 -0.2524
vn -0.6046 0.7420 -0.2898
vn 0.5743 0.8114 -0.1086
vn 0.7323 0.2296 -0.6411
vn 0.9654 0.2038 -0.1624
vn 0.3074 0.4471 0.8400
vn -0.7309 0.4287 -0.5310
vn 0.9142 0.2466 -0.3215
vn -0.1411 0.4732 -0.8696
vn -0.8707 0.2445 0.4267
vn -0.2813 0.5109 -0.8123
vn 0.6842 0.4495 -0.5743
vn -0.1770 0.9729 0.1488
vn 0.8489 0.3812 0.3661
vn 0.8908 0.2589 -0.3735
vn -0.7299 0.6727 -0.1210
vn -0.7432 0.3195 -0.5879
vn 0.7892 0.1917 0.5834
vn 0.7430 0.2552 0.6187
vn 0.4058 0.4487 -0.7962
vn -0.2480 0.8035 0.5411
vn -0.5790 0.6651 0.4716
vn -0.5149 0.8374 0.1835
vn -0.2502 0.7703 -0.5865
vn -0.1786 0.9199 -0.3492
vn -0.3500 0.9078 -0.2311
vn -0.1372 0.4034 -0.9047
vn 0.7397 0.5761 -0.3479
vn 0.8298 0.3172 0.4592
vn 0.1030 0.3340 0.9369
vn -0.4116 0.8159 0.4060
vn -0.8071 0.4933 0.3244
vn 0.9093 0.3880 -0.1502
vn 0.3116 0.8978 -0.3112
vn -0.7758 0.6289 -0.0512
vn -0.1676 0.7093 0.6847
vn -0.1309 0.9617 -0.2408
vn -0.1118 0.9169 -0.3832
vn -0.3975 0.6726 -0.6241
vn 0.3654 0.6122 0.7011
vn 0.7537 0.6535 -0.0695
vn 0.5109 0.5980 0.6176
vn 0.5246 0.5547 0.6458
vn -0.4845 0.5135 -0.7082
vn 0.6214 0.5487 0.5593
vn -0.2818 0.8684 0.4079
vn 0.7022 0.1989 0.6836
vn -0.0301 0.9038 -0.4269
vn -0.7389 0.6186 0.2673
vn -0.3243 0.6650 -0.6727
vn -0.6969 0.6644 0.2700
vn -0.2744 0.3035 -0.9125
vn -0.3200 0.2849 0.9036
vn 0.3033 0.3518 -0.8856
vn -0.4333 0.3513 -0.8300
vn -0.1909 0.1822 -0.9646
vn -0.0538 0.9938 0.0973
vn -0.0257 0.4589 -0.8881
vn 0.3673 0.3797 0.8491
vn 0.5226 0.8288 0.1999
vn 0.5589 0.7198 0.4118
vn 0.6693 0.2650 -0.6941
vn 0.9188 0.3706 -0.1357
vn -0.7895 0.4481 0.4195
vn -0.9254 0.3225 -0.1992
vn -0.4126 0.8687 0.2743
vn -0.3672 0.4994 -0.7847
vn 0.2407 0.3346 -0.9111
vn 0.1073 0.7776 0.6196
vn -0.6913 0.2857 0.6637
vn 0.4177 0.6300 0.6546
vn -0.1267 0.9489 0.2891
vn 0.3074 0.8586 0.4102
vn -0.7902 0.5395 -0.2908
vn 0.6786 0.6193 0.3949
vn 0.5474 0.7879 -0.2821
vn 0.4494 0.2383 -0.8610
vn 0.3913 0.6385 -0.6627
vn -0.6709 0.5395 0.5088
vn -0.5042 0.4802 0.7178
vn 0.1563 0.3775 -0.9127
vn -0.3034 0.3943 0.8675
vn -0.2144 0.3396 0.9158
vn -0.1293 0.4326 -0.8923
vn 0.2012 0.7691 0.6066
vn -0.4679 0.8098 -0.3538
vn -0.3383 0.9240 -0.1783
vn 0.1219 0.2256 -0.9666
vn -0.9267 0.2959 -0.2317
vn -0.8245 0.2954 -0.4826
vn -0.3194 0.9475 0.0124
vn 0.8315 0.4503 0.3254
vn 0.5607 0.8258 0.0609
vn 0.4980 0.8304 0.2498
vn -0.4118 0.2873 0.8648
vn -0.6275 0.3116 0.7136
vn -0.9282 0.3485 -0.1304
vn 0.0327 0.9512 -0.3068
vn -0.1197 0.9792 0.1638
vn 0.4757 0.2059 -0.8552
vn 0.9476 0.2532 -0.1946
vn -0.5541 0.7074 -0.4388
vn -0.7105 0.6411 0.2900
vn -0.8072 0.5862 0.0686
vn 0.6854 0.4490 -0.5733
vn 0.7530 0.3480 -0.5585
vn 0.5447 0.8318 -0.1067
vn -0.7248 0.6878 0.0401
vn -0.5505 0.8038 0.2256
vn -0.5518 0.2930 0.7808
vn -0.2246 0.4345 -0.8722
vn -0.0749 0.8975 -0.4346
vn 0.7871 0.6157 0.0361
vn 0.8397 0.5375 0.0772
vn 0.5753 0.7932 -0.1997
vn 0.2591 0.6882 0.6777
vn 0.6572 0.6337 0.4081
vn 0.7608 0.4992 -0.4148
vn -0.7748 0.2660 -0.5735
vn -0.8382 0.5453 -0.0070
vn -0.8248 0.3653 -0.4316
vn -0.0832 0.9703 -0.2272
vn -0.1603 0.6041 0.7806
vn 0.2804 0.9575 0.0671
vn -0.7503 0.2298 -0.6199
vn -0.6055 0.2358 0.7601
vn 0.0674 0.9932 -0.0946
vn -0.7765 0.4724 -0.4169
vn -0.6237 0.4581 0.6333
vn 0.6092 0.7924 0.0314
vn 0.1680 0.8630 -0.4764
vn 0.9873 0.1428 0.0700
vn 0.5867 0.7911 -0.1734
vn 0.2639 0.6822 0.6819
vn 0.5090 0.6365 0.5794
vn -0.5671 0.2968 0.7683
vn -0.5650 0.4163 -0.7124
vn -0.0646 0.4774 0.8763
vn 0.5915 0.7891 -0.1654
vn -0.8037 0.4587 -0.3791
vn 0.8373 0.4492 -0.3117
vn 0.8360 0.4649 0.2913
vn -0.6382 0.7366 0.2237
vn -0.6856 0.6280 -0.3683
vn 0.3446 0.6423 -0.6846
vn -0.7351 0.6318 0.2458
vn -0.8177 0.3653 -0.4449
vn -0.8434 0.5031 0.1885
vn -0.1618 0.9861 0.0391
vn -0.0557 0.9707 -0.2337
vn 0.4698 0.2076 -0.8580
vn -0.4492 0.2786 0.8489
vn -0.9648 0.2467 0.0914
vn -0.1111 0.6240 0.7735
vn -0.2639 0.7760 0.5729
vn 0.0892 0.8270 0.5550
vn -0.0233 0.8902 -0.4551
vn 0.7799 0.6135 0.1241
vn 0.8208 0.5152 -0.2468
vn 0.7253 0.4137 0.5503
vn 0.4725 0.3087 0.8255
vn 0.2995 0.7628 0.5731
vn 0.5901 0.6799 -0.4353
vn -0.7059 0.3047 0.6395
vn -0.4979 0.8293 -0.2538
vn -0.3336 0.7575 -0.5611
vn -0.0930 0.4642 -0.8808
vn 0.0229 0.7174 -0.6963
vn 0.9232 0.2863 -0.2564
vn 0.2284 0.4781 0.8481
vn -0.7496 0.6556 0.0908
vn -0.9515 0.2219 0.2131
vn 0.8862 0.3883 -0.2527
vn 0.6887 0.6703 -0.2763
vn 0.1982 0.2456 -0.9489
vn 0.3598 0.5995 -0.7149
vn 0.3814 0.6637 -0.6434
vn -0.4738 0.8337 0.2837
vn -0.5935 0.7721 0.2273
vn -0.4524 0.8275 0.3325
vn -0.0998 0.9921 -0.0764
vn 0.2153 0.7673 -0.6041
vn 0.9176 0.3697 -0.1461
vn 0.4829 0.4393 -0.7575
vn 0.0302 0.2681 0.9629
vn 0.1842 0.6608 0.7276
vn -0.2014 0.7311 0.6518
vn 0.3832 0.3137 0.8687
vn -0.0000 0.5933 -0.8050
vn -0.0445 0.6915 0.7210
vn 0.4087 0.9027 -0.1343
vn 0.3246 0.9440 0.0601
vn 0.0208 0.4382 0.8986
vn -0.4310 0.6814 0.5915
vn 0.2053 0.7504 0.6283
vn 0.0632 0.4249 0.9030
vn -0.1471 0.7015 0.6974
vn -0.8470 0.2833 0.4499
vn -0.9443 0.2694 0.1891
vn -0.8111 0.2223 0.5410
vn -0.4633 0.5669 0.6812
vn 0.0760 0.3261 0.9423
vn 0.8095 0.5389 0.2330
vn -0.4115 0.6901 -0.5954
vn 0.0710 0.7556 0.6512
vn 0.0058 0.4417 0.8971
vn -0.0505 0.6159 0.7862
vn -0.3682 0.9163 0.1578
vn 0.9046 0.4250 -0.0330
vn 0.3911 0.2440 -0.8874
vn -0.4197 0.7073 -0.5688
vn -0.8745 0.3291 -0.3563
vn 0.3586 0.9003 -0.2467
vn -0.6946 0.3149 0.6468
vn 0.8525 0.4443 0.2754
vn -0.4083 0.6899 -0.5977
vn 0.7020 0.6461 -0.2996
vn 0.4091 0.8997 -0.1518
vn -0.6118 0.7427 0.2723
vn 0.5689 0.7073 -0.4195
vn -0.3946 0.8165 -0.4214
vn -0.6035 0.6317 0.4866
vn -0.8694 0.4779 0.1252
vn -0.4181 0.1741 -0.8916
vn 0.7888 0.5332 0.3058
vn -0.8423 0.4622 -0.2772
vn -0.6448 0.7281 0.2325
vn -0.7130 0.4197 -0.5617
vn -0.2305 0.9683 -0.0966
vn -0.4213 0.8714 0.2514
vn -0.2161 0.8219 -0.5271
vn 0.1004 0.8621 -0.4967
vn 0.7020 0.5391 0.4654
vn 0.2124 0.4586 -0.8629
vn 0.4257 0.7201 0.5480
vn -0.8737 0.4857 -0.0271
vn -0.0065 1.0000 0.0025
vn -0.3310 0.1317 -0.9344
vn 0.1440 0.3310 0.9326
vn -0.7664 0.4313 0.4761
vn -0.0969 0.9861 0.1351
vn 0.4942 0.7785 -0.3869
vn 0.0297 0.9228 -0.3842
vn -0.6498 0.7600 0.0135
vn 0.1339 0.7031 -0.6984
vn -0.5851 0.7242 -0.3648
vn 0.1635 0.7862 -0.5959
vn -0.6723 0.3943 -0.6265
vn -0.5180 0.4319 0.7383
vn 0.5761 0.5554 -0.5997
vn 0.3893 0.7096 0.5873
vn -0.4530 0.4091 -0.7921
vn -0.7367 0.2265 -0.6372
vn -0.9737 0.2280 0.0048
vn -0.7202 0.4782 0.5026
vn -0.4032 0.8966 -0.1831
vn -0.3263 0.7577 0.5652
vn 0.5179 0.3803 0.7663
vn 0.5199 0.7692 -0.3714
vn -0.8404 0.3310 -0.4292
vn -0.8027 0.5919 -0.0733
vn 0.7572 0.5173 0.3988
vn 0.7212 0.5806 -0.3779
vn 0.3865 0.2862 0.8768
vn 0.9653 0.2609 -0.0135
vn -0.5541 0.8132 0.1778
vn -0.8794 0.4761 -0.0026
vn 0.0088 1.0000 -0.0017
vn -0.0200 0.9665 -0.2559
vn -0.7004 0.5319 -0.4759
vn 0.9180 0.3950 -0.0346
vn 0.3074 0.6474 0.6974
vn 0.7257 0.2985 0.6199
vn 0.5277 0.7619 -0.3756
vn -0.4289 0.6410 -0.6365
vn 0.9380 0.2742 -0.2120
vn 0.9370 0.3114 0.1580
vn -0.7133 0.4328 0.5513
vn -0.7370 0.5642 0.3722
vn -0.7703 0.5674 0.2910
vn -0.8108 0.5071 0.2923
vn 0.8931 0.4221 -0.1557
vn 0.1062 0.4087 -0.9065
vn -0.8555 0.1606 0.4923
vn -0.7900 0.4787 -0.3830
vn 0.9689 0.2219 -0.1098
vn -0.5037 0.6831 -0.5288
vn -0.3225 0.8779 0.3540
vn 0.1863 0.4576 -0.8694
vn 0.7852 0.5726 0.2358
vn 0.1249 0.9341 0.3344
vn 0.3680 0.9293 -0.0313
vn 0.4010 0.6726 -0.6219
vn -0.7390 0.6238 -0.2544
vn -0.8680 0.3136 0.3850
vn -0.3052 0.3367 -0.8908
vn -0.1063 0.9844 0.1402
vn 0.4068 0.9127 0.0394
vn 0.7720 0.3371 -0.5389
vn 0.8291 0.5490 -0.1057
vn -0.0196 0.9997 0.0134
vn 0.2721 0.5150 -0.8129
vn 0.1516 0.6124 0.7759
vn 0.4782 0.5206 -0.7073
vn 0.7160 0.6943 -0.0732
vn -0.0005 0.1993 -0.9799
vn -0.8407 0.4446 0.3091
vn -0.7053 0.4143 0.5753
vn -0.6185 0.3945 -0.6795
vn -0.1544 0.9857 0.0681
vn 0.1363 0.6595 -0.7393
vn -0.1695 0.6956 0.6981
vn 0.8079 0.5161 -0.2845
vn 0.2688 0.6922 -0.6698
vn 0.1560 0.6126 0.7748
vn -0.0339 0.5821 -0.8124
vn 0.8068 0.5905 -0.0173
vn -0.3241 0.7859 0.5266
vn -0.7793 0.3264 -0.5349
vn 0.4101 0.9055 0.1092
vn 0.9484 0.3094 0.0693
vn -0.5193 0.7656 -0.3798
vn -0.5731 0.6521 0.4963
vn -0.1953 0.9787 0.0634
vn -0.5361 0.4352 0.7234
vn 0.0853 0.9606 0.2646
vn 0.2503 0.2105 -0.9450
vn 0.9641 0.2644 -0.0230
vn 0.9146 0.3355 -0.2256
vn 0.8421 0.2187 0.4930
vn 0.3438 0.8169 -0.4632
vn 0.2970 0.4930 0.8178
vn 0.8840 0.1079 -0.4548
vn 0.2352 0.9668 -0.1003
vn 0.3573 0.8744 -0.3283
vn 0.3936 0.7075 0.5870
vn -0.4084 0.3530 -0.8418
vn -0.6713 0.5673 0.4770
vn -0.0473 0.6127 0.7889
vn -0.7557 0.6485 0.0915
vn -0.9489 0.3137 0.0333
vn -0.6552 0.2323 0.7188
vn 0.4206 0.1653 -0.8921
vn 0.3635 0.6926 0.6230
vn 0.2097 0.3351 -0.9185
vn 0.4379 0.8896 -0.1299
vn 0.2833 0.6954 -0.6604
vn -0.2216 0.4487 0.8658
vn -0.1943 0.1722 -0.9657
vn 0.0100 0.3617 -0.9322
vn 0.6461 0.2105 0.7336
vn 0.4549 0.6941 -0.5580
vn 0.6102 0.7867 0.0939
vn 0.3997 0.8588 -0.3205
vn 0.9897 0.1434 -0.0015
vn 0.6411 0.6908 0.3343
vn 0.6704 0.6934 0.2640
vn 0.1566 0.9234 0.3504
vn -0.1620 0.8473 0.5057
vn -0.5328 0.5557 -0.6382
vn -0.6451 0.7074 0.2888
vn 0.7959 0.5773 -0.1822
vn 0.5642 0.2865 0.7743
vn 0.3091 0.8522 -0.4222
vn -0.0412 0.9968 0.0685
vn -0.0003 0.9998 0.0180
vn -0.1547 0.5409 -0.8267
vn 0.0813 0.3697 0.9256
vn -0.6281 0.4458 0.6377
vn 0.5423 0.4951 -0.6788
vn 0.7516 0.6479 0.1239
vn 0.6459 0.6204 -0.4449
vn -0.6763 0.5163 0.5254
vn -0.1974 0.7561 -0.6240
vn 0.4454 0.5862 -0.6768
vn -0.6943 0.2385 -0.6791
vn 0.3036 0.2442 0.9210
vn -0.1846 0.5436 -0.8188
vn 0.1405 0.9171 0.3731
vn -0.0032 0.9991 -0.0432
vn 0.2147 0.4639 0.8595
vn 0.0302 0.8294 0.5579
vn 0.3993 0.7165 0.5720
vn 0.6307 0.6778 -0.3779
vn 0.0141 0.4467 -0.8946
vn 0.1221 0.9227 0.3656
vn 0.2909 0.9548 -0.0603
vn 0.5565 0.5736 -0.6011
vn 0.4867 0.6792 0.5494
vn -0.1233 0.9921 0.0233
vn -0.6812 0.5665 0.4637
vn 0.4282 0.2882 0.8565
vn 0.0313 0.9963 0.0798
vn -0.1384 0.9808 0.1377
vn -0.2789 0.9099 -0.3070
vn -0.9674 0.2096 0.1422
vn 0.8072 0.5853 0.0763
vn -0.5804 0.1888 -0.7921
vn -0.8445 0.2582 0.4692
vn -0.0842 0.2862 0.9545
vn -0.0395 0.6691 -0.7421
vn 0.4541 0.8893 -0.0543
vn 0.3437 0.1427 0.9282
vn 0.1055 0.5140 0.8513
vn 0.4671 0.8611 0.2008
vn 0.8666 0.4698 -0.1684
vn -0.1018 0.9926 -0.0669
vn -0.0060 0.8512 0.5248
vn -0.5259 0.8384 0.1429
vn 0.3796 0.1628 -0.9107
vn -0.0647 0.1890 0.9798
vn 0.2475 0.7646 0.5950
vn -0.0890 0.6343 -0.7680
vn -0.2611 0.3829 -0.8861
vn -0.7936 0.6041 0.0726
vn -0.9018 0.4278 0.0616
vn -0.7123 0.4871 -0.5053
vn -0.7774 0.5326 -0.3348
vn 0.8817 0.3852 0.2726
vn 0.0368 0.1971 0.9797
vn -0.0930 0.9511 0.2947
vn 0.6262 0.7767 -0.0677
vn -0.0419 0.1940 0.9801
vn -0.9282 0.2904 0.2325
vn 0.0819 0.1344 -0.9875
vn -0.3897 0.9173 -0.0816
vn 0.1944 0.9671 -0.1638
vn 0.1497 0.4061 -0.9015
vn 0.7487 0.4407 -0.4952
vn 0.6352 0.7576 0.1502
vn 0.6503 0.4109 0.6389
vn 0.8431 0.4151 0.3420
vn -0.8079 0.5628 -0.1750
vn -0.6800 0.3838 -0.6248
vn 0.8668 0.4986 0.0054
vn -0.2040 0.9761 0.0754
vn -0.9325 0.1948 -0.3042
vn -0.8937 0.1920 -0.4056
vn -0.8255 0.3611 -0.4337
vn -0.3622 0.8723 0.3286
vn -0.1649 0.8086 -0.5647
vn 0.5675 0.6762 -0.4697
vn -0.2519 0.6342 0.7310
vn 0.0430 0.3125 -0.9490
vn -0.9197 0.3789 -0.1024
vn -0.6103 0.3507 0.7103
vn -0.0179 0.9997 0.0155
vn 0.6672 0.6969 -0.2632
vn -0.6844 0.7247 0.0798
vn -0.8804 0.3884 -0.2723
vn -0.2967 0.9545 0.0293
vn 0.2999 0.3284 0.8957
vn 0.6217 0.4130 -0.6656
vn 0.6076 0.3882 -0.6929
vn 0.2918 0.5613 0.7745
vn -0.8624 0.4477 0.2364
vn 0.0619 0.5733 0.8170
vn 0.0185 0.3607 -0.9325
vn -0.8535 0.2223 -0.4714
vn 0.8566 0.5122 -0.0620
vn -0.5803 0.8003 0.1506
vn -0.5751 0.7755 0.2606
vn 0.6189 0.6886 -0.3778
vn -0.1500 0.7454 0.6495
vn -0.1936 0.9811 -0.0063
vn 0.5850 0.5523 -0.5939
vn 0.7796 0.4888 -0.3915
vn 0.2830 0.8903 -0.3566
vn 0.9034 0.4140 -0.1117
vn 0.6041 0.4439 -0.6618
vn 0.4412 0.8456 -0.3005
vn -0.1915 0.8423 -0.5038
vn -0.4278 0.8427 0.3270
vn 0.6712 0.6977 -0.2504
vn -0.7018 0.2072 0.6816
vn -0.7941 0.3279 0.5118
vn -0.7786 0.5313 -0.3338
vn 0.1514 0.5421 0.8265
vn 0.2207 0.8783 0.4242
vn 0.4116 0.8478 -0.3345
vn 0.6060 0.7902 -0.0916
vn -0.0950 0.7778 0.6213
vn 0.6226 0.7595 -0.1885
vn 0.2681 0.6795 -0.6829
vn 0.3710 0.6770 0.6356
vn 0.4257 0.5137 -0.7449
vn -0.8892 0.2821 -0.3601
vn 0.7835 0.6179 -0.0655
vn 0.5778 0.8135 -0.0657
vn 0.2067 0.4959 0.8434
vn 0.6059 0.5452 -0.5793
vn 0.9195 0.3004 -0.2535
vn 0.9614 0.2483 -0.1186
vn 0.9060 0.3853 0.1753
vn 0.4698 0.6812 0.5615
vn -0.8732 0.4657 -0.1440
vn -0.5915 0.6243 0.5103
vn -0.4005 0.5451 0.7365
vn -0.0675 0.9223 0.3806
vn 0.4367 0.8994 0.0186
vn 0.1375 0.7407 -0.6576
vn -0.1576 0.9856 -0.0621
vn -0.6930 0.6466 0.3187
vn -0.4599 0.4959 -0.7366
vn -0.4636 0.3755 0.8025
vn -0.8005 0.5105 -0.3139
vn -0.7255 0.6210 0.2968
vn -0.7082 0.6081 0.3587
vn 0.6967 0.6611 -0.2785
vn -0.5062 0.4435 -0.7397
vn 0.7758 0.4015 0.4867
vn 0.8810 0.3224 -0.3462
vn 0.5734 0.5290 -0.6256
vn 0.3447 0.7834 0.5172
vn -0.4480 0.2646 0.8540
vn -0.0409 0.9421 0.3329
vn 0.6224 0.7462 0.2362
vn -0.1639 0.2045 -0.9651
vn -0.4585 0.1735 0.8716
vn 0.2254 0.8796 0.4189
vn 0.3282 0.4908 -0.8071
vn 0.4855 0.3453 0.8032
vn 0.9158 0.4014 0.0110
vn -0.7319 0.6775 -0.0732
vn -0.9124 0.3573 -0.1994
vn -0.1648 0.9617 -0.2192
vn 0.1134 0.9336 0.3400
vn -0.5966 0.7955 -0.1058
vn 0.8696 0.4933 0.0211
vn -0.5352 0.7747 -0.3367
vn -0.9356 0.1930 0.2957
vn -0.3349 0.6588 0.6736
vn -0.1624 0.5182 -0.8397
vn 0.4246 0.7103 0.5615
vn -0.6710 0.6664 -0.3250
vn 0.5739 0.4557 -0.6804
vn -0.7521 0.2678 -0.6021
vn -0.5467 0.2317 0.8046
vn -0.2429 0.5648 0.7886
vn -0.5412 0.7711 0.3355
vn -0.5495 0.7973 -0.2496
vn -0.5903 0.6691 -0.4514
vn 0.7523 0.3166 -0.5777
vn -0.1706 0.9346 -0.3120
vn -0.3543 0.5252 -0.7737
vn -0.3221 0.7843 0.5303
vn 0.9101 0.4144 0.0057
vn 0.0724 0.6926 -0.7176
vn 0.8603 0.2912 -0.4185
vn 0.4650 0.4962 0.7332
vn 0.1245 0.6370 -0.7607
vn -0.4986 0.8619 -0.0925
vn -0.4940 0.8386 0.2295
vn -0.6682 0.5359 -0.5161
vn 0.0159 0.8412 -0.5405
vn 0.7568 0.4665 0.4579
vn 0.8869 0.4616 0.0156
vn 0.4714 0.5246 0.7089
vn -0.7024 0.7116 0.0139
vn -0.9273 0.1778 0.3293
vn -0.4171 0.6169 0.6674
vn -0.0975 0.6660 0.7396
vn -0.3428 0.8919 -0.2949
vn -0.1588 0.9142 -0.3728
vn -0.2871 0.9516 -0.1099
vn -0.2667 0.9138 0.3063
vn 0.0072 0.9991 0.0419
vn -0.0968 0.9455 0.3109
vn 0.4120 0.2245 -0.8831
vn 0.8847 0.1694 -0.4342
vn -0.1013 0.9362 0.3367
vn -0.2800 0.8990 -0.3368
vn 0.0040 0.6852 -0.7283
vn 0.7624 0.3388 0.5514
vn -0.9637 0.2041 0.1724
vn 0.2096 0.3575 -0.9101
vn 0.7025 0.3073 0.6420
vn 0.2987 0.4860 0.8214
vn 0.4791 0.3096 -0.8214
vn -0.0465 0.5963 0.8014
vn -0.0994 0.3936 -0.9139
vn 0.4478 0.2762 0.8504
vn 0.3033 0.9470 0.1058
vn 0.0608 0.9898 -0.1285
vn 0.2569 0.8155 0.5186
vn -0.0879 0.5439 -0.8345
vn 0.8982 0.1800 0.4011
vn 0.8014 0.2218 0.5554
vn -0.0559 0.5376 0.8414
vn 0.7347 0.4288 -0.5256
vn 0.6181 0.6900 -0.3766
vn 0.7446 0.6436 -0.1771
vn -0.2997 0.8360 -0.4596
vn -0.0315 0.9959 -0.0851
vn 0.2049 0.6730 -0.7107
vn 0.8261 0.2389 -0.5104
vn 0.1670 0.4797 -0.8614
vn 0.6192 0.6782 0.3957
vn 0.8185 0.4382 -0.3715
vn 0.3937 0.7214 0.5697
vn -0.6845 0.5411 0.4886
vn 0.8191 0.5732 0.0199
vn 0.8005 0.5838 -0.1356
vn 0.0416 0.9578 0.2845
vn 0.3084 0.2981 0.9033
vn 0.6690 0.6678 0.3263
vn -0.1935 0.8982 0.3947
vn -0.0109 0.9781 0.2077
vn 0.0539 0.9423 -0.3305
vn 0.1423 0.9360 0.3219
vn 0.5182 0.2988 -0.8014
vn 0.0932 0.4743 -0.8754
vn 0.4446 0.2823 0.8501
vn -0.1020 0.8292 0.5496
vn 0.4739 0.5044 -0.7218
vn 0.9604 0.2786 0.0105
vn -0.6373 0.4342 0.6366
vn -0.3786 0.3628 -0.8515
vn -0.8443 0.4428 0.3017
vn 0.5088 0.5103 0.6934
vn 0.1285 0.8628 -0.4889
vn 0.3573 0.9198 0.1621
vn -0.6195 0.5754 -0.5339
vn -0.4792 0.2641 -0.8370
vn 0.7152 0.6250 -0.3127
vn 0.0255 0.5292 -0.8481
vn 0.6334 0.3553 0.6874
vn -0.1469 0.9887 -0.0304
vn -0.5068 0.4977 0.7038
vn 0.8390 0.1881 -0.5106
vn 0.8033 0.4751 0.3591
vn 0.5872 0.4811 0.6510
vn 0.0274 0.5240 -0.8513
vn 0.3371 0.8144 0.4723
vn 0.1543 0.5013 -0.8514
vn 0.1438 0.3797 -0.9139
vn 0.9265 0.1215 0.3562
vn 0.9150 0.2966 0.2735
vn -0.7262 0.5037 0.4678
vn 0.3296 0.9404 0.0842
vn 0.4409 0.8107 -0.3851
vn -0.8052 0.5147 0.2944
vn -0.7465 0.5316 0.4002
vn -0.3188 0.6271 -0.7107
vn -0.0448 0.7734 -0.6323
vn -0.5231 0.8520 -0.0223
vn 0.4963 0.8668 -0.0476
vn 0.6129 0.7574 0.2252
vn -0.3471 0.4882 -0.8007
vn -0.6141 0.5472 -0.5687
vn -0.5954 0.7565 0.2707
vn -0.0516 0.4027 0.9139
vn -0.2118 0.5347 0.8180
vn 0.0994 0.4779 -0.8727
vn -0.2597 0.6588 -0.7061
vn 0.6961 0.6513 -0.3019
vn 0.1729 0.3719 -0.9121
vn 0.7625 0.3880 0.5177
vn 0.2949 0.5009 0.8137
vn 0.4940 0.4614 -0.7369
vn 0.2304 0.2089 -0.9504
vn 0.4911 0.1411 0.8596
vn 0.7488 0.4098 0.5210
vn -0.4413 0.3859 -0.8101
vn -0.2064 0.2221 -0.9529
vn -0.1254 0.9915 0.0339
vn 0.3749 0.6492 0.6618
vn -0.1041 0.5595 -0.8223
vn 0.8374 0.1814 -0.5156
vn -0.2625 0.4185 0.8694
vn -0.2667 0.9549 -0.1303
vn -0.2762 0.9595 0.0550
vn 0.0915 0.9847 -0.1482
vn 0.1255 0.9901 0.0625
vn 0.5430 0.2053 0.8143
vn 0.1550 0.5996 0.7851
vn 0.6802 0.4108 0.6071
vn 0.4590 0.2832 0.8421
vn 0.1811 0.7556 -0.6295
vn 0.1499 0.3511 -0.9242
vn 0.2360 0.4943 0.8367
vn 0.2338 0.4937 0.8376
vn 0.2806 0.5298 0.8003
vn -0.4119 0.7221 0.5558
vn -0.0256 0.9928 -0.1174
vn 0.0175 0.9591 0.2827
vn 0.7601 0.5562 -0.3360
vn 0.6956 0.5667 0.4415
vn 0.5854 0.7607 0.2804
vn -0.4675 0.2003 -0.8610
vn 0.1131 0.9512 0.2873
vn 0.8144 0.5600 -0.1522
vn 0.8094 0.3981 -0.4318
vn 0.9219 0.2636 0.2839
vn 0.3036 0.7885 -0.5348
vn 0.7472 0.5874 -0.3110
vn 0.7850 0.4585 0.4165
vn 0.8949 0.4251 -0.1355
vn -0.5291 0.3433 0.7760
vn -0.0053 0.8535 -0.5211
vn -0.1162 0.9731 -0.1991
vn 0.4045 0.5422 0.7365
vn 0.7895 0.6105 0.0629
vn 0.8232 0.5641 -0.0636
vn 0.8914 0.4524 0.0289
vn 0.7779 0.4274 0.4606
vn -0.7010 0.2655 -0.6619
vn -0.8595 0.2946 0.4176
vn 0.7213 0.4742 0.5048
vn -0.0422 0.7739 -0.6319
vn 0.8319 0.1869 -0.5224
vn 0.8785 0.1513 -0.4531
vn 0.8164 0.5665 0.1126
vn 0.3473 0.4990 0.7940
vn 0.1139 0.9505 0.2891
vn 0.3657 0.5226 -0.7701
vn 0.4346 0.3314 -0.8374
vn 0.6618 0.3744 0.6495
vn 0.9543 0.2684 0.1311
vn 0.0256 0.8503 -0.5257
vn 0.4185 0.6067 0.6758
vn -0.0159 0.5950 -0.8036
vn 0.0333 0.9929 -0.1145
vn -0.7092 0.4801 -0.5162
vn -0.2001 0.1947 0.9602
vn 0.8810 0.4403 -0.1729
vn -0.2500 0.0540 0.9667
vn -0.1052 0.9894 0.1004
vn 0.0570 0.3911 -0.9186
vn 0.9943 0.1022 0.0301
vn 0.6391 0.6047 -0.4753
vn 0.5779 0.2768 0.7678
vn -0.8150 0.1231 0.5663
vn -0.7941 0.4338 0.4257
vn 0.2031 0.9650 -0.1657
vn 0.0735 0.6742 -0.7349
vn 0.3794 0.3355 -0.8623
vn -0.9029 0.3996 -0.1586
vn 0.8570 0.3110 -0.4109
vn -0.0439 0.7361 -0.6754
vn 0.8121 0.2815 -0.5111
vn 0.8821 0.4410 0.1656
vn 0.5206 0.4691 0.7134
vn 0.8770 0.3433 -0.3360
vn 0.1586 0.7633 0.6262
vn 0.0577 0.2642 0.9628
vn -0.3081 0.8154 0.4901
vn 0.2821 0.6115 -0.7393
vn 0.5557 0.6478 -0.5212
vn -0.6738 0.3960 -0.6238
vn 0.8650 0.3959 0.3082
vn -0.6822 0.3602 -0.6362
vn -0.4536 0.6765 -0.5801
vn 0.8132 0.5811 -0.0335
vn 0.8113 0.3156 -0.4922
vn -0.8980 0.2587 -0.3560
vn -0.7274 0.2215 -0.6495
vn 0.7687 0.4062 0.4941
vn 0.6793 0.7338 0.0078
vn 0.4561 0.4506 -0.7674
vn 0.6568 0.7137 0.2432
vn -0.3991 0.8627 -0.3105
vn 0.0947 0.9012 0.4230
vn -0.5410 0.6285 -0.5589
vn 0.9628 0.2693 -0.0232
vn 0.8023 0.2911 0.5211
vn -0.3759 0.3075 -0.8742
vn -0.8655 0.2057 0.4567
vn 0.9187 0.3200 -0.2315
vn -0.7264 0.5445 0.4192
vn 0.9829 0.1532 -0.1019
vn 0.7191 0.3767 0.5839
vn 0.0127 0.8946 0.4467
vn -0.1311 0.4982 -0.8571
vn -0.3670 0.9110 -0.1880
vn 0.6011 0.1374 0.7873
vn 0.9268 0.2098 0.3114
vn -0.6109 0.2437 0.7533
vn -0.0464 0.1202 0.9917
vn -0.2507 0.8265 0.5040
vn -0.0531 0.9891 -0.1376
vn -0.6239 0.7671 0.1493
vn -0.6937 0.2029 -0.6911
vn 0.9203 0.2350 0.3128
vn 0.3596 0.3462 -0.8665
vn -0.6280 0.3198 -0.7095
vn -0.2693 0.4482 0.8524
vn 0.7939 0.3756 0.4782
vn -0.0723 0.7628 0.6426
vn -0.3261 0.2312 -0.9166
vn 0.7160 0.2174 -0.6633
vn -0.5449 0.3466 -0.7635
vn 0.2541 0.1236 -0.9592
vn 0.3143 0.1650 -0.9349
vn 0.1919 0.3002 -0.9344
vn 0.6631 0.7283 -0.1731
vn 0.8565 0.4938 -0.1502
vn -0.3405 0.8656 -0.3671
vn -0.0649 0.3990 -0.9147
vn 0.5923 0.2950 -0.7498
vn 0.9490 0.2972 -0.1056
vn 0.0811 0.9505 0.2999
vn -0.4714 0.8500 -0.2350
vn -0.7226 0.1874 0.6653
vn -0.3667 0.2587 0.8936
vn -0.2976 0.5437 -0.7847
vn -0.7522 0.3856 0.5344
vn 0.5107 0.6981 -0.5019
vn -0.4023 0.5387 0.7402
vn -0.5548 0.3489 0.7553
vn -0.4255 0.3926 0.8154
vn -0.6438 0.7623 -0.0669
vn -0.0375 0.8423 -0.5378
vn 0.8565 0.4994 -0.1301
vn 0.8183 0.5062 -0.2722
vn -0.3534 0.8903 0.2873
vn 0.0077 0.9920 0.1264
vn -0.1303 0.3564 -0.9252
vn 0.7603 0.4754 0.4427
vn 0.3781 0.3457 -0.8588
vn 0.8850 0.2723 0.3777
vn -0.6729 0.3900 0.6286
vn -0.7311 0.4701 0.4944
vn 0.3784 0.3328 -0.8637
vn 0.7445 0.4578 -0.4860
vn 0.7471 0.1150 -0.6547
vn 0.6209 0.1606 0.7673
vn -0.4195 0.9034 -0.0886
vn 0.8374 0.1556 -0.5240
vn 0.4871 0.3136 0.8151
vn -0.4029 0.4850 0.7762
vn -0.5571 0.3174 -0.7674
vn -0.9382 0.0900 0.3342
vn 0.1610 0.9600 -0.2291
vn 0.1132 0.9935 0.0104
vn -0.0446 0.9791 -0.1984
vn -0.7928 0.3343 -0.5097
vn 0.7116 0.5985 -0.3682
vn 0.6807 0.3802 -0.6262
vn -0.0872 0.3297 0.9401
vn -0.7023 0.4899 0.5165
vn -0.0493 0.2787 -0.9591
vn 0.4178 0.1612 -0.8941
vn 0.5904 0.2230 0.7757
vn 0.1294 0.2398 0.9621
vn 0.4724 0.3958 0.7875
vn -0.4744 0.3627 -0.8021
vn -0.7841 0.4474 0.4301
vn -0.2116 0.9720 0.1020
vn 0.7444 0.5900 -0.3128
vn 0.9341 0.3490 -0.0754
vn 0.6714 0.4670 -0.5754
vn -0.6426 0.2687 -0.7176
vn 0.7639 0.1775 0.6205
vn 0.4287 0.2350 -0.8723
vn -0.7433 0.6573 -0.1243
vn 0.9532 0.2418 0.1813
vn 0.7519 0.5171 -0.4091
vn -0.7823 0.4501 0.4305
vn -0.6547 0.3511 -0.6694
vn 0.1836 0.3792 0.9069
vn 0.4188 0.6985 0.5803
vn -0.0798 0.9759 -0.2033
vn 0.0688 0.9976 0.0038
vn -0.1745 0.9123 0.3704
vn 0.0227 0.9883 0.1509
vn -0.1285 0.9646 -0.2301
vn -0.8205 0.3829 -0.4245
vn -0.8406 0.3487 0.4145
vn 0.4302 0.8549 0.2899
vn 0.7423 0.6573 -0.1298
vn 0.7951 0.5279 -0.2986
vn -0.2315 0.8217 -0.5208
vn 0.7148 0.4567 0.5296
vn 0.8083 0.4861 -0.3322
vn -0.8984 0.0991 0.4279
vn 0.3761 0.6247 0.6843
vn 0.0288 0.9985 0.0458
vn 0.2530 0.9614 -0.1079
vn 0.1017 0.6535 0.7501
vn 0.7169 0.5450 -0.4348
vn -0.4889 0.8010 -0.3457
vn -0.5572 0.6349 0.5352
vn 0.2003 0.1875 0.9616
vn 0.2070 0.1893 0.9599
vn 0.9543 0.2981 -0.0205
vn -0.7760 0.4248 0.4662
vn 0.8875 0.4578 0.0526
vn -0.8909 0.2282 -0.3926
vn -0.2865 0.3630 -0.8867
vn -0.1989 0.7377 -0.6452
vn -0.5069 0.5203 -0.6873
vn -0.7407 0.5193 -0.4263
vn -0.1268 0.3890 -0.9125
vn 0.2183 0.2518 0.9428
vn 0.8932 0.2847 -0.3481
vn -0.4102 0.8914 -0.1926
vn 0.8370 0.4620 -0.2930
vn -0.8743 0.4852 0.0142
vn 0.2869 0.2597 -0.9221
vn 0.3557 0.2243 -0.9073
vn -0.0504 0.1966 -0.9792
vn -0.9873 0.1444 -0.0661
vn -0.8839 0.4630 0.0659
vn 0.6015 0.6445 -0.4720
vn -0.2055 0.9741 0.0945
vn 0.0223 0.9997 0.0107
vn 0.8590 0.1846 -0.4775
vn 0.4149 0.8721 0.2595
vn 0.4149 0.8734 0.2551
vn 0.1626 0.3683 0.9154
vn -0.4224 0.1018 -0.9007
vn -0.8708 0.4878 0.0618
vn -0.3452 0.0748 -0.9356
vn 0.0393 0.2710 0.9618
vn -0.4934 0.2464 0.8342
vn -0.2935 0.1697 0.9408
vn -0.4235 0.4883 0.7630
vn 0.2666 0.6178 0.7397
vn -0.1647 0.9857 -0.0348
vn -0.8132 0.5048 -0.2897
vn 0.6117 0.1678 -0.7731
vn 0.9818 0.1771 0.0678
vn -0.1567 0.7283 -0.6671
vn -0.9472 0.2898 -0.1371
vn -0.2694 0.6821 -0.6798
vn 0.4234 0.6843 0.5937
vn -0.8496 0.2811 -0.4462
vn -0.8042 0.1374 -0.5783
vn 0.5169 0.2158 0.8284
vn -0.6692 0.4534 0.5887
vn -0.8525 0.3380 -0.3986
vn 0.0490 0.2507 0.9668
vn -0.5147 0.3712 0.7728
vn -0.9639 0.2242 -0.1435
vn -0.8790 0.1334 -0.4577
vn -0.7758 0.4612 -0.4306
vn -0.0989 0.9880 -0.1188
vn 0.2471 0.8637 0.4393
vn 0.0422 0.9991 -0.0098
vn 0.1847 0.9474 -0.2613
vn 0.1853 0.9786 -0.0894
vn 0.8765 0.1942 0.4406
vn -0.5571 0.3917 -0.7323
vn -0.5452 0.3946 -0.7397
vn 0.9727 0.2281 0.0435
vn 0.7968 0.2337 -0.5573
vn -0.5138 0.4037 -0.7570
vn 0.0710 0.9970 -0.0297
vn -0.6599 0.5728 -0.4862
vn -0.5032 0.6407 -0.5799
vn -0.5935 0.6441 -0.4825
vn -0.2074 0.5835 -0.7852
vn -0.4641 0.5450 0.6983
vn 0.7898 0.5999 0.1275
vn 0.7711 0.6315 0.0816
vn -0.3349 0.4668 -0.8185
vn 0.8956 0.3003 -0.3284
vn -0.9544 0.2460 0.1693
vn -0.0078 0.9975 -0.0703
vn -0.5758 0.7172 -0.3924
vn 0.6948 0.4881 0.5282
vn 0.6668 0.6753 -0.3153
vn -0.0074 0.5292 0.8484
vn -0.7619 0.2464 -0.5990
vn 0.9070 0.3049 -0.2903
vn -0.8758 0.3308 -0.3516
vn -0.8093 0.2027 0.5513
vn -0.1486 0.9876 0.0513
vn 0.3197 0.7116 -0.6257
vn -0.6284 0.4345 -0.6452
vn -0.1306 0.1879 -0.9735
vn 0.8800 0.1924 0.4343
vn -0.4510 0.4594 -0.7652
vn -0.7763 0.4903 -0.3962
vn 0.8574 0.1595 0.4893
vn -0.0283 0.3989 -0.9165
vn 0.7178 0.2370 0.6547
vn 0.4605 0.5167 -0.7218
vn -0.8228 0.4514 0.3452
vn 0.0719 0.9972 -0.0223
vn 0.5250 0.7732 -0.3556
vn -0.8286 0.4959 -0.2598
vn -0.4936 0.5708 -0.6562
vn -0.2588 0.3743 -0.8905
vn -0.8364 0.5476 -0.0233
vn 0.1602 0.8249 0.5420
vn 0.7024 0.6532 0.2827
vn 0.6761 0.6113 0.4113
vn -0.9260 0.1208 -0.3578
vn -0.7874 0.4208 -0.4505
vn -0.8293 0.2086 0.5185
vn 0.3316 0.8627 -0.3819
vn 0.0222 0.2598 -0.9654
vn -0.8793 0.4756 0.0253
vn -0.8479 0.5285 0.0424
vn -0.1106 0.9097 -0.4002
vn 0.0956 0.3409 -0.9352
vn 0.0549 0.7876 0.6137
vn 0.2134 0.4070 -0.8881
vn 0.6823 0.4510 -0.5754
vn -0.5729 0.7962 -0.1947
vn -0.3221 0.1607 -0.9330
vn 0.6907 0.6544 0.3079
vn -0.1495 0.2142 0.9653
vn -0.5669 0.8169 0.1063
vn -0.3230 0.8356 0.4444
vn -0.6951 0.1963 -0.6916
vn 0.1119 0.1506 0.9822
vn 0.1992 0.8920 0.4058
vn -0.6634 0.2306 -0.7118
vn 0.6582 0.7212 -0.2161
vn 0.8191 0.5596 0.1263
vn 0.5453 0.5979 0.5875
vn -0.7051 0.2204 -0.6740
vn -0.8076 0.4313 0.4023
vn -0.8558 0.5019 0.1255
vn 0.6258 0.5916 0.5082
vn 0.8443 0.2879 -0.4520
vn -0.7321 0.4850 -0.4783
vn -0.2565 0.6533 0.7123
vn -0.1202 0.9738 -0.1928
vn -0.5755 0.3013 -0.7603
vn 0.3071 0.2682 0.9131
vn 0.1883 0.5603 0.8066
vn 0.6395 0.5408 0.5464
vn 0.8427 0.3849 -0.3766
vn 0.8585 0.3756 0.3492
vn 0.7351 0.2345 0.6361
vn 0.5777 0.2178 0.7866
vn 0.3272 0.5367 0.7777
vn -0.2052 0.2358 0.9499
vn 0.7282 0.4369 -0.5280
vn -0.0880 0.9951 -0.0442
vn -0.1519 0.9884 0.0006
vn 0.0125 0.9999 0.0093
vn 0.0273 0.9620 0.2716
vn -0.4877 0.8339 -0.2583
vn -0.0583 0.2339 -0.9705
vn 0.2725 0.1640 0.9481
vn 0.4329 0.2066 0.8775
vn 0.7125 0.6348 0.2989
vn 0.5955 0.3541 -0.7211
vn -0.0355 0.4603 0.8870
vn -0.7489 0.6328 -0.1968
vn 0.9632 0.2680 -0.0208
vn 0.9162 0.3387 0.2140
vn 0.3640 0.1578 -0.9179
vn -0.6536 0.5220 0.5480
vn -0.9601 0.1752 -0.2179
vn 0.7353 0.4453 -0.5109
vn 0.1745 0.9824 -0.0671
vn 0.0962 0.9923 0.0786
vn -0.1326 0.9821 0.1334
vn -0.5376 0.2957 -0.7896
vn -0.7507 0.2107 -0.6262
vn 0.8796 0.2218 -0.4209
vn 0.6487 0.4093 0.6416
vn 0.4423 0.3447 -0.8280
vn -0.0770 0.5895 0.8041
vn -0.6126 0.1780 0.7701
vn 0.3906 0.2584 -0.8836
vn -0.7665 0.3814 -0.5167
vn -0.9363 0.1510 0.3171
vn -0.8616 0.1438 0.4868
vn 0.0530 0.9296 0.3646
vn 0.3938 0.9190 -0.0171
vn -0.1395 0.9784 -0.1523
vn -0.1992 0.9178 0.3434
vn -0.3910 0.6019 0.6963
vn 0.9848 0.1711 -0.0290
vn -0.8964 0.4259 0.1228
vn -0.5201 0.4322 0.7367
vn -0.9704 0.1781 0.1630
vn 0.2578 0.5231 -0.8124
vn -0.3254 0.8529 -0.4082
vn -0.1536 0.9835 -0.0955
vn -0.7200 0.3757 -0.5835
vn -0.9455 0.1509 0.2885
vn -0.9723 0.1945 0.1294
vn 0.0856 0.8507 0.5187
vn -0.4228 0.8865 0.1878
vn -0.0945 0.8187 -0.5664
vn -0.7116 0.2720 -0.6478
vn -0.5827 0.2460 -0.7746
vn -0.1477 0.2181 -0.9647
vn -0.4824 0.1898 0.8551
vn -0.5877 0.6274 -0.5109
vn 0.5025 0.1450 -0.8524
vn -0.8977 0.4376 0.0511
vn -0.6548 0.5141 0.5540
vn -0.5630 0.7430 0.3619
vn -0.6225 0.5768 0.5291
vn 0.8548 0.4902 -0.1704
vn -0.0126 0.5029 -0.8643
vn 0.1122 0.9937 0.0003
vn 0.2448 0.9589 0.1437
vn -0.2719 0.9563 -0.1072
vn 0.0119 0.9998 0.0152
vn -0.0003 0.2986 -0.9544
vn 0.8989 0.2724 -0.3433
vn 0.7397 0.1232 -0.6616
vn 0.6407 0.1896 0.7440
vn -0.6091 0.7417 -0.2810
vn -0.8310 0.4772 0.2859
vn -0.8404 0.5409 0.0352
vn 0.1764 0.9427 0.2831
vn 0.0680 0.9913 0.1128
vn -0.0652 0.9552 -0.2888
vn -0.0572 0.9898 0.1307
vn 0.0007 0.9999 0.0142
vn -0.1776 0.9831 -0.0448
vn 0.5216 0.6708 0.5272
vn 0.9836 0.1289 -0.1262
vn 0.9807 0.1836 -0.0670
vn -0.5556 0.4354 0.7083
vn -0.7423 0.4270 -0.5164
vn -0.1251 0.9747 -0.1854
vn -0.2622 0.5305 -0.8061
vn 0.0596 0.4583 0.8868
vn 0.4919 0.1749 -0.8529
vn 0.8238 0.2883 -0.4880
vn -0.5777 0.1907 0.7936
vn 0.3359 0.5427 -0.7699
vn 0.0077 0.9988 -0.0490
vn -0.1937 0.9770 -0.0888
vn -0.0446 0.8416 -0.5383
vn 0.7943 0.3199 0.5165
vn -0.0173 0.3547 -0.9348
vn -0.3135 0.5780 -0.7535
vn -0.8156 0.1474 0.5596
vn -0.8904 0.1711 0.4218
vn -0.9000 0.4220 0.1091
vn -0.8236 0.5646 -0.0547
vn -0.0018 0.9821 0.1884
vn -0.8896 0.4421 -0.1147
vn 0.1608 0.9325 0.3233
vn -0.2088 0.9399 0.2702
vn -0.2568 0.9105 -0.3240
vn -0.4013 0.2258 0.8877
vn 0.6426 0.3734 0.6691
vn 0.2624 0.3662 0.8928
vn -0.8145 0.3958 0.4241
vn -0.7440 0.4956 0.4482
vn 0.4872 0.3928 0.7800
vn -0.0591 0.9292 0.3648
vn -0.0728 0.9233 -0.3772
vn -0.9146 0.2677 -0.3031
vn -0.8822 0.2321 -0.4096
vn 0.0717 0.9027 -0.4243
vn 0.1184 0.9861 -0.1170
vn -0.0073 1.0000 -0.0064
vn -0.3859 0.7795 -0.4934
vn -0.5160 0.2437 0.8212
vn -0.0207 0.3013 -0.9533
vn -0.1892 0.3614 0.9130
vn 0.5549 0.1590 -0.8166
vn 0.9663 0.2001 0.1619
vn 0.8880 0.1680 -0.4281
vn -0.0824 0.4113 -0.9078
vn -0.8375 0.3443 0.4243
vn -0.8664 0.4981 0.0339
vn -0.8553 0.4274 -0.2931
vn -0.1112 0.9907 -0.0783
vn 0.1346 0.9909 0.0046
vn -0.0620 0.9981 0.0063
vn -0.2224 0.6118 -0.7591
vn 0.3693 0.2299 -0.9004
vn -0.6629 0.7458 0.0666
vn -0.3439 0.6697 -0.6582
vn -0.0418 0.9846 -0.1700
vn 0.7085 0.3158 0.6311
vn -0.5869 0.7488 -0.3081
vn -0.0548 0.9980 0.0300
vn -0.0636 0.9979 -0.0144
vn 0.0634 0.9937 -0.0922
vn 0.4911 0.2494 -0.8347
vn -0.0685 0.1137 -0.9911
vn 0.7500 0.1320 -0.6482
vn 0.9492 0.1812 0.2573
vn 0.9155 0.3344 0.2235
vn 0.7422 0.6691 0.0368
vn -0.9600 0.2665 -0.0855
vn -0.6946 0.1857 0.6950
vn -0.1255 0.9907 -0.0532
vn -0.5109 0.8564 0.0748
vn -0.2327 0.9384 0.2556
vn -0.1202 0.9903 0.0694
vn -0.1112 0.9811 -0.1587
vn 0.0997 0.9923 0.0730
vn 0.5020 0.2575 -0.8256
vn -0.5609 0.2644 0.7845
vn -0.9144 0.3343 0.2284
vn -0.9247 0.2068 -0.3196
vn -0.5611 0.7348 0.3812
vn 0.0322 0.9979 0.0569
vn -0.0445 0.9989 -0.0110
vn -0.2251 0.9728 -0.0541
vn -0.3401 0.2304 0.9117
vn -0.2613 0.5641 0.7832
vn -0.8954 0.2165 0.3891
vn -0.9250 0.3612 0.1179
vn 0.8774 0.3497 0.3284
vn -0.1525 0.8825 -0.4449
vn -0.5506 0.2391 -0.7998
vn -0.7059 0.3473 0.6173
vn 0.4683 0.5205 -0.7140
vn -0.7840 0.1443 0.6038
vn -0.8433 0.4959 -0.2071
vn 0.5142 0.4232 -0.7460
vn 0.4813 0.8766 -0.0011
vn 0.0059 0.9947 0.1031
vn -0.3717 0.9088 0.1895
vn -0.5841 0.5450 -0.6015
vn -0.7834 0.6035 -0.1482
vn -0.1838 0.9712 -0.1515
vn -0.0321 0.9834 -0.1785
vn -0.3085 0.9464 -0.0957
vn 0.0724 0.9926 -0.0979
vn 0.6487 0.7130 -0.2662
vn 0.2763 0.2184 -0.9359
vn 0.1711 0.4440 -0.8795
vn -0.4710 0.0965 0.8769
vn -0.1165 0.9525 -0.2814
vn -0.9072 0.4199 -0.0281
vn -0.3766 0.9169 0.1325
vn 0.3447 0.9260 -0.1543
vn -0.0817 0.9961 0.0331
vn 0.1883 0.9805 0.0566
vn -0.1061 0.9252 -0.3643
vn -0.3682 0.7766 0.5113
vn 0.5144 0.7886 -0.3369
vn -0.8376 0.4580 0.2976
vn -0.0711 0.9973 0.0194
vn -0.0496 0.9987 0.0064
vn -0.0560 0.9980 0.0288
vn -0.1193 0.1342 -0.9837
vn -0.1486 0.4630 -0.8738
vn 0.5404 0.3706 -0.7554
vn 0.2111 0.2982 -0.9309
vn -0.9635 0.1042 0.2466
vn -0.2905 0.9558 0.0448
vn -0.2347 0.9441 -0.2314
vn 0.1034 0.9835 0.1483
vn 0.1847 0.9822 0.0355
vn 0.0437 0.6163 -0.7863
vn 0.4478 0.8940 0.0127
vn 0.0347 0.9945 0.0985
vn -0.6523 0.2886 0.7009
vn -0.5749 0.4905 -0.6549
vn -0.9739 0.1244 0.1900
vn -0.7168 0.2898 0.6342
vn 0.6552 0.3428 0.6732
vn 0.1575 0.9522 0.2618
vn -0.3489 0.8513 0.3920
vn 0.1052 0.9064 -0.4091
vn 0.3080 0.9208 -0.2393
vn 0.4434 0.7410 -0.5042
vn 0.4617 0.8491 -0.2567
vn 0.4850 0.8240 0.2929
vn 0.1452 0.9818 0.1223
vn 0.2122 0.4047 -0.8895
vn 0.1279 0.8586 0.4964
vn 0.6725 0.3925 -0.6274
vn -0.4711 0.2033 0.8583
vn -0.0319 0.9983 0.0494
vn -0.0212 0.9995 0.0223
vn 0.0127 0.9995 -0.0283
vn 0.1798 0.7529 0.6331
vn -0.1050 0.3067 -0.9460
vn -0.9627 0.1466 -0.2273
vn -0.8995 0.1207 0.4199
vn -0.9860 0.1627 -0.0364
vn -0.4404 0.4752 0.7617
vn -0.3315 0.9433 0.0155
vn 0.5083 0.7811 -0.3625
vn -0.1784 0.9295 0.3229
vn -0.0498 0.9984 -0.0260
vn -0.0276 0.3654 -0.9304
vn -0.6676 0.1906 -0.7197
vn -0.0177 0.6029 0.7976
vn -0.3591 0.4590 -0.8126
vn -0.3787 0.4456 -0.8112
vn -0.9822 0.1852 -0.0314
vn -0.9526 0.1925 0.2355
vn -0.9777 0.1948 0.0784
vn -0.8494 0.2587 -0.4600
vn -0.2056 0.9465 -0.2487
vn -0.7637 0.6395 0.0884
vn -0.4115 0.8252 -0.3868
vn -0.0616 0.9962 0.0611
vn -0.1092 0.9928 -0.0492
vn -0.0137 0.9952 0.0969
vn -0.0676 0.9829 -0.1712
vn 0.4300 0.6534 -0.6231
vn -0.8276 0.1578 0.5386
vn -0.9669 0.1432 -0.2112
vn -0.9916 0.1288 0.0097
vn -0.9794 0.1122 0.1679
vn 0.3468 0.3434 -0.8728
vn -0.6974 0.6212 -0.3574
vn -0.6159 0.6964 0.3682
vn -0.7124 0.6659 0.2216
vn -0.4478 0.8181 0.3608
vn 0.4295 0.9005 -0.0686
vn -0.4275 0.3352 0.8395
vn -0.8885 0.2359 0.3936
vn -0.4995 0.4226 -0.7562
vn -0.8554 0.2953 0.4256
vn 0.1490 0.8389 0.5234
vn 0.0158 0.8705 -0.4919
vn -0.0199 0.7876 0.6159
vn -0.2350 0.9715 -0.0306
vn -0.0184 0.9993 0.0328
vn -0.0234 0.9996 0.0166
vn 0.8459 0.4989 0.1885
vn 0.3886 0.4443 0.8072
vn -0.4679 0.8788 0.0941
vn -0.1598 0.8828 -0.4416
vn -0.2233 0.8073 0.5463
vn -0.0041 0.8605 -0.5095
vn -0.3406 0.6893 0.6394
vn -0.5060 0.5763 0.6417
vn 0.1495 0.9737 -0.1721
vn -0.4428 0.8052 0.3946
vn -0.9644 0.2142 -0.1552
vn -0.7990 0.4579 -0.3899
vn -0.9873 0.1588 -0.0040
vn -0.3102 0.9506 0.0107
vn -0.3110 0.8879 -0.3389
vn -0.7290 0.3189 -0.6057
vn -0.3147 0.2768 0.9079
vn -0.3950 0.9187 0.0021
vn -0.0523 0.9834 -0.1739
vn -0.2164 0.9759 0.0288
vn -0.0678 0.9846 -0.1612
vn -0.8717 0.4261 -0.2419
vn -0.5662 0.4306 -0.7028
vn -0.4386 0.5348 0.7223
vn 0.5674 0.8220 -0.0487
vn -0.1644 0.9782 -0.1270
vn -0.1316 0.9732 -0.1883
vn 0.0378 0.8675 0.4960
vn -0.0163 0.9992 0.0367
vn 0.3117 0.4336 -0.8455
vn -0.8531 0.4188 0.3112
vn -0.9848 0.1248 -0.1204
vn -0.9517 0.3067 0.0173
vn -0.3601 0.9329 0.0064
vn -0.8655 0.4058 -0.2938
vn 0.2362 0.9277 0.2890
vn -0.1934 0.8731 -0.4476
vn -0.9406 0.2806 0.1910
vn 0.1880 0.8920 -0.4110
vn 0.1931 0.9378 -0.2884
vn -0.9122 0.2422 0.3305
vn -0.6914 0.5048 -0.5168
vn -0.8316 0.5227 0.1878
vn -0.8643 0.4523 -0.2200
vn -0.5416 0.6136 0.5746
vn -0.9508 0.3090 0.0230
vn -0.9664 0.2143 0.1421
vn -0.0892 0.9952 -0.0409
vn 0.2820 0.9584 0.0441
vn 0.1977 0.8839 -0.4238
vn -0.5698 0.5185 0.6376
vn -0.2639 0.4208 -0.8679
vn 0.1679 0.9852 0.0359
vn -0.8044 0.4858 -0.3420
vn 0.0185 0.9996 -0.0235
vn -0.0239 0.9996 0.0176
vn -0.5768 0.7659 -0.2840
vn -0.5302 0.8477 0.0179
vn -0.6285 0.4572 0.6293
vn -0.5001 0.4441 0.7434
vn -0.1833 0.7696 0.6116
vn -0.2691 0.9382 -0.2176
vn 0.0490 0.9617 -0.2699
vn -0.4851 0.6457 0.5897
vn 0.1495 0.9802 0.1302
vn 0.0196 0.9998 0.0079
vn -0.2932 0.9375 0.1875
vn -0.3686 0.8933 0.2573
vn -0.9043 0.4033 -0.1403
vn -0.6399 0.5909 0.4913
vn -0.2064 0.9297 -0.3052
vn -0.0159 0.9997 0.0202
vn -0.0043 0.9998 -0.0194
vn 0.0030 0.9971 -0.0759
vn -0.0970 0.9936 -0.0584
vn 0.0856 0.9838 -0.1574
vn -0.6237 0.7291 -0.2816
vn -0.8827 0.4223 0.2061
vn -0.4182 0.3615 0.8333
vn -0.4374 0.8479 0.2994
vn -0.6305 0.4852 0.6059
vn -0.6418 0.7011 -0.3106
vn -0.1441 0.9829 0.1148
vn -0.2915 0.9534 0.0782
vn -0.8519 0.4532 -0.2625
vn -0.3509 0.9144 -0.2018
vn -0.0656 0.9977 -0.0189
vn -0.5353 0.4349 -0.7241
vn 0.0839 0.9965 0.0031
vn -0.0372 0.9704 -0.2387
vn -0.3708 0.8991 -0.2327
vn -0.6771 0.7358 -0.0087
vn -0.4922 0.5937 0.6366
vn -0.0138 0.9907 -0.1355
vn -0.8069 0.5772 -0.1257
vn -0.0093 0.9994 0.0327
vn -0.0989 0.9951 0.0046
vn -0.6984 0.7108 -0.0832
vn -0.6996 0.6331 -0.3314
vn -0.1379 0.9870 0.0827
vn -0.0960 0.9884 -0.1176
vn 0.0606 0.9310 -0.3599
vn -0.1341 0.9382 0.3189
vn -0.7074 0.6757 -0.2072
vn -0.2224 0.9123 0.3439
vn 0.0014 1.0000 -0.0020
vn -0.0232 0.9993 -0.0282
vn -0.0300 0.9990 0.0319
vn -0.6352 0.7396 -0.2228
vn -0.1154 0.9878 0.1047
vn -0.1228 0.9866 0.1073
vn -0.0576 0.9844 -0.1665
vn -0.2417 0.8839 0.4003
vn -0.3938 0.9046 -0.1632
vn -0.1239 0.9854 -0.1164
vn -0.0756 0.8881 -0.4534
vn -0.1599 0.9071 -0.3893
vn 0.0710 0.9958 0.0575
vn -0.0475 0.9440 0.3264
vn -0.3321 0.9270 -0.1742
vn 0.0216 0.9989 -0.0410
vn -0.5960 0.7903 0.1422
vn -0.2878 0.9575 -0.0196
vn -0.2769 0.9585 0.0677
vn -0.0243 0.9996 -0.0116
vn -0.0289 0.9994 -0.0171
vn -0.7029 0.7050 -0.0945
vn -0.5954 0.7557 -0.2728
vn -0.1130 0.9899 0.0860
vn -0.5369 0.8435 -0.0152
vn -0.3391 0.9407 -0.0085
vn -0.4897 0.8701 0.0555
vn -0.0095 0.9999 0.0063
vn 0.0270 0.9971 -0.0715
vn -0.0673 0.9977 -0.0024
vn -0.0047 0.9997 0.0241
vt 0.038749 0.000491
vt 0.056020 0.012885
vt 0.076323 0.001029
vt 0.138731 0.000056
vt 0.170968 0.020177
vt 0.196454 0.002642
vt 0.766870 0.001708
vt 0.781231 0.022801
vt 0.833041 0.005437
vt 0.854988 0.015879
vt 0.882873 -0.000015
vt 0.083889 0.033666
vt 0.377969 0.000124
vt 0.405595 0.019841
vt 0.428942 0.004819
vt 0.000057 -0.000023
vt 0.028463 0.023460
vt 0.349665 0.031147
vt 0.369714 0.024139
vt 0.387087 0.013932
vt 0.800328 0.015906
vt 0.658192 0.003163
vt 0.683795 0.017413
vt 0.683066 0.000353
vt 0.883621 0.014229
vt 0.901784 0.001801
vt 0.073516 0.016654
vt 0.250494 0.028843
vt 0.252920 0.002645
vt 0.752170 0.001548
vt 0.330230 0.038076
vt 0.823406 0.027864
vt 0.929398 0.044238
vt 0.999540 0.000022
vt 0.617385 0.002388
vt 0.662532 0.031677
vt 0.110093 0.034105
vt 0.105823 0.064558
vt 0.877205 0.037746
vt 0.977955 0.029547
vt 0.996903 0.024664
vt 0.837091 0.028124
vt 0.000267 0.044958
vt 0.527996 0.001182
vt 0.612750 0.049408
vt 0.701389 0.046629
vt 0.411944 0.038667
vt 0.854092 0.036253
vt 0.202016 0.048690
vt 0.797345 0.037279
vt 0.810130 0.037704
vt 0.724979 0.054724
vt 0.146881 0.059246
vt 0.770023 0.048961
vt 0.964916 0.043209
vt 0.096975 0.044620
vt 0.447978 0.056243
vt 0.830342 0.043689
vt 0.362768 0.046733
vt 0.234479 0.051405
vt 0.472320 0.069533
vt 0.801769 0.051585
vt 0.815094 0.050715
vt 0.832602 0.049859
vt 0.845850 0.050580
vt 0.298697 0.066488
vt 0.680288 0.059501
vt 0.855037 0.055874
vt 0.059776 0.071713
vt 0.654810 0.064717
vt 0.944615 0.083533
vt 0.211676 0.056358
vt 0.276641 0.063953
vt 0.323255 0.066653
vt 0.785858 0.057458
vt 0.891104 0.058007
vt 0.909317 0.058657
vt 0.385203 0.069317
vt 0.419407 0.062754
vt 0.506723 0.072089
vt 0.763976 0.066445
vt 0.346817 0.065461
vt 0.821486 0.061961
vt 0.865176 0.066194
vt 0.877604 0.068986
vt 0.926749 0.059345
vt 0.037278 0.068173
vt 0.124092 0.072036
vt 0.214367 0.073403
vt 0.249557 0.071959
vt 0.802641 0.062765
vt 0.847551 0.068585
vt 0.191121 0.069589
vt 0.618321 0.081880
vt 0.788514 0.072663
vt 0.831160 0.073886
vt 0.138774 0.079004
vt 0.161475 0.071964
vt 0.809832 0.072577
vt 0.360000 0.081903
vt 0.645118 0.082977
vt 0.688147 0.074942
vt 0.727984 0.080831
vt 0.898533 0.079199
vt 0.920033 0.077934
vt 0.060162 0.092755
vt 0.085741 0.092412
vt 0.370875 0.081008
vt 0.418580 0.082986
vt 0.802408 0.080795
vt 0.820804 0.078928
vt 0.311241 0.086360
vt 0.766020 0.083440
vt 0.841232 0.075427
vt 0.929122 0.078251
vt 0.161372 0.091755
vt 0.558644 0.087543
vt 0.000346 0.104638
vt 0.108935 0.084618
vt 0.188178 0.083859
vt 0.295569 0.081879
vt 0.331135 0.078712
vt 0.454894 0.078533
vt 0.661488 0.087269
vt 0.860273 0.078561
vt 0.205106 0.083022
vt 0.346117 0.085085
vt 0.584711 0.096911
vt 0.833010 0.079767
vt 0.046712 0.082289
vt 0.221792 0.082948
vt 0.242146 0.091666
vt 0.498273 0.083757
vt 0.845344 0.090117
vt 0.018881 0.094426
vt 0.037415 0.092489
vt 0.279003 0.085609
vt 0.376623 0.092916
vt 0.530417 0.084073
vt 0.787968 0.084921
vt 0.873564 0.082457
vt 0.117597 0.092866
vt 0.151395 0.085580
vt 0.264129 0.092567
vt 0.486898 0.090267
vt 0.669926 0.101127
vt 0.698247 0.097583
vt 0.808650 0.090204
vt 0.855227 0.084368
vt 0.883006 0.089029
vt 0.899371 0.089281
vt 0.712271 0.096817
vt 0.193843 0.093192
vt 0.400079 0.096030
vt 0.466763 0.095953
vt 0.476328 0.094560
vt 0.753831 0.098135
vt 0.174456 0.096978
vt 0.423491 0.098499
vt 0.498139 0.094261
vt 0.740114 0.098517
vt 0.832579 0.092894
vt 0.862190 0.094784
vt 0.872674 0.100785
vt 0.923384 0.104165
vt 0.100644 0.098803
vt 0.235292 0.101441
vt 0.286182 0.098221
vt 0.329894 0.098657
vt 0.460290 0.098628
vt 0.500950 0.100704
vt 0.621552 0.100388
vt 0.679241 0.101439
vt 0.804466 0.097262
vt 0.999125 0.110717
vt 0.129067 0.099651
vt 0.139476 0.098486
vt 0.209217 0.111860
vt 0.444136 0.106805
vt 0.539989 0.096429
vt 0.608624 0.111003
vt 0.689232 0.099378
vt 0.723288 0.095410
vt 0.779257 0.100029
vt 0.906166 0.103421
vt 0.962049 0.117150
vt 0.487215 0.099575
vt 0.825965 0.101172
vt 0.837812 0.101577
vt 0.856032 0.105483
vt 0.310486 0.107767
vt 0.433618 0.108969
vt 0.641167 0.100440
vt 0.761072 0.109164
vt 0.027524 0.107442
vt 0.164362 0.107139
vt 0.175010 0.109526
vt 0.249313 0.104614
vt 0.259667 0.104251
vt 0.354043 0.103372
vt 0.382212 0.103847
vt 0.560585 0.109391
vt 0.786564 0.110142
vt 0.885252 0.102055
vt 0.087474 0.107295
vt 0.337412 0.104541
vt 0.396164 0.109624
vt 0.658625 0.106980
vt 0.143717 0.110964
vt 0.274247 0.105981
vt 0.369879 0.103959
vt 0.543564 0.115357
vt 0.587718 0.115327
vt 0.723769 0.113322
vt 0.814713 0.112745
vt 0.842104 0.111614
vt 0.119436 0.107870
vt 0.296979 0.109487
vt 0.472034 0.117405
vt 0.484138 0.109951
vt 0.875354 0.106570
vt 0.286415 0.111858
vt 0.416424 0.116602
vt 0.455279 0.114085
vt 0.494457 0.112979
vt 0.509996 0.109666
vt 0.686356 0.112718
vt 0.713970 0.113633
vt 0.735705 0.115650
vt 0.042174 0.121340
vt 0.129557 0.114020
vt 0.227041 0.113388
vt 0.323813 0.111990
vt 0.869291 0.116480
vt 0.015386 0.119773
vt 0.059225 0.125658
vt 0.237146 0.114623
vt 0.261558 0.126961
vt 0.335312 0.118351
vt 0.371666 0.114153
vt 0.438713 0.117332
vt 0.525100 0.117588
vt 0.533040 0.112840
vt 0.570114 0.116605
vt 0.639021 0.118563
vt 0.833578 0.121483
vt 0.667099 0.124486
vt 0.702862 0.121423
vt 0.897441 0.122635
vt 0.104683 0.119149
vt 0.246644 0.122958
vt 0.357864 0.123814
vt 0.459487 0.123391
vt 0.505190 0.121990
vt 0.748369 0.121331
vt 0.801877 0.124769
vt 0.084625 0.129757
vt 0.139183 0.118487
vt 0.175344 0.119985
vt 0.290356 0.127401
vt 0.392091 0.126360
vt 0.561163 0.117547
vt 0.678836 0.124867
vt 0.854558 0.125559
vt 0.872722 0.121466
vt 0.907446 0.130557
vt 0.117883 0.122349
vt 0.202405 0.123745
vt 0.272023 0.127488
vt 0.307466 0.125617
vt 0.404452 0.127702
vt 0.515508 0.124069
vt 0.692086 0.127306
vt 0.732412 0.132044
vt 0.770823 0.122336
vt 0.782840 0.127269
vt 0.979387 0.137722
vt 0.151846 0.124256
vt 0.222141 0.125239
vt 0.230397 0.129340
vt 0.553485 0.124961
vt 0.571079 0.125967
vt 0.813055 0.126831
vt 0.824898 0.130366
vt 0.000152 0.130466
vt 0.027462 0.136524
vt 0.445967 0.129193
vt 0.476991 0.135960
vt 0.537658 0.129132
vt 0.584405 0.127969
vt 0.920187 0.134573
vt 0.067063 0.139040
vt 0.138396 0.127855
vt 0.331706 0.136645
vt 0.623387 0.135036
vt 0.838073 0.132073
vt 0.200777 0.133923
vt 0.236192 0.139357
vt 0.366791 0.141290
vt 0.381094 0.130551
vt 0.422915 0.137818
vt 0.492289 0.135792
vt 0.523871 0.132730
vt 0.640892 0.132571
vt 0.714313 0.134007
vt 0.748714 0.135650
vt 0.759888 0.135137
vt 0.102467 0.129107
vt 0.550175 0.133457
vt 0.561989 0.138273
vt 0.602276 0.133346
vt 0.769647 0.132588
vt 0.889095 0.131156
vt 1.000338 0.183037
vt 0.120930 0.132103
vt 0.160821 0.139543
vt 0.826270 0.139610
vt 0.864098 0.132298
vt 0.871570 0.138817
vt 0.898340 0.137459
vt 0.942416 0.157035
vt 0.173391 0.143537
vt 0.218038 0.141057
vt 0.498550 0.140257
vt 0.808307 0.137443
vt 0.855036 0.139507
vt 0.085397 0.145938
vt 0.129845 0.140716
vt 0.459987 0.146350
vt 0.510861 0.139247
vt 0.568669 0.140394
vt 0.580565 0.139404
vt 0.594121 0.139604
vt 0.777992 0.140224
vt 0.819806 0.141933
vt 0.256497 0.157684
vt 0.301374 0.138918
vt 0.538589 0.137984
vt 0.141505 0.142231
vt 0.291539 0.148973
vt 0.317293 0.146271
vt 0.392334 0.141544
vt 0.659554 0.151549
vt 0.799295 0.145797
vt 0.058992 0.148845
vt 0.267799 0.148678
vt 0.611171 0.151612
vt 0.683068 0.147098
vt 0.731811 0.149205
vt 0.745680 0.144423
vt 0.768515 0.148047
vt 0.844554 0.149524
vt 0.853287 0.146606
vt 0.099899 0.147430
vt 0.211252 0.148095
vt 0.552311 0.144156
vt 0.640093 0.156223
vt 0.697937 0.149877
vt 0.705648 0.144277
vt 0.717822 0.145462
vt 0.040710 0.155419
vt 0.137011 0.149420
vt 0.159367 0.146229
vt 0.394722 0.158797
vt 0.444047 0.157843
vt 0.533593 0.156597
vt 0.582087 0.149852
vt 0.671777 0.150367
vt 0.813157 0.149171
vt 0.924647 0.155658
vt 0.188965 0.152271
vt 0.250363 0.163909
vt 0.309015 0.154814
vt 0.484399 0.157275
vt 0.563772 0.150942
vt 0.624695 0.154027
vt 0.753333 0.152195
vt 0.787846 0.165627
vt 0.894742 0.157042
vt 0.906613 0.150040
vt 0.235733 0.156028
vt 0.473143 0.153607
vt 0.518470 0.157872
vt 0.600981 0.151206
vt 0.835645 0.157455
vt 0.143481 0.149756
vt 0.881392 0.158256
vt 0.198805 0.155434
vt 0.346268 0.165755
vt 0.591078 0.158755
vt 0.677381 0.156472
vt 0.709741 0.154386
vt 0.089033 0.157602
vt 0.174085 0.163333
vt 0.280780 0.170956
vt 0.326964 0.169642
vt 0.462840 0.170350
vt 0.495206 0.157593
vt 0.549313 0.160722
vt 0.727345 0.164615
vt 0.115585 0.161772
vt 0.691677 0.163127
vt 0.806751 0.160091
vt 0.964182 0.172180
vt 0.151151 0.165084
vt 0.210594 0.168559
vt 0.296158 0.164195
vt 0.606655 0.163522
vt 0.768382 0.164072
vt 0.829868 0.163683
vt 0.853049 0.172276
vt 0.002024 0.174704
vt 0.058398 0.167223
vt 0.221859 0.168863
vt 0.371174 0.173915
vt 0.739484 0.167444
vt 0.911627 0.162522
vt 0.518137 0.171479
vt 0.517759 0.182208
vt 0.577517 0.165485
vt 0.589206 0.174908
vt 0.921117 0.174203
vt 0.106752 0.174263
vt 0.126190 0.173590
vt 0.163144 0.168099
vt 0.196847 0.168607
vt 0.707071 0.176402
vt 0.748827 0.170424
vt 0.145041 0.178486
vt 0.265357 0.181487
vt 0.442887 0.190827
vt 0.481799 0.169990
vt 0.538722 0.168564
vt 0.643386 0.172539
vt 0.802967 0.182271
vt 0.890599 0.169325
vt 0.189780 0.172407
vt 0.311867 0.171368
vt 0.499393 0.166932
vt 0.661000 0.173345
vt 0.836159 0.176344
vt 0.077115 0.181859
vt 0.087809 0.177166
vt 0.294730 0.175624
vt 0.551775 0.176864
vt 0.734124 0.172704
vt 0.755325 0.173205
vt 0.775604 0.177284
vt 0.942769 0.179895
vt 0.167992 0.172377
vt 0.614899 0.173354
vt 0.686903 0.172848
vt 0.768480 0.172442
vt 0.824893 0.176804
vt 0.862915 0.178135
vt 0.046187 0.177080
vt 0.240411 0.185038
vt 0.357096 0.182994
vt 0.397494 0.191079
vt 0.472347 0.185651
vt 0.484621 0.184837
vt 0.496717 0.182833
vt 0.503648 0.184320
vt 0.603286 0.178551
vt 0.864281 0.189791
vt 0.114691 0.187471
vt 0.155664 0.180016
vt 0.228119 0.189337
vt 0.307915 0.181981
vt 0.568496 0.180363
vt 0.792311 0.188515
vt 0.817309 0.189025
vt 0.984455 0.183569
vt 0.023397 0.190097
vt 0.210197 0.191764
vt 0.454566 0.182910
vt 0.528684 0.190343
vt 0.625961 0.187385
vt 0.727337 0.183568
vt 0.763751 0.183717
vt 0.062642 0.184658
vt 0.332569 0.185219
vt 0.676396 0.190675
vt 0.743845 0.189393
vt 0.843617 0.183133
vt 0.884894 0.186066
vt 0.895164 0.184254
vt 0.912853 0.185748
vt 0.958366 0.190404
vt 0.129539 0.192395
vt 0.701339 0.196444
vt 0.088944 0.188030
vt 0.098608 0.192324
vt 0.550663 0.186327
vt 0.577878 0.193201
vt 0.639674 0.199478
vt 0.932434 0.188582
vt 0.157470 0.192156
vt 0.298306 0.193659
vt 0.655715 0.187567
vt 0.202589 0.189330
vt 0.254981 0.205192
vt 0.278041 0.195932
vt 0.359779 0.201242
vt 0.601829 0.192124
vt 0.720302 0.189074
vt 0.848338 0.189642
vt 0.919828 0.194800
vt 0.039383 0.201328
vt 0.045883 0.204772
vt 0.084185 0.196277
vt 0.171085 0.192122
vt 0.177937 0.209027
vt 0.309195 0.200419
vt 0.511466 0.196584
vt 0.562482 0.200144
vt 0.244778 0.194374
vt 0.500927 0.195624
vt 0.540573 0.195846
vt 0.802692 0.194986
vt 0.890462 0.205338
vt 0.968771 0.201442
vt 0.321923 0.205364
vt 0.741376 0.214292
vt 0.768491 0.209446
vt 0.103992 0.201036
vt 0.119198 0.200332
vt 0.137397 0.200423
vt 0.475564 0.207270
vt 0.727896 0.204169
vt 0.831041 0.201679
vt 0.001291 0.214108
vt 0.058703 0.199587
vt 0.078723 0.206427
vt 0.223841 0.200198
vt 0.487009 0.206561
vt 0.549289 0.201487
vt 0.627757 0.203209
vt 0.848166 0.203829
vt 0.167080 0.202082
vt 0.276061 0.219014
vt 0.328029 0.231064
vt 0.431729 0.215663
vt 0.521601 0.201694
vt 0.593201 0.205891
vt 0.609713 0.203229
vt 0.871251 0.209568
vt 0.151980 0.204396
vt 0.205277 0.215449
vt 0.404272 0.218087
vt 0.498520 0.209012
vt 0.713271 0.211775
vt 0.792216 0.212560
vt 0.809699 0.204156
vt 0.900593 0.202546
vt 0.928285 0.209022
vt 0.092008 0.212275
vt 0.191930 0.210622
vt 0.286079 0.211519
vt 0.300346 0.214110
vt 0.578618 0.207776
vt 0.680257 0.206931
vt 0.782371 0.207074
vt 0.847185 0.212801
vt 0.013877 0.216722
vt 0.561306 0.211485
vt 0.648304 0.211431
vt 0.857837 0.217666
vt 0.059675 0.214649
vt 0.113773 0.214519
vt 0.125979 0.211801
vt 0.231704 0.218782
vt 0.384995 0.225385
vt 0.505690 0.216204
vt 0.526245 0.211432
vt 0.669820 0.214339
vt 0.876001 0.219510
vt 0.953322 0.214079
vt 0.143520 0.218011
vt 0.174377 0.218047
vt 0.602542 0.213926
vt 0.813308 0.216622
vt 0.030851 0.213416
vt 0.354408 0.238977
vt 0.542650 0.220039
vt 0.751021 0.220097
vt 0.829562 0.218612
vt 0.985532 0.212545
vt 0.044949 0.218859
vt 0.101628 0.217732
vt 0.223621 0.210822
vt 0.254990 0.218530
vt 0.581918 0.223006
vt 0.617847 0.227946
vt 0.733345 0.221829
vt 0.779317 0.218703
vt 0.861329 0.223668
vt 0.997885 0.247269
vt 0.153661 0.216280
vt 0.511104 0.222911
vt 0.570684 0.225627
vt 0.685985 0.220319
vt 0.695747 0.235408
vt 0.907697 0.232287
vt 0.970811 0.219533
vt 0.081159 0.220066
vt 0.487633 0.228481
vt 0.126835 0.219801
vt 0.243213 0.226446
vt 0.530213 0.230247
vt 0.634114 0.231777
vt 0.649699 0.223261
vt 0.791069 0.220964
vt 0.895161 0.222216
vt 0.164764 0.227496
vt 0.215222 0.237047
vt 0.270693 0.237038
vt 0.091145 0.225125
vt 0.197326 0.225992
vt 0.305510 0.228426
vt 0.520265 0.225048
vt 0.685727 0.236445
vt 0.942789 0.231588
vt 0.038259 0.231671
vt 0.072115 0.224580
vt 0.108333 0.228337
vt 0.147902 0.228288
vt 0.286829 0.231907
vt 0.447478 0.268702
vt 0.557756 0.230641
vt 0.593013 0.230751
vt 0.784519 0.227231
vt 0.883856 0.231418
vt 0.426921 0.249614
vt 0.809158 0.231362
vt 0.930579 0.234739
vt 0.970177 0.235508
vt 0.020611 0.235344
vt 0.115695 0.235084
vt 0.194850 0.237844
vt 0.244542 0.257002
vt 0.256874 0.239888
vt 0.260804 0.229258
vt 0.297435 0.242746
vt 0.495440 0.239975
vt 0.773519 0.231309
vt 0.830023 0.235696
vt 0.873086 0.231437
vt 0.918275 0.240418
vt 0.075278 0.236181
vt 0.525303 0.237034
vt 0.715022 0.236994
vt 0.738768 0.238998
vt 0.065054 0.244194
vt 0.132827 0.235328
vt 0.483811 0.251333
vt 0.755619 0.241974
vt 0.889690 0.243518
vt 0.052981 0.249163
vt 0.161505 0.239721
vt 0.175196 0.242247
vt 0.472878 0.254372
vt 0.508099 0.245860
vt 0.546440 0.245156
vt 0.642740 0.237587
vt 0.804072 0.242193
vt 0.985497 0.252634
vt 0.103760 0.239685
vt 0.517780 0.241665
vt 0.580031 0.242747
vt 0.600209 0.240403
vt 0.860139 0.245842
vt 0.075279 0.249430
vt 0.092643 0.243446
vt 0.392232 0.248832
vt 0.530231 0.254508
vt 0.660529 0.241784
vt 0.823077 0.242758
vt 0.873762 0.241278
vt 0.567501 0.244786
vt 0.838455 0.246225
vt 0.037680 0.264182
vt 0.310336 0.251575
vt 0.761677 0.250012
vt 0.901639 0.250928
vt 0.954493 0.250786
vt 0.114075 0.253084
vt 0.218946 0.250939
vt 0.271920 0.254817
vt 0.289238 0.253023
vt 0.584329 0.256598
vt 0.628859 0.247380
vt 0.672673 0.249476
vt 0.696200 0.258234
vt 0.932992 0.247819
vt 0.141172 0.253384
vt 0.642756 0.250378
vt 0.734558 0.254444
vt 0.781287 0.262558
vt 0.197950 0.248757
vt 0.513943 0.257563
vt 0.826311 0.253293
vt 0.171406 0.255392
vt 0.193999 0.254624
vt 0.609996 0.258053
vt 0.653562 0.260966
vt 0.800938 0.260511
vt 0.870846 0.256040
vt 0.883911 0.253794
vt 0.914376 0.255274
vt 0.970990 0.257240
vt 0.852585 0.257436
vt 0.940706 0.258130
vt 0.080221 0.257444
vt 0.105693 0.261277
vt 0.116788 0.262195
vt 0.188769 0.263673
vt 0.091416 0.265083
vt 0.138163 0.254386
vt 0.152153 0.266347
vt 0.156419 0.262468
vt 0.630578 0.264937
vt 0.875840 0.260632
vt 0.066522 0.266752
vt 0.213357 0.264914
vt 0.317709 0.266815
vt 0.554875 0.266647
vt 0.714375 0.260808
vt 0.726001 0.265223
vt 0.741961 0.262600
vt 0.897544 0.265304
vt 0.281057 0.262549
vt 0.767925 0.267562
vt 0.004243 0.313047
vt 0.096959 0.269999
vt 0.540887 0.261840
vt 0.591775 0.268429
vt 0.611453 0.280084
vt 0.684519 0.270555
vt 0.704893 0.274337
vt 0.751089 0.275980
vt 0.836847 0.272699
vt 0.856281 0.273207
vt 0.932145 0.265411
vt 0.299571 0.272882
vt 0.500665 0.269877
vt 0.576897 0.273825
vt 0.823880 0.270285
vt 0.943111 0.277132
vt 0.976971 0.269249
vt 0.050163 0.270992
vt 0.081163 0.273627
vt 0.265555 0.268521
vt 0.276707 0.272740
vt 0.407800 0.281140
vt 0.691380 0.277973
vt 0.715297 0.274926
vt 0.865933 0.273608
vt 0.880126 0.270460
vt 0.910397 0.272960
vt 0.957458 0.273437
vt 0.161096 0.270904
vt 0.534502 0.279996
vt 0.639854 0.270774
vt 0.108140 0.280291
vt 0.186791 0.285103
vt 0.513325 0.275427
vt 0.251931 0.277415
vt 0.486841 0.293712
vt 0.650820 0.285539
vt 0.668939 0.277731
vt 0.925743 0.275091
vt 0.985216 0.288711
vt 0.057347 0.281961
vt 0.362466 0.288254
vt 0.565773 0.277631
vt 0.734199 0.283535
vt 0.895716 0.276054
vt 0.239097 0.300184
vt 0.784145 0.275694
vt 0.971453 0.290426
vt 0.091343 0.281627
vt 0.125575 0.282846
vt 0.223556 0.282946
vt 0.461730 0.289381
vt 0.592560 0.295090
vt 0.757945 0.294405
vt 0.793732 0.284622
vt 0.809240 0.295398
vt 0.876981 0.281678
vt 0.038793 0.294175
vt 0.674203 0.287145
vt 0.856346 0.283225
vt 0.143220 0.291053
vt 0.151890 0.282348
vt 0.194871 0.290522
vt 0.205450 0.288980
vt 0.283134 0.282037
vt 0.545159 0.287537
vt 0.634767 0.283677
vt 0.705446 0.295198
vt 0.938550 0.288694
vt 0.072435 0.296853
vt 0.265158 0.291281
vt 0.321728 0.296270
vt 0.905116 0.289029
vt 0.954822 0.285047
vt 0.086110 0.289289
vt 0.521956 0.291809
vt 0.623734 0.292909
vt 0.775258 0.293402
vt 0.826565 0.292602
vt 0.117391 0.295909
vt 0.569791 0.295144
vt 0.839687 0.295242
vt 0.996742 0.301802
vt 0.166265 0.296986
vt 0.221534 0.300596
vt 0.295895 0.294688
vt 0.882268 0.293638
vt 0.103436 0.297686
vt 0.513769 0.302947
vt 0.672467 0.299182
vt 0.732970 0.297679
vt 0.853937 0.295066
vt 0.865786 0.298296
vt 0.919444 0.295261
vt 0.133695 0.299770
vt 0.691521 0.304196
vt 0.052641 0.301643
vt 0.209379 0.302876
vt 0.373931 0.313192
vt 0.826173 0.302482
vt 0.954838 0.304752
vt 0.084814 0.299151
vt 0.402448 0.321947
vt 0.638291 0.307404
vt 0.934672 0.302423
vt 0.274469 0.305182
vt 0.617852 0.310638
vt 0.655677 0.304620
vt 0.792414 0.311667
vt 0.876935 0.299521
vt 0.908577 0.307076
vt 0.994957 0.323366
vt 0.093464 0.305594
vt 0.889875 0.301110
vt 0.706238 0.311947
vt 0.970179 0.317148
vt 0.069711 0.305848
vt 0.125510 0.317649
vt 0.150136 0.307865
vt 0.169805 0.316221
vt 0.178273 0.305603
vt 0.298035 0.327072
vt 0.471382 0.320993
vt 0.530836 0.314775
vt 0.566924 0.312550
vt 0.842303 0.322640
vt 0.858275 0.311624
vt 0.877366 0.313332
vt 0.208884 0.316036
vt 0.228436 0.314633
vt 0.769192 0.316286
vt 0.931678 0.314395
vt 0.112520 0.313447
vt 0.669477 0.314044
vt 0.720904 0.318697
vt 0.267294 0.323108
vt 0.500862 0.320548
vt 0.746764 0.318951
vt 0.049062 0.323179
vt 0.066384 0.318016
vt 0.102267 0.316404
vt 0.336466 0.333210
vt 0.654856 0.324046
vt 0.901971 0.315594
vt 0.946491 0.315517
vt 0.160483 0.319244
vt 0.196255 0.318722
vt 0.247535 0.334806
vt 0.782518 0.322157
vt 0.090397 0.327312
vt 0.215902 0.330009
vt 0.808991 0.335093
vt 0.818667 0.322989
vt 0.921652 0.322689
vt 0.964079 0.324170
vt 0.076009 0.322055
vt 0.860391 0.322365
vt 0.057785 0.333499
vt 0.120068 0.322010
vt 0.591908 0.337152
vt 0.908048 0.330115
vt 0.144772 0.328173
vt 0.184387 0.333290
vt 0.563754 0.334599
vt 0.568196 0.323441
vt 0.879941 0.327681
vt 0.364956 0.341528
vt 0.450003 0.363932
vt 0.475620 0.345112
vt 0.534701 0.327305
vt 0.832740 0.329427
vt 0.894282 0.328899
vt 0.943510 0.331606
vt 0.425175 0.386703
vt 0.729522 0.336230
vt 0.127745 0.333226
vt 0.165082 0.350215
vt 0.705454 0.339894
vt 0.765369 0.334544
vt 0.865438 0.329879
vt 0.983464 0.337307
vt 0.102018 0.339193
vt 0.157430 0.336219
vt 0.768990 0.349410
vt 0.846427 0.336587
vt 0.958340 0.337017
vt 0.516028 0.346755
vt 0.667709 0.349909
vt 0.748530 0.336660
vt 0.795907 0.339969
vt 0.828916 0.340476
vt 0.899013 0.339991
vt 0.918874 0.336607
vt 0.930434 0.335806
vt 0.389020 0.363424
vt 0.033242 0.354909
vt 0.071013 0.342312
vt 0.229417 0.350411
vt 0.149565 0.348756
vt 0.259692 0.357258
vt 0.859513 0.356467
vt 0.888293 0.339404
vt 0.089453 0.334544
vt 0.193349 0.353495
vt 0.780194 0.351809
vt 0.933845 0.345032
vt 0.087296 0.345891
vt 0.127549 0.348752
vt 0.537147 0.362435
vt 0.725719 0.345455
vt 0.739048 0.357087
vt 0.914379 0.345067
vt 0.976480 0.357199
vt 0.121063 0.353499
vt 0.840945 0.359164
vt 0.569981 0.365688
vt 0.814761 0.348903
vt 0.054037 0.350026
vt 0.156592 0.360425
vt 0.283034 0.364391
vt 0.869552 0.362281
vt 0.882329 0.358656
vt 0.310358 0.372699
vt 0.915505 0.353299
vt 0.929551 0.355539
vt 0.086271 0.357952
vt 0.176232 0.364931
vt 0.594096 0.361506
vt 0.617294 0.376826
vt 0.696590 0.373654
vt 0.718045 0.361142
vt 0.803076 0.356389
vt 0.900472 0.359198
vt 0.957686 0.357698
vt 0.999776 0.363113
vt 0.061014 0.364598
vt 0.204482 0.370317
vt 0.822341 0.360826
vt 0.750380 0.361688
vt 0.937958 0.357082
vt 0.000940 0.386809
vt 0.103812 0.381554
vt 0.130491 0.362608
vt 0.775488 0.365917
vt 0.797322 0.377082
vt 0.847824 0.368518
vt 0.096919 0.370595
vt 0.118955 0.375710
vt 0.655914 0.373411
vt 0.811749 0.367567
vt 0.077890 0.369202
vt 0.463027 0.380810
vt 0.491035 0.380551
vt 0.918667 0.366860
vt 0.932188 0.365500
vt 0.943743 0.363986
vt 0.162842 0.373872
vt 0.231651 0.377257
vt 0.512593 0.387156
vt 0.862518 0.371646
vt 0.913342 0.372564
vt 0.188480 0.371148
vt 0.352503 0.379157
vt 0.760753 0.373583
vt 0.831578 0.375470
vt 0.890954 0.372847
vt 0.953442 0.371449
vt 0.966838 0.371578
vt 0.153185 0.385918
vt 0.674615 0.387796
vt 0.727736 0.377929
vt 0.130836 0.372831
vt 0.740443 0.374562
vt 0.040663 0.384266
vt 0.715072 0.378738
vt 0.781997 0.381414
vt 0.852504 0.379230
vt 0.877049 0.378498
vt 0.168966 0.391005
vt 0.589472 0.389331
vt 0.976461 0.382567
vt 0.057839 0.390481
vt 0.065212 0.381764
vt 0.182452 0.380066
vt 0.255709 0.392936
vt 0.813095 0.378657
vt 0.923514 0.384499
vt 0.960687 0.397120
vt 0.128918 0.384004
vt 0.199967 0.392654
vt 0.444519 0.385592
vt 0.867807 0.385153
vt 0.885909 0.379572
vt 0.956229 0.388024
vt 0.084079 0.393521
vt 0.473577 0.391107
vt 0.536488 0.394367
vt 0.553475 0.388649
vt 0.709023 0.396902
vt 0.938326 0.385079
vt 0.020203 0.393456
vt 0.740623 0.388301
vt 0.820385 0.390401
vt 0.911861 0.387020
vt 0.761186 0.382390
vt 0.876713 0.387694
vt 0.949606 0.390955
vt 0.984459 0.398680
vt 0.141276 0.398549
vt 0.800549 0.397178
vt 0.830191 0.394008
vt 0.905437 0.399180
vt 0.999929 0.399298
vt 0.054287 0.398217
vt 0.105236 0.392717
vt 0.119452 0.397674
vt 0.653190 0.398410
vt 0.777379 0.398641
vt 0.880924 0.405832
vt 0.070276 0.406182
vt 0.222692 0.405653
vt 0.377200 0.426004
vt 0.444331 0.402730
vt 0.492223 0.397994
vt 0.613249 0.396565
vt 0.846012 0.398890
vt 0.864652 0.396981
vt 0.130815 0.406316
vt 0.171416 0.401998
vt 0.874929 0.401383
vt 0.936699 0.395181
vt 0.030477 0.404179
vt 0.483024 0.405066
vt 0.745118 0.416353
vt 0.919019 0.395633
vt 0.954039 0.403772
vt 0.050588 0.404722
vt 0.093336 0.405434
vt 0.108434 0.403669
vt 0.604357 0.419349
vt 0.623855 0.408817
vt 0.507542 0.410047
vt 0.677642 0.413851
vt 0.760116 0.416132
vt 0.919283 0.408954
vt 0.937725 0.405735
vt 0.968521 0.407490
vt 0.001536 0.420915
vt 0.531069 0.416177
vt 0.553430 0.423424
vt 0.826426 0.417950
vt 0.835031 0.404996
vt 0.023498 0.436446
vt 0.186753 0.407164
vt 0.339593 0.438333
vt 0.854867 0.406183
vt 0.900251 0.405345
vt 0.148273 0.418412
vt 0.269405 0.418008
vt 0.947176 0.413510
vt 0.210629 0.419870
vt 0.810221 0.411985
vt 0.845093 0.410258
vt 0.885618 0.425594
vt 0.908955 0.413289
vt 0.988620 0.416773
vt 0.093036 0.417370
vt 0.647911 0.430532
vt 0.726071 0.423521
vt 0.798027 0.410393
vt 0.838134 0.413859
vt 0.858672 0.420912
vt 0.959037 0.418675
vt 0.966597 0.420344
vt 0.999742 0.421556
vt 0.073066 0.415496
vt 0.140738 0.412831
vt 0.198332 0.429291
vt 0.437626 0.433915
vt 0.787217 0.413298
vt 0.158562 0.422114
vt 0.165055 0.426282
vt 0.235598 0.428495
vt 0.482111 0.421684
vt 0.295158 0.443200
vt 0.872017 0.422882
vt 0.121523 0.422208
vt 0.188141 0.440422
vt 0.779806 0.430412
vt 0.807193 0.427064
vt 0.931859 0.422392
vt 0.040062 0.421640
vt 0.132581 0.428624
vt 0.214927 0.433047
vt 0.078261 0.428221
vt 0.678299 0.436254
vt 0.836815 0.429871
vt 0.849154 0.425953
vt 0.941980 0.429443
vt 0.052299 0.437082
vt 0.893583 0.431967
vt 0.907374 0.434422
vt 0.923863 0.431390
vt 0.093906 0.430031
vt 0.098563 0.438556
vt 0.461729 0.438053
vt 0.494087 0.436453
vt 0.985572 0.434856
vt 0.144676 0.435651
vt 0.819199 0.434286
vt 0.874430 0.438721
vt 0.171224 0.439131
vt 0.255845 0.443371
vt 0.273336 0.429832
vt 0.385574 0.464786
vt 0.527288 0.439749
vt 0.724276 0.454276
vt 0.862391 0.437766
vt 0.952468 0.433907
vt 0.625524 0.445828
vt 0.762024 0.442399
vt 0.967103 0.432665
vt 0.081261 0.441087
vt 0.130678 0.443265
vt 0.316668 0.453147
vt 0.980423 0.447848
vt 0.235646 0.447375
vt 0.596601 0.450842
vt 0.700104 0.459752
vt 0.743161 0.444213
vt 0.792038 0.447163
vt 0.810577 0.448351
vt 0.911116 0.446178
vt 0.226813 0.442435
vt 0.774949 0.444781
vt 0.843363 0.442937
vt 0.885161 0.442314
vt 0.071311 0.444479
vt 0.087875 0.446220
vt 0.476926 0.452694
vt 0.653642 0.457869
vt 0.896809 0.447457
vt 0.932422 0.443492
vt 0.999976 0.445112
vt 0.948668 0.449330
vt 0.105447 0.449685
vt 0.152400 0.445986
vt 0.171251 0.456897
vt 0.500366 0.456606
vt 0.966104 0.450058
vt 0.100151 0.455279
vt 0.828563 0.452040
vt 0.864630 0.451286
vt 0.883094 0.455994
vt 0.925277 0.449703
vt 0.080566 0.455149
vt 0.146414 0.454022
vt 0.544753 0.462771
vt 0.874148 0.455224
vt 0.207510 0.466708
vt 0.329042 0.476553
vt 0.045096 0.457865
vt 0.222477 0.461762
vt 0.454436 0.473278
vt 0.675598 0.469395
vt 0.769923 0.463181
vt 0.856249 0.459971
vt 0.892671 0.457898
vt 0.117130 0.458671
vt 0.123399 0.457604
vt 0.606721 0.465090
vt 0.745973 0.461706
vt 0.840612 0.464776
vt 0.933134 0.456920
vt 0.985469 0.459023
vt 0.144871 0.468794
vt 0.238119 0.474178
vt 0.788408 0.461840
vt 0.923020 0.465857
vt 0.964967 0.465401
vt 0.065572 0.461324
vt 0.089462 0.466516
vt 0.161377 0.463556
vt 0.189581 0.473026
vt 0.813599 0.464985
vt 0.003697 0.500890
vt 0.262075 0.491527
vt 0.293540 0.472151
vt 0.305545 0.466454
vt 0.420252 0.488956
vt 0.871152 0.464475
vt 0.907079 0.471335
vt 0.999665 0.475542
vt 0.622525 0.480442
vt 0.827404 0.467999
vt 0.943738 0.466833
vt 0.069745 0.471612
vt 0.078264 0.466475
vt 0.254017 0.471496
vt 0.879964 0.471256
vt 0.032862 0.488675
vt 0.113609 0.472976
vt 0.498640 0.478351
vt 0.585177 0.468844
vt 0.800320 0.480104
vt 0.089282 0.479405
vt 0.121809 0.477423
vt 0.169333 0.472144
vt 0.859122 0.477503
vt 0.780491 0.478648
vt 0.200188 0.483259
vt 0.758470 0.487641
vt 0.812716 0.479752
vt 0.955676 0.481205
vt 0.049729 0.481969
vt 0.146376 0.486415
vt 0.223682 0.482021
vt 0.683909 0.486903
vt 0.733441 0.493957
vt 0.912220 0.483532
vt 0.935691 0.482624
vt 0.541945 0.495019
vt 0.574858 0.490287
vt 0.835484 0.479768
vt 0.899509 0.482828
vt 0.923329 0.478724
vt 0.979748 0.486258
vt 0.101466 0.481647
vt 0.080185 0.485212
vt 0.113787 0.482028
vt 0.169350 0.496437
vt 0.648095 0.489287
vt 0.066459 0.487260
vt 0.164034 0.486208
vt 0.873247 0.485114
vt 0.091676 0.488207
vt 0.378268 0.543261
vt 0.705407 0.500060
vt 0.846243 0.495293
vt 0.946990 0.494647
vt 0.182249 0.496502
vt 0.821729 0.492863
vt 0.864935 0.490837
vt 0.902111 0.492079
vt 0.927725 0.491099
vt 0.075234 0.501810
vt 0.100451 0.497162
vt 0.193084 0.495685
vt 0.217251 0.491852
vt 0.294867 0.502572
vt 0.774330 0.497542
vt 0.789214 0.492015
vt 0.832096 0.499753
vt 0.916603 0.494903
vt 0.479567 0.498532
vt 0.050211 0.497729
vt 0.087405 0.496246
vt 0.232017 0.506001
vt 0.505422 0.496064
vt 0.673480 0.499713
vt 0.935409 0.494060
vt 0.959030 0.500784
vt 0.135608 0.498564
vt 0.156835 0.500603
vt 0.059598 0.505632
vt 0.599235 0.506375
vt 0.802072 0.505637
vt 0.873894 0.503603
vt 0.978347 0.497152
vt 0.452501 0.521609
vt 0.652467 0.508691
vt 0.826136 0.509538
vt 0.107541 0.506666
vt 0.329482 0.526659
vt 0.437022 0.508823
vt 0.640711 0.517305
vt 0.726004 0.513181
vt 0.887766 0.507212
vt 0.928509 0.504428
vt 0.996441 0.506244
vt 0.019520 0.514980
vt 0.660352 0.516129
vt 0.764297 0.515954
vt 0.781255 0.514108
vt 0.835966 0.512282
vt 0.909144 0.507569
vt 0.915878 0.507816
vt 0.096686 0.504545
vt 0.145736 0.508693
vt 0.178749 0.506597
vt 0.683790 0.522940
vt 0.699586 0.507359
vt 0.079670 0.512812
vt 0.260932 0.505402
vt 0.566034 0.519062
vt 0.747377 0.518821
vt 0.948129 0.511141
vt 0.975307 0.510144
vt 0.125541 0.517228
vt 0.159244 0.513366
vt 0.860446 0.513263
vt 0.412701 0.538526
vt 0.485672 0.522794
vt 0.812057 0.515474
vt 0.030922 0.522945
vt 0.094573 0.514447
vt 0.139425 0.523231
vt 0.168225 0.518756
vt 0.304994 0.517012
vt 0.055398 0.516941
vt 0.191648 0.519412
vt 0.257847 0.521878
vt 0.610400 0.534424
vt 0.882879 0.518467
vt 0.936904 0.515344
vt 0.952424 0.522190
vt 0.105146 0.519222
vt 0.534589 0.535847
vt 0.805056 0.525299
vt 0.922284 0.520399
vt 0.984748 0.530818
vt 0.696436 0.534860
vt 0.794736 0.526412
vt 0.853161 0.527056
vt 0.904744 0.517687
vt 0.073337 0.524022
vt 0.154764 0.523360
vt 0.832953 0.523758
vt 0.229508 0.536091
vt 0.295144 0.537639
vt 0.819286 0.528954
vt 0.866495 0.527556
vt 0.937407 0.526337
vt 0.959220 0.524061
vt 0.998222 0.519079
vt 0.017508 0.535367
vt 0.049863 0.532539
vt 0.077628 0.532385
vt 0.095032 0.528410
vt 0.150800 0.529784
vt 0.912804 0.527399
vt 0.002195 0.537482
vt 0.119843 0.530881
vt 0.578316 0.537648
vt 0.734278 0.531645
vt 0.751058 0.534187
vt 0.877797 0.529699
vt 0.897661 0.530300
vt 0.965524 0.532895
vt 0.168053 0.535567
vt 0.925016 0.533321
vt 0.241797 0.549674
vt 0.717052 0.538088
vt 0.138451 0.538590
vt 0.659911 0.538229
vt 0.771295 0.544766
vt 0.786541 0.543483
vt 0.950023 0.536822
vt 0.106464 0.537553
vt 0.268426 0.556947
vt 0.091621 0.544926
vt 0.187777 0.553822
vt 0.466071 0.544121
vt 0.801970 0.541557
vt 0.863477 0.541898
vt 0.890048 0.538252
vt 0.033876 0.543342
vt 0.254126 0.537045
vt 0.833381 0.547027
vt 0.909588 0.541468
vt 0.937366 0.536077
vt 0.010514 0.564507
vt 0.153487 0.542792
vt 0.070095 0.548811
vt 0.118153 0.549466
vt 0.439690 0.557670
vt 0.942737 0.545800
vt 0.058556 0.550286
vt 0.349284 0.571087
vt 0.907544 0.551670
vt 0.137916 0.549213
vt 0.174130 0.558038
vt 0.755161 0.550626
vt 0.886819 0.549517
vt 0.961566 0.553062
vt 0.975238 0.557317
vt 0.283993 0.558723
vt 0.736446 0.556312
vt 0.925755 0.551653
vt 0.999896 0.559660
vt 0.418768 0.556991
vt 0.501350 0.563111
vt 0.575366 0.579152
vt 0.615630 0.565313
vt 0.042270 0.564778
vt 0.085765 0.564497
vt 0.101543 0.557104
vt 0.156972 0.559321
vt 0.698349 0.562692
vt 0.804732 0.555263
vt 0.000241 0.584752
vt 0.027241 0.561539
vt 0.204384 0.562724
vt 0.662417 0.569705
vt 0.783292 0.563347
vt 0.852335 0.556927
vt 0.933671 0.556138
vt 0.897011 0.564172
vt 0.128078 0.563016
vt 0.233419 0.559909
vt 0.819500 0.561749
vt 0.942912 0.561162
vt 0.073194 0.564798
vt 0.110856 0.570097
vt 0.872214 0.559569
vt 0.095576 0.569180
vt 0.459417 0.583863
vt 0.530859 0.573601
vt 0.911449 0.568604
vt 0.221563 0.571931
vt 0.297561 0.572854
vt 0.400884 0.588953
vt 0.761069 0.573649
vt 0.962077 0.574690
vt 0.245829 0.572670
vt 0.509451 0.576713
vt 0.835081 0.575839
vt 0.718429 0.575931
vt 0.805395 0.578987
vt 0.882228 0.575555
vt 0.925420 0.572697
vt 0.019678 0.585449
vt 0.143937 0.576613
vt 0.166694 0.575251
vt 0.188641 0.578111
vt 0.321777 0.599791
vt 0.688450 0.587922
vt 0.820836 0.573131
vt 0.942952 0.577159
vt 0.975319 0.581933
vt 1.000026 0.577144
vt 0.131090 0.574489
vt 0.255732 0.580566
vt 0.854679 0.578515
vt 0.895250 0.575168
vt 0.068196 0.592385
vt 0.205438 0.578479
vt 0.237245 0.588106
vt 0.377886 0.587846
vt 0.733639 0.589730
vt 0.491590 0.599027
vt 0.869399 0.581024
vt 0.086497 0.583733
vt 0.779363 0.584646
vt 0.913447 0.582334
vt 0.119627 0.583373
vt 0.422262 0.602442
vt 0.955295 0.582274
vt 0.034601 0.594794
vt 0.171194 0.584641
vt 0.211388 0.593574
vt 0.266245 0.600592
vt 0.791643 0.583558
vt 0.821822 0.582522
vt 0.878137 0.587664
vt 0.901405 0.586834
vt 0.157744 0.590628
vt 0.184052 0.604786
vt 0.893169 0.595896
vt 0.922425 0.586959
vt 0.102464 0.590062
vt 0.286012 0.621247
vt 0.523359 0.597615
vt 0.843960 0.595454
vt 0.942552 0.591101
vt 0.962656 0.596513
vt 0.761242 0.597681
vt 0.792470 0.594432
vt 0.127832 0.594829
vt 0.146022 0.600265
vt 0.164278 0.599985
vt 0.670062 0.608222
vt 0.864287 0.597535
vt 0.902288 0.600020
vt 0.999320 0.592700
vt 0.091218 0.603409
vt 0.222222 0.595961
vt 0.634012 0.621434
vt 0.823512 0.599785
vt 0.929991 0.597548
vt 0.977803 0.601292
vt 0.746239 0.606275
vt 0.018241 0.602693
vt 0.054237 0.605519
vt 0.109748 0.601344
vt 0.170868 0.608046
vt 0.349332 0.611442
vt 0.386973 0.615660
vt 0.154712 0.611321
vt 0.880688 0.605268
vt 0.939613 0.612094
vt 0.123056 0.616398
vt 0.133425 0.607633
vt 0.205846 0.613193
vt 0.520770 0.618014
vt 0.777403 0.610531
vt 0.850523 0.606714
vt 0.046490 0.616992
vt 0.706424 0.615201
vt 0.916889 0.620921
vt 0.147670 0.609778
vt 0.906814 0.614331
vt 0.962832 0.614744
vt 0.994292 0.618576
vt 0.002669 0.630185
vt 0.730276 0.616980
vt 0.756850 0.620044
vt 0.890253 0.617364
vt 0.062548 0.617858
vt 0.103636 0.625375
vt 0.216710 0.623631
vt 0.442567 0.635115
vt 0.578913 0.642593
vt 0.872605 0.619778
vt 0.080707 0.619602
vt 0.098456 0.624128
vt 0.680133 0.627975
vt 0.835290 0.625586
vt 0.861564 0.621500
vt 0.934156 0.628645
vt 0.979475 0.620021
vt 0.807101 0.624784
vt 0.028691 0.626275
vt 0.142327 0.620838
vt 0.181061 0.632336
vt 0.739635 0.624403
vt 0.779935 0.628725
vt 0.850312 0.625125
vt 0.112489 0.635969
vt 0.610373 0.642446
vt 0.816172 0.627251
vt 0.153998 0.631584
vt 0.713480 0.622381
vt 0.720930 0.628302
vt 0.953678 0.630480
vt 0.368228 0.641595
vt 0.289063 0.662171
vt 0.903445 0.631618
vt 0.011826 0.638164
vt 0.058915 0.636216
vt 0.667047 0.644381
vt 0.878219 0.633251
vt 0.043779 0.638565
vt 0.128000 0.639924
vt 0.141034 0.642567
vt 0.403848 0.642427
vt 0.550698 0.655938
vt 0.743685 0.640119
vt 0.792657 0.637857
vt 0.801509 0.633962
vt 0.868592 0.635202
vt 0.928118 0.639123
vt 0.768115 0.637165
vt 0.811872 0.638185
vt 0.852105 0.636119
vt 0.977304 0.643355
vt 0.036524 0.641245
vt 0.077106 0.641756
vt 0.730098 0.646052
vt 0.756483 0.636628
vt 0.187260 0.651981
vt 0.497301 0.650577
vt 0.087722 0.649006
vt 0.692842 0.642658
vt 0.706104 0.639277
vt 0.832496 0.645840
vt 0.856092 0.641149
vt 0.998799 0.652112
vt 0.147534 0.655211
vt 0.166732 0.652668
vt 0.249885 0.664033
vt 0.020544 0.650370
vt 0.903968 0.647530
vt 0.942470 0.649430
vt 0.962987 0.646353
vt 0.880050 0.646302
vt 0.756213 0.649880
vt 0.781143 0.651077
vt 0.845468 0.651160
vt 0.929044 0.646931
vt 0.059292 0.650731
vt 0.125021 0.652714
vt 0.636661 0.660694
vt 0.682146 0.647912
vt 0.911589 0.655778
vt 0.103779 0.652760
vt 0.709399 0.654529
vt 0.799637 0.655093
vt 0.870599 0.659258
vt 0.045186 0.655622
vt 0.213985 0.684806
vt 0.390233 0.671470
vt 0.688490 0.663070
vt 0.749117 0.660814
vt 0.816031 0.654376
vt 0.917836 0.653682
vt 0.954739 0.663859
vt 0.074787 0.659936
vt 0.139656 0.655726
vt 0.590973 0.683333
vt 0.897918 0.657235
vt 0.032609 0.665761
vt 0.152772 0.664442
vt 0.424931 0.674064
vt 0.457734 0.664054
vt 0.667948 0.669004
vt 0.725593 0.669618
vt 0.924702 0.664160
vt 0.968618 0.662022
vt 0.980113 0.667429
vt 0.057936 0.666259
vt 0.094268 0.664147
vt 0.708823 0.668873
vt 0.856431 0.662901
vt 0.138599 0.669007
vt 0.795689 0.665313
vt 0.941697 0.667188
vt 0.998139 0.667457
vt 0.025718 0.684668
vt 0.042766 0.668893
vt 0.124000 0.669157
vt 0.162109 0.672949
vt 0.346395 0.684084
vt 0.844106 0.665946
vt 0.909901 0.673709
vt 0.315318 0.675766
vt 0.514410 0.693520
vt 0.747169 0.675626
vt 0.776581 0.672094
vt 0.087021 0.671349
vt 0.171688 0.669883
vt 0.281520 0.675969
vt 0.807762 0.669391
vt 0.830249 0.675233
vt 0.881884 0.674961
vt 0.000357 0.718748
vt 0.185973 0.675087
vt 0.637177 0.696738
vt 0.866632 0.686630
vt 0.902591 0.677316
vt 0.930922 0.671687
vt 0.167461 0.679923
vt 0.481010 0.695899
vt 0.791916 0.678423
vt 0.964139 0.679261
vt 0.540874 0.689460
vt 0.682841 0.680056
vt 0.701393 0.678423
vt 0.806129 0.682200
vt 0.109034 0.676695
vt 0.145689 0.680941
vt 0.277937 0.703922
vt 0.298281 0.688701
vt 0.047816 0.685362
vt 0.069375 0.687190
vt 0.134189 0.684392
vt 0.941514 0.684632
vt 0.194352 0.685013
vt 0.251949 0.709788
vt 0.891332 0.690442
vt 0.081192 0.697680
vt 0.782708 0.685871
vt 0.930836 0.684700
vt 0.447502 0.701041
vt 0.699481 0.694029
vt 0.768607 0.689334
vt 0.835247 0.691472
vt 0.855686 0.693226
vt 0.186391 0.695654
vt 0.338205 0.700175
vt 0.907548 0.691471
vt 0.146553 0.701206
vt 0.164558 0.690151
vt 0.373745 0.698500
vt 0.673079 0.699226
vt 0.685381 0.693916
vt 0.744645 0.695249
vt 0.918502 0.691953
vt 0.046688 0.696777
vt 0.102208 0.703209
vt 0.199644 0.705344
vt 0.319201 0.696593
vt 0.322203 0.688662
vt 0.661732 0.704481
vt 0.794306 0.696883
vt 0.816003 0.694815
vt 0.953027 0.690592
vt 0.064531 0.700311
vt 0.090996 0.706248
vt 0.944018 0.698266
vt 0.997332 0.686517
vt 0.129421 0.703017
vt 0.565667 0.705145
vt 0.768803 0.702442
vt 0.925113 0.705866
vt 0.716960 0.698742
vt 0.876085 0.698294
vt 0.953141 0.702007
vt 0.972922 0.704624
vt 0.022497 0.710997
vt 0.159201 0.700476
vt 0.170588 0.698783
vt 0.415088 0.710104
vt 0.827846 0.706148
vt 0.502397 0.708874
vt 0.540600 0.711024
vt 0.898089 0.703787
vt 0.911690 0.707836
vt 0.078729 0.712488
vt 0.187741 0.714478
vt 0.319595 0.708080
vt 0.381550 0.720565
vt 0.680048 0.712396
vt 0.710855 0.709710
vt 0.845309 0.706097
vt 0.860121 0.704231
vt 0.887299 0.715440
vt 0.172207 0.708735
vt 0.224651 0.720480
vt 0.348462 0.715452
vt 0.358969 0.708488
vt 0.478594 0.728944
vt 0.612528 0.731517
vt 0.803929 0.709948
vt 0.053842 0.712411
vt 0.297078 0.712104
vt 0.489035 0.715117
vt 0.521737 0.715762
vt 0.735687 0.718998
vt 0.780436 0.711380
vt 0.864896 0.711389
vt 0.937439 0.712830
vt 0.336967 0.714426
vt 0.360365 0.719748
vt 0.996853 0.730176
vt 0.029246 0.722964
vt 0.155203 0.718747
vt 0.660368 0.727653
vt 0.900511 0.713829
vt 0.999252 0.702156
vt 0.114931 0.723740
vt 0.124140 0.729165
vt 0.138129 0.717219
vt 0.201633 0.722886
vt 0.767310 0.722398
vt 0.839527 0.718870
vt 0.851244 0.728308
vt 0.961279 0.716696
vt 0.068290 0.718459
vt 0.277492 0.724937
vt 0.286502 0.719808
vt 0.320118 0.727043
vt 0.331648 0.727819
vt 0.695888 0.721164
vt 0.798132 0.725173
vt 0.975225 0.728479
vt 0.091619 0.718712
vt 0.264203 0.732891
vt 0.807016 0.735642
vt 0.826060 0.722210
vt 0.918644 0.719943
vt 0.504412 0.723308
vt 0.944863 0.735614
vt 0.056796 0.723907
vt 0.167859 0.723011
vt 0.309265 0.725152
vt 0.562752 0.723707
vt 0.674919 0.724102
vt 0.708278 0.731609
vt 0.889584 0.729136
vt 0.931194 0.723302
vt 0.247770 0.734305
vt 0.527295 0.730172
vt 0.548582 0.729666
vt 0.580467 0.733827
vt 0.721296 0.731441
vt 0.912257 0.730030
vt 0.092182 0.733691
vt 0.186844 0.726217
vt 0.358198 0.732456
vt 0.407316 0.742700
vt 0.436445 0.745161
vt 0.758070 0.725234
vt 0.777679 0.732536
vt 0.843889 0.734896
vt 0.875548 0.736022
vt 0.901917 0.727397
vt 0.923440 0.729010
vt 0.048856 0.732934
vt 0.132508 0.734177
vt 0.032264 0.738683
vt 0.678877 0.733794
vt 0.742779 0.738452
vt 0.966757 0.749809
vt 0.186754 0.737654
vt 0.355736 0.742061
vt 0.059731 0.735187
vt 0.079568 0.737966
vt 0.199756 0.741566
vt 0.497980 0.736457
vt 0.696042 0.738994
vt 0.768395 0.745227
vt 0.823886 0.733197
vt 0.011661 0.739913
vt 0.110171 0.741285
vt 0.298629 0.741559
vt 0.345865 0.742865
vt 0.370913 0.744660
vt 0.516329 0.753806
vt 0.571582 0.745492
vt 0.789978 0.744117
vt 0.144251 0.746843
vt 0.158082 0.738706
vt 0.231409 0.746133
vt 0.280339 0.740597
vt 0.324288 0.746619
vt 0.535827 0.739618
vt 0.333421 0.747443
vt 0.601898 0.748191
vt 0.756275 0.747396
vt 0.863264 0.745502
vt 0.920866 0.744731
vt 0.947647 0.739006
vt 0.257130 0.744922
vt 0.478792 0.749853
vt 0.734992 0.746165
vt 0.980783 0.757566
vt 0.092441 0.748328
vt 0.217044 0.759988
vt 0.556648 0.750282
vt 0.808104 0.749072
vt 0.845491 0.750703
vt 0.907766 0.746433
vt 0.026711 0.750271
vt 0.053741 0.749344
vt 0.281108 0.759012
vt 0.493866 0.747858
vt 0.653214 0.752598
vt 0.721584 0.749548
vt 0.900036 0.752631
vt 0.003132 0.759394
vt 0.080443 0.749007
vt 0.123592 0.755020
vt 0.191145 0.756603
vt 0.463377 0.755050
vt 0.543913 0.756510
vt 0.588463 0.763231
vt 0.680621 0.753178
vt 0.930213 0.755297
vt 0.173723 0.753218
vt 0.387007 0.765621
vt 0.871554 0.749048
vt 0.955680 0.758525
vt 0.110069 0.750373
vt 0.341738 0.759229
vt 0.505283 0.753862
vt 0.699301 0.758331
vt 0.763918 0.756894
vt 0.834942 0.755636
vt 0.154418 0.760421
vt 0.362833 0.758716
vt 0.436208 0.759056
vt 0.450343 0.765459
vt 0.622215 0.759092
vt 0.783416 0.756490
vt 0.795056 0.761144
vt 0.916219 0.759276
vt 0.136493 0.761262
vt 0.305444 0.760114
vt 0.357684 0.764764
vt 0.999342 0.758882
vt 0.089974 0.763646
vt 0.210690 0.757381
vt 0.739458 0.762172
vt 0.805323 0.760989
vt 0.876857 0.761760
vt 0.253835 0.764096
vt 0.320813 0.765432
vt 0.408054 0.772654
vt 0.073866 0.763670
vt 0.105157 0.762615
vt 0.173259 0.764129
vt 0.185469 0.772096
vt 0.198786 0.771439
vt 0.371667 0.779641
vt 0.553963 0.766051
vt 0.566350 0.761771
vt 0.663386 0.767427
vt 0.767093 0.771417
vt 0.864245 0.763670
vt 0.921426 0.769695
vt 0.942766 0.768063
vt 0.240867 0.769227
vt 0.718569 0.766887
vt 0.904930 0.768937
vt 0.968253 0.767701
vt 0.032733 0.767533
vt 0.149482 0.766357
vt 0.437981 0.772021
vt 0.525646 0.766884
vt 0.640225 0.772319
vt 0.840422 0.774167
vt 0.019300 0.776429
vt 0.064277 0.771863
vt 0.127474 0.773397
vt 0.339887 0.771228
vt 0.611624 0.773402
vt 0.786978 0.769929
vt 0.821782 0.771919
vt 0.094896 0.772588
vt 0.104938 0.773861
vt 0.209648 0.777183
vt 0.230289 0.776403
vt 0.277075 0.782017
vt 0.487720 0.771891
vt 0.579801 0.779421
vt 0.679861 0.772435
vt 0.957371 0.771009
vt 0.079604 0.779781
vt 0.134275 0.783435
vt 0.164806 0.776855
vt 0.628900 0.785072
vt 0.739215 0.776763
vt 0.800740 0.775638
vt 0.363859 0.773535
vt 0.426278 0.783878
vt 0.467574 0.776476
vt 0.560543 0.774859
vt 0.880147 0.775033
vt 0.449871 0.789203
vt 0.514438 0.786720
vt 0.537460 0.779603
vt 0.651812 0.781353
vt 0.694300 0.777567
vt 0.712003 0.780834
vt 1.000313 0.778380
vt 0.151604 0.786669
vt 0.301652 0.788633
vt 0.545870 0.786635
vt 0.863724 0.777920
vt 0.975891 0.789387
vt 0.215444 0.792627
vt 0.386126 0.787034
vt 0.597304 0.786773
vt 0.779345 0.790890
vt 0.789537 0.786819
vt 0.909132 0.786916
vt 0.948810 0.780571
vt 0.046892 0.791699
vt 0.109396 0.791376
vt 0.194426 0.787113
vt 0.257822 0.790855
vt 0.335414 0.785015
vt 0.469026 0.790721
vt 0.742155 0.789788
vt 0.766619 0.788261
vt 0.816771 0.779065
vt 0.827832 0.785179
vt 0.843200 0.782311
vt 0.066500 0.785565
vt 0.092201 0.784805
vt 0.103348 0.781969
vt 0.247596 0.789902
vt 0.416467 0.785431
vt 0.481191 0.789418
vt 0.919214 0.785010
vt 0.935541 0.788654
vt 0.001271 0.787942
vt 0.027903 0.801461
vt 0.179413 0.792715
vt 0.567306 0.786646
vt 0.664925 0.788589
vt 0.347103 0.792248
vt 0.609302 0.797584
vt 0.689184 0.792917
vt 0.703174 0.790246
vt 0.725675 0.789173
vt 0.858632 0.796289
vt 0.878366 0.790989
vt 0.891904 0.793152
vt 0.015790 0.789548
vt 0.151008 0.794453
vt 0.223483 0.798642
vt 0.236658 0.792884
vt 0.373331 0.791321
vt 0.491021 0.790677
vt 0.953062 0.792359
vt 0.196919 0.798298
vt 0.407581 0.791660
vt 0.641264 0.797067
vt 0.801833 0.793095
vt 0.842977 0.794970
vt 0.127220 0.791403
vt 0.278506 0.795509
vt 0.510386 0.801228
vt 0.715411 0.795988
vt 0.815428 0.794724
vt 0.085956 0.795877
vt 0.104498 0.801319
vt 0.572775 0.798995
vt 0.593294 0.801143
vt 0.657098 0.806090
vt 0.754618 0.797406
vt 0.073963 0.797471
vt 0.401178 0.799616
vt 0.426272 0.800117
vt 0.494164 0.803326
vt 0.554163 0.804678
vt 0.773241 0.802234
vt 0.825430 0.801987
vt 0.188656 0.804965
vt 0.327612 0.802456
vt 0.733648 0.807831
vt 0.906423 0.809527
vt 0.919221 0.807989
vt 0.163580 0.803952
vt 0.213705 0.803836
vt 0.355715 0.807188
vt 0.377130 0.801530
vt 0.415064 0.813337
vt 0.536758 0.804992
vt 0.674693 0.801576
vt 0.786182 0.804808
vt 0.000043 0.809120
vt 0.233812 0.805351
vt 0.316276 0.805276
vt 0.438409 0.807639
vt 0.460740 0.810801
vt 0.879114 0.808824
vt 0.127342 0.808641
vt 0.260106 0.812456
vt 0.342515 0.811767
vt 0.619618 0.805219
vt 0.695185 0.809568
vt 0.978267 0.842310
vt 0.068410 0.812260
vt 0.081418 0.807371
vt 0.204101 0.809118
vt 0.294046 0.814776
vt 0.397039 0.819688
vt 0.604963 0.815386
vt 0.708003 0.814171
vt 0.808808 0.809832
vt 0.838630 0.809412
vt 0.009875 0.810889
vt 0.057675 0.817773
vt 0.145461 0.812526
vt 0.278758 0.811607
vt 0.402642 0.808314
vt 0.572345 0.812517
vt 0.666711 0.813770
vt 0.679769 0.808530
vt 0.718549 0.818220
vt 0.758021 0.811903
vt 0.998656 0.864701
vt 0.033266 0.825672
vt 0.097472 0.813031
vt 0.383331 0.817592
vt 0.589525 0.816496
vt 0.769203 0.811772
vt 0.795401 0.813153
vt 0.863703 0.815204
vt 0.147090 0.822487
vt 0.170543 0.818819
vt 0.494695 0.822711
vt 0.742101 0.822413
vt 0.120722 0.818376
vt 0.211589 0.824805
vt 0.367520 0.815473
vt 0.374703 0.821062
vt 0.562021 0.820458
vt 0.622509 0.820046
vt 0.650183 0.818573
vt 0.831216 0.826759
vt 0.011863 0.819952
vt 0.193898 0.819619
vt 0.517390 0.821566
vt 0.535594 0.820149
vt 0.684625 0.818187
vt 0.805237 0.824150
vt 0.846104 0.827972
vt 0.890263 0.824283
vt 0.086493 0.821243
vt 0.112722 0.825026
vt 0.202679 0.822579
vt 0.310619 0.824007
vt 0.481604 0.831796
vt 0.763118 0.820851
vt 0.774255 0.819068
vt 0.130483 0.829536
vt 0.335990 0.836111
vt 0.355643 0.827301
vt 0.547389 0.826615
vt 0.074417 0.834181
vt 0.098505 0.824440
vt 0.229345 0.825072
vt 0.265686 0.834262
vt 0.431455 0.827291
vt 0.700201 0.824181
vt 0.783413 0.825365
vt 0.813456 0.819830
vt 0.901592 0.826261
vt 0.920131 0.835160
vt 0.279229 0.831072
vt 0.604619 0.828688
vt 0.246167 0.839755
vt 0.287368 0.836982
vt 0.408676 0.829467
vt 0.585153 0.828648
vt 0.646824 0.828548
vt 0.663982 0.824327
vt 0.725827 0.827592
vt 0.874530 0.828533
vt 0.000532 0.837406
vt 0.088177 0.839724
vt 0.136357 0.832346
vt 0.158798 0.832325
vt 0.174407 0.835426
vt 0.193621 0.830185
vt 0.390082 0.831377
vt 0.456252 0.825608
vt 0.772048 0.832049
vt 0.307600 0.829702
vt 0.677882 0.834115
vt 0.689885 0.832234
vt 0.704844 0.833819
vt 0.718101 0.835764
vt 0.797686 0.837665
vt 0.046093 0.842252
vt 0.465175 0.832712
vt 0.504529 0.834834
vt 0.526001 0.840170
vt 0.532494 0.837439
vt 0.548788 0.842053
vt 0.597234 0.838410
vt 0.624980 0.837326
vt 0.853004 0.838630
vt 0.372537 0.844733
vt 0.493553 0.845214
vt 0.759575 0.839483
vt 0.819505 0.840320
vt 0.957505 0.871626
vt 0.062988 0.839773
vt 0.220974 0.839920
vt 0.459423 0.842245
vt 0.615366 0.844803
vt 0.644634 0.841975
vt 0.737591 0.838020
vt 0.117328 0.844855
vt 0.208442 0.845342
vt 0.347099 0.838581
vt 0.439632 0.835773
vt 0.582698 0.838992
vt 0.603659 0.847950
vt 0.873171 0.841703
vt 0.896565 0.842444
vt 0.187727 0.842528
vt 0.395466 0.845871
vt 0.405531 0.843351
vt 0.426243 0.847303
vt 0.476038 0.845428
vt 0.704130 0.841728
vt 0.154568 0.837713
vt 0.254284 0.847268
vt 0.516204 0.849146
vt 0.561689 0.848531
vt 0.574485 0.851341
vt 0.666143 0.845259
vt 0.779715 0.843118
vt 0.837064 0.847959
vt 0.034509 0.862591
vt 0.128721 0.842183
vt 0.174409 0.846798
vt 0.231190 0.853562
vt 0.278049 0.848063
vt 0.653640 0.851551
vt 0.682957 0.850168
vt 0.302547 0.850297
vt 0.328259 0.855443
vt 0.730143 0.853419
vt 0.775581 0.852548
vt 0.084138 0.854312
vt 0.135050 0.854005
vt 0.197883 0.855757
vt 0.347972 0.858299
vt 0.386879 0.854808
vt 0.716069 0.854308
vt 0.757752 0.852053
vt 0.789324 0.849064
vt 0.807520 0.853533
vt 0.061537 0.852742
vt 0.101025 0.863501
vt 0.438898 0.858520
vt 0.592148 0.867086
vt 0.630107 0.851323
vt 0.027072 0.864065
vt 0.414319 0.855444
vt 0.693801 0.853293
vt 0.823825 0.863260
vt 0.864006 0.861595
vt 0.873949 0.852674
vt 0.932894 0.869702
vt 0.115211 0.853038
vt 0.152704 0.853361
vt 0.189382 0.857992
vt 0.232061 0.864653
vt 0.535433 0.861337
vt 0.643493 0.852789
vt 0.665333 0.854197
vt 0.904858 0.855274
vt 0.046164 0.869876
vt 0.160352 0.865064
vt 0.255378 0.857992
vt 0.263557 0.871503
vt 0.376099 0.861050
vt 0.685116 0.861352
vt 0.846745 0.858820
vt 0.208731 0.864255
vt 0.462565 0.862771
vt 0.486049 0.860738
vt 0.616173 0.858575
vt 0.769772 0.865463
vt 0.789934 0.858947
vt 0.895458 0.864882
vt 0.289856 0.864632
vt 0.310663 0.865901
vt 0.565646 0.862242
vt 0.629977 0.860909
vt 0.653266 0.863580
vt 0.700920 0.866868
vt 0.000152 0.868923
vt 0.011203 0.870945
vt 0.117986 0.873931
vt 0.139847 0.867069
vt 0.424629 0.867002
vt 0.511256 0.867031
vt 0.738372 0.869357
vt 0.777176 0.865903
vt 0.555474 0.873807
vt 0.584027 0.864514
vt 0.640446 0.866610
vt 0.674397 0.867974
vt 0.856513 0.870256
vt 0.074041 0.868370
vt 0.125985 0.864574
vt 0.276341 0.872013
vt 0.307446 0.875352
vt 0.391915 0.870805
vt 0.413987 0.872507
vt 0.440498 0.866915
vt 0.574552 0.868675
vt 0.756377 0.870240
vt 0.401220 0.873281
vt 0.808133 0.874257
vt 0.873503 0.876065
vt 0.980049 0.881033
vt 0.255122 0.871879
vt 0.324429 0.873720
vt 0.597636 0.875697
vt 0.609667 0.869829
vt 0.846362 0.879570
vt 0.911466 0.881050
vt 0.059112 0.874888
vt 0.147775 0.875301
vt 0.193736 0.873821
vt 0.348464 0.882402
vt 0.462764 0.876898
vt 0.484028 0.869193
vt 0.712663 0.876480
vt 0.798008 0.879896
vt 0.212501 0.875770
vt 0.332346 0.878372
vt 0.375387 0.875523
vt 0.532050 0.877421
vt 0.584054 0.874864
vt 0.684625 0.879456
vt 0.742381 0.878669
vt 0.086456 0.884649
vt 0.107088 0.878592
vt 0.183353 0.884376
vt 0.508343 0.878875
vt 0.671491 0.882991
vt 0.137616 0.891061
vt 0.359995 0.879453
vt 0.478277 0.883706
vt 0.627063 0.879219
vt 0.656525 0.879032
vt 0.752769 0.875570
vt 0.880660 0.888184
vt 0.237975 0.882505
vt 0.281399 0.888836
vt 0.394133 0.885487
vt 0.437082 0.877608
vt 0.536839 0.886216
vt 0.776729 0.877984
vt 0.015465 0.887159
vt 0.059101 0.891299
vt 0.294024 0.896363
vt 0.408942 0.885034
vt 0.489699 0.890696
vt 0.571375 0.882838
vt 0.605866 0.881390
vt 0.701096 0.883760
vt 0.772184 0.885048
vt 0.067876 0.884868
vt 0.164390 0.891457
vt 0.207081 0.887540
vt 0.381223 0.885625
vt 0.450243 0.892475
vt 0.550594 0.886501
vt 0.591151 0.886940
vt 0.634939 0.888856
vt 0.747922 0.885028
vt 0.816075 0.890732
vt 0.218430 0.886733
vt 0.246945 0.888929
vt 0.423740 0.886378
vt 0.470124 0.884554
vt 0.721716 0.886354
vt 0.334363 0.891237
vt 0.361469 0.893978
vt 0.567845 0.888605
vt 0.781983 0.897039
vt 0.041383 0.896668
vt 0.074826 0.889030
vt 0.125482 0.896703
vt 0.270222 0.891974
vt 0.321399 0.893682
vt 0.513998 0.897053
vt 0.000277 0.923408
vt 0.192583 0.899988
vt 0.224685 0.898704
vt 0.432973 0.891677
vt 0.622999 0.891518
vt 0.662917 0.892748
vt 0.714622 0.893452
vt 0.764974 0.894106
vt 0.860559 0.902388
vt 0.968595 0.898700
vt 0.216314 0.895427
vt 0.477840 0.893862
vt 0.603295 0.896131
vt 0.649667 0.895816
vt 0.683741 0.893690
vt 0.894923 0.901667
vt 0.181420 0.901494
vt 0.351712 0.894580
vt 0.416686 0.902018
vt 0.443376 0.895896
vt 0.553036 0.893426
vt 0.707167 0.894628
vt 0.796149 0.905380
vt 0.839689 0.908540
vt 0.913613 0.907330
vt 0.994061 0.904747
vt 0.067695 0.896168
vt 0.170262 0.900019
vt 0.388970 0.897152
vt 0.564854 0.901331
vt 0.593890 0.897712
vt 0.736478 0.907090
vt 0.945073 0.914395
vt 0.020930 0.901747
vt 0.077296 0.900269
vt 0.405732 0.902220
vt 0.458538 0.904625
vt 0.490210 0.904298
vt 0.535968 0.908238
vt 0.573833 0.904577
vt 0.051671 0.908283
vt 0.152210 0.903669
vt 0.205572 0.900261
vt 0.226981 0.905142
vt 0.477906 0.906870
vt 0.612707 0.907025
vt 0.761104 0.906524
vt 0.875664 0.901415
vt 0.247050 0.910968
vt 0.285564 0.908369
vt 0.378898 0.908193
vt 0.427961 0.911022
vt 0.554245 0.902857
vt 0.640203 0.905522
vt 0.664377 0.912460
vt 0.817029 0.911882
vt 0.097352 0.906034
vt 0.359915 0.904253
vt 0.517496 0.913105
vt 0.680915 0.912046
vt 0.035704 0.917277
vt 0.341710 0.916178
vt 0.970309 0.920874
vt 0.158201 0.910529
vt 0.199283 0.909302
vt 0.304497 0.909934
vt 0.318224 0.909589
vt 0.400967 0.910854
vt 0.603994 0.910983
vt 0.879255 0.914843
vt 0.187239 0.916508
vt 0.221231 0.914327
vt 0.697138 0.919319
vt 0.019846 0.925298
vt 0.061248 0.914775
vt 0.082316 0.911003
vt 0.112964 0.915945
vt 0.172514 0.914381
vt 0.208032 0.916004
vt 0.561418 0.911757
vt 0.717055 0.918763
vt 0.988729 0.912676
vt 0.408712 0.915648
vt 0.483656 0.920505
vt 0.586291 0.916833
vt 0.778002 0.922369
vt 0.139582 0.925511
vt 0.570967 0.918665
vt 0.594318 0.925900
vt 0.094012 0.918868
vt 0.126529 0.923590
vt 0.377280 0.920862
vt 0.388644 0.919736
vt 0.436826 0.925844
vt 0.505696 0.922822
vt 0.524933 0.931591
vt 0.544643 0.919834
vt 0.804802 0.920077
vt 0.852811 0.923041
vt 0.074005 0.928181
vt 0.279768 0.921459
vt 0.290009 0.924633
vt 0.346383 0.924898
vt 0.559022 0.923513
vt 0.737282 0.927237
vt 0.912300 0.928308
vt 0.995564 0.932168
vt 0.055395 0.929983
vt 0.248952 0.925208
vt 0.258969 0.929605
vt 0.680634 0.929866
vt 0.154154 0.931660
vt 0.397460 0.928574
vt 0.464396 0.931332
vt 0.826591 0.928450
vt 0.882493 0.934576
vt 0.174595 0.925568
vt 0.194984 0.928516
vt 0.359928 0.927859
vt 0.535148 0.927894
vt 0.580352 0.925786
vt 0.614503 0.942391
vt 0.630948 0.936133
vt 0.746153 0.934264
vt 0.299276 0.932692
vt 0.387033 0.932999
vt 0.420149 0.929660
vt 0.576948 0.931504
vt 0.809757 0.935268
vt 0.088148 0.932479
vt 0.106970 0.936570
vt 0.322976 0.932868
vt 0.406221 0.936957
vt 0.494611 0.937175
vt 0.707992 0.941430
vt 0.133621 0.944402
vt 0.212634 0.939089
vt 0.231080 0.936441
vt 0.272795 0.937276
vt 0.453464 0.938627
vt 0.657933 0.933013
vt 0.690323 0.941324
vt 0.793365 0.943084
vt 0.844397 0.945285
vt 0.940838 0.945926
vt 0.201438 0.940673
vt 0.475217 0.941518
vt 0.080947 0.941530
vt 0.157817 0.940970
vt 0.281823 0.954415
vt 0.371059 0.934803
vt 0.043992 0.942301
vt 0.172125 0.948629
vt 0.329606 0.940408
vt 0.356961 0.950199
vt 0.377416 0.946329
vt 0.396474 0.947988
vt 0.432783 0.943620
vt 0.759011 0.940485
vt 0.235101 0.939982
vt 0.420592 0.944940
vt 0.508032 0.946266
vt 0.559490 0.938934
vt 0.734008 0.945378
vt 0.783103 0.951975
vt 0.066508 0.953197
vt 0.225542 0.943539
vt 0.311125 0.947899
vt 0.526209 0.944019
vt 0.543256 0.947839
vt 0.669871 0.943948
vt 0.973960 0.952226
vt 0.098180 0.949174
vt 0.187408 0.943312
vt 0.904999 0.957678
vt 0.027602 0.952264
vt 0.088834 0.950420
vt 0.216215 0.952803
vt 0.299470 0.947315
vt 0.594709 0.954630
vt 0.812615 0.952178
vt 0.001549 0.959082
vt 0.257342 0.950548
vt 0.640105 0.951672
vt 0.121692 0.965153
vt 0.267146 0.953841
vt 0.328225 0.962112
vt 0.414415 0.953529
vt 0.483726 0.963969
vt 0.157502 0.955105
vt 0.187249 0.954148
vt 0.500866 0.953881
vt 0.516613 0.957838
vt 0.526547 0.956682
vt 0.558119 0.951639
vt 0.756866 0.955962
vt 0.051087 0.963071
vt 0.202859 0.955505
vt 0.325704 0.955892
vt 0.471970 0.957686
vt 0.573192 0.960767
vt 0.613256 0.960025
vt 0.680778 0.959752
vt 0.715164 0.960856
vt 0.458469 0.961359
vt 0.544958 0.960055
vt 0.874725 0.964521
vt 0.087320 0.964984
vt 0.137998 0.957116
vt 0.373253 0.958950
vt 0.436774 0.962841
vt 0.668837 0.967135
vt 0.179083 0.965673
vt 0.228323 0.967230
vt 0.645367 0.971795
vt 0.658861 0.965928
vt 0.734737 0.967560
vt 0.166855 0.963492
vt 0.409816 0.965328
vt 0.820012 0.972513
vt 0.850555 0.973863
vt 0.927403 0.975423
vt 0.199783 0.964124
vt 0.282004 0.970160
vt 0.299435 0.976463
vt 0.349273 0.965871
vt 0.699837 0.977187
vt 0.999999 0.999991
vt 0.077228 0.975260
vt 0.092711 0.972843
vt 0.213284 0.970612
vt 0.252704 0.968888
vt 0.386022 0.967206
vt 0.498907 0.967175
vt 0.586024 0.968943
vt 0.618673 0.978706
vt 0.026105 0.977128
vt 0.060839 0.981110
vt 0.555239 0.977048
vt 0.677518 0.978809
vt 0.107298 0.977378
vt 0.147177 0.973583
vt 0.321214 0.978565
vt 0.417649 0.975206
vt 0.540368 0.974313
vt 0.790147 0.973683
vt 0.955666 0.982225
vt 0.128285 0.975520
vt 0.430873 0.980108
vt 0.508067 0.975525
vt 0.522607 0.976293
vt 0.374330 0.980125
vt 0.405213 0.975170
vt 0.756643 0.975948
vt 0.241149 0.979984
vt 0.393915 0.980547
vt 0.479103 0.976641
vt 0.159549 0.982593
vt 0.267196 0.978724
vt 0.451898 0.979262
vt 0.358627 0.980712
vt 0.048752 0.983461
vt 0.184883 0.984291
vt 0.223470 0.983362
vt 0.000723 0.984000
vt 0.088401 0.983090
vt 0.104765 0.999623
vt 0.582265 0.985093
vt 0.910934 0.994705
vt 0.070266 0.983805
vt 0.083320 0.998370
vt 0.228329 0.998944
vt 0.544465 0.997771
vt 0.000815 0.999360
vt 0.405792 0.999854
vt 0.652171 0.999753
vt 0.861127 0.997849
vt 0.250182 0.997747
vt 0.322433 0.999798
vt 0.061483 0.999550
vt 0.124005 1.000042
vt 0.142394 0.999036
vt 0.159817 0.998740
vt 0.521943 0.992506
vt 0.597523 0.998585
vt 0.279522 0.997786
vt 0.461848 0.999652
vt 0.488215 0.999062
vt 0.633582 0.997709
vt 0.030791 0.999863
vt 0.475023 0.991670
vt 0.684038 0.998084
vt 0.776301 0.998423
vt 0.187254 0.998087
vt 0.420858 0.999642
vt 0.376385 0.999793
s 0
f 2/1/1 19/2/1 3/3/1
f 4/4/2 20/5/2 5/6/2
f 14/7/3 30/8/3 15/9/3
f 15/9/4 25/10/4 16/11/4
f 3/3/5 29/12/5 4/4/5
f 7/13/6 23/14/6 8/15/6
f 1/16/7 31/17/7 2/1/7
f 7/13/8 21/18/8 28/19/8
f 28/19/9 22/20/9 7/13/9
f 7/13/10 22/20/10 23/14/10
f 30/8/11 24/21/11 15/9/11
f 11/22/12 33/23/12 12/24/12
f 25/10/13 26/25/13 16/11/13
f 26/25/14 17/26/14 16/11/14
f 19/2/15 32/27/15 3/3/15
f 5/6/16 35/28/16 6/29/16
f 13/30/17 30/8/17 14/7/17
f 47/31/18 21/18/18 7/13/18
f 24/21/19 37/32/19 15/9/19
f 27/33/20 18/34/20 17/26/20
f 31/17/21 19/2/21 2/1/21
f 32/27/22 29/12/22 3/3/22
f 10/35/23 36/36/23 11/22/23
f 29/12/24 51/37/24 4/4/24
f 4/4/25 65/38/25 20/5/25
f 11/22/26 36/36/26 33/23/26
f 25/10/27 39/39/27 26/25/27
f 40/40/28 34/41/28 18/34/28
f 37/32/29 38/42/29 15/9/29
f 15/9/30 38/42/30 25/10/30
f 1/16/31 41/43/31 31/17/31
f 51/37/32 65/38/32 4/4/32
f 6/29/33 47/31/33 7/13/33
f 9/44/34 49/45/34 10/35/34
f 33/23/35 56/46/35 12/24/35
f 28/19/36 23/14/36 22/20/36
f 23/14/37 42/47/37 8/15/37
f 38/42/38 45/48/38 25/10/38
f 26/25/39 39/39/39 17/26/39
f 19/2/40 29/12/40 32/27/40
f 5/6/41 61/49/41 35/28/41
f 30/8/42 44/50/42 24/21/42
f 44/50/43 48/51/43 24/21/43
f 24/21/44 48/51/44 37/32/44
f 10/35/45 49/45/45 36/36/45
f 56/46/46 13/30/46 12/24/46
f 13/30/47 43/52/47 30/8/47
f 25/10/48 45/48/48 39/39/48
f 65/38/49 74/53/49 20/5/49
f 56/46/50 43/52/50 13/30/50
f 43/52/51 50/54/51 30/8/51
f 27/33/52 46/55/52 18/34/52
f 18/34/53 46/55/53 40/40/53
f 29/12/54 58/56/54 51/37/54
f 8/15/55 42/47/55 9/44/55
f 42/47/56 54/57/56 9/44/56
f 37/32/57 55/58/57 38/42/57
f 53/59/58 42/47/58 28/19/58
f 28/19/59 42/47/59 23/14/59
f 39/39/60 27/33/60 17/26/60
f 20/5/61 61/49/61 5/6/61
f 61/49/62 59/60/62 35/28/62
f 35/28/63 47/31/63 6/29/63
f 21/18/64 53/59/64 28/19/64
f 9/44/65 54/57/65 52/61/65
f 36/36/66 56/46/66 33/23/66
f 55/58/67 45/48/67 38/42/67
f 46/55/68 34/41/68 40/40/68
f 31/17/69 29/12/69 19/2/69
f 62/62/70 48/51/70 44/50/70
f 48/51/71 63/63/71 37/32/71
f 37/32/72 63/63/72 55/58/72
f 30/8/73 50/54/73 44/50/73
f 70/64/74 57/65/74 45/48/74
f 35/28/75 66/66/75 47/31/75
f 36/36/76 60/67/76 56/46/76
f 55/58/77 70/64/77 45/48/77
f 57/65/78 64/68/78 45/48/78
f 31/17/79 68/69/79 29/12/79
f 58/56/80 65/38/80 51/37/80
f 36/36/81 83/70/81 60/67/81
f 62/62/82 63/63/82 48/51/82
f 63/63/83 70/64/83 55/58/83
f 45/48/84 64/68/84 39/39/84
f 27/33/85 73/71/85 46/55/85
f 61/49/86 77/72/86 59/60/86
f 59/60/87 75/73/87 35/28/87
f 35/28/88 75/73/88 66/66/88
f 66/66/89 69/74/89 47/31/89
f 47/31/90 53/59/90 21/18/90
f 50/54/91 76/75/91 44/50/91
f 71/76/92 82/77/92 39/39/92
f 39/39/93 82/77/93 27/33/93
f 74/53/94 61/49/94 20/5/94
f 79/78/95 67/79/95 42/47/95
f 67/79/96 54/57/96 42/47/96
f 52/61/97 90/80/97 9/44/97
f 43/52/98 87/81/98 50/54/98
f 44/50/99 76/75/99 62/62/99
f 47/31/100 85/82/100 53/59/100
f 85/82/101 79/78/101 53/59/101
f 79/78/102 42/47/102 53/59/102
f 63/63/103 80/83/103 70/64/103
f 39/39/104 64/68/104 78/84/104
f 78/84/105 81/85/105 39/39/105
f 27/33/106 82/77/106 72/86/106
f 72/86/107 73/71/107 27/33/107
f 41/43/108 96/87/108 31/17/108
f 29/12/109 65/38/109 58/56/109
f 69/74/110 85/82/110 47/31/110
f 49/45/111 83/70/111 36/36/111
f 31/17/112 96/87/112 68/69/112
f 65/38/113 101/88/113 74/53/113
f 77/72/114 89/89/114 59/60/114
f 59/60/115 84/90/115 75/73/115
f 87/81/116 76/75/116 50/54/116
f 76/75/117 88/91/117 62/62/117
f 80/83/118 57/65/118 70/64/118
f 62/62/119 88/91/119 63/63/119
f 57/65/120 95/92/120 64/68/120
f 81/85/121 71/76/121 39/39/121
f 61/49/122 93/93/122 77/72/122
f 49/45/123 118/94/123 83/70/123
f 60/67/124 43/52/124 56/46/124
f 94/95/125 88/91/125 76/75/125
f 57/65/126 80/83/126 91/96/126
f 91/96/127 95/92/127 57/65/127
f 101/88/128 92/97/128 74/53/128
f 61/49/129 74/53/129 102/98/129
f 9/44/130 90/80/130 49/45/130
f 88/91/131 99/99/131 63/63/131
f 99/99/132 80/83/132 63/63/132
f 85/82/133 103/100/133 79/78/133
f 118/94/134 97/101/134 83/70/134
f 83/70/135 104/102/135 60/67/135
f 104/102/136 43/52/136 60/67/136
f 43/52/137 98/103/137 87/81/137
f 87/81/138 94/95/138 76/75/138
f 71/76/139 105/104/139 82/77/139
f 82/77/140 130/105/140 72/86/140
f 68/69/141 151/106/141 29/12/141
f 29/12/142 151/106/142 65/38/142
f 151/106/143 100/107/143 65/38/143
f 92/97/144 102/98/144 74/53/144
f 61/49/145 102/98/145 93/93/145
f 103/100/146 116/108/146 79/78/146
f 106/109/147 67/79/147 79/78/147
f 88/91/148 107/110/148 99/99/148
f 99/99/149 108/111/149 80/83/149
f 108/111/150 91/96/150 80/83/150
f 64/68/151 95/92/151 78/84/151
f 71/76/152 81/85/152 105/104/152
f 132/112/153 69/74/153 66/66/153
f 106/109/154 54/57/154 67/79/154
f 87/81/155 110/113/155 94/95/155
f 94/95/156 107/110/156 88/91/156
f 111/114/157 95/92/157 91/96/157
f 72/86/158 112/115/158 73/71/158
f 126/116/159 93/93/159 102/98/159
f 93/93/160 89/89/160 77/72/160
f 89/89/161 84/90/161 59/60/161
f 54/57/162 106/109/162 52/61/162
f 90/80/163 121/117/163 49/45/163
f 82/77/164 105/104/164 130/105/164
f 130/105/165 112/115/165 72/86/165
f 41/43/166 119/118/166 96/87/166
f 65/38/167 125/119/167 101/88/167
f 126/116/168 120/120/168 93/93/168
f 75/73/169 114/121/169 66/66/169
f 69/74/170 115/122/170 85/82/170
f 106/109/171 117/123/171 52/61/171
f 83/70/172 122/124/172 104/102/172
f 87/81/173 98/103/173 110/113/173
f 111/114/174 123/125/174 95/92/174
f 95/92/175 123/125/175 78/84/175
f 123/125/176 81/85/176 78/84/176
f 93/93/177 127/126/177 89/89/177
f 66/66/178 114/121/178 132/112/178
f 115/122/179 128/127/179 85/82/179
f 86/128/180 49/45/180 121/117/180
f 43/52/181 104/102/181 98/103/181
f 91/96/182 134/129/182 111/114/182
f 96/87/183 124/130/183 68/69/183
f 127/126/184 113/131/184 89/89/184
f 89/89/185 131/132/185 84/90/185
f 85/82/186 128/127/186 103/100/186
f 52/61/187 144/133/187 90/80/187
f 86/128/188 118/94/188 49/45/188
f 111/114/189 148/134/189 123/125/189
f 96/87/190 119/118/190 109/135/190
f 109/135/191 135/136/191 96/87/191
f 135/136/192 124/130/192 96/87/192
f 100/107/193 125/119/193 65/38/193
f 120/120/194 127/126/194 93/93/194
f 113/131/195 131/132/195 89/89/195
f 75/73/196 137/137/196 114/121/196
f 116/108/197 138/138/197 79/78/197
f 90/80/198 133/139/198 121/117/198
f 83/70/199 97/101/199 122/124/199
f 110/113/200 129/140/200 94/95/200
f 94/95/201 129/140/201 107/110/201
f 91/96/202 108/111/202 134/129/202
f 123/125/203 140/141/203 81/85/203
f 140/141/204 105/104/204 81/85/204
f 101/88/205 141/142/205 92/97/205
f 92/97/206 136/143/206 102/98/206
f 75/73/207 142/144/207 137/137/207
f 143/145/208 52/61/208 117/123/208
f 144/133/209 133/139/209 90/80/209
f 122/124/210 177/146/210 104/102/210
f 177/146/211 145/147/211 104/102/211
f 107/110/212 147/148/212 99/99/212
f 99/99/213 147/148/213 108/111/213
f 134/129/214 148/134/214 111/114/214
f 123/125/215 148/134/215 139/149/215
f 140/141/216 150/150/216 105/104/216
f 105/104/217 183/151/217 130/105/217
f 124/130/218 151/106/218 68/69/218
f 125/119/219 141/142/219 101/88/219
f 84/90/220 131/132/220 75/73/220
f 131/132/221 142/144/221 75/73/221
f 52/61/222 143/145/222 144/133/222
f 145/147/223 146/152/223 104/102/223
f 104/102/224 146/152/224 98/103/224
f 136/143/225 126/116/225 102/98/225
f 120/120/226 152/153/226 127/126/226
f 69/74/227 132/112/227 115/122/227
f 138/138/228 153/154/228 79/78/228
f 79/78/229 153/154/229 106/109/229
f 149/155/230 154/156/230 117/123/230
f 154/156/231 143/145/231 117/123/231
f 98/103/232 156/157/232 110/113/232
f 124/130/233 135/136/233 151/106/233
f 126/116/234 171/158/234 120/120/234
f 132/112/235 128/127/235 115/122/235
f 103/100/236 138/138/236 116/108/236
f 106/109/237 185/159/237 117/123/237
f 143/145/238 158/160/238 144/133/238
f 98/103/239 155/161/239 156/157/239
f 134/129/240 159/162/240 148/134/240
f 139/149/241 160/163/241 123/125/241
f 123/125/242 160/163/242 140/141/242
f 140/141/243 161/164/243 150/150/243
f 190/165/244 73/71/244 112/115/244
f 100/107/245 162/166/245 125/119/245
f 171/158/246 152/153/246 120/120/246
f 113/131/247 157/167/247 131/132/247
f 114/121/248 173/168/248 132/112/248
f 132/112/249 163/169/249 128/127/249
f 117/123/250 165/170/250 149/155/250
f 144/133/251 166/171/251 133/139/251
f 118/94/252 195/172/252 97/101/252
f 178/173/253 145/147/253 177/146/253
f 129/140/254 167/174/254 107/110/254
f 107/110/255 167/174/255 147/148/255
f 108/111/256 147/148/256 134/129/256
f 46/55/257 168/175/257 34/41/257
f 141/142/258 169/176/258 92/97/258
f 169/176/259 170/177/259 92/97/259
f 92/97/260 170/177/260 136/143/260
f 152/153/261 172/178/261 127/126/261
f 137/137/262 173/168/262 114/121/262
f 185/159/263 164/179/263 117/123/263
f 164/179/264 165/170/264 117/123/264
f 166/171/265 174/180/265 133/139/265
f 133/139/266 174/180/266 121/117/266
f 86/128/267 175/181/267 118/94/267
f 178/173/268 179/182/268 145/147/268
f 146/152/269 180/183/269 98/103/269
f 110/113/270 181/184/270 129/140/270
f 150/150/271 183/151/271 105/104/271
f 183/151/272 189/185/272 130/105/272
f 130/105/273 190/165/273 112/115/273
f 73/71/274 184/186/274 46/55/274
f 127/126/275 157/167/275 113/131/275
f 137/137/276 142/144/276 173/168/276
f 153/154/277 185/159/277 106/109/277
f 154/156/278 186/187/278 143/145/278
f 143/145/279 186/187/279 158/160/279
f 158/160/280 166/171/280 144/133/280
f 180/183/281 155/161/281 98/103/281
f 147/148/282 187/188/282 134/129/282
f 134/129/283 187/188/283 159/162/283
f 159/162/284 188/189/284 148/134/284
f 139/149/285 148/134/285 182/190/285
f 139/149/286 182/190/286 160/163/286
f 140/141/287 160/163/287 161/164/287
f 173/168/288 191/191/288 132/112/288
f 193/192/289 164/179/289 185/159/289
f 195/172/290 176/193/290 97/101/290
f 196/194/291 181/184/291 110/113/291
f 135/136/292 230/195/292 151/106/292
f 125/119/293 162/166/293 141/142/293
f 136/143/294 198/196/294 126/116/294
f 171/158/295 199/197/295 152/153/295
f 127/126/296 172/178/296 157/167/296
f 131/132/297 200/198/297 142/144/297
f 200/198/298 201/199/298 142/144/298
f 163/169/299 202/200/299 128/127/299
f 202/200/300 103/100/300 128/127/300
f 202/200/301 138/138/301 103/100/301
f 138/138/302 219/201/302 153/154/302
f 174/180/303 194/202/303 121/117/303
f 97/101/304 176/193/304 122/124/304
f 197/203/305 167/174/305 129/140/305
f 167/174/306 187/188/306 147/148/306
f 150/150/307 207/204/307 183/151/307
f 189/185/308 190/165/308 130/105/308
f 109/135/309 230/195/309 135/136/309
f 100/107/310 223/205/310 162/166/310
f 157/167/311 200/198/311 131/132/311
f 201/199/312 173/168/312 142/144/312
f 132/112/313 191/191/313 163/169/313
f 163/169/314 211/206/314 202/200/314
f 153/154/315 219/201/315 192/207/315
f 186/187/316 166/171/316 158/160/316
f 118/94/317 175/181/317 195/172/317
f 176/193/318 204/208/318 122/124/318
f 156/157/319 196/194/319 110/113/319
f 181/184/320 197/203/320 129/140/320
f 159/162/321 187/188/321 188/189/321
f 160/163/322 182/190/322 161/164/322
f 161/164/323 207/204/323 150/150/323
f 207/204/324 189/185/324 183/151/324
f 46/55/325 184/186/325 168/175/325
f 170/177/326 208/209/326 136/143/326
f 208/209/327 198/196/327 136/143/327
f 126/116/328 198/196/328 171/158/328
f 201/199/329 209/210/329 173/168/329
f 202/200/330 203/211/330 138/138/330
f 174/180/331 214/212/331 194/202/331
f 194/202/332 215/213/332 121/117/332
f 215/213/333 86/128/333 121/117/333
f 122/124/334 204/208/334 177/146/334
f 180/183/335 205/214/335 155/161/335
f 167/174/336 216/215/336 187/188/336
f 148/134/337 206/216/337 182/190/337
f 162/166/338 217/217/338 141/142/338
f 141/142/339 217/217/339 169/176/339
f 169/176/340 208/209/340 170/177/340
f 173/168/341 210/218/341 191/191/341
f 203/211/342 219/201/342 138/138/342
f 165/170/343 220/219/343 149/155/343
f 149/155/344 220/219/344 154/156/344
f 154/156/345 220/219/345 186/187/345
f 186/187/346 221/220/346 166/171/346
f 188/189/347 206/216/347 148/134/347
f 161/164/348 229/221/348 207/204/348
f 209/210/349 235/222/349 173/168/349
f 153/154/350 246/223/350 185/159/350
f 164/179/351 225/224/351 165/170/351
f 220/219/352 221/220/352 186/187/352
f 221/220/353 222/225/353 166/171/353
f 212/226/354 174/180/354 166/171/354
f 178/173/355 226/227/355 179/182/355
f 145/147/356 227/228/356 146/152/356
f 146/152/357 227/228/357 180/183/357
f 205/214/358 228/229/358 155/161/358
f 119/118/359 230/195/359 109/135/359
f 230/195/360 231/230/360 151/106/360
f 217/217/361 233/231/361 169/176/361
f 198/196/362 199/197/362 171/158/362
f 199/197/363 172/178/363 152/153/363
f 172/178/364 224/232/364 157/167/364
f 173/168/365 235/222/365 210/218/365
f 163/169/366 218/233/366 211/206/366
f 166/171/367 222/225/367 212/226/367
f 227/228/368 205/214/368 180/183/368
f 155/161/369 228/229/369 156/157/369
f 197/203/370 216/215/370 167/174/370
f 182/190/371 237/234/371 161/164/371
f 119/118/372 238/235/372 230/195/372
f 151/106/373 232/236/373 100/107/373
f 169/176/374 233/231/374 208/209/374
f 224/232/375 245/237/375 157/167/375
f 200/198/376 234/238/376 201/199/376
f 191/191/377 218/233/377 163/169/377
f 218/233/378 239/239/378 211/206/378
f 211/206/379 239/239/379 202/200/379
f 202/200/380 240/240/380 203/211/380
f 203/211/381 240/240/381 219/201/381
f 193/192/382 241/241/382 164/179/382
f 165/170/383 225/224/383 220/219/383
f 174/180/384 212/226/384 236/242/384
f 236/242/385 213/243/385 174/180/385
f 174/180/386 213/243/386 214/212/386
f 194/202/387 242/244/387 215/213/387
f 86/128/388 215/213/388 175/181/388
f 176/193/389 260/245/389 204/208/389
f 187/188/390 243/246/390 188/189/390
f 243/246/391 206/216/391 188/189/391
f 161/164/392 237/234/392 229/221/392
f 157/167/393 245/237/393 200/198/393
f 192/207/394 246/223/394 153/154/394
f 164/179/395 241/241/395 225/224/395
f 195/172/396 260/245/396 176/193/396
f 204/208/397 247/247/397 177/146/397
f 177/146/398 247/247/398 178/173/398
f 248/248/399 145/147/399 179/182/399
f 216/215/400 243/246/400 187/188/400
f 229/221/401 244/249/401 207/204/401
f 231/230/402 232/236/402 151/106/402
f 223/205/403 250/250/403 162/166/403
f 245/237/404 252/251/404 200/198/404
f 200/198/405 252/251/405 234/238/405
f 202/200/406 284/252/406 240/240/406
f 185/159/407 246/223/407 193/192/407
f 225/224/408 253/253/408 220/219/408
f 222/225/409 254/254/409 212/226/409
f 260/245/410 247/247/410 204/208/410
f 145/147/411 248/248/411 227/228/411
f 228/229/412 279/255/412 156/157/412
f 156/157/413 279/255/413 196/194/413
f 197/203/414 255/256/414 216/215/414
f 207/204/415 244/249/415 189/185/415
f 190/165/416 184/186/416 73/71/416
f 100/107/417 249/257/417 223/205/417
f 233/231/418 256/258/418 208/209/418
f 199/197/419 251/259/419 172/178/419
f 235/222/420 257/260/420 210/218/420
f 240/240/421 258/261/421 219/201/421
f 219/201/422 258/261/422 192/207/422
f 246/223/423 241/241/423 193/192/423
f 214/212/424 259/262/424 194/202/424
f 194/202/425 259/262/425 242/244/425
f 175/181/426 260/245/426 195/172/426
f 178/173/427 278/263/427 226/227/427
f 226/227/428 248/248/428 179/182/428
f 206/216/429 261/264/429 182/190/429
f 182/190/430 261/264/430 237/234/430
f 237/234/431 289/265/431 229/221/431
f 189/185/432 262/266/432 190/165/432
f 162/166/433 250/250/433 217/217/433
f 250/250/434 263/267/434 217/217/434
f 217/217/435 263/267/435 233/231/435
f 208/209/436 251/259/436 198/196/436
f 198/196/437 251/259/437 199/197/437
f 251/259/438 264/268/438 172/178/438
f 234/238/439 274/269/439 201/199/439
f 210/218/440 267/270/440 191/191/440
f 191/191/441 267/270/441 218/233/441
f 192/207/442 268/271/442 246/223/442
f 254/254/443 275/272/443 212/226/443
f 275/272/444 236/242/444 212/226/444
f 278/263/445 269/273/445 226/227/445
f 226/227/446 269/273/446 248/248/446
f 205/214/447 270/274/447 228/229/447
f 181/184/448 271/275/448 197/203/448
f 272/276/449 255/256/449 197/203/449
f 289/265/450 244/249/450 229/221/450
f 184/186/451 310/277/451 168/175/451
f 232/236/452 249/257/452 100/107/452
f 256/258/453 273/278/453 208/209/453
f 172/178/454 264/268/454 224/232/454
f 224/232/455 264/268/455 265/279/455
f 245/237/456 224/232/456 266/280/456
f 209/210/457 274/269/457 235/222/457
f 239/239/458 284/252/458 202/200/458
f 258/261/459 268/271/459 192/207/459
f 214/212/460 276/281/460 259/262/460
f 259/262/461 277/282/461 242/244/461
f 247/247/462 278/263/462 178/173/462
f 196/194/463 271/275/463 181/184/463
f 255/256/464 280/283/464 216/215/464
f 216/215/465 281/284/465 243/246/465
f 244/249/466 262/266/466 189/185/466
f 119/118/467 283/285/467 238/235/467
f 230/195/468 312/286/468 231/230/468
f 223/205/469 249/257/469 250/250/469
f 208/209/470 273/278/470 251/259/470
f 245/237/471 266/280/471 252/251/471
f 201/199/472 274/269/472 209/210/472
f 274/269/473 257/260/473 235/222/473
f 241/241/474 285/287/474 225/224/474
f 220/219/475 286/288/475 221/220/475
f 213/243/476 287/289/476 214/212/476
f 276/281/477 277/282/477 259/262/477
f 242/244/478 288/290/478 215/213/478
f 197/203/479 271/275/479 272/276/479
f 280/283/480 281/284/480 216/215/480
f 261/264/481 289/265/481 237/234/481
f 282/291/482 184/186/482 190/165/482
f 238/235/483 312/286/483 230/195/483
f 232/236/484 321/292/484 249/257/484
f 263/267/485 290/293/485 233/231/485
f 233/231/486 290/293/486 256/258/486
f 256/258/487 290/293/487 273/278/487
f 257/260/488 267/270/488 210/218/488
f 218/233/489 291/294/489 239/239/489
f 221/220/490 286/288/490 222/225/490
f 175/181/491 302/295/491 260/245/491
f 248/248/492 205/214/492 227/228/492
f 279/255/493 271/275/493 196/194/493
f 317/296/494 261/264/494 206/216/494
f 295/297/495 264/268/495 251/259/495
f 265/279/496 266/280/496 224/232/496
f 266/280/497 296/298/497 252/251/497
f 284/252/498 297/299/498 240/240/498
f 297/299/499 292/300/499 240/240/499
f 240/240/500 292/300/500 258/261/500
f 246/223/501 298/301/501 241/241/501
f 286/288/502 299/302/502 222/225/502
f 299/302/503 254/254/503 222/225/503
f 275/272/504 300/303/504 236/242/504
f 277/282/505 288/290/505 242/244/505
f 215/213/506 302/295/506 175/181/506
f 302/295/507 293/304/507 260/245/507
f 248/248/508 315/305/508 205/214/508
f 279/255/509 303/306/509 271/275/509
f 303/306/510 307/307/510 271/275/510
f 249/257/511 294/308/511 250/250/511
f 250/250/512 294/308/512 263/267/512
f 285/287/513 253/253/513 225/224/513
f 220/219/514 253/253/514 286/288/514
f 236/242/515 300/303/515 213/243/515
f 300/303/516 287/289/516 213/243/516
f 287/289/517 325/309/517 214/212/517
f 214/212/518 325/309/518 276/281/518
f 276/281/519 306/310/519 277/282/519
f 288/290/520 301/311/520 215/213/520
f 301/311/521 302/295/521 215/213/521
f 260/245/522 293/304/522 247/247/522
f 228/229/523 270/274/523 279/255/523
f 304/312/524 272/276/524 271/275/524
f 289/265/525 308/313/525 244/249/525
f 310/277/526 311/314/526 168/175/526
f 283/285/527 312/286/527 238/235/527
f 313/315/528 290/293/528 263/267/528
f 273/278/529 314/316/529 251/259/529
f 239/239/530 291/294/530 284/252/530
f 246/223/531 268/271/531 298/301/531
f 205/214/532 315/305/532 270/274/532
f 281/284/533 316/317/533 243/246/533
f 243/246/534 317/296/534 206/216/534
f 327/318/535 319/319/535 289/265/535
f 244/249/536 320/320/536 262/266/536
f 262/266/537 282/291/537 190/165/537
f 184/186/538 309/321/538 310/277/538
f 251/259/539 322/322/539 295/297/539
f 264/268/540 323/323/540 265/279/540
f 267/270/541 291/294/541 218/233/541
f 299/302/542 324/324/542 254/254/542
f 248/248/543 269/273/543 315/305/543
f 307/307/544 304/312/544 271/275/544
f 255/256/545 326/325/545 280/283/545
f 317/296/546 318/326/546 261/264/546
f 318/326/547 327/318/547 261/264/547
f 261/264/548 327/318/548 289/265/548
f 308/313/549 320/320/549 244/249/549
f 282/291/550 309/321/550 184/186/550
f 249/257/551 338/327/551 294/308/551
f 263/267/552 294/308/552 313/315/552
f 313/315/553 328/328/553 290/293/553
f 273/278/554 290/293/554 314/316/554
f 251/259/555 314/316/555 322/322/555
f 295/297/556 323/323/556 264/268/556
f 323/323/557 266/280/557 265/279/557
f 285/287/558 330/329/558 253/253/558
f 324/324/559 331/330/559 254/254/559
f 254/254/560 331/330/560 275/272/560
f 276/281/561 325/309/561 306/310/561
f 306/310/562 333/331/562 277/282/562
f 277/282/563 334/332/563 288/290/563
f 288/290/564 337/333/564 301/311/564
f 270/274/565 303/306/565 279/255/565
f 304/312/566 335/334/566 272/276/566
f 336/335/567 316/317/567 280/283/567
f 280/283/568 316/317/568 281/284/568
f 243/246/569 316/317/569 317/296/569
f 289/265/570 319/319/570 308/313/570
f 296/298/571 329/336/571 252/251/571
f 257/260/572 305/337/572 267/270/572
f 291/294/573 297/299/573 284/252/573
f 241/241/574 298/301/574 285/287/574
f 331/330/575 300/303/575 275/272/575
f 300/303/576 332/338/576 287/289/576
f 287/289/577 332/338/577 325/309/577
f 334/332/578 337/333/578 288/290/578
f 280/283/579 326/325/579 336/335/579
f 231/230/580 321/292/580 232/236/580
f 328/328/581 340/339/581 290/293/581
f 252/251/582 329/336/582 234/238/582
f 257/260/583 341/340/583 305/337/583
f 267/270/584 357/341/584 291/294/584
f 292/300/585 358/342/585 258/261/585
f 358/342/586 298/301/586 268/271/586
f 333/331/587 334/332/587 277/282/587
f 293/304/588 342/343/588 247/247/588
f 247/247/589 342/343/589 278/263/589
f 272/276/590 343/344/590 255/256/590
f 255/256/591 343/344/591 326/325/591
f 231/230/592 345/345/592 321/292/592
f 340/339/593 314/316/593 290/293/593
f 234/238/594 346/346/594 274/269/594
f 274/269/595 341/340/595 257/260/595
f 305/337/596 357/341/596 267/270/596
f 330/329/597 286/288/597 253/253/597
f 301/311/598 347/347/598 302/295/598
f 365/348/599 269/273/599 278/263/599
f 315/305/600 350/349/600 270/274/600
f 270/274/601 351/350/601 303/306/601
f 303/306/602 351/350/602 307/307/602
f 307/307/603 352/351/603 304/312/603
f 317/296/604 353/352/604 318/326/604
f 318/326/605 361/353/605 327/318/605
f 361/353/606 319/319/606 327/318/606
f 262/266/607 320/320/607 282/291/607
f 321/292/608 338/327/608 249/257/608
f 338/327/609 339/354/609 294/308/609
f 295/297/610 356/355/610 323/323/610
f 323/323/611 296/298/611 266/280/611
f 258/261/612 358/342/612 268/271/612
f 332/338/613 359/356/613 325/309/613
f 325/309/614 359/356/614 306/310/614
f 337/333/615 347/347/615 301/311/615
f 293/304/616 348/357/616 342/343/616
f 269/273/617 360/358/617 349/359/617
f 269/273/618 349/359/618 315/305/618
f 315/305/619 366/360/619 350/349/619
f 317/296/620 316/317/620 353/352/620
f 353/352/621 361/353/621 318/326/621
f 312/286/622 344/361/622 231/230/622
f 344/361/623 345/345/623 231/230/623
f 369/362/624 328/328/624 313/315/624
f 355/363/625 322/322/625 314/316/625
f 346/346/626 341/340/626 274/269/626
f 292/300/627 297/299/627 358/342/627
f 358/342/628 362/364/628 298/301/628
f 298/301/629 378/365/629 285/287/629
f 331/330/630 363/366/630 300/303/630
f 300/303/631 363/366/631 332/338/631
f 380/367/632 337/333/632 334/332/632
f 302/295/633 348/357/633 293/304/633
f 342/343/634 364/368/634 278/263/634
f 349/359/635 366/360/635 315/305/635
f 335/334/636 343/344/636 272/276/636
f 326/325/637 367/369/637 336/335/637
f 282/291/638 354/370/638 309/321/638
f 294/308/639 339/354/639 313/315/639
f 339/354/640 369/362/640 313/315/640
f 328/328/641 369/362/641 340/339/641
f 371/371/642 356/355/642 295/297/642
f 296/298/643 389/372/643 329/336/643
f 329/336/644 346/346/644 234/238/644
f 305/337/645 372/373/645 357/341/645
f 378/365/646 330/329/646 285/287/646
f 408/374/647 324/324/647 299/302/647
f 359/356/648 374/375/648 306/310/648
f 302/295/649 382/376/649 348/357/649
f 364/368/650 365/348/650 278/263/650
f 365/348/651 360/358/651 269/273/651
f 350/349/652 351/350/652 270/274/652
f 351/350/653 383/377/653 307/307/653
f 383/377/654 352/351/654 307/307/654
f 304/312/655 352/351/655 335/334/655
f 335/334/656 375/378/656 343/344/656
f 326/325/657 343/344/657 367/369/657
f 308/313/658 384/379/658 320/320/658
f 384/379/659 376/380/659 320/320/659
f 320/320/660 376/380/660 282/291/660
f 340/339/661 355/363/661 314/316/661
f 322/322/662 371/371/662 295/297/662
f 323/323/663 377/381/663 296/298/663
f 330/329/664 373/382/664 286/288/664
f 286/288/665 373/382/665 299/302/665
f 373/382/666 408/374/666 299/302/666
f 331/330/667 379/383/667 363/366/667
f 306/310/668 374/375/668 333/331/668
f 374/375/669 380/367/669 333/331/669
f 333/331/670 380/367/670 334/332/670
f 381/384/671 347/347/671 337/333/671
f 347/347/672 382/376/672 302/295/672
f 367/369/673 316/317/673 336/335/673
f 368/385/674 353/352/674 316/317/674
f 319/319/675 384/379/675 308/313/675
f 321/292/676 345/345/676 338/327/676
f 340/339/677 369/362/677 370/386/677
f 340/339/678 370/386/678 355/363/678
f 305/337/679 341/340/679 372/373/679
f 387/387/680 384/379/680 319/319/680
f 371/371/681 385/388/681 356/355/681
f 377/381/682 389/372/682 296/298/682
f 291/294/683 390/389/683 297/299/683
f 380/367/684 391/390/684 337/333/684
f 391/390/685 381/384/685 337/333/685
f 364/368/686 392/391/686 365/348/686
f 360/358/687 386/392/687 349/359/687
f 386/392/688 366/360/688 349/359/688
f 367/369/689 368/385/689 316/317/689
f 361/353/690 387/387/690 319/319/690
f 282/291/691 376/380/691 354/370/691
f 338/327/692 388/393/692 339/354/692
f 355/363/693 394/394/693 322/322/693
f 346/346/694 395/395/694 341/340/694
f 357/341/695 396/396/695 291/294/695
f 297/299/696 362/364/696 358/342/696
f 397/397/697 373/382/697 330/329/697
f 408/374/698 398/398/698 324/324/698
f 324/324/699 398/398/699 331/330/699
f 363/366/700 399/399/700 332/338/700
f 332/338/701 399/399/701 359/356/701
f 366/360/702 400/400/702 350/349/702
f 339/354/703 393/401/703 369/362/703
f 394/394/704 371/371/704 322/322/704
f 399/399/705 374/375/705 359/356/705
f 365/348/706 403/402/706 360/358/706
f 350/349/707 383/377/707 351/350/707
f 343/344/708 401/403/708 367/369/708
f 309/321/709 427/404/709 310/277/709
f 369/362/710 393/401/710 370/386/710
f 415/405/711 394/394/711 355/363/711
f 385/388/712 406/406/712 356/355/712
f 356/355/713 377/381/713 323/323/713
f 395/395/714 407/407/714 341/340/714
f 331/330/715 398/398/715 379/383/715
f 391/390/716 413/408/716 381/384/716
f 386/392/717 400/400/717 366/360/717
f 352/351/718 404/409/718 335/334/718
f 404/409/719 375/378/719 335/334/719
f 367/369/720 409/410/720 368/385/720
f 353/352/721 434/411/721 361/353/721
f 283/285/722 484/412/722 312/286/722
f 344/361/723 405/413/723 345/345/723
f 356/355/724 410/414/724 377/381/724
f 341/340/725 407/407/725 372/373/725
f 390/389/726 411/415/726 297/299/726
f 381/384/727 413/408/727 347/347/727
f 342/343/728 392/391/728 364/368/728
f 400/400/729 414/416/729 350/349/729
f 350/349/730 414/416/730 383/377/730
f 383/377/731 404/409/731 352/351/731
f 375/378/732 401/403/732 343/344/732
f 376/380/733 384/379/733 402/417/733
f 484/412/734 344/361/734 312/286/734
f 345/345/735 405/413/735 338/327/735
f 370/386/736 415/405/736 355/363/736
f 356/355/737 406/406/737 410/414/737
f 297/299/738 411/415/738 362/364/738
f 379/383/739 425/418/739 363/366/739
f 425/418/740 460/419/740 363/366/740
f 374/375/741 412/420/741 380/367/741
f 380/367/742 416/421/742 391/390/742
f 392/391/743 403/402/743 365/348/743
f 376/380/744 418/422/744 354/370/744
f 310/277/745 427/404/745 311/314/745
f 419/423/746 339/354/746 388/393/746
f 393/401/747 420/424/747 370/386/747
f 415/405/748 421/425/748 394/394/748
f 371/371/749 423/426/749 385/388/749
f 396/396/750 390/389/750 291/294/750
f 330/329/751 378/365/751 397/397/751
f 398/398/752 425/418/752 379/383/752
f 380/367/753 412/420/753 416/421/753
f 347/347/754 348/357/754 382/376/754
f 360/358/755 403/402/755 417/427/755
f 360/358/756 417/427/756 386/392/756
f 426/428/757 404/409/757 383/377/757
f 367/369/758 401/403/758 409/410/758
f 434/411/759 387/387/759 361/353/759
f 376/380/760 402/417/760 418/422/760
f 405/413/761 388/393/761 338/327/761
f 370/386/762 428/429/762 415/405/762
f 385/388/763 423/426/763 406/406/763
f 329/336/764 429/430/764 346/346/764
f 430/431/765 378/365/765 298/301/765
f 397/397/766 431/432/766 373/382/766
f 373/382/767 431/432/767 408/374/767
f 363/366/768 432/433/768 399/399/768
f 391/390/769 416/421/769 413/408/769
f 347/347/770 413/408/770 348/357/770
f 348/357/771 440/434/771 342/343/771
f 414/416/772 426/428/772 383/377/772
f 375/378/773 433/435/773 401/403/773
f 368/385/774 434/411/774 353/352/774
f 387/387/775 435/436/775 384/379/775
f 419/423/776 393/401/776 339/354/776
f 370/386/777 420/424/777 428/429/777
f 394/394/778 422/437/778 371/371/778
f 371/371/779 422/437/779 423/426/779
f 372/373/780 438/438/780 357/341/780
f 408/374/781 424/439/781 398/398/781
f 342/343/782 441/440/782 392/391/782
f 386/392/783 417/427/783 400/400/783
f 409/410/784 442/441/784 368/385/784
f 442/441/785 434/411/785 368/385/785
f 405/413/786 443/442/786 388/393/786
f 436/443/787 419/423/787 388/393/787
f 429/430/788 395/395/788 346/346/788
f 395/395/789 437/444/789 407/407/789
f 407/407/790 438/438/790 372/373/790
f 408/374/791 431/432/791 424/439/791
f 424/439/792 425/418/792 398/398/792
f 363/366/793 460/419/793 432/433/793
f 432/433/794 444/445/794 399/399/794
f 399/399/795 444/445/795 374/375/795
f 374/375/796 444/445/796 412/420/796
f 440/434/797 441/440/797 342/343/797
f 400/400/798 445/446/798 414/416/798
f 426/428/799 446/447/799 404/409/799
f 447/448/800 375/378/800 404/409/800
f 354/370/801 418/422/801 309/321/801
f 309/321/802 448/449/802 427/404/802
f 443/442/803 436/443/803 388/393/803
f 421/425/804 451/450/804 394/394/804
f 394/394/805 451/450/805 422/437/805
f 437/444/806 438/438/806 407/407/806
f 357/341/807 438/438/807 396/396/807
f 413/408/808 461/451/808 348/357/808
f 461/451/809 440/434/809 348/357/809
f 392/391/810 452/452/810 403/402/810
f 403/402/811 452/452/811 417/427/811
f 446/447/812 453/453/812 404/409/812
f 401/403/813 487/454/813 409/410/813
f 434/411/814 482/455/814 387/387/814
f 344/361/815 449/456/815 405/413/815
f 410/414/816 455/457/816 377/381/816
f 390/389/817 456/458/817 411/415/817
f 362/364/818 479/459/818 298/301/818
f 397/397/819 457/460/819 431/432/819
f 431/432/820 471/461/820 424/439/820
f 471/461/821 458/462/821 424/439/821
f 424/439/822 459/463/822 425/418/822
f 416/421/823 439/464/823 413/408/823
f 439/464/824 461/451/824 413/408/824
f 417/427/825 445/446/825 400/400/825
f 453/453/826 447/448/826 404/409/826
f 387/387/827 454/465/827 435/436/827
f 418/422/828 448/449/828 309/321/828
f 393/401/829 419/423/829 450/466/829
f 415/405/830 462/467/830 421/425/830
f 421/425/831 462/467/831 451/450/831
f 406/406/832 469/468/832 410/414/832
f 455/457/833 389/372/833 377/381/833
f 437/444/834 463/469/834 438/438/834
f 458/462/835 459/463/835 424/439/835
f 459/463/836 460/419/836 425/418/836
f 444/445/837 464/470/837 412/420/837
f 441/440/838 452/452/838 392/391/838
f 414/416/839 445/446/839 426/428/839
f 465/471/840 433/435/840 375/378/840
f 466/472/841 487/454/841 401/403/841
f 487/454/842 442/441/842 409/410/842
f 482/455/843 454/465/843 387/387/843
f 384/379/844 435/436/844 402/417/844
f 427/404/845 467/473/845 311/314/845
f 344/361/846 512/474/846 449/456/846
f 393/401/847 450/466/847 420/424/847
f 422/437/848 468/475/848 423/426/848
f 423/426/849 468/475/849 406/406/849
f 411/415/850 479/459/850 362/364/850
f 479/459/851 430/431/851 298/301/851
f 378/365/852 470/476/852 397/397/852
f 457/460/853 471/461/853 431/432/853
f 460/419/854 472/477/854 432/433/854
f 412/420/855 464/470/855 416/421/855
f 461/451/856 473/478/856 440/434/856
f 417/427/857 474/479/857 445/446/857
f 446/447/858 475/480/858 453/453/858
f 484/412/859 512/474/859 344/361/859
f 449/456/860 477/481/860 405/413/860
f 428/429/861 462/467/861 415/405/861
f 406/406/862 468/475/862 469/468/862
f 396/396/863 478/482/863 390/389/863
f 430/431/864 470/476/864 378/365/864
f 441/440/865 480/483/865 452/452/865
f 445/446/866 481/484/866 426/428/866
f 426/428/867 481/484/867 446/447/867
f 433/435/868 466/472/868 401/403/868
f 442/441/869 496/485/869 434/411/869
f 454/465/870 483/486/870 435/436/870
f 483/486/871 476/487/871 435/436/871
f 476/487/872 402/417/872 435/436/872
f 402/417/873 501/488/873 418/422/873
f 427/404/874 488/489/874 467/473/874
f 405/413/875 477/481/875 443/442/875
f 420/424/876 485/490/876 428/429/876
f 455/457/877 429/430/877 389/372/877
f 389/372/878 429/430/878 329/336/878
f 432/433/879 472/477/879 444/445/879
f 452/452/880 495/491/880 417/427/880
f 475/480/881 447/448/881 453/453/881
f 447/448/882 465/471/882 375/378/882
f 496/485/883 482/455/883 434/411/883
f 489/492/884 490/493/884 436/443/884
f 436/443/885 490/493/885 419/423/885
f 469/468/886 455/457/886 410/414/886
f 429/430/887 437/444/887 395/395/887
f 486/494/888 464/470/888 444/445/888
f 464/470/889 493/495/889 416/421/889
f 473/478/890 494/496/890 440/434/890
f 445/446/891 474/479/891 481/484/891
f 446/447/892 481/484/892 475/480/892
f 418/422/893 502/497/893 448/449/893
f 428/429/894 497/498/894 462/467/894
f 437/444/895 492/499/895 463/469/895
f 438/438/896 463/469/896 396/396/896
f 390/389/897 478/482/897 456/458/897
f 416/421/898 493/495/898 439/464/898
f 461/451/899 439/464/899 473/478/899
f 494/496/900 500/500/900 440/434/900
f 440/434/901 500/500/901 441/440/901
f 441/440/902 500/500/902 480/483/902
f 487/454/903 496/485/903 442/441/903
f 476/487/904 501/488/904 402/417/904
f 448/449/905 488/489/905 427/404/905
f 443/442/906 489/492/906 436/443/906
f 422/437/907 498/501/907 468/475/907
f 455/457/908 504/502/908 429/430/908
f 429/430/909 505/503/909 437/444/909
f 505/503/910 492/499/910 437/444/910
f 456/458/911 540/504/911 411/415/911
f 470/476/912 457/460/912 397/397/912
f 493/495/913 499/505/913 439/464/913
f 417/427/914 506/506/914 474/479/914
f 496/485/915 507/507/915 482/455/915
f 501/488/916 508/508/916 418/422/916
f 508/508/917 502/497/917 418/422/917
f 449/456/918 522/509/918 503/510/918
f 477/481/919 517/511/919 443/442/919
f 419/423/920 490/493/920 450/466/920
f 450/466/921 485/490/921 420/424/921
f 485/490/922 497/498/922 428/429/922
f 462/467/923 497/498/923 451/450/923
f 497/498/924 491/512/924 451/450/924
f 491/512/925 509/513/925 451/450/925
f 463/469/926 510/514/926 396/396/926
f 510/514/927 478/482/927 396/396/927
f 459/463/928 520/515/928 460/419/928
f 486/494/929 511/516/929 464/470/929
f 480/483/930 495/491/930 452/452/930
f 495/491/931 506/506/931 417/427/931
f 449/456/932 512/474/932 522/509/932
f 503/510/933 477/481/933 449/456/933
f 451/450/934 509/513/934 422/437/934
f 469/468/935 513/517/935 455/457/935
f 455/457/936 513/517/936 504/502/936
f 492/499/937 510/514/937 463/469/937
f 458/462/938 519/518/938 459/463/938
f 472/477/939 514/519/939 444/445/939
f 514/519/940 486/494/940 444/445/940
f 499/505/941 473/478/941 439/464/941
f 433/435/942 515/520/942 466/472/942
f 507/507/943 454/465/943 482/455/943
f 516/521/944 501/488/944 476/487/944
f 488/489/945 537/522/945 467/473/945
f 489/492/946 517/511/946 490/493/946
f 509/513/947 498/501/947 422/437/947
f 510/514/948 518/523/948 478/482/948
f 540/504/949 479/459/949 411/415/949
f 471/461/950 519/518/950 458/462/950
f 464/470/951 511/516/951 493/495/951
f 481/484/952 564/524/952 475/480/952
f 475/480/953 521/525/953 447/448/953
f 465/471/954 515/520/954 433/435/954
f 487/454/955 507/507/955 496/485/955
f 443/442/956 517/511/956 489/492/956
f 490/493/957 523/526/957 450/466/957
f 524/527/958 485/490/958 450/466/958
f 485/490/959 529/528/959 497/498/959
f 430/431/960 457/460/960 470/476/960
f 457/460/961 525/529/961 471/461/961
f 459/463/962 519/518/962 520/515/962
f 520/515/963 472/477/963 460/419/963
f 506/506/964 534/530/964 474/479/964
f 466/472/965 546/531/965 487/454/965
f 487/454/966 546/531/966 507/507/966
f 483/486/967 516/521/967 476/487/967
f 502/497/968 488/489/968 448/449/968
f 484/412/969 526/532/969 512/474/969
f 503/510/970 527/533/970 477/481/970
f 477/481/971 528/534/971 517/511/971
f 523/526/972 524/527/972 450/466/972
f 468/475/973 531/535/973 469/468/973
f 525/529/974 532/536/974 471/461/974
f 532/536/975 519/518/975 471/461/975
f 514/519/976 533/537/976 486/494/976
f 473/478/977 545/538/977 494/496/977
f 474/479/978 534/530/978 481/484/978
f 521/525/979 465/471/979 447/448/979
f 507/507/980 535/539/980 454/465/980
f 477/481/981 527/533/981 528/534/981
f 524/527/982 529/528/982 485/490/982
f 497/498/983 538/540/983 491/512/983
f 469/468/984 531/535/984 513/517/984
f 429/430/985 539/541/985 505/503/985
f 549/542/986 540/504/986 478/482/986
f 479/459/987 541/543/987 430/431/987
f 520/515/988 542/544/988 472/477/988
f 486/494/989 533/537/989 511/516/989
f 493/495/990 543/545/990 499/505/990
f 499/505/991 544/546/991 473/478/991
f 494/496/992 480/483/992 500/500/992
f 495/491/993 534/530/993 506/506/993
f 454/465/994 536/547/994 483/486/994
f 529/528/995 530/548/995 497/498/995
f 498/501/996 548/549/996 468/475/996
f 429/430/997 504/502/997 539/541/997
f 518/523/998 549/542/998 478/482/998
f 540/504/999 456/458/999 478/482/999
f 550/550/1000 541/543/1000 479/459/1000
f 532/536/1001 551/551/1001 519/518/1001
f 472/477/1002 542/544/1002 514/519/1002
f 543/545/1003 544/546/1003 499/505/1003
f 495/491/1004 552/552/1004 534/530/1004
f 465/471/1005 554/553/1005 515/520/1005
f 515/520/1006 560/554/1006 466/472/1006
f 535/539/1007 536/547/1007 454/465/1007
f 536/547/1008 516/521/1008 483/486/1008
f 516/521/1009 547/555/1009 501/488/1009
f 547/555/1010 508/508/1010 501/488/1010
f 555/556/1011 488/489/1011 502/497/1011
f 537/522/1012 311/314/1012 467/473/1012
f 517/511/1013 556/557/1013 490/493/1013
f 556/557/1014 523/526/1014 490/493/1014
f 498/501/1015 568/558/1015 548/549/1015
f 548/549/1016 531/535/1016 468/475/1016
f 505/503/1017 557/559/1017 492/499/1017
f 557/559/1018 558/560/1018 492/499/1018
f 493/495/1019 580/561/1019 543/545/1019
f 480/483/1020 559/562/1020 495/491/1020
f 475/480/1021 564/524/1021 521/525/1021
f 521/525/1022 553/563/1022 465/471/1022
f 554/553/1023 560/554/1023 515/520/1023
f 466/472/1024 560/554/1024 546/531/1024
f 546/531/1025 565/564/1025 507/507/1025
f 565/564/1026 535/539/1026 507/507/1026
f 508/508/1027 555/556/1027 502/497/1027
f 575/565/1028 522/509/1028 512/474/1028
f 530/548/1029 538/540/1029 497/498/1029
f 538/540/1030 509/513/1030 491/512/1030
f 430/431/1031 525/529/1031 457/460/1031
f 533/537/1032 562/566/1032 511/516/1032
f 511/516/1033 562/566/1033 493/495/1033
f 544/546/1034 545/538/1034 473/478/1034
f 494/496/1035 563/567/1035 480/483/1035
f 534/530/1036 564/524/1036 481/484/1036
f 465/471/1037 553/563/1037 554/553/1037
f 535/539/1038 566/568/1038 536/547/1038
f 527/533/1039 576/569/1039 528/534/1039
f 528/534/1040 556/557/1040 517/511/1040
f 523/526/1041 567/570/1041 524/527/1041
f 524/527/1042 584/571/1042 529/528/1042
f 509/513/1043 568/558/1043 498/501/1043
f 531/535/1044 569/572/1044 513/517/1044
f 540/504/1045 570/573/1045 479/459/1045
f 551/551/1046 571/574/1046 519/518/1046
f 519/518/1047 571/574/1047 520/515/1047
f 542/544/1048 579/575/1048 514/519/1048
f 563/567/1049 572/576/1049 480/483/1049
f 480/483/1050 572/576/1050 559/562/1050
f 573/577/1051 516/521/1051 536/547/1051
f 555/556/1052 574/578/1052 488/489/1052
f 488/489/1053 574/578/1053 537/522/1053
f 526/532/1054 575/565/1054 512/474/1054
f 503/510/1055 576/569/1055 527/533/1055
f 584/571/1056 577/579/1056 529/528/1056
f 530/548/1057 578/580/1057 538/540/1057
f 492/499/1058 558/560/1058 510/514/1058
f 479/459/1059 570/573/1059 550/550/1059
f 562/566/1060 580/561/1060 493/495/1060
f 543/545/1061 581/581/1061 544/546/1061
f 560/554/1062 582/582/1062 546/531/1062
f 522/509/1063 583/583/1063 503/510/1063
f 529/528/1064 577/579/1064 530/548/1064
f 558/560/1065 518/523/1065 510/514/1065
f 540/504/1066 599/584/1066 570/573/1066
f 571/574/1067 542/544/1067 520/515/1067
f 514/519/1068 585/585/1068 533/537/1068
f 564/524/1069 586/586/1069 521/525/1069
f 582/582/1070 605/587/1070 546/531/1070
f 516/521/1071 573/577/1071 547/555/1071
f 537/522/1072 587/588/1072 311/314/1072
f 575/565/1073 583/583/1073 522/509/1073
f 503/510/1074 597/589/1074 576/569/1074
f 523/526/1075 588/590/1075 567/570/1075
f 538/540/1076 578/580/1076 509/513/1076
f 548/549/1077 561/591/1077 531/535/1077
f 561/591/1078 569/572/1078 531/535/1078
f 569/572/1079 590/592/1079 513/517/1079
f 513/517/1080 590/592/1080 504/502/1080
f 505/503/1081 539/541/1081 557/559/1081
f 514/519/1082 579/575/1082 585/585/1082
f 585/585/1083 562/566/1083 533/537/1083
f 580/561/1084 591/593/1084 543/545/1084
f 612/594/1085 494/496/1085 545/538/1085
f 552/552/1086 593/595/1086 534/530/1086
f 521/525/1087 594/596/1087 553/563/1087
f 554/553/1088 582/582/1088 560/554/1088
f 565/564/1089 566/568/1089 535/539/1089
f 566/568/1090 595/597/1090 536/547/1090
f 587/588/1091 708/598/1091 311/314/1091
f 556/557/1092 588/590/1092 523/526/1092
f 567/570/1093 584/571/1093 524/527/1093
f 577/579/1094 589/599/1094 530/548/1094
f 589/599/1095 578/580/1095 530/548/1095
f 504/502/1096 590/592/1096 539/541/1096
f 571/574/1097 600/600/1097 542/544/1097
f 542/544/1098 600/600/1098 579/575/1098
f 562/566/1099 601/601/1099 580/561/1099
f 591/593/1100 581/581/1100 543/545/1100
f 559/562/1101 602/602/1101 495/491/1101
f 592/603/1102 552/552/1102 495/491/1102
f 593/595/1103 564/524/1103 534/530/1103
f 547/555/1104 603/604/1104 508/508/1104
f 574/578/1105 596/605/1105 537/522/1105
f 596/605/1106 587/588/1106 537/522/1106
f 583/583/1107 597/589/1107 503/510/1107
f 576/569/1108 598/606/1108 528/534/1108
f 528/534/1109 598/606/1109 556/557/1109
f 509/513/1110 578/580/1110 568/558/1110
f 532/536/1111 634/607/1111 551/551/1111
f 544/546/1112 612/594/1112 545/538/1112
f 602/602/1113 592/603/1113 495/491/1113
f 553/563/1114 594/596/1114 554/553/1114
f 546/531/1115 605/587/1115 565/564/1115
f 584/571/1116 606/608/1116 577/579/1116
f 607/609/1117 590/592/1117 569/572/1117
f 579/575/1118 604/610/1118 585/585/1118
f 494/496/1119 609/611/1119 563/567/1119
f 563/567/1120 613/612/1120 572/576/1120
f 610/613/1121 582/582/1121 554/553/1121
f 615/614/1122 603/604/1122 547/555/1122
f 603/604/1123 555/556/1123 508/508/1123
f 567/570/1124 606/608/1124 584/571/1124
f 589/599/1125 618/615/1125 578/580/1125
f 548/549/1126 619/616/1126 561/591/1126
f 590/592/1127 608/617/1127 539/541/1127
f 549/542/1128 599/584/1128 540/504/1128
f 541/543/1129 525/529/1129 430/431/1129
f 601/601/1130 591/593/1130 580/561/1130
f 612/594/1131 544/546/1131 581/581/1131
f 612/594/1132 609/611/1132 494/496/1132
f 609/611/1133 613/612/1133 563/567/1133
f 572/576/1134 602/602/1134 559/562/1134
f 594/596/1135 610/613/1135 554/553/1135
f 573/577/1136 615/614/1136 547/555/1136
f 598/606/1137 617/618/1137 556/557/1137
f 556/557/1138 617/618/1138 588/590/1138
f 568/558/1139 611/619/1139 548/549/1139
f 558/560/1140 632/620/1140 518/523/1140
f 634/607/1141 571/574/1141 551/551/1141
f 600/600/1142 620/621/1142 579/575/1142
f 602/602/1143 621/622/1143 592/603/1143
f 595/597/1144 573/577/1144 536/547/1144
f 555/556/1145 623/623/1145 574/578/1145
f 583/583/1146 624/624/1146 597/589/1146
f 576/569/1147 616/625/1147 598/606/1147
f 617/618/1148 625/626/1148 588/590/1148
f 588/590/1149 625/626/1149 567/570/1149
f 631/627/1150 618/615/1150 589/599/1150
f 548/549/1151 611/619/1151 619/616/1151
f 539/541/1152 626/628/1152 557/559/1152
f 557/559/1153 626/628/1153 558/560/1153
f 664/629/1154 525/529/1154 541/543/1154
f 525/529/1155 634/607/1155 532/536/1155
f 579/575/1156 620/621/1156 604/610/1156
f 585/585/1157 627/630/1157 562/566/1157
f 562/566/1158 627/630/1158 601/601/1158
f 628/631/1159 581/581/1159 591/593/1159
f 628/631/1160 612/594/1160 581/581/1160
f 564/524/1161 593/595/1161 586/586/1161
f 594/596/1162 629/632/1162 610/613/1162
f 614/633/1163 615/614/1163 573/577/1163
f 597/589/1164 616/625/1164 576/569/1164
f 606/608/1165 631/627/1165 577/579/1165
f 577/579/1166 631/627/1166 589/599/1166
f 578/580/1167 611/619/1167 568/558/1167
f 633/634/1168 541/543/1168 550/550/1168
f 610/613/1169 622/635/1169 582/582/1169
f 605/587/1170 566/568/1170 565/564/1170
f 635/636/1171 623/623/1171 555/556/1171
f 574/578/1172 646/637/1172 596/605/1172
f 583/583/1173 575/565/1173 630/638/1173
f 630/638/1174 624/624/1174 583/583/1174
f 567/570/1175 649/639/1175 606/608/1175
f 578/580/1176 636/640/1176 611/619/1176
f 569/572/1177 637/641/1177 607/609/1177
f 607/609/1178 638/642/1178 590/592/1178
f 638/642/1179 639/643/1179 590/592/1179
f 590/592/1180 639/643/1180 608/617/1180
f 626/628/1181 650/644/1181 558/560/1181
f 634/607/1182 640/645/1182 571/574/1182
f 572/576/1183 621/622/1183 602/602/1183
f 586/586/1184 594/596/1184 521/525/1184
f 642/646/1185 629/632/1185 594/596/1185
f 582/582/1186 643/647/1186 605/587/1186
f 595/597/1187 644/648/1187 573/577/1187
f 603/604/1188 645/649/1188 555/556/1188
f 596/605/1189 646/637/1189 587/588/1189
f 616/625/1190 648/650/1190 598/606/1190
f 625/626/1191 649/639/1191 567/570/1191
f 619/616/1192 569/572/1192 561/591/1192
f 558/560/1193 650/644/1193 632/620/1193
f 640/645/1194 600/600/1194 571/574/1194
f 641/651/1195 604/610/1195 620/621/1195
f 592/603/1196 654/652/1196 552/552/1196
f 593/595/1197 651/653/1197 586/586/1197
f 644/648/1198 614/633/1198 573/577/1198
f 645/649/1199 635/636/1199 555/556/1199
f 526/532/1200 630/638/1200 575/565/1200
f 597/589/1201 624/624/1201 616/625/1201
f 624/624/1202 647/654/1202 616/625/1202
f 647/654/1203 648/650/1203 616/625/1203
f 652/655/1204 631/627/1204 606/608/1204
f 611/619/1205 636/640/1205 619/616/1205
f 525/529/1206 657/656/1206 634/607/1206
f 552/552/1207 654/652/1207 593/595/1207
f 655/657/1208 594/596/1208 586/586/1208
f 610/613/1209 629/632/1209 622/635/1209
f 622/635/1210 643/647/1210 582/582/1210
f 605/587/1211 643/647/1211 566/568/1211
f 566/568/1212 644/648/1212 595/597/1212
f 614/633/1213 675/658/1213 615/614/1213
f 574/578/1214 623/623/1214 646/637/1214
f 587/588/1215 646/637/1215 708/598/1215
f 624/624/1216 661/659/1216 647/654/1216
f 648/650/1217 617/618/1217 598/606/1217
f 631/627/1218 677/660/1218 618/615/1218
f 578/580/1219 656/661/1219 636/640/1219
f 632/620/1220 549/542/1220 518/523/1220
f 653/662/1221 657/656/1221 525/529/1221
f 640/645/1222 658/663/1222 600/600/1222
f 600/600/1223 658/663/1223 620/621/1223
f 585/585/1224 659/664/1224 627/630/1224
f 609/611/1225 660/665/1225 613/612/1225
f 613/612/1226 621/622/1226 572/576/1226
f 594/596/1227 655/657/1227 642/646/1227
f 629/632/1228 671/666/1228 622/635/1228
f 675/658/1229 603/604/1229 615/614/1229
f 699/667/1230 708/598/1230 646/637/1230
f 617/618/1231 663/668/1231 625/626/1231
f 663/668/1232 649/639/1232 625/626/1232
f 649/639/1233 652/655/1233 606/608/1233
f 618/615/1234 656/661/1234 578/580/1234
f 665/669/1235 641/651/1235 620/621/1235
f 591/593/1236 667/670/1236 628/631/1236
f 628/631/1237 668/671/1237 612/594/1237
f 566/568/1238 673/672/1238 644/648/1238
f 648/650/1239 695/673/1239 617/618/1239
f 695/673/1240 662/674/1240 617/618/1240
f 662/674/1241 663/668/1241 617/618/1241
f 639/643/1242 638/642/1242 608/617/1242
f 539/541/1243 608/617/1243 626/628/1243
f 570/573/1244 685/675/1244 550/550/1244
f 658/663/1245 665/669/1245 620/621/1245
f 604/610/1246 669/676/1246 585/585/1246
f 601/601/1247 667/670/1247 591/593/1247
f 613/612/1248 670/677/1248 621/622/1248
f 654/652/1249 651/653/1249 593/595/1249
f 642/646/1250 671/666/1250 629/632/1250
f 622/635/1251 672/678/1251 643/647/1251
f 674/679/1252 675/658/1252 644/648/1252
f 644/648/1253 675/658/1253 614/633/1253
f 652/655/1254 677/660/1254 631/627/1254
f 618/615/1255 677/660/1255 656/661/1255
f 569/572/1256 619/616/1256 637/641/1256
f 599/584/1257 685/675/1257 570/573/1257
f 550/550/1258 685/675/1258 633/634/1258
f 541/543/1259 633/634/1259 664/629/1259
f 659/664/1260 666/680/1260 627/630/1260
f 627/630/1261 666/680/1261 601/601/1261
f 660/665/1262 670/677/1262 613/612/1262
f 651/653/1263 655/657/1263 586/586/1263
f 643/647/1264 689/681/1264 566/568/1264
f 689/681/1265 673/672/1265 566/568/1265
f 673/672/1266 674/679/1266 644/648/1266
f 624/624/1267 678/682/1267 661/659/1267
f 632/620/1268 680/683/1268 549/542/1268
f 664/629/1269 653/662/1269 525/529/1269
f 657/656/1270 640/645/1270 634/607/1270
f 641/651/1271 669/676/1271 604/610/1271
f 601/601/1272 666/680/1272 667/670/1272
f 655/657/1273 681/684/1273 642/646/1273
f 671/666/1274 672/678/1274 622/635/1274
f 675/658/1275 682/685/1275 603/604/1275
f 623/623/1276 676/686/1276 646/637/1276
f 663/668/1277 683/687/1277 649/639/1277
f 619/616/1278 684/688/1278 637/641/1278
f 607/609/1279 702/689/1279 638/642/1279
f 650/644/1280 626/628/1280 679/690/1280
f 650/644/1281 680/683/1281 632/620/1281
f 669/676/1282 659/664/1282 585/585/1282
f 692/691/1283 668/671/1283 628/631/1283
f 668/671/1284 609/611/1284 612/594/1284
f 609/611/1285 686/692/1285 660/665/1285
f 670/677/1286 687/693/1286 621/622/1286
f 592/603/1287 688/694/1287 654/652/1287
f 672/678/1288 689/681/1288 643/647/1288
f 635/636/1289 694/695/1289 623/623/1289
f 652/655/1290 690/696/1290 677/660/1290
f 636/640/1291 684/688/1291 619/616/1291
f 637/641/1292 702/689/1292 607/609/1292
f 665/669/1293 669/676/1293 641/651/1293
f 667/670/1294 692/691/1294 628/631/1294
f 686/692/1295 693/697/1295 660/665/1295
f 660/665/1296 693/697/1296 670/677/1296
f 709/698/1297 655/657/1297 651/653/1297
f 642/646/1298 733/699/1298 671/666/1298
f 603/604/1299 682/685/1299 645/649/1299
f 645/649/1300 694/695/1300 635/636/1300
f 623/623/1301 694/695/1301 676/686/1301
f 647/654/1302 695/673/1302 648/650/1302
f 649/639/1303 683/687/1303 652/655/1303
f 691/700/1304 684/688/1304 636/640/1304
f 638/642/1305 702/689/1305 608/617/1305
f 658/663/1306 696/701/1306 665/669/1306
f 621/622/1307 687/693/1307 592/603/1307
f 672/678/1308 705/702/1308 689/681/1308
f 683/687/1309 690/696/1309 652/655/1309
f 677/660/1310 700/703/1310 656/661/1310
f 656/661/1311 701/704/1311 636/640/1311
f 636/640/1312 701/704/1312 691/700/1312
f 608/617/1313 702/689/1313 626/628/1313
f 668/671/1314 703/705/1314 609/611/1314
f 703/705/1315 686/692/1315 609/611/1315
f 693/697/1316 697/706/1316 670/677/1316
f 654/652/1317 688/694/1317 651/653/1317
f 733/699/1318 704/707/1318 671/666/1318
f 671/666/1319 705/702/1319 672/678/1319
f 674/679/1320 721/708/1320 675/658/1320
f 675/658/1321 721/708/1321 698/709/1321
f 682/685/1322 706/710/1322 645/649/1322
f 645/649/1323 706/710/1323 694/695/1323
f 646/637/1324 707/711/1324 699/667/1324
f 697/706/1325 687/693/1325 670/677/1325
f 688/694/1326 709/698/1326 651/653/1326
f 671/666/1327 704/707/1327 705/702/1327
f 689/681/1328 710/712/1328 673/672/1328
f 694/695/1329 711/713/1329 676/686/1329
f 630/638/1330 678/682/1330 624/624/1330
f 695/673/1331 712/714/1331 662/674/1331
f 663/668/1332 713/715/1332 683/687/1332
f 714/716/1333 690/696/1333 683/687/1333
f 690/696/1334 700/703/1334 677/660/1334
f 656/661/1335 727/717/1335 701/704/1335
f 626/628/1336 702/689/1336 679/690/1336
f 665/669/1337 696/701/1337 669/676/1337
f 666/680/1338 692/691/1338 667/670/1338
f 681/684/1339 733/699/1339 642/646/1339
f 673/672/1340 721/708/1340 674/679/1340
f 662/674/1341 716/718/1341 663/668/1341
f 714/716/1342 715/719/1342 690/696/1342
f 738/720/1343 717/721/1343 690/696/1343
f 690/696/1344 717/721/1344 700/703/1344
f 656/661/1345 700/703/1345 727/717/1345
f 692/691/1346 703/705/1346 668/671/1346
f 703/705/1347 718/722/1347 686/692/1347
f 687/693/1348 688/694/1348 592/603/1348
f 709/698/1349 681/684/1349 655/657/1349
f 710/712/1350 721/708/1350 673/672/1350
f 721/708/1351 722/723/1351 698/709/1351
f 647/654/1352 723/724/1352 695/673/1352
f 712/714/1353 716/718/1353 662/674/1353
f 716/718/1354 713/715/1354 663/668/1354
f 701/704/1355 724/725/1355 691/700/1355
f 691/700/1356 724/725/1356 684/688/1356
f 650/644/1357 679/690/1357 680/683/1357
f 680/683/1358 729/726/1358 549/542/1358
f 657/656/1359 658/663/1359 640/645/1359
f 731/727/1360 692/691/1360 666/680/1360
f 688/694/1361 720/728/1361 709/698/1361
f 720/728/1362 725/729/1362 709/698/1362
f 709/698/1363 732/730/1363 681/684/1363
f 743/731/1364 706/710/1364 682/685/1364
f 676/686/1365 707/711/1365 646/637/1365
f 661/659/1366 723/724/1366 647/654/1366
f 723/724/1367 712/714/1367 695/673/1367
f 713/715/1368 714/716/1368 683/687/1368
f 702/689/1369 728/732/1369 679/690/1369
f 679/690/1370 729/726/1370 680/683/1370
f 731/727/1371 666/680/1371 659/664/1371
f 686/692/1372 718/722/1372 693/697/1372
f 681/684/1373 726/733/1373 733/699/1373
f 675/658/1374 743/731/1374 682/685/1374
f 802/734/1375 630/638/1375 526/532/1375
f 716/718/1376 737/735/1376 713/715/1376
f 715/719/1377 738/720/1377 690/696/1377
f 724/725/1378 637/641/1378 684/688/1378
f 549/542/1379 729/726/1379 599/584/1379
f 669/676/1380 730/736/1380 659/664/1380
f 692/691/1381 739/737/1381 703/705/1381
f 703/705/1382 740/738/1382 718/722/1382
f 697/706/1383 741/739/1383 687/693/1383
f 719/740/1384 720/728/1384 688/694/1384
f 768/741/1385 726/733/1385 681/684/1385
f 705/702/1386 735/742/1386 689/681/1386
f 742/743/1387 721/708/1387 710/712/1387
f 698/709/1388 743/731/1388 675/658/1388
f 694/695/1389 706/710/1389 736/744/1389
f 701/704/1390 727/717/1390 724/725/1390
f 728/732/1391 752/745/1391 679/690/1391
f 752/745/1392 729/726/1392 679/690/1392
f 657/656/1393 745/746/1393 658/663/1393
f 659/664/1394 730/736/1394 731/727/1394
f 731/727/1395 746/747/1395 692/691/1395
f 718/722/1396 697/706/1396 693/697/1396
f 709/698/1397 725/729/1397 732/730/1397
f 732/730/1398 768/741/1398 681/684/1398
f 734/748/1399 735/742/1399 705/702/1399
f 689/681/1400 735/742/1400 710/712/1400
f 694/695/1401 736/744/1401 711/713/1401
f 736/744/1402 747/749/1402 711/713/1402
f 707/711/1403 748/750/1403 699/667/1403
f 678/682/1404 749/751/1404 661/659/1404
f 712/714/1405 750/752/1405 716/718/1405
f 744/753/1406 764/754/1406 702/689/1406
f 685/675/1407 765/755/1407 633/634/1407
f 658/663/1408 745/746/1408 696/701/1408
f 741/739/1409 753/756/1409 688/694/1409
f 720/728/1410 754/757/1410 725/729/1410
f 704/707/1411 734/748/1411 705/702/1411
f 755/758/1412 722/723/1412 721/708/1412
f 722/723/1413 759/759/1413 698/709/1413
f 698/709/1414 759/759/1414 743/731/1414
f 743/731/1415 756/760/1415 706/710/1415
f 760/761/1416 748/750/1416 707/711/1416
f 738/720/1417 751/762/1417 717/721/1417
f 717/721/1418 751/762/1418 700/703/1418
f 702/689/1419 764/754/1419 728/732/1419
f 669/676/1420 757/763/1420 730/736/1420
f 718/722/1421 758/764/1421 697/706/1421
f 687/693/1422 741/739/1422 688/694/1422
f 742/743/1423 755/758/1423 721/708/1423
f 711/713/1424 747/749/1424 676/686/1424
f 747/749/1425 760/761/1425 676/686/1425
f 760/761/1426 707/711/1426 676/686/1426
f 749/751/1427 723/724/1427 661/659/1427
f 737/735/1428 761/765/1428 713/715/1428
f 714/716/1429 738/720/1429 715/719/1429
f 700/703/1430 762/766/1430 727/717/1430
f 728/732/1431 764/754/1431 752/745/1431
f 745/746/1432 766/767/1432 696/701/1432
f 696/701/1433 766/767/1433 669/676/1433
f 719/740/1434 754/757/1434 720/728/1434
f 755/758/1435 759/759/1435 722/723/1435
f 713/715/1436 761/765/1436 714/716/1436
f 751/762/1437 762/766/1437 700/703/1437
f 637/641/1438 763/768/1438 702/689/1438
f 702/689/1439 763/768/1439 744/753/1439
f 657/656/1440 798/769/1440 745/746/1440
f 766/767/1441 757/763/1441 669/676/1441
f 730/736/1442 757/763/1442 731/727/1442
f 746/747/1443 739/737/1443 692/691/1443
f 739/737/1444 740/738/1444 703/705/1444
f 758/764/1445 767/770/1445 697/706/1445
f 697/706/1446 775/771/1446 741/739/1446
f 706/710/1447 777/772/1447 736/744/1447
f 777/772/1448 747/749/1448 736/744/1448
f 748/750/1449 771/773/1449 699/667/1449
f 802/734/1450 678/682/1450 630/638/1450
f 749/751/1451 772/774/1451 723/724/1451
f 599/584/1452 773/775/1452 685/675/1452
f 653/662/1453 798/769/1453 657/656/1453
f 731/727/1454 774/776/1454 746/747/1454
f 754/757/1455 776/777/1455 725/729/1455
f 725/729/1456 776/777/1456 732/730/1456
f 732/730/1457 776/777/1457 768/741/1457
f 710/712/1458 735/742/1458 742/743/1458
f 759/759/1459 770/778/1459 743/731/1459
f 756/760/1460 777/772/1460 706/710/1460
f 699/667/1461 771/773/1461 708/598/1461
f 637/641/1462 724/725/1462 784/779/1462
f 729/726/1463 773/775/1463 599/584/1463
f 733/699/1464 781/780/1464 704/707/1464
f 760/761/1465 782/781/1465 748/750/1465
f 723/724/1466 750/752/1466 712/714/1466
f 750/752/1467 783/782/1467 716/718/1467
f 716/718/1468 783/782/1468 737/735/1468
f 714/716/1469 761/765/1469 778/783/1469
f 727/717/1470 779/784/1470 724/725/1470
f 779/784/1471 784/779/1471 724/725/1471
f 664/629/1472 785/785/1472 653/662/1472
f 739/737/1473 786/786/1473 740/738/1473
f 718/722/1474 740/738/1474 758/764/1474
f 767/770/1475 775/771/1475 697/706/1475
f 753/756/1476 719/740/1476 688/694/1476
f 768/741/1477 780/787/1477 726/733/1477
f 781/780/1478 769/788/1478 704/707/1478
f 704/707/1479 787/789/1479 734/748/1479
f 755/758/1480 794/790/1480 759/759/1480
f 743/731/1481 770/778/1481 756/760/1481
f 678/682/1482 788/791/1482 749/751/1482
f 784/779/1483 763/768/1483 637/641/1483
f 763/768/1484 764/754/1484 744/753/1484
f 773/775/1485 765/755/1485 685/675/1485
f 765/755/1486 664/629/1486 633/634/1486
f 739/737/1487 746/747/1487 786/786/1487
f 775/771/1488 792/792/1488 741/739/1488
f 733/699/1489 726/733/1489 781/780/1489
f 735/742/1490 801/793/1490 742/743/1490
f 794/790/1491 770/778/1491 759/759/1491
f 783/782/1492 761/765/1492 737/735/1492
f 778/783/1493 795/794/1493 714/716/1493
f 714/716/1494 796/795/1494 738/720/1494
f 738/720/1495 796/795/1495 751/762/1495
f 727/717/1496 797/796/1496 789/797/1496
f 727/717/1497 789/797/1497 779/784/1497
f 764/754/1498 791/798/1498 752/745/1498
f 757/763/1499 799/799/1499 731/727/1499
f 731/727/1500 799/799/1500 774/776/1500
f 800/800/1501 758/764/1501 740/738/1501
f 793/801/1502 754/757/1502 719/740/1502
f 769/788/1503 787/789/1503 704/707/1503
f 742/743/1504 801/793/1504 755/758/1504
f 777/772/1505 804/802/1505 747/749/1505
f 782/781/1506 771/773/1506 748/750/1506
f 788/791/1507 772/774/1507 749/751/1507
f 772/774/1508 803/803/1508 723/724/1508
f 803/803/1509 750/752/1509 723/724/1509
f 714/716/1510 795/794/1510 796/795/1510
f 790/804/1511 764/754/1511 763/768/1511
f 764/754/1512 790/804/1512 791/798/1512
f 831/805/1513 773/775/1513 729/726/1513
f 785/785/1514 798/769/1514 653/662/1514
f 798/769/1515 766/767/1515 745/746/1515
f 800/800/1516 767/770/1516 758/764/1516
f 755/758/1517 801/793/1517 794/790/1517
f 770/778/1518 813/806/1518 756/760/1518
f 756/760/1519 813/806/1519 777/772/1519
f 747/749/1520 805/807/1520 760/761/1520
f 760/761/1521 805/807/1521 782/781/1521
f 750/752/1522 806/808/1522 783/782/1522
f 762/766/1523 797/796/1523 727/717/1523
f 752/745/1524 831/805/1524 729/726/1524
f 766/767/1525 807/809/1525 757/763/1525
f 812/810/1526 800/800/1526 740/738/1526
f 726/733/1527 808/811/1527 781/780/1527
f 781/780/1528 808/811/1528 769/788/1528
f 734/748/1529 809/812/1529 735/742/1529
f 678/682/1530 802/734/1530 788/791/1530
f 803/803/1531 806/808/1531 750/752/1531
f 761/765/1532 811/813/1532 778/783/1532
f 751/762/1533 796/795/1533 762/766/1533
f 821/814/1534 746/747/1534 774/776/1534
f 792/792/1535 753/756/1535 741/739/1535
f 719/740/1536 753/756/1536 793/801/1536
f 735/742/1537 818/815/1537 801/793/1537
f 771/773/1538 814/816/1538 708/598/1538
f 796/795/1539 815/817/1539 762/766/1539
f 789/797/1540 816/818/1540 779/784/1540
f 791/798/1541 817/819/1541 752/745/1541
f 752/745/1542 817/819/1542 831/805/1542
f 800/800/1543 812/810/1543 767/770/1543
f 780/787/1544 808/811/1544 726/733/1544
f 809/812/1545 818/815/1545 735/742/1545
f 794/790/1546 810/820/1546 770/778/1546
f 810/820/1547 813/806/1547 770/778/1547
f 783/782/1548 819/821/1548 761/765/1548
f 763/768/1549 784/779/1549 790/804/1549
f 798/769/1550 820/822/1550 766/767/1550
f 767/770/1551 822/823/1551 775/771/1551
f 822/823/1552 792/792/1552 775/771/1552
f 776/777/1553 826/824/1553 768/741/1553
f 787/789/1554 809/812/1554 734/748/1554
f 818/815/1555 823/825/1555 801/793/1555
f 823/825/1556 824/826/1556 801/793/1556
f 801/793/1557 824/826/1557 794/790/1557
f 824/826/1558 810/820/1558 794/790/1558
f 777/772/1559 825/827/1559 804/802/1559
f 747/749/1560 804/802/1560 805/807/1560
f 806/808/1561 819/821/1561 783/782/1561
f 819/821/1562 811/813/1562 761/765/1562
f 778/783/1563 830/828/1563 795/794/1563
f 790/804/1564 817/819/1564 791/798/1564
f 774/776/1565 799/799/1565 821/814/1565
f 821/814/1566 786/786/1566 746/747/1566
f 753/756/1567 835/829/1567 793/801/1567
f 754/757/1568 793/801/1568 776/777/1568
f 813/806/1569 825/827/1569 777/772/1569
f 772/774/1570 828/830/1570 803/803/1570
f 795/794/1571 815/817/1571 796/795/1571
f 815/817/1572 797/796/1572 762/766/1572
f 834/831/1573 816/818/1573 789/797/1573
f 773/775/1574 844/832/1574 765/755/1574
f 766/767/1575 820/822/1575 807/809/1575
f 787/789/1576 832/833/1576 809/812/1576
f 805/807/1577 833/834/1577 782/781/1577
f 788/791/1578 828/830/1578 772/774/1578
f 803/803/1579 829/835/1579 806/808/1579
f 778/783/1580 811/813/1580 830/828/1580
f 797/796/1581 834/831/1581 789/797/1581
f 779/784/1582 816/818/1582 784/779/1582
f 765/755/1583 902/836/1583 664/629/1583
f 812/810/1584 851/837/1584 767/770/1584
f 792/792/1585 822/823/1585 753/756/1585
f 822/823/1586 835/829/1586 753/756/1586
f 793/801/1587 826/824/1587 776/777/1587
f 825/827/1588 827/838/1588 804/802/1588
f 790/804/1589 836/839/1589 817/819/1589
f 740/738/1590 837/840/1590 812/810/1590
f 851/837/1591 845/841/1591 767/770/1591
f 826/824/1592 780/787/1592 768/741/1592
f 769/788/1593 856/842/1593 787/789/1593
f 809/812/1594 832/833/1594 818/815/1594
f 824/826/1595 838/843/1595 810/820/1595
f 813/806/1596 840/844/1596 825/827/1596
f 804/802/1597 833/834/1597 805/807/1597
f 771/773/1598 841/845/1598 814/816/1598
f 829/835/1599 842/846/1599 806/808/1599
f 806/808/1600 842/846/1600 819/821/1600
f 807/809/1601 820/822/1601 757/763/1601
f 757/763/1602 820/822/1602 799/799/1602
f 767/770/1603 845/841/1603 822/823/1603
f 838/843/1604 839/847/1604 810/820/1604
f 827/838/1605 833/834/1605 804/802/1605
f 786/786/1606 837/840/1606 740/738/1606
f 854/848/1607 826/824/1607 793/801/1607
f 810/820/1608 839/847/1608 813/806/1608
f 852/849/1609 771/773/1609 782/781/1609
f 828/830/1610 853/850/1610 803/803/1610
f 811/813/1611 819/821/1611 846/851/1611
f 830/828/1612 847/852/1612 795/794/1612
f 795/794/1613 847/852/1613 815/817/1613
f 815/817/1614 858/853/1614 843/854/1614
f 848/855/1615 831/805/1615 817/819/1615
f 844/832/1616 902/836/1616 765/755/1616
f 664/629/1617 849/856/1617 785/785/1617
f 849/856/1618 798/769/1618 785/785/1618
f 820/822/1619 850/857/1619 799/799/1619
f 799/799/1620 850/857/1620 821/814/1620
f 867/858/1621 786/786/1621 821/814/1621
f 835/829/1622 854/848/1622 793/801/1622
f 856/842/1623 769/788/1623 808/811/1623
f 864/859/1624 857/860/1624 823/825/1624
f 823/825/1625 857/860/1625 824/826/1625
f 838/843/1626 865/861/1626 839/847/1626
f 839/847/1627 840/844/1627 813/806/1627
f 782/781/1628 833/834/1628 852/849/1628
f 803/803/1629 853/850/1629 829/835/1629
f 846/851/1630 830/828/1630 811/813/1630
f 847/852/1631 858/853/1631 815/817/1631
f 815/817/1632 843/854/1632 797/796/1632
f 843/854/1633 859/862/1633 797/796/1633
f 797/796/1634 859/862/1634 834/831/1634
f 816/818/1635 860/863/1635 784/779/1635
f 837/840/1636 851/837/1636 812/810/1636
f 780/787/1637 855/864/1637 808/811/1637
f 818/815/1638 864/859/1638 823/825/1638
f 825/827/1639 861/865/1639 827/838/1639
f 853/850/1640 842/846/1640 829/835/1640
f 819/821/1641 862/866/1641 846/851/1641
f 845/841/1642 868/867/1642 822/823/1642
f 854/848/1643 863/868/1643 826/824/1643
f 855/864/1644 856/842/1644 808/811/1644
f 832/833/1645 864/859/1645 818/815/1645
f 824/826/1646 865/861/1646 838/843/1646
f 771/773/1647 852/849/1647 841/845/1647
f 834/831/1648 859/862/1648 816/818/1648
f 874/869/1649 836/839/1649 790/804/1649
f 798/769/1650 866/870/1650 820/822/1650
f 850/857/1651 867/858/1651 821/814/1651
f 863/868/1652 869/871/1652 826/824/1652
f 826/824/1653 869/871/1653 780/787/1653
f 825/827/1654 840/844/1654 861/865/1654
f 788/791/1655 870/872/1655 828/830/1655
f 828/830/1656 876/873/1656 853/850/1656
f 842/846/1657 872/874/1657 819/821/1657
f 816/818/1658 859/862/1658 860/863/1658
f 909/875/1659 773/775/1659 831/805/1659
f 851/837/1660 875/876/1660 845/841/1660
f 875/876/1661 868/867/1661 845/841/1661
f 868/867/1662 835/829/1662 822/823/1662
f 856/842/1663 832/833/1663 787/789/1663
f 857/860/1664 865/861/1664 824/826/1664
f 865/861/1665 881/877/1665 839/847/1665
f 833/834/1666 882/878/1666 852/849/1666
f 819/821/1667 872/874/1667 862/866/1667
f 830/828/1668 877/879/1668 847/852/1668
f 858/853/1669 878/880/1669 843/854/1669
f 843/854/1670 878/880/1670 859/862/1670
f 784/779/1671 873/881/1671 790/804/1671
f 873/881/1672 874/869/1672 790/804/1672
f 836/839/1673 848/855/1673 817/819/1673
f 909/875/1674 844/832/1674 773/775/1674
f 786/786/1675 867/858/1675 837/840/1675
f 869/871/1676 855/864/1676 780/787/1676
f 855/864/1677 879/882/1677 856/842/1677
f 861/865/1678 882/878/1678 827/838/1678
f 827/838/1679 882/878/1679 833/834/1679
f 828/830/1680 870/872/1680 876/873/1680
f 853/850/1681 889/883/1681 842/846/1681
f 846/851/1682 877/879/1682 830/828/1682
f 847/852/1683 877/879/1683 858/853/1683
f 883/884/1684 784/779/1684 860/863/1684
f 849/856/1685 866/870/1685 798/769/1685
f 866/870/1686 850/857/1686 820/822/1686
f 856/842/1687 884/885/1687 832/833/1687
f 884/885/1688 880/886/1688 832/833/1688
f 880/886/1689 864/859/1689 832/833/1689
f 839/847/1690 881/877/1690 840/844/1690
f 881/877/1691 885/887/1691 840/844/1691
f 882/878/1692 886/888/1692 852/849/1692
f 853/850/1693 876/873/1693 871/889/1693
f 848/855/1694 909/875/1694 831/805/1694
f 868/867/1695 854/848/1695 835/829/1695
f 857/860/1696 887/890/1696 865/861/1696
f 840/844/1697 885/887/1697 861/865/1697
f 870/872/1698 888/891/1698 876/873/1698
f 871/889/1699 889/883/1699 853/850/1699
f 842/846/1700 889/883/1700 872/874/1700
f 872/874/1701 890/892/1701 862/866/1701
f 862/866/1702 890/892/1702 846/851/1702
f 784/779/1703 883/884/1703 873/881/1703
f 867/858/1704 893/893/1704 837/840/1704
f 864/859/1705 887/890/1705 857/860/1705
f 881/877/1706 895/894/1706 885/887/1706
f 846/851/1707 896/895/1707 877/879/1707
f 858/853/1708 908/896/1708 878/880/1708
f 874/869/1709 848/855/1709 836/839/1709
f 850/857/1710 897/897/1710 867/858/1710
f 898/898/1711 893/893/1711 867/858/1711
f 837/840/1712 875/876/1712 851/837/1712
f 868/867/1713 875/876/1713 854/848/1713
f 887/890/1714 894/899/1714 865/861/1714
f 859/862/1715 883/884/1715 860/863/1715
f 909/875/1716 950/900/1716 844/832/1716
f 664/629/1717 891/901/1717 849/856/1717
f 849/856/1718 935/902/1718 866/870/1718
f 850/857/1719 892/903/1719 897/897/1719
f 880/886/1720 911/904/1720 864/859/1720
f 865/861/1721 899/905/1721 881/877/1721
f 861/865/1722 900/906/1722 882/878/1722
f 888/891/1723 871/889/1723 876/873/1723
f 889/883/1724 890/892/1724 872/874/1724
f 878/880/1725 883/884/1725 859/862/1725
f 902/836/1726 903/907/1726 664/629/1726
f 863/868/1727 904/908/1727 869/871/1727
f 894/899/1728 899/905/1728 865/861/1728
f 881/877/1729 899/905/1729 895/894/1729
f 882/878/1730 900/906/1730 886/888/1730
f 890/892/1731 906/909/1731 846/851/1731
f 846/851/1732 906/909/1732 896/895/1732
f 877/879/1733 907/910/1733 858/853/1733
f 867/858/1734 897/897/1734 898/898/1734
f 854/848/1735 919/911/1735 863/868/1735
f 869/871/1736 910/912/1736 855/864/1736
f 855/864/1737 910/912/1737 879/882/1737
f 856/842/1738 879/882/1738 884/885/1738
f 887/890/1739 912/913/1739 894/899/1739
f 885/887/1740 900/906/1740 861/865/1740
f 852/849/1741 913/914/1741 841/845/1741
f 889/883/1742 914/915/1742 890/892/1742
f 896/895/1743 901/916/1743 877/879/1743
f 908/896/1744 883/884/1744 878/880/1744
f 844/832/1745 950/900/1745 902/836/1745
f 898/898/1746 897/897/1746 893/893/1746
f 875/876/1747 919/911/1747 854/848/1747
f 863/868/1748 919/911/1748 904/908/1748
f 910/912/1749 944/917/1749 879/882/1749
f 864/859/1750 915/918/1750 887/890/1750
f 900/906/1751 917/919/1751 886/888/1751
f 901/916/1752 907/910/1752 877/879/1752
f 907/910/1753 908/896/1753 858/853/1753
f 850/857/1754 923/920/1754 892/903/1754
f 924/921/1755 919/911/1755 875/876/1755
f 869/871/1756 904/908/1756 905/922/1756
f 869/871/1757 905/922/1757 910/912/1757
f 879/882/1758 920/923/1758 884/885/1758
f 880/886/1759 925/924/1759 911/904/1759
f 911/904/1760 915/918/1760 864/859/1760
f 887/890/1761 915/918/1761 912/913/1761
f 899/905/1762 921/925/1762 895/894/1762
f 895/894/1763 922/926/1763 885/887/1763
f 885/887/1764 916/927/1764 900/906/1764
f 886/888/1765 913/914/1765 852/849/1765
f 902/836/1766 942/928/1766 903/907/1766
f 903/907/1767 891/901/1767 664/629/1767
f 884/885/1768 925/924/1768 880/886/1768
f 922/926/1769 916/927/1769 885/887/1769
f 788/791/1770 929/929/1770 870/872/1770
f 888/891/1771 926/930/1771 871/889/1771
f 883/884/1772 927/931/1772 873/881/1772
f 866/870/1773 923/920/1773 850/857/1773
f 944/917/1774 920/923/1774 879/882/1774
f 802/734/1775 929/929/1775 788/791/1775
f 896/895/1776 930/932/1776 901/916/1776
f 874/869/1777 962/933/1777 848/855/1777
f 893/893/1778 875/876/1778 837/840/1778
f 911/904/1779 925/924/1779 915/918/1779
f 947/934/1780 894/899/1780 912/913/1780
f 894/899/1781 928/935/1781 899/905/1781
f 871/889/1782 926/930/1782 889/883/1782
f 889/883/1783 926/930/1783 918/936/1783
f 906/909/1784 930/932/1784 896/895/1784
f 908/896/1785 931/937/1785 883/884/1785
f 866/870/1786 935/902/1786 923/920/1786
f 944/917/1787 934/938/1787 920/923/1787
f 915/918/1788 947/934/1788 912/913/1788
f 928/935/1789 921/925/1789 899/905/1789
f 916/927/1790 938/939/1790 900/906/1790
f 886/888/1791 917/919/1791 913/914/1791
f 929/929/1792 888/891/1792 870/872/1792
f 918/936/1793 940/940/1793 889/883/1793
f 890/892/1794 914/915/1794 906/909/1794
f 906/909/1795 933/941/1795 930/932/1795
f 892/903/1796 963/942/1796 897/897/1796
f 919/911/1797 936/943/1797 904/908/1797
f 905/922/1798 943/944/1798 910/912/1798
f 922/926/1799 937/945/1799 916/927/1799
f 917/919/1800 971/946/1800 913/914/1800
f 926/930/1801 940/940/1801 918/936/1801
f 940/940/1802 914/915/1802 889/883/1802
f 914/915/1803 941/947/1803 906/909/1803
f 906/909/1804 941/947/1804 933/941/1804
f 873/881/1805 962/933/1805 874/869/1805
f 950/900/1806 942/928/1806 902/836/1806
f 891/901/1807 935/902/1807 849/856/1807
f 925/924/1808 969/948/1808 915/918/1808
f 921/925/1809 937/945/1809 895/894/1809
f 937/945/1810 922/926/1810 895/894/1810
f 931/937/1811 927/931/1811 883/884/1811
f 897/897/1812 946/949/1812 893/893/1812
f 904/908/1813 936/943/1813 905/922/1813
f 884/885/1814 945/950/1814 925/924/1814
f 937/945/1815 938/939/1815 916/927/1815
f 900/906/1816 938/939/1816 917/919/1816
f 929/929/1817 939/951/1817 888/891/1817
f 888/891/1818 939/951/1818 926/930/1818
f 930/932/1819 949/952/1819 901/916/1819
f 949/952/1820 907/910/1820 901/916/1820
f 848/855/1821 962/933/1821 932/953/1821
f 920/923/1822 945/950/1822 884/885/1822
f 947/934/1823 952/954/1823 894/899/1823
f 894/899/1824 953/955/1824 928/935/1824
f 848/855/1825 980/956/1825 909/875/1825
f 952/954/1826 953/955/1826 894/899/1826
f 954/957/1827 938/939/1827 937/945/1827
f 955/958/1828 917/919/1828 938/939/1828
f 939/951/1829 957/959/1829 926/930/1829
f 926/930/1830 957/959/1830 940/940/1830
f 957/959/1831 914/915/1831 940/940/1831
f 907/910/1832 967/960/1832 908/896/1832
f 946/949/1833 964/961/1833 893/893/1833
f 893/893/1834 958/962/1834 875/876/1834
f 924/921/1835 951/963/1835 919/911/1835
f 919/911/1836 960/964/1836 936/943/1836
f 920/923/1837 965/965/1837 945/950/1837
f 928/935/1838 953/955/1838 921/925/1838
f 921/925/1839 970/966/1839 937/945/1839
f 954/957/1840 955/958/1840 938/939/1840
f 955/958/1841 956/967/1841 917/919/1841
f 913/914/1842 961/968/1842 841/845/1842
f 939/951/1843 973/969/1843 957/959/1843
f 931/937/1844 987/970/1844 927/931/1844
f 927/931/1845 962/933/1845 873/881/1845
f 923/920/1846 963/942/1846 892/903/1846
f 964/961/1847 958/962/1847 893/893/1847
f 958/962/1848 924/921/1848 875/876/1848
f 936/943/1849 943/944/1849 905/922/1849
f 943/944/1850 944/917/1850 910/912/1850
f 945/950/1851 966/971/1851 925/924/1851
f 969/948/1852 947/934/1852 915/918/1852
f 937/945/1853 970/966/1853 954/957/1853
f 933/941/1854 949/952/1854 930/932/1854
f 908/896/1855 967/960/1855 931/937/1855
f 897/897/1856 963/942/1856 946/949/1856
f 951/963/1857 960/964/1857 919/911/1857
f 968/972/1858 944/917/1858 943/944/1858
f 934/938/1859 965/965/1859 920/923/1859
f 966/971/1860 969/948/1860 925/924/1860
f 953/955/1861 970/966/1861 921/925/1861
f 955/958/1862 972/973/1862 956/967/1862
f 907/910/1863 949/952/1863 967/960/1863
f 956/967/1864 971/946/1864 917/919/1864
f 971/946/1865 961/968/1865 913/914/1865
f 948/974/1866 929/929/1866 802/734/1866
f 914/915/1867 974/975/1867 941/947/1867
f 941/947/1868 975/976/1868 933/941/1868
f 960/964/1869 943/944/1869 936/943/1869
f 983/977/1870 934/938/1870 944/917/1870
f 934/938/1871 976/978/1871 965/965/1871
f 969/948/1872 977/979/1872 947/934/1872
f 957/959/1873 978/980/1873 914/915/1873
f 978/980/1874 974/975/1874 914/915/1874
f 974/975/1875 979/981/1875 941/947/1875
f 958/962/1876 959/982/1876 924/921/1876
f 965/965/1877 984/983/1877 945/950/1877
f 984/983/1878 966/971/1878 945/950/1878
f 973/969/1879 981/984/1879 957/959/1879
f 933/941/1880 975/976/1880 949/952/1880
f 932/953/1881 980/956/1881 848/855/1881
f 891/901/1882 1010/985/1882 935/902/1882
f 935/902/1883 982/986/1883 923/920/1883
f 968/972/1884 983/977/1884 944/917/1884
f 954/957/1885 985/987/1885 955/958/1885
f 955/958/1886 994/988/1886 972/973/1886
f 972/973/1887 994/988/1887 1003/989/1887
f 972/973/1888 1003/989/1888 956/967/1888
f 929/929/1889 973/969/1889 939/951/1889
f 949/952/1890 986/990/1890 967/960/1890
f 987/970/1891 1014/991/1891 927/931/1891
f 1010/985/1892 982/986/1892 935/902/1892
f 923/920/1893 991/992/1893 963/942/1893
f 947/934/1894 988/993/1894 952/954/1894
f 970/966/1895 989/994/1895 954/957/1895
f 989/994/1896 985/987/1896 954/957/1896
f 941/947/1897 979/981/1897 975/976/1897
f 967/960/1898 990/995/1898 931/937/1898
f 950/900/1899 1001/996/1899 942/928/1899
f 968/972/1900 992/997/1900 983/977/1900
f 983/977/1901 976/978/1901 934/938/1901
f 965/965/1902 976/978/1902 984/983/1902
f 966/971/1903 998/998/1903 969/948/1903
f 953/955/1904 993/999/1904 970/966/1904
f 985/987/1905 994/988/1905 955/958/1905
f 1003/989/1906 995/1000/1906 956/967/1906
f 956/967/1907 1011/1001/1907 971/946/1907
f 1000/1002/1908 986/990/1908 949/952/1908
f 990/995/1909 987/970/1909 931/937/1909
f 927/931/1910 1014/991/1910 962/933/1910
f 909/875/1911 1001/996/1911 950/900/1911
f 924/921/1912 1006/1003/1912 951/963/1912
f 960/964/1913 997/1004/1913 943/944/1913
f 969/948/1914 998/998/1914 977/979/1914
f 977/979/1915 988/993/1915 947/934/1915
f 953/955/1916 952/954/1916 993/999/1916
f 995/1000/1917 1011/1001/1917 956/967/1917
f 979/981/1918 999/1005/1918 975/976/1918
f 975/976/1919 999/1005/1919 949/952/1919
f 999/1005/1920 1000/1002/1920 949/952/1920
f 980/956/1921 1001/996/1921 909/875/1921
f 924/921/1922 959/982/1922 1006/1003/1922
f 968/972/1923 1007/1006/1923 992/997/1923
f 929/929/1924 1004/1007/1924 973/969/1924
f 951/963/1925 996/1008/1925 960/964/1925
f 943/944/1926 1007/1006/1926 968/972/1926
f 992/997/1927 1008/1009/1927 983/977/1927
f 984/983/1928 998/998/1928 966/971/1928
f 1017/1010/1929 988/993/1929 977/979/1929
f 1002/1011/1930 993/999/1930 952/954/1930
f 985/987/1931 989/994/1931 994/988/1931
f 981/984/1932 978/980/1932 957/959/1932
f 986/990/1933 1009/1012/1933 967/960/1933
f 982/986/1934 991/992/1934 923/920/1934
f 946/949/1935 1043/1013/1935 964/961/1935
f 997/1004/1936 1007/1006/1936 943/944/1936
f 988/993/1937 1002/1011/1937 952/954/1937
f 993/999/1938 989/994/1938 970/966/1938
f 1011/1001/1939 1012/1014/1939 971/946/1939
f 1004/1007/1940 1047/1015/1940 973/969/1940
f 973/969/1941 1047/1015/1941 1005/1016/1941
f 973/969/1942 1005/1016/1942 981/984/1942
f 967/960/1943 1013/1017/1943 990/995/1943
f 990/995/1944 1013/1017/1944 987/970/1944
f 962/933/1945 1015/1018/1945 932/953/1945
f 1043/1013/1946 958/962/1946 964/961/1946
f 983/977/1947 1008/1009/1947 976/978/1947
f 984/983/1948 1016/1019/1948 998/998/1948
f 1032/1020/1949 1003/989/1949 994/988/1949
f 1024/1021/1950 1012/1014/1950 1011/1001/1950
f 948/974/1951 1004/1007/1951 929/929/1951
f 979/981/1952 1018/1022/1952 999/1005/1952
f 987/970/1953 1035/1023/1953 1014/991/1953
f 903/907/1954 1019/1024/1954 891/901/1954
f 891/901/1955 1019/1024/1955 1010/985/1955
f 996/1008/1956 997/1004/1956 960/964/1956
f 976/978/1957 1016/1019/1957 984/983/1957
f 998/998/1958 1017/1010/1958 977/979/1958
f 1017/1010/1959 1020/1025/1959 988/993/1959
f 1002/1011/1960 1021/1026/1960 993/999/1960
f 989/994/1961 1032/1020/1961 994/988/1961
f 995/1000/1962 1023/1027/1962 1011/1001/1962
f 1023/1027/1963 1024/1021/1963 1011/1001/1963
f 981/984/1964 1025/1028/1964 978/980/1964
f 1018/1022/1965 1000/1002/1965 999/1005/1965
f 967/960/1966 1009/1012/1966 1013/1017/1966
f 962/933/1967 1014/991/1967 1015/1018/1967
f 1010/985/1968 1026/1029/1968 982/986/1968
f 991/992/1969 1036/1030/1969 963/942/1969
f 963/942/1970 1027/1031/1970 946/949/1970
f 951/963/1971 1028/1032/1971 996/1008/1971
f 988/993/1972 1020/1025/1972 1002/1011/1972
f 1032/1020/1973 1029/1033/1973 1003/989/1973
f 1003/989/1974 1029/1033/1974 995/1000/1974
f 948/974/1975 1041/1034/1975 1004/1007/1975
f 1005/1016/1976 1025/1028/1976 981/984/1976
f 1013/1017/1977 1035/1023/1977 987/970/1977
f 997/1004/1978 1030/1035/1978 1007/1006/1978
f 1016/1019/1979 1038/1036/1979 998/998/1979
f 993/999/1980 1021/1026/1980 989/994/1980
f 1021/1026/1981 1022/1037/1981 989/994/1981
f 1022/1037/1982 1032/1020/1982 989/994/1982
f 963/942/1983 1036/1030/1983 1027/1031/1983
f 1027/1031/1984 1043/1013/1984 946/949/1984
f 997/1004/1985 996/1008/1985 1030/1035/1985
f 1007/1006/1986 1030/1035/1986 992/997/1986
f 992/997/1987 1031/1038/1987 1008/1009/1987
f 976/978/1988 1038/1036/1988 1016/1019/1988
f 1020/1025/1989 1039/1039/1989 1002/1011/1989
f 1002/1011/1990 1039/1039/1990 1021/1026/1990
f 995/1000/1991 1029/1033/1991 1033/1040/1991
f 1033/1040/1992 1023/1027/1992 995/1000/1992
f 971/946/1993 1012/1014/1993 1034/1041/1993
f 1025/1028/1994 974/975/1994 978/980/1994
f 932/953/1995 1015/1018/1995 980/956/1995
f 1030/1035/1996 1031/1038/1996 992/997/1996
f 1042/1042/1997 1000/1002/1997 1018/1022/1997
f 1008/1009/1998 1044/1043/1998 976/978/1998
f 1038/1036/1999 1052/1044/1999 998/998/1999
f 1021/1026/2000 1059/1045/2000 1022/1037/2000
f 971/946/2001 1034/1041/2001 961/968/2001
f 1034/1041/2002 1045/1046/2002 961/968/2002
f 1046/1047/2003 1047/1015/2003 1004/1007/2003
f 1048/1048/2004 979/981/2004 974/975/2004
f 1048/1048/2005 1049/1049/2005 979/981/2005
f 979/981/2006 1049/1049/2006 1018/1022/2006
f 958/962/2007 1037/1050/2007 959/982/2007
f 959/982/2008 1037/1050/2008 1006/1003/2008
f 1031/1038/2009 1051/1051/2009 1008/1009/2009
f 976/978/2010 1044/1043/2010 1038/1036/2010
f 1039/1039/2011 1054/1052/2011 1021/1026/2011
f 1005/1016/2012 1055/1053/2012 1025/1028/2012
f 1000/1002/2013 1009/1012/2013 986/990/2013
f 1009/1012/2014 1035/1023/2014 1013/1017/2014
f 1035/1023/2015 1040/1054/2015 1014/991/2015
f 1040/1054/2016 1015/1018/2016 1014/991/2016
f 942/928/2017 1071/1055/2017 903/907/2017
f 1019/1024/2018 1065/1056/2018 1010/985/2018
f 1026/1029/2019 1050/1057/2019 982/986/2019
f 1043/1013/2020 1056/1058/2020 958/962/2020
f 951/963/2021 1006/1003/2021 1028/1032/2021
f 996/1008/2022 1028/1032/2022 1030/1035/2022
f 1031/1038/2023 1030/1035/2023 1051/1051/2023
f 998/998/2024 1052/1044/2024 1053/1059/2024
f 998/998/2025 1053/1059/2025 1017/1010/2025
f 1017/1010/2026 1057/1060/2026 1020/1025/2026
f 974/975/2027 1025/1028/2027 1048/1048/2027
f 1049/1049/2028 1061/1061/2028 1018/1022/2028
f 1018/1022/2029 1061/1061/2029 1042/1042/2029
f 1070/1062/2030 1035/1023/2030 1009/1012/2030
f 982/986/2031 1050/1057/2031 991/992/2031
f 1051/1051/2032 1044/1043/2032 1008/1009/2032
f 1053/1059/2033 1057/1060/2033 1017/1010/2033
f 1020/1025/2034 1057/1060/2034 1039/1039/2034
f 1057/1060/2035 1058/1063/2035 1039/1039/2035
f 1039/1039/2036 1058/1063/2036 1054/1052/2036
f 1032/1020/2037 1063/1064/2037 1029/1033/2037
f 1024/1021/2038 1034/1041/2038 1012/1014/2038
f 1041/1034/2039 1064/1065/2039 1004/1007/2039
f 1000/1002/2040 1070/1062/2040 1009/1012/2040
f 1065/1056/2041 1026/1029/2041 1010/985/2041
f 1066/1066/2042 1050/1057/2042 1026/1029/2042
f 1030/1035/2043 1028/1032/2043 1062/1067/2043
f 1054/1052/2044 1059/1045/2044 1021/1026/2044
f 1022/1037/2045 1060/1068/2045 1032/1020/2045
f 1029/1033/2046 1063/1064/2046 1033/1040/2046
f 1033/1040/2047 1087/1069/2047 1023/1027/2047
f 1087/1069/2048 1024/1021/2048 1023/1027/2048
f 1064/1065/2049 1068/1070/2049 1004/1007/2049
f 1004/1007/2050 1068/1070/2050 1046/1047/2050
f 1047/1015/2051 1055/1053/2051 1005/1016/2051
f 1069/1071/2052 1048/1048/2052 1025/1028/2052
f 1048/1048/2053 1080/1072/2053 1049/1049/2053
f 903/907/2054 1065/1056/2054 1019/1024/2054
f 1043/1013/2055 1073/1073/2055 1056/1058/2055
f 958/962/2056 1056/1058/2056 1067/1074/2056
f 1067/1074/2057 1037/1050/2057 958/962/2057
f 1060/1068/2058 1063/1064/2058 1032/1020/2058
f 1081/1075/2059 991/992/2059 1050/1057/2059
f 1037/1050/2060 1076/1076/2060 1006/1003/2060
f 1006/1003/2061 1076/1076/2061 1028/1032/2061
f 1030/1035/2062 1077/1077/2062 1051/1051/2062
f 1059/1045/2063 1060/1068/2063 1022/1037/2063
f 1060/1068/2064 1078/1078/2064 1063/1064/2064
f 1063/1064/2065 1092/1079/2065 1033/1040/2065
f 1024/1021/2066 1074/1080/2066 1034/1041/2066
f 948/974/2067 1079/1081/2067 1041/1034/2067
f 1069/1071/2068 1080/1072/2068 1048/1048/2068
f 991/992/2069 1072/1082/2069 1036/1030/2069
f 1036/1030/2070 1082/1083/2070 1027/1031/2070
f 1044/1043/2071 1084/1084/2071 1038/1036/2071
f 1052/1044/2072 1085/1085/2072 1053/1059/2072
f 1092/1079/2073 1087/1069/2073 1033/1040/2073
f 1079/1081/2074 1075/1086/2074 1041/1034/2074
f 1042/1042/2075 1070/1062/2075 1000/1002/2075
f 1070/1062/2076 1088/1087/2076 1035/1023/2076
f 1102/1088/2077 1071/1055/2077 1001/996/2077
f 1001/996/2078 1071/1055/2078 942/928/2078
f 1081/1075/2079 1072/1082/2079 991/992/2079
f 1082/1083/2080 1043/1013/2080 1027/1031/2080
f 1073/1073/2081 1067/1074/2081 1056/1058/2081
f 1062/1067/2082 1077/1077/2082 1030/1035/2082
f 1038/1036/2083 1085/1085/2083 1052/1044/2083
f 1053/1059/2084 1089/1089/2084 1057/1060/2084
f 1059/1045/2085 1054/1052/2085 1086/1090/2085
f 1059/1045/2086 1078/1078/2086 1060/1068/2086
f 1041/1034/2087 1075/1086/2087 1064/1065/2087
f 1046/1047/2088 1055/1053/2088 1047/1015/2088
f 1080/1072/2089 1061/1061/2089 1049/1049/2089
f 1042/1042/2090 1090/1091/2090 1070/1062/2090
f 1015/1018/2091 1095/1092/2091 980/956/2091
f 1089/1089/2092 1058/1063/2092 1057/1060/2092
f 1078/1078/2093 1092/1079/2093 1063/1064/2093
f 1092/1079/2094 1093/1093/2094 1087/1069/2094
f 1087/1069/2095 1074/1080/2095 1024/1021/2095
f 1035/1023/2096 1101/1094/2096 1040/1054/2096
f 980/956/2097 1102/1088/2097 1001/996/2097
f 1050/1057/2098 1066/1066/2098 1081/1075/2098
f 1044/1043/2099 1091/1095/2099 1084/1084/2099
f 1038/1036/2100 1084/1084/2100 1085/1085/2100
f 1085/1085/2101 1096/1096/2101 1053/1059/2101
f 1097/1097/2102 1086/1090/2102 1054/1052/2102
f 1086/1090/2103 1098/1098/2103 1059/1045/2103
f 1074/1080/2104 1094/1099/2104 1034/1041/2104
f 1025/1028/2105 1100/1100/2105 1069/1071/2105
f 1088/1087/2106 1101/1094/2106 1035/1023/2106
f 1095/1092/2107 1102/1088/2107 980/956/2107
f 1037/1050/2108 1117/1101/2108 1076/1076/2108
f 1103/1102/2109 1062/1067/2109 1028/1032/2109
f 1044/1043/2110 1083/1103/2110 1091/1095/2110
f 1084/1084/2111 1104/1104/2111 1085/1085/2111
f 1096/1096/2112 1089/1089/2112 1053/1059/2112
f 1089/1089/2113 1105/1105/2113 1058/1063/2113
f 1087/1069/2114 1106/1106/2114 1074/1080/2114
f 1074/1080/2115 1107/1107/2115 1094/1099/2115
f 1034/1041/2116 1094/1099/2116 1045/1046/2116
f 1094/1099/2117 1108/1108/2117 1045/1046/2117
f 1046/1047/2118 1068/1070/2118 1055/1053/2118
f 1055/1053/2119 1099/1109/2119 1025/1028/2119
f 1061/1061/2120 1110/1110/2120 1042/1042/2120
f 1110/1110/2121 1090/1091/2121 1042/1042/2121
f 1111/1111/2122 1101/1094/2122 1088/1087/2122
f 1065/1056/2123 1112/1112/2123 1026/1029/2123
f 1036/1030/2124 1072/1082/2124 1082/1083/2124
f 1051/1051/2125 1113/1113/2125 1044/1043/2125
f 1044/1043/2126 1113/1113/2126 1083/1103/2126
f 1104/1104/2127 1096/1096/2127 1085/1085/2127
f 1105/1105/2128 1054/1052/2128 1058/1063/2128
f 1059/1045/2129 1098/1098/2129 1078/1078/2129
f 1093/1093/2130 1106/1106/2130 1087/1069/2130
f 1025/1028/2131 1099/1109/2131 1100/1100/2131
f 1069/1071/2132 1100/1100/2132 1080/1072/2132
f 1090/1091/2133 1114/1114/2133 1070/1062/2133
f 1114/1114/2134 1115/1115/2134 1070/1062/2134
f 1040/1054/2135 1116/1116/2135 1015/1018/2135
f 1066/1066/2136 1121/1117/2136 1081/1075/2136
f 1043/1013/2137 1082/1083/2137 1073/1073/2137
f 1067/1074/2138 1117/1101/2138 1037/1050/2138
f 1077/1077/2139 1113/1113/2139 1051/1051/2139
f 1116/1116/2140 1095/1092/2140 1015/1018/2140
f 1095/1092/2141 1120/1118/2141 1102/1088/2141
f 1105/1105/2142 1126/1119/2142 1054/1052/2142
f 1106/1106/2143 1107/1107/2143 1074/1080/2143
f 1080/1072/2144 1118/1120/2144 1061/1061/2144
f 1061/1061/2145 1118/1120/2145 1110/1110/2145
f 1088/1087/2146 1119/1121/2146 1111/1111/2146
f 1121/1117/2147 1066/1066/2147 1026/1029/2147
f 1077/1077/2148 1131/1122/2148 1113/1113/2148
f 1091/1095/2149 1127/1123/2149 1084/1084/2149
f 1078/1078/2150 1122/1124/2150 1092/1079/2150
f 1092/1079/2151 1122/1124/2151 1093/1093/2151
f 1064/1065/2152 1109/1125/2152 1068/1070/2152
f 1123/1126/2153 1090/1091/2153 1110/1110/2153
f 1070/1062/2154 1119/1121/2154 1088/1087/2154
f 1101/1094/2155 1124/1127/2155 1040/1054/2155
f 1112/1112/2156 1121/1117/2156 1026/1029/2156
f 1096/1096/2157 1105/1105/2157 1089/1089/2157
f 1054/1052/2158 1126/1119/2158 1097/1097/2158
f 1099/1109/2159 1135/1128/2159 1100/1100/2159
f 1118/1120/2160 1123/1126/2160 1110/1110/2160
f 903/907/2161 1112/1112/2161 1065/1056/2161
f 1117/1101/2162 1130/1129/2162 1076/1076/2162
f 1084/1084/2163 1128/1130/2163 1104/1104/2163
f 1104/1104/2164 1129/1131/2164 1096/1096/2164
f 1093/1093/2165 1143/1132/2165 1106/1106/2165
f 1075/1086/2166 1109/1125/2166 1064/1065/2166
f 1109/1125/2167 1160/1133/2167 1068/1070/2167
f 1080/1072/2168 1100/1100/2168 1118/1120/2168
f 1070/1062/2169 1115/1115/2169 1119/1121/2169
f 1040/1054/2170 1124/1127/2170 1116/1116/2170
f 1071/1055/2171 1112/1112/2171 903/907/2171
f 1113/1113/2172 1131/1122/2172 1083/1103/2172
f 1083/1103/2173 1127/1123/2173 1091/1095/2173
f 1097/1097/2174 1132/1134/2174 1086/1090/2174
f 1086/1090/2175 1133/1135/2175 1098/1098/2175
f 1134/1136/2176 1122/1124/2176 1098/1098/2176
f 1098/1098/2177 1122/1124/2177 1078/1078/2177
f 1122/1124/2178 1143/1132/2178 1093/1093/2178
f 1068/1070/2179 1160/1133/2179 1055/1053/2179
f 1055/1053/2180 1160/1133/2180 1099/1109/2180
f 1135/1128/2181 1136/1137/2181 1100/1100/2181
f 1100/1100/2182 1137/1138/2182 1118/1120/2182
f 1112/1112/2183 1139/1139/2183 1121/1117/2183
f 1153/1140/2184 1081/1075/2184 1121/1117/2184
f 1129/1131/2185 1105/1105/2185 1096/1096/2185
f 1133/1135/2186 1134/1136/2186 1098/1098/2186
f 1094/1099/2187 1144/1141/2187 1108/1108/2187
f 1160/1133/2188 1135/1128/2188 1099/1109/2188
f 1123/1126/2189 1141/1142/2189 1090/1091/2189
f 1090/1091/2190 1141/1142/2190 1114/1114/2190
f 1083/1103/2191 1131/1122/2191 1127/1123/2191
f 1127/1123/2192 1140/1143/2192 1084/1084/2192
f 1104/1104/2193 1128/1130/2193 1129/1131/2193
f 1126/1119/2194 1142/1144/2194 1097/1097/2194
f 1107/1107/2195 1144/1141/2195 1094/1099/2195
f 1136/1137/2196 1137/1138/2196 1100/1100/2196
f 1114/1114/2197 1141/1142/2197 1115/1115/2197
f 1145/1145/2198 1119/1121/2198 1115/1115/2198
f 1138/1146/2199 1125/1147/2199 1095/1092/2199
f 1071/1055/2200 1192/1148/2200 1112/1112/2200
f 1081/1075/2201 1146/1149/2201 1072/1082/2201
f 1028/1032/2202 1148/1150/2202 1103/1102/2202
f 1140/1143/2203 1128/1130/2203 1084/1084/2203
f 1129/1131/2204 1149/1151/2204 1105/1105/2204
f 1105/1105/2205 1149/1151/2205 1126/1119/2205
f 1132/1134/2206 1133/1135/2206 1086/1090/2206
f 1143/1132/2207 1150/1152/2207 1106/1106/2207
f 1111/1111/2208 1124/1127/2208 1101/1094/2208
f 1116/1116/2209 1138/1146/2209 1095/1092/2209
f 1125/1147/2210 1120/1118/2210 1095/1092/2210
f 1072/1082/2211 1146/1149/2211 1082/1083/2211
f 1147/1153/2212 1117/1101/2212 1067/1074/2212
f 1077/1077/2213 1156/1154/2213 1131/1122/2213
f 1122/1124/2214 1134/1136/2214 1143/1132/2214
f 1106/1106/2215 1150/1152/2215 1107/1107/2215
f 1150/1152/2216 1175/1155/2216 1107/1107/2216
f 1161/1156/2217 1136/1137/2217 1135/1128/2217
f 1137/1138/2218 1151/1157/2218 1118/1120/2218
f 1120/1118/2219 1152/1158/2219 1102/1088/2219
f 1067/1074/2220 1073/1073/2220 1147/1153/2220
f 1175/1155/2221 1154/1159/2221 1107/1107/2221
f 1107/1107/2222 1154/1159/2222 1144/1141/2222
f 1109/1125/2223 1075/1086/2223 1160/1133/2223
f 1151/1157/2224 1123/1126/2224 1118/1120/2224
f 1116/1116/2225 1155/1160/2225 1138/1146/2225
f 1082/1083/2226 1163/1161/2226 1073/1073/2226
f 1028/1032/2227 1076/1076/2227 1164/1162/2227
f 1062/1067/2228 1165/1163/2228 1077/1077/2228
f 1131/1122/2229 1157/1164/2229 1127/1123/2229
f 1158/1165/2230 1140/1143/2230 1127/1123/2230
f 1133/1135/2231 1159/1166/2231 1134/1136/2231
f 1124/1127/2232 1162/1167/2232 1116/1116/2232
f 1103/1102/2233 1165/1163/2233 1062/1067/2233
f 1165/1163/2234 1156/1154/2234 1077/1077/2234
f 1156/1154/2235 1166/1168/2235 1131/1122/2235
f 1128/1130/2236 1178/1169/2236 1129/1131/2236
f 1149/1151/2237 1142/1144/2237 1126/1119/2237
f 1097/1097/2238 1167/1170/2238 1132/1134/2238
f 1168/1171/2239 1161/1156/2239 1135/1128/2239
f 1161/1156/2240 1169/1172/2240 1136/1137/2240
f 1139/1139/2241 1171/1173/2241 1121/1117/2241
f 1171/1173/2242 1153/1140/2242 1121/1117/2242
f 1117/1101/2243 1172/1174/2243 1130/1129/2243
f 1130/1129/2244 1164/1162/2244 1076/1076/2244
f 1097/1097/2245 1142/1144/2245 1167/1170/2245
f 1167/1170/2246 1173/1175/2246 1132/1134/2246
f 1132/1134/2247 1159/1166/2247 1133/1135/2247
f 1134/1136/2248 1174/1176/2248 1143/1132/2248
f 1144/1141/2249 1176/1177/2249 1108/1108/2249
f 1123/1126/2250 1151/1157/2250 1141/1142/2250
f 1141/1142/2251 1145/1145/2251 1115/1115/2251
f 1157/1164/2252 1158/1165/2252 1127/1123/2252
f 1140/1143/2253 1178/1169/2253 1128/1130/2253
f 1173/1175/2254 1159/1166/2254 1132/1134/2254
f 1143/1132/2255 1174/1176/2255 1150/1152/2255
f 1174/1176/2256 1179/1178/2256 1150/1152/2256
f 1136/1137/2257 1169/1172/2257 1137/1138/2257
f 1180/1179/2258 1151/1157/2258 1137/1138/2258
f 1170/1180/2259 1145/1145/2259 1141/1142/2259
f 1145/1145/2260 1181/1181/2260 1119/1121/2260
f 1162/1167/2261 1155/1160/2261 1116/1116/2261
f 1153/1140/2262 1177/1182/2262 1081/1075/2262
f 1178/1169/2263 1149/1151/2263 1129/1131/2263
f 1159/1166/2264 1174/1176/2264 1134/1136/2264
f 1150/1152/2265 1179/1178/2265 1175/1155/2265
f 1154/1159/2266 1176/1177/2266 1144/1141/2266
f 1160/1133/2267 1168/1171/2267 1135/1128/2267
f 1151/1157/2268 1170/1180/2268 1141/1142/2268
f 1111/1111/2269 1162/1167/2269 1124/1127/2269
f 1081/1075/2270 1177/1182/2270 1146/1149/2270
f 1103/1102/2271 1148/1150/2271 1165/1163/2271
f 1175/1155/2272 1183/1183/2272 1154/1159/2272
f 1137/1138/2273 1184/1184/2273 1180/1179/2273
f 1171/1173/2274 1177/1182/2274 1153/1140/2274
f 1158/1165/2275 1185/1185/2275 1140/1143/2275
f 1140/1143/2276 1185/1185/2276 1178/1169/2276
f 1149/1151/2277 1186/1186/2277 1142/1144/2277
f 1167/1170/2278 1187/1187/2278 1173/1175/2278
f 1159/1166/2279 1188/1188/2279 1174/1176/2279
f 1175/1155/2280 1179/1178/2280 1183/1183/2280
f 1168/1171/2281 1206/1189/2281 1161/1156/2281
f 1169/1172/2282 1184/1184/2282 1137/1138/2282
f 1151/1157/2283 1191/1190/2283 1170/1180/2283
f 1146/1149/2284 1182/1191/2284 1082/1083/2284
f 1082/1083/2285 1182/1191/2285 1163/1161/2285
f 1073/1073/2286 1163/1161/2286 1147/1153/2286
f 1147/1153/2287 1172/1174/2287 1117/1101/2287
f 1164/1162/2288 1148/1150/2288 1028/1032/2288
f 1142/1144/2289 1186/1186/2289 1167/1170/2289
f 1186/1186/2290 1193/1192/2290 1167/1170/2290
f 1161/1156/2291 1206/1189/2291 1169/1172/2291
f 1111/1111/2292 1194/1193/2292 1162/1167/2292
f 1152/1158/2293 1196/1194/2293 1102/1088/2293
f 1166/1168/2294 1157/1164/2294 1131/1122/2294
f 1178/1169/2295 1186/1186/2295 1149/1151/2295
f 1075/1086/2296 1198/1195/2296 1160/1133/2296
f 1145/1145/2297 1170/1180/2297 1181/1181/2297
f 1199/1196/2298 1155/1160/2298 1162/1167/2298
f 1112/1112/2299 1200/1197/2299 1139/1139/2299
f 1130/1129/2300 1225/1198/2300 1164/1162/2300
f 1203/1199/2301 1157/1164/2301 1166/1168/2301
f 1178/1169/2302 1204/1200/2302 1186/1186/2302
f 1193/1192/2303 1187/1187/2303 1167/1170/2303
f 1187/1187/2304 1205/1201/2304 1173/1175/2304
f 1169/1172/2305 1206/1189/2305 1184/1184/2305
f 1180/1179/2306 1207/1202/2306 1151/1157/2306
f 1207/1202/2307 1190/1203/2307 1151/1157/2307
f 1125/1147/2308 1138/1146/2308 1120/1118/2308
f 1177/1182/2309 1182/1191/2309 1146/1149/2309
f 1163/1161/2310 1201/1204/2310 1147/1153/2310
f 1202/1205/2311 1203/1199/2311 1165/1163/2311
f 1165/1163/2312 1203/1199/2312 1156/1154/2312
f 1219/1206/2313 1204/1200/2313 1178/1169/2313
f 1205/1201/2314 1159/1166/2314 1173/1175/2314
f 1188/1188/2315 1213/1207/2315 1174/1176/2315
f 1174/1176/2316 1213/1207/2316 1179/1178/2316
f 1197/1208/2317 1176/1177/2317 1154/1159/2317
f 1160/1133/2318 1198/1195/2318 1168/1171/2318
f 1190/1203/2319 1214/1209/2319 1151/1157/2319
f 1151/1157/2320 1214/1209/2320 1191/1190/2320
f 1194/1193/2321 1199/1196/2321 1162/1167/2321
f 1215/1210/2322 1138/1146/2322 1155/1160/2322
f 1200/1197/2323 1171/1173/2323 1139/1139/2323
f 1156/1154/2324 1203/1199/2324 1166/1168/2324
f 1211/1211/2325 1158/1165/2325 1157/1164/2325
f 1185/1185/2326 1219/1206/2326 1178/1169/2326
f 1159/1166/2327 1217/1212/2327 1188/1188/2327
f 1179/1178/2328 1227/1213/2328 1183/1183/2328
f 1168/1171/2329 1218/1214/2329 1206/1189/2329
f 1206/1189/2330 1228/1215/2330 1184/1184/2330
f 1180/1179/2331 1184/1184/2331 1207/1202/2331
f 1191/1190/2332 1208/1216/2332 1170/1180/2332
f 1170/1180/2333 1208/1216/2333 1181/1181/2333
f 1119/1121/2334 1209/1217/2334 1111/1111/2334
f 1158/1165/2335 1212/1218/2335 1185/1185/2335
f 1079/1081/2336 1189/1219/2336 1075/1086/2336
f 1198/1195/2337 1218/1214/2337 1168/1171/2337
f 1199/1196/2338 1215/1210/2338 1155/1160/2338
f 1120/1118/2339 1265/1220/2339 1195/1221/2339
f 1222/1222/2340 1152/1158/2340 1120/1118/2340
f 1102/1088/2341 1192/1148/2341 1071/1055/2341
f 1192/1148/2342 1223/1223/2342 1112/1112/2342
f 1172/1174/2343 1225/1198/2343 1130/1129/2343
f 1148/1150/2344 1202/1205/2344 1165/1163/2344
f 1203/1199/2345 1211/1211/2345 1157/1164/2345
f 1211/1211/2346 1212/1218/2346 1158/1165/2346
f 1186/1186/2347 1226/1224/2347 1193/1192/2347
f 1205/1201/2348 1233/1225/2348 1159/1166/2348
f 1183/1183/2349 1197/1208/2349 1154/1159/2349
f 1197/1208/2350 1240/1226/2350 1176/1177/2350
f 1181/1181/2351 1209/1217/2351 1119/1121/2351
f 1209/1217/2352 1194/1193/2352 1111/1111/2352
f 1138/1146/2353 1265/1220/2353 1120/1118/2353
f 1201/1204/2354 1257/1227/2354 1147/1153/2354
f 1147/1153/2355 1257/1227/2355 1172/1174/2355
f 1185/1185/2356 1212/1218/2356 1216/1228/2356
f 1204/1200/2357 1226/1224/2357 1186/1186/2357
f 1233/1225/2358 1217/1212/2358 1159/1166/2358
f 1220/1229/2359 1179/1178/2359 1213/1207/2359
f 1227/1213/2360 1197/1208/2360 1183/1183/2360
f 1075/1086/2361 1189/1219/2361 1198/1195/2361
f 1218/1214/2362 1230/1230/2362 1206/1189/2362
f 1206/1189/2363 1221/1231/2363 1228/1215/2363
f 1138/1146/2364 1210/1232/2364 1265/1220/2364
f 1223/1223/2365 1200/1197/2365 1112/1112/2365
f 1226/1224/2366 1232/1233/2366 1193/1192/2366
f 1193/1192/2367 1232/1233/2367 1187/1187/2367
f 1188/1188/2368 1217/1212/2368 1213/1207/2368
f 1220/1229/2369 1227/1213/2369 1179/1178/2369
f 1189/1219/2370 1229/1234/2370 1198/1195/2370
f 1206/1189/2371 1230/1230/2371 1221/1231/2371
f 1184/1184/2372 1236/1235/2372 1207/1202/2372
f 1195/1221/2373 1222/1222/2373 1120/1118/2373
f 1231/1236/2374 1177/1182/2374 1171/1173/2374
f 1177/1182/2375 1231/1236/2375 1182/1191/2375
f 1163/1161/2376 1182/1191/2376 1224/1237/2376
f 1163/1161/2377 1224/1237/2377 1201/1204/2377
f 1211/1211/2378 1234/1238/2378 1212/1218/2378
f 1213/1207/2379 1217/1212/2379 1220/1229/2379
f 1228/1215/2380 1235/1239/2380 1184/1184/2380
f 1235/1239/2381 1236/1235/2381 1184/1184/2381
f 1236/1235/2382 1237/1240/2382 1207/1202/2382
f 1207/1202/2383 1237/1240/2383 1190/1203/2383
f 1190/1203/2384 1237/1240/2384 1214/1209/2384
f 1191/1190/2385 1214/1209/2385 1208/1216/2385
f 1208/1216/2386 1238/1241/2386 1181/1181/2386
f 1181/1181/2387 1238/1241/2387 1209/1217/2387
f 1215/1210/2388 1210/1232/2388 1138/1146/2388
f 1152/1158/2389 1222/1222/2389 1196/1194/2389
f 1185/1185/2390 1216/1228/2390 1219/1206/2390
f 1204/1200/2391 1239/1242/2391 1226/1224/2391
f 1187/1187/2392 1232/1233/2392 1205/1201/2392
f 1203/1199/2393 1258/1243/2393 1211/1211/2393
f 1209/1217/2394 1243/1244/2394 1194/1193/2394
f 1200/1197/2395 1231/1236/2395 1171/1173/2395
f 1202/1205/2396 1241/1245/2396 1203/1199/2396
f 1212/1218/2397 1242/1246/2397 1216/1228/2397
f 1219/1206/2398 1239/1242/2398 1204/1200/2398
f 1220/1229/2399 1245/1247/2399 1227/1213/2399
f 1229/1234/2400 1246/1248/2400 1198/1195/2400
f 1230/1230/2401 1228/1215/2401 1221/1231/2401
f 1214/1209/2402 1268/1249/2402 1208/1216/2402
f 1208/1216/2403 1268/1249/2403 1238/1241/2403
f 1194/1193/2404 1244/1250/2404 1199/1196/2404
f 1199/1196/2405 1244/1250/2405 1215/1210/2405
f 1247/1251/2406 1164/1162/2406 1225/1198/2406
f 1164/1162/2407 1250/1252/2407 1148/1150/2407
f 1234/1238/2408 1242/1246/2408 1212/1218/2408
f 1239/1242/2409 1232/1233/2409 1226/1224/2409
f 1233/1225/2410 1253/1253/2410 1217/1212/2410
f 1248/1254/2411 1220/1229/2411 1217/1212/2411
f 1246/1248/2412 1218/1214/2412 1198/1195/2412
f 1230/1230/2413 1235/1239/2413 1228/1215/2413
f 1269/1255/2414 1249/1256/2414 1182/1191/2414
f 1242/1246/2415 1251/1257/2415 1216/1228/2415
f 1216/1228/2416 1251/1257/2416 1219/1206/2416
f 1205/1201/2417 1252/1258/2417 1233/1225/2417
f 1253/1253/2418 1254/1259/2418 1217/1212/2418
f 1197/1208/2419 1255/1260/2419 1240/1226/2419
f 1235/1239/2420 1256/1261/2420 1236/1235/2420
f 1102/1088/2421 1196/1194/2421 1192/1148/2421
f 1182/1191/2422 1249/1256/2422 1224/1237/2422
f 1211/1211/2423 1258/1243/2423 1234/1238/2423
f 1219/1206/2424 1251/1257/2424 1239/1242/2424
f 1217/1212/2425 1254/1259/2425 1248/1254/2425
f 1197/1208/2426 1227/1213/2426 1255/1260/2426
f 1218/1214/2427 1246/1248/2427 1230/1230/2427
f 1259/1262/2428 1235/1239/2428 1230/1230/2428
f 1236/1235/2429 1260/1263/2429 1237/1240/2429
f 1238/1241/2430 1262/1264/2430 1209/1217/2430
f 1257/1227/2431 1263/1265/2431 1172/1174/2431
f 1148/1150/2432 1241/1245/2432 1202/1205/2432
f 1241/1245/2433 1258/1243/2433 1203/1199/2433
f 1205/1201/2434 1232/1233/2434 1252/1258/2434
f 1246/1248/2435 1264/1266/2435 1230/1230/2435
f 1268/1249/2436 1261/1267/2436 1238/1241/2436
f 1263/1265/2437 1225/1198/2437 1172/1174/2437
f 1239/1242/2438 1266/1268/2438 1232/1233/2438
f 1245/1247/2439 1255/1260/2439 1227/1213/2439
f 1230/1230/2440 1264/1266/2440 1259/1262/2440
f 1259/1262/2441 1267/1269/2441 1235/1239/2441
f 1235/1239/2442 1267/1269/2442 1256/1261/2442
f 1256/1261/2443 1260/1263/2443 1236/1235/2443
f 1237/1240/2444 1268/1249/2444 1214/1209/2444
f 1238/1241/2445 1261/1267/2445 1262/1264/2445
f 1222/1222/2446 1195/1221/2446 1196/1194/2446
f 1371/1270/2447 1223/1223/2447 1192/1148/2447
f 1231/1236/2448 1269/1255/2448 1182/1191/2448
f 1224/1237/2449 1257/1227/2449 1201/1204/2449
f 1247/1251/2450 1270/1271/2450 1164/1162/2450
f 1148/1150/2451 1250/1252/2451 1241/1245/2451
f 1251/1257/2452 1271/1272/2452 1239/1242/2452
f 1248/1254/2453 1272/1273/2453 1220/1229/2453
f 1220/1229/2454 1272/1273/2454 1245/1247/2454
f 1262/1264/2455 1279/1274/2455 1209/1217/2455
f 1194/1193/2456 1243/1244/2456 1244/1250/2456
f 1224/1237/2457 1249/1256/2457 1257/1227/2457
f 1263/1265/2458 1247/1251/2458 1225/1198/2458
f 1164/1162/2459 1270/1271/2459 1250/1252/2459
f 1242/1246/2460 1274/1275/2460 1251/1257/2460
f 1271/1272/2461 1275/1276/2461 1239/1242/2461
f 1232/1233/2462 1266/1268/2462 1252/1258/2462
f 1252/1258/2463 1289/1277/2463 1233/1225/2463
f 1233/1225/2464 1289/1277/2464 1253/1253/2464
f 1254/1259/2465 1276/1278/2465 1248/1254/2465
f 1264/1266/2466 1277/1279/2466 1259/1262/2466
f 1256/1261/2467 1278/1280/2467 1260/1263/2467
f 1260/1263/2468 1268/1249/2468 1237/1240/2468
f 1279/1274/2469 1280/1281/2469 1209/1217/2469
f 1209/1217/2470 1280/1281/2470 1243/1244/2470
f 1243/1244/2471 1295/1282/2471 1244/1250/2471
f 1215/1210/2472 1265/1220/2472 1210/1232/2472
f 1195/1221/2473 1325/1283/2473 1196/1194/2473
f 1282/1284/2474 1273/1285/2474 1258/1243/2474
f 1258/1243/2475 1273/1285/2475 1234/1238/2475
f 1274/1275/2476 1283/1286/2476 1251/1257/2476
f 1275/1276/2477 1266/1268/2477 1239/1242/2477
f 1253/1253/2478 1284/1287/2478 1254/1259/2478
f 1256/1261/2479 1267/1269/2479 1278/1280/2479
f 1200/1197/2480 1286/1288/2480 1231/1236/2480
f 1241/1245/2481 1282/1284/2481 1258/1243/2481
f 1251/1257/2482 1283/1286/2482 1271/1272/2482
f 1254/1259/2483 1284/1287/2483 1276/1278/2483
f 1229/1234/2484 1285/1289/2484 1246/1248/2484
f 1285/1289/2485 1264/1266/2485 1246/1248/2485
f 1259/1262/2486 1288/1290/2486 1267/1269/2486
f 1244/1250/2487 1310/1291/2487 1215/1210/2487
f 1286/1288/2488 1281/1292/2488 1231/1236/2488
f 1263/1265/2489 1287/1293/2489 1247/1251/2489
f 1242/1246/2490 1234/1238/2490 1274/1275/2490
f 1266/1268/2491 1289/1277/2491 1252/1258/2491
f 1276/1278/2492 1290/1294/2492 1248/1254/2492
f 1248/1254/2493 1290/1294/2493 1272/1273/2493
f 1272/1273/2494 1291/1295/2494 1245/1247/2494
f 1245/1247/2495 1291/1295/2495 1255/1260/2495
f 1260/1263/2496 1293/1296/2496 1268/1249/2496
f 1268/1249/2497 1294/1297/2497 1261/1267/2497
f 1280/1281/2498 1295/1282/2498 1243/1244/2498
f 1215/1210/2499 1310/1291/2499 1265/1220/2499
f 1196/1194/2500 1371/1270/2500 1192/1148/2500
f 1253/1253/2501 1289/1277/2501 1284/1287/2501
f 1298/1298/2502 1277/1279/2502 1264/1266/2502
f 1277/1279/2503 1288/1290/2503 1259/1262/2503
f 1261/1267/2504 1294/1297/2504 1262/1264/2504
f 1265/1220/2505 1325/1283/2505 1195/1221/2505
f 1231/1236/2506 1281/1292/2506 1269/1255/2506
f 1249/1256/2507 1321/1299/2507 1257/1227/2507
f 1321/1299/2508 1263/1265/2508 1257/1227/2508
f 1273/1285/2509 1296/1300/2509 1234/1238/2509
f 1234/1238/2510 1296/1300/2510 1274/1275/2510
f 1302/1301/2511 1289/1277/2511 1266/1268/2511
f 1255/1260/2512 1292/1302/2512 1240/1226/2512
f 1285/1289/2513 1298/1298/2513 1264/1266/2513
f 1200/1197/2514 1299/1303/2514 1286/1288/2514
f 1300/1304/2515 1287/1293/2515 1263/1265/2515
f 1301/1305/2516 1283/1286/2516 1274/1275/2516
f 1271/1272/2517 1302/1301/2517 1275/1276/2517
f 1275/1276/2518 1302/1301/2518 1266/1268/2518
f 1255/1260/2519 1291/1295/2519 1292/1302/2519
f 1288/1290/2520 1278/1280/2520 1267/1269/2520
f 1278/1280/2521 1318/1306/2521 1260/1263/2521
f 1293/1296/2522 1294/1297/2522 1268/1249/2522
f 1325/1283/2523 1303/1307/2523 1196/1194/2523
f 1223/1223/2524 1304/1308/2524 1200/1197/2524
f 1321/1299/2525 1305/1309/2525 1263/1265/2525
f 1270/1271/2526 1337/1310/2526 1250/1252/2526
f 1302/1301/2527 1307/1311/2527 1289/1277/2527
f 1284/1287/2528 1308/1312/2528 1276/1278/2528
f 1276/1278/2529 1308/1312/2529 1290/1294/2529
f 1292/1302/2530 1297/1313/2530 1240/1226/2530
f 1189/1219/2531 1329/1314/2531 1229/1234/2531
f 1295/1282/2532 1310/1291/2532 1244/1250/2532
f 1300/1304/2533 1326/1315/2533 1287/1293/2533
f 1241/1245/2534 1312/1316/2534 1282/1284/2534
f 1282/1284/2535 1313/1317/2535 1273/1285/2535
f 1274/1275/2536 1296/1300/2536 1301/1305/2536
f 1283/1286/2537 1314/1318/2537 1271/1272/2537
f 1289/1277/2538 1315/1319/2538 1284/1287/2538
f 1316/1320/2539 1308/1312/2539 1284/1287/2539
f 1290/1294/2540 1308/1312/2540 1272/1273/2540
f 1288/1290/2541 1317/1321/2541 1278/1280/2541
f 1317/1321/2542 1318/1306/2542 1278/1280/2542
f 1318/1306/2543 1293/1296/2543 1260/1263/2543
f 1293/1296/2544 1309/1322/2544 1294/1297/2544
f 1262/1264/2545 1319/1323/2545 1279/1274/2545
f 1279/1274/2546 1319/1323/2546 1280/1281/2546
f 1280/1281/2547 1310/1291/2547 1295/1282/2547
f 1304/1308/2548 1299/1303/2548 1200/1197/2548
f 1247/1251/2549 1322/1324/2549 1306/1325/2549
f 1247/1251/2550 1306/1325/2550 1270/1271/2550
f 1307/1311/2551 1315/1319/2551 1289/1277/2551
f 1288/1290/2552 1324/1326/2552 1317/1321/2552
f 1265/1220/2553 1320/1327/2553 1325/1283/2553
f 1269/1255/2554 1311/1328/2554 1249/1256/2554
f 1287/1293/2555 1322/1324/2555 1247/1251/2555
f 1250/1252/2556 1327/1329/2556 1241/1245/2556
f 1241/1245/2557 1327/1329/2557 1312/1316/2557
f 1315/1319/2558 1316/1320/2558 1284/1287/2558
f 1308/1312/2559 1323/1330/2559 1272/1273/2559
f 1291/1295/2560 1328/1331/2560 1292/1302/2560
f 1318/1306/2561 1330/1332/2561 1293/1296/2561
f 1309/1322/2562 1331/1333/2562 1294/1297/2562
f 1294/1297/2563 1319/1323/2563 1262/1264/2563
f 1311/1328/2564 1321/1299/2564 1249/1256/2564
f 1271/1272/2565 1332/1334/2565 1302/1301/2565
f 1272/1273/2566 1323/1330/2566 1291/1295/2566
f 1328/1331/2567 1297/1313/2567 1292/1302/2567
f 1277/1279/2568 1324/1326/2568 1288/1290/2568
f 1310/1291/2569 1320/1327/2569 1265/1220/2569
f 1371/1270/2570 1336/1335/2570 1223/1223/2570
f 1286/1288/2571 1361/1336/2571 1281/1292/2571
f 1305/1309/2572 1300/1304/2572 1263/1265/2572
f 1337/1310/2573 1327/1329/2573 1250/1252/2573
f 1296/1300/2574 1338/1337/2574 1301/1305/2574
f 1314/1318/2575 1332/1334/2575 1271/1272/2575
f 1329/1314/2576 1339/1338/2576 1229/1234/2576
f 1229/1234/2577 1339/1338/2577 1285/1289/2577
f 1339/1338/2578 1298/1298/2578 1285/1289/2578
f 1298/1298/2579 1324/1326/2579 1277/1279/2579
f 1317/1321/2580 1340/1339/2580 1318/1306/2580
f 1293/1296/2581 1341/1340/2581 1309/1322/2581
f 1294/1297/2582 1342/1341/2582 1319/1323/2582
f 1325/1283/2583 1335/1342/2583 1303/1307/2583
f 1306/1325/2584 1337/1310/2584 1270/1271/2584
f 1313/1317/2585 1296/1300/2585 1273/1285/2585
f 1301/1305/2586 1314/1318/2586 1283/1286/2586
f 1334/1343/2587 1324/1326/2587 1298/1298/2587
f 1319/1323/2588 1343/1344/2588 1280/1281/2588
f 1310/1291/2589 1344/1345/2589 1320/1327/2589
f 1223/1223/2590 1336/1335/2590 1304/1308/2590
f 1321/1299/2591 1363/1346/2591 1305/1309/2591
f 1312/1316/2592 1313/1317/2592 1282/1284/2592
f 1332/1334/2593 1345/1347/2593 1302/1301/2593
f 1302/1301/2594 1345/1347/2594 1307/1311/2594
f 1308/1312/2595 1347/1348/2595 1323/1330/2595
f 1323/1330/2596 1348/1349/2596 1291/1295/2596
f 1339/1338/2597 1334/1343/2597 1298/1298/2597
f 1317/1321/2598 1324/1326/2598 1340/1339/2598
f 1340/1339/2599 1350/1350/2599 1318/1306/2599
f 1318/1306/2600 1350/1350/2600 1330/1332/2600
f 1330/1332/2601 1341/1340/2601 1293/1296/2601
f 1342/1341/2602 1343/1344/2602 1319/1323/2602
f 1343/1344/2603 1310/1291/2603 1280/1281/2603
f 1303/1307/2604 1371/1270/2604 1196/1194/2604
f 1281/1292/2605 1354/1351/2605 1269/1255/2605
f 1296/1300/2606 1352/1352/2606 1338/1337/2606
f 1316/1320/2607 1346/1353/2607 1308/1312/2607
f 1346/1353/2608 1347/1348/2608 1308/1312/2608
f 1348/1349/2609 1328/1331/2609 1291/1295/2609
f 1328/1331/2610 1376/1354/2610 1297/1313/2610
f 1331/1333/2611 1342/1341/2611 1294/1297/2611
f 1299/1303/2612 1361/1336/2612 1286/1288/2612
f 1305/1309/2613 1326/1315/2613 1300/1304/2613
f 1326/1315/2614 1322/1324/2614 1287/1293/2614
f 1306/1325/2615 1364/1355/2615 1337/1310/2615
f 1313/1317/2616 1355/1356/2616 1296/1300/2616
f 1355/1356/2617 1352/1352/2617 1296/1300/2617
f 1314/1318/2618 1356/1357/2618 1332/1334/2618
f 1345/1347/2619 1353/1358/2619 1307/1311/2619
f 1307/1311/2620 1353/1358/2620 1315/1319/2620
f 1315/1319/2621 1353/1358/2621 1316/1320/2621
f 1353/1358/2622 1346/1353/2622 1316/1320/2622
f 1358/1359/2623 1324/1326/2623 1334/1343/2623
f 1309/1322/2624 1359/1360/2624 1331/1333/2624
f 1320/1327/2625 1344/1345/2625 1325/1283/2625
f 1301/1305/2626 1362/1361/2626 1314/1318/2626
f 1323/1330/2627 1347/1348/2627 1348/1349/2627
f 1309/1322/2628 1341/1340/2628 1359/1360/2628
f 1351/1362/2629 1344/1345/2629 1310/1291/2629
f 1325/1283/2630 1360/1363/2630 1335/1342/2630
f 1361/1336/2631 1354/1351/2631 1281/1292/2631
f 1322/1324/2632 1364/1355/2632 1306/1325/2632
f 1393/1364/2633 1362/1361/2633 1301/1305/2633
f 1314/1318/2634 1362/1361/2634 1356/1357/2634
f 1374/1365/2635 1345/1347/2635 1332/1334/2635
f 1347/1348/2636 1346/1353/2636 1357/1366/2636
f 1348/1349/2637 1366/1367/2637 1328/1331/2637
f 1366/1367/2638 1376/1354/2638 1328/1331/2638
f 1376/1354/2639 1349/1368/2639 1297/1313/2639
f 1189/1219/2640 1367/1369/2640 1329/1314/2640
f 1367/1369/2641 1339/1338/2641 1329/1314/2641
f 1368/1370/2642 1358/1359/2642 1334/1343/2642
f 1324/1326/2643 1369/1371/2643 1340/1339/2643
f 1340/1339/2644 1370/1372/2644 1350/1350/2644
f 1331/1333/2645 1382/1373/2645 1342/1341/2645
f 1269/1255/2646 1354/1351/2646 1311/1328/2646
f 1338/1337/2647 1393/1364/2647 1301/1305/2647
f 1353/1358/2648 1365/1374/2648 1346/1353/2648
f 1357/1366/2649 1348/1349/2649 1347/1348/2649
f 1333/1375/2650 1367/1369/2650 1189/1219/2650
f 1358/1359/2651 1369/1371/2651 1324/1326/2651
f 1350/1350/2652 1372/1376/2652 1330/1332/2652
f 1331/1333/2653 1359/1360/2653 1382/1373/2653
f 1344/1345/2654 1360/1363/2654 1325/1283/2654
f 1336/1335/2655 1299/1303/2655 1304/1308/2655
f 1392/1377/2656 1363/1346/2656 1321/1299/2656
f 1337/1310/2657 1373/1378/2657 1327/1329/2657
f 1327/1329/2658 1378/1379/2658 1312/1316/2658
f 1356/1357/2659 1374/1365/2659 1332/1334/2659
f 1374/1365/2660 1375/1380/2660 1345/1347/2660
f 1345/1347/2661 1379/1381/2661 1353/1358/2661
f 1366/1367/2662 1381/1382/2662 1376/1354/2662
f 1339/1338/2663 1368/1370/2663 1334/1343/2663
f 1369/1371/2664 1370/1372/2664 1340/1339/2664
f 1342/1341/2665 1377/1383/2665 1343/1344/2665
f 1305/1309/2666 1322/1324/2666 1326/1315/2666
f 1375/1380/2667 1379/1381/2667 1345/1347/2667
f 1379/1381/2668 1365/1374/2668 1353/1358/2668
f 1380/1384/2669 1357/1366/2669 1346/1353/2669
f 1341/1340/2670 1382/1373/2670 1359/1360/2670
f 1342/1341/2671 1382/1373/2671 1377/1383/2671
f 1351/1362/2672 1383/1385/2672 1344/1345/2672
f 1311/1328/2673 1392/1377/2673 1321/1299/2673
f 1337/1310/2674 1387/1386/2674 1373/1378/2674
f 1386/1387/2675 1341/1340/2675 1330/1332/2675
f 1386/1387/2676 1382/1373/2676 1341/1340/2676
f 1360/1363/2677 1303/1307/2677 1335/1342/2677
f 1305/1309/2678 1384/1388/2678 1322/1324/2678
f 1364/1355/2679 1387/1386/2679 1337/1310/2679
f 1313/1317/2680 1408/1389/2680 1385/1390/2680
f 1338/1337/2681 1352/1352/2681 1393/1364/2681
f 1365/1374/2682 1380/1384/2682 1346/1353/2682
f 1348/1349/2683 1388/1391/2683 1366/1367/2683
f 1358/1359/2684 1368/1370/2684 1369/1371/2684
f 1370/1372/2685 1389/1392/2685 1350/1350/2685
f 1389/1392/2686 1372/1376/2686 1350/1350/2686
f 1372/1376/2687 1386/1387/2687 1330/1332/2687
f 1344/1345/2688 1390/1393/2688 1360/1363/2688
f 1373/1378/2689 1378/1379/2689 1327/1329/2689
f 1312/1316/2690 1378/1379/2690 1313/1317/2690
f 1313/1317/2691 1385/1390/2691 1355/1356/2691
f 1388/1391/2692 1381/1382/2692 1366/1367/2692
f 1369/1371/2693 1394/1394/2693 1370/1372/2693
f 1343/1344/2694 1434/1395/2694 1310/1291/2694
f 1310/1291/2695 1434/1395/2695 1351/1362/2695
f 1396/1396/2696 1361/1336/2696 1299/1303/2696
f 1378/1379/2697 1408/1389/2697 1313/1317/2697
f 1355/1356/2698 1406/1397/2698 1352/1352/2698
f 1352/1352/2699 1406/1397/2699 1393/1364/2699
f 1356/1357/2700 1398/1398/2700 1374/1365/2700
f 1375/1380/2701 1399/1399/2701 1379/1381/2701
f 1357/1366/2702 1388/1391/2702 1348/1349/2702
f 1402/1400/2703 1368/1370/2703 1339/1338/2703
f 1383/1385/2704 1395/1401/2704 1344/1345/2704
f 1363/1346/2705 1384/1388/2705 1305/1309/2705
f 1393/1364/2706 1410/1402/2706 1362/1361/2706
f 1410/1402/2707 1356/1357/2707 1362/1361/2707
f 1379/1381/2708 1400/1403/2708 1365/1374/2708
f 1380/1384/2709 1397/1404/2709 1357/1366/2709
f 1357/1366/2710 1397/1404/2710 1388/1391/2710
f 1333/1375/2711 1401/1405/2711 1367/1369/2711
f 1367/1369/2712 1402/1400/2712 1339/1338/2712
f 1370/1372/2713 1394/1394/2713 1389/1392/2713
f 1386/1387/2714 1405/1406/2714 1382/1373/2714
f 1382/1373/2715 1405/1406/2715 1377/1383/2715
f 1377/1383/2716 1434/1395/2716 1343/1344/2716
f 1385/1390/2717 1406/1397/2717 1355/1356/2717
f 1365/1374/2718 1400/1403/2718 1380/1384/2718
f 1368/1370/2719 1403/1407/2719 1369/1371/2719
f 1372/1376/2720 1404/1408/2720 1386/1387/2720
f 1299/1303/2721 1336/1335/2721 1391/1409/2721
f 1391/1409/2722 1396/1396/2722 1299/1303/2722
f 1354/1351/2723 1392/1377/2723 1311/1328/2723
f 1374/1365/2724 1398/1398/2724 1375/1380/2724
f 1375/1380/2725 1398/1398/2725 1399/1399/2725
f 1397/1404/2726 1412/1410/2726 1388/1391/2726
f 1407/1411/2727 1403/1407/2727 1368/1370/2727
f 1389/1392/2728 1404/1408/2728 1372/1376/2728
f 1395/1401/2729 1390/1393/2729 1344/1345/2729
f 1303/1307/2730 1409/1412/2730 1371/1270/2730
f 1384/1388/2731 1364/1355/2731 1322/1324/2731
f 1406/1397/2732 1410/1402/2732 1393/1364/2732
f 1400/1403/2733 1437/1413/2733 1380/1384/2733
f 1380/1384/2734 1412/1410/2734 1397/1404/2734
f 1404/1408/2735 1414/1414/2735 1386/1387/2735
f 1415/1415/2736 1434/1395/2736 1377/1383/2736
f 1378/1379/2737 1417/1416/2737 1408/1389/2737
f 1398/1398/2738 1411/1417/2738 1399/1399/2738
f 1399/1399/2739 1400/1403/2739 1379/1381/2739
f 1413/1418/2740 1419/1419/2740 1381/1382/2740
f 1419/1419/2741 1376/1354/2741 1381/1382/2741
f 1414/1414/2742 1405/1406/2742 1386/1387/2742
f 1390/1393/2743 1420/1420/2743 1360/1363/2743
f 1387/1386/2744 1424/1421/2744 1373/1378/2744
f 1373/1378/2745 1417/1416/2745 1378/1379/2745
f 1356/1357/2746 1410/1402/2746 1398/1398/2746
f 1399/1399/2747 1411/1417/2747 1400/1403/2747
f 1418/1422/2748 1412/1410/2748 1380/1384/2748
f 1388/1391/2749 1412/1410/2749 1381/1382/2749
f 1376/1354/2750 1422/1423/2750 1349/1368/2750
f 1360/1363/2751 1409/1412/2751 1303/1307/2751
f 1336/1335/2752 1429/1424/2752 1391/1409/2752
f 1361/1336/2753 1416/1425/2753 1354/1351/2753
f 1354/1351/2754 1423/1426/2754 1392/1377/2754
f 1363/1346/2755 1421/1427/2755 1384/1388/2755
f 1402/1400/2756 1432/1428/2756 1368/1370/2756
f 1369/1371/2757 1403/1407/2757 1394/1394/2757
f 1403/1407/2758 1427/1429/2758 1394/1394/2758
f 1428/1430/2759 1389/1392/2759 1394/1394/2759
f 1405/1406/2760 1433/1431/2760 1377/1383/2760
f 1364/1355/2761 1430/1432/2761 1387/1386/2761
f 1373/1378/2762 1424/1421/2762 1417/1416/2762
f 1431/1433/2763 1410/1402/2763 1406/1397/2763
f 1411/1417/2764 1437/1413/2764 1400/1403/2764
f 1437/1413/2765 1418/1422/2765 1380/1384/2765
f 1425/1434/2766 1401/1405/2766 1333/1375/2766
f 1367/1369/2767 1426/1435/2767 1402/1400/2767
f 1428/1430/2768 1404/1408/2768 1389/1392/2768
f 1433/1431/2769 1415/1415/2769 1377/1383/2769
f 1434/1395/2770 1461/1436/2770 1351/1362/2770
f 1461/1436/2771 1383/1385/2771 1351/1362/2771
f 1396/1396/2772 1416/1425/2772 1361/1336/2772
f 1384/1388/2773 1435/1437/2773 1364/1355/2773
f 1430/1432/2774 1424/1421/2774 1387/1386/2774
f 1408/1389/2775 1436/1438/2775 1385/1390/2775
f 1410/1402/2776 1439/1439/2776 1398/1398/2776
f 1418/1422/2777 1441/1440/2777 1412/1410/2777
f 1412/1410/2778 1413/1418/2778 1381/1382/2778
f 1402/1400/2779 1426/1435/2779 1432/1428/2779
f 1432/1428/2780 1407/1411/2780 1368/1370/2780
f 1405/1406/2781 1414/1414/2781 1433/1431/2781
f 1395/1401/2782 1383/1385/2782 1390/1393/2782
f 1392/1377/2783 1421/1427/2783 1363/1346/2783
f 1439/1439/2784 1411/1417/2784 1398/1398/2784
f 1440/1441/2785 1437/1413/2785 1411/1417/2785
f 1401/1405/2786 1426/1435/2786 1367/1369/2786
f 1404/1408/2787 1444/1442/2787 1414/1414/2787
f 1461/1436/2788 1449/1443/2788 1383/1385/2788
f 1385/1390/2789 1436/1438/2789 1406/1397/2789
f 1436/1438/2790 1431/1433/2790 1406/1397/2790
f 1431/1433/2791 1445/1444/2791 1410/1402/2791
f 1441/1440/2792 1450/1445/2792 1412/1410/2792
f 1450/1445/2793 1413/1418/2793 1412/1410/2793
f 1419/1419/2794 1422/1423/2794 1376/1354/2794
f 1403/1407/2795 1442/1446/2795 1427/1429/2795
f 1428/1430/2796 1443/1447/2796 1404/1408/2796
f 1371/1270/2797 1429/1424/2797 1336/1335/2797
f 1410/1402/2798 1445/1444/2798 1439/1439/2798
f 1439/1439/2799 1447/1448/2799 1411/1417/2799
f 1407/1411/2800 1442/1446/2800 1403/1407/2800
f 1427/1429/2801 1448/1449/2801 1394/1394/2801
f 1394/1394/2802 1448/1449/2802 1428/1430/2802
f 1443/1447/2803 1444/1442/2803 1404/1408/2803
f 1391/1409/2804 1446/1450/2804 1396/1396/2804
f 1396/1396/2805 1446/1450/2805 1416/1425/2805
f 1474/1451/2806 1423/1426/2806 1354/1351/2806
f 1364/1355/2807 1435/1437/2807 1430/1432/2807
f 1437/1413/2808 1455/1452/2808 1418/1422/2808
f 1444/1442/2809 1433/1431/2809 1414/1414/2809
f 1461/1436/2810 1451/1453/2810 1449/1443/2810
f 1420/1420/2811 1438/1454/2811 1360/1363/2811
f 1360/1363/2812 1438/1454/2812 1409/1412/2812
f 1371/1270/2813 1453/1455/2813 1429/1424/2813
f 1423/1426/2814 1421/1427/2814 1392/1377/2814
f 1421/1427/2815 1435/1437/2815 1384/1388/2815
f 1424/1421/2816 1452/1456/2816 1417/1416/2816
f 1417/1416/2817 1452/1456/2817 1408/1389/2817
f 1457/1457/2818 1419/1419/2818 1413/1418/2818
f 1383/1385/2819 1472/1458/2819 1390/1393/2819
f 1447/1448/2820 1440/1441/2820 1411/1417/2820
f 1440/1441/2821 1455/1452/2821 1437/1413/2821
f 1449/1443/2822 1472/1458/2822 1383/1385/2822
f 1416/1425/2823 1454/1459/2823 1354/1351/2823
f 1445/1444/2824 1456/1460/2824 1439/1439/2824
f 1418/1422/2825 1455/1452/2825 1441/1440/2825
f 1450/1445/2826 1457/1457/2826 1413/1418/2826
f 1454/1459/2827 1474/1451/2827 1354/1351/2827
f 1430/1432/2828 1462/1461/2828 1424/1421/2828
f 1452/1456/2829 1436/1438/2829 1408/1389/2829
f 1436/1438/2830 1467/1462/2830 1431/1433/2830
f 1467/1462/2831 1445/1444/2831 1431/1433/2831
f 1447/1448/2832 1463/1463/2832 1440/1441/2832
f 1441/1440/2833 1469/1464/2833 1450/1445/2833
f 1401/1405/2834 1496/1465/2834 1426/1435/2834
f 1444/1442/2835 1464/1466/2835 1433/1431/2835
f 1433/1431/2836 1465/1467/2836 1415/1415/2836
f 1434/1395/2837 1415/1415/2837 1460/1468/2837
f 1499/1469/2838 1409/1412/2838 1438/1454/2838
f 1435/1437/2839 1466/1470/2839 1430/1432/2839
f 1475/1471/2840 1456/1460/2840 1445/1444/2840
f 1455/1452/2841 1469/1464/2841 1441/1440/2841
f 1470/1472/2842 1457/1457/2842 1450/1445/2842
f 1419/1419/2843 1471/1473/2843 1422/1423/2843
f 1422/1423/2844 1471/1473/2844 1458/1474/2844
f 1444/1442/2845 1459/1475/2845 1464/1466/2845
f 1451/1453/2846 1472/1458/2846 1449/1443/2846
f 1473/1476/2847 1390/1393/2847 1472/1458/2847
f 1456/1460/2848 1468/1477/2848 1439/1439/2848
f 1478/1478/2849 1455/1452/2849 1440/1441/2849
f 1457/1457/2850 1471/1473/2850 1419/1419/2850
f 1407/1411/2851 1476/1479/2851 1442/1446/2851
f 1465/1467/2852 1460/1468/2852 1415/1415/2852
f 1460/1468/2853 1461/1436/2853 1434/1395/2853
f 1461/1436/2854 1484/1480/2854 1451/1453/2854
f 1451/1453/2855 1477/1481/2855 1472/1458/2855
f 1371/1270/2856 1486/1482/2856 1453/1455/2856
f 1424/1421/2857 1490/1483/2857 1452/1456/2857
f 1469/1464/2858 1470/1472/2858 1450/1445/2858
f 1426/1435/2859 1496/1465/2859 1432/1428/2859
f 1448/1449/2860 1443/1447/2860 1428/1430/2860
f 1444/1442/2861 1443/1447/2861 1459/1475/2861
f 1464/1466/2862 1465/1467/2862 1433/1431/2862
f 1390/1393/2863 1438/1454/2863 1420/1420/2863
f 1446/1450/2864 1479/1484/2864 1416/1425/2864
f 1462/1461/2865 1490/1483/2865 1424/1421/2865
f 1467/1462/2866 1475/1471/2866 1445/1444/2866
f 1439/1439/2867 1468/1477/2867 1447/1448/2867
f 1468/1477/2868 1482/1485/2868 1447/1448/2868
f 1463/1463/2869 1478/1478/2869 1440/1441/2869
f 1442/1446/2870 1483/1486/2870 1427/1429/2870
f 1460/1468/2871 1484/1480/2871 1461/1436/2871
f 1436/1438/2872 1452/1456/2872 1480/1487/2872
f 1478/1478/2873 1487/1488/2873 1455/1452/2873
f 1455/1452/2874 1487/1488/2874 1469/1464/2874
f 1483/1486/2875 1448/1449/2875 1427/1429/2875
f 1443/1447/2876 1489/1489/2876 1459/1475/2876
f 1533/1490/2877 1391/1409/2877 1429/1424/2877
f 1447/1448/2878 1482/1485/2878 1463/1463/2878
f 1470/1472/2879 1492/1491/2879 1457/1457/2879
f 1496/1465/2880 1488/1492/2880 1432/1428/2880
f 1483/1486/2881 1443/1447/2881 1448/1449/2881
f 1465/1467/2882 1493/1493/2882 1460/1468/2882
f 1451/1453/2883 1511/1494/2883 1477/1481/2883
f 1472/1458/2884 1477/1481/2884 1473/1476/2884
f 1473/1476/2885 1485/1495/2885 1390/1393/2885
f 1390/1393/2886 1485/1495/2886 1438/1454/2886
f 1409/1412/2887 1486/1482/2887 1371/1270/2887
f 1430/1432/2888 1466/1470/2888 1462/1461/2888
f 1480/1487/2889 1491/1496/2889 1436/1438/2889
f 1436/1438/2890 1491/1496/2890 1467/1462/2890
f 1481/1497/2891 1456/1460/2891 1475/1471/2891
f 1482/1485/2892 1494/1498/2892 1463/1463/2892
f 1463/1463/2893 1494/1498/2893 1478/1478/2893
f 1504/1499/2894 1487/1488/2894 1478/1478/2894
f 1442/1446/2895 1476/1479/2895 1483/1486/2895
f 1464/1466/2896 1502/1500/2896 1465/1467/2896
f 1493/1493/2897 1498/1501/2897 1460/1468/2897
f 1391/1409/2898 1533/1490/2898 1446/1450/2898
f 1467/1462/2899 1481/1497/2899 1475/1471/2899
f 1494/1498/2900 1495/1502/2900 1478/1478/2900
f 1469/1464/2901 1487/1488/2901 1505/1503/2901
f 1483/1486/2902 1497/1504/2902 1443/1447/2902
f 1443/1447/2903 1497/1504/2903 1489/1489/2903
f 1502/1500/2904 1493/1493/2904 1465/1467/2904
f 1438/1454/2905 1503/1505/2905 1499/1469/2905
f 1453/1455/2906 1533/1490/2906 1429/1424/2906
f 1479/1484/2907 1454/1459/2907 1416/1425/2907
f 1474/1451/2908 1512/1506/2908 1423/1426/2908
f 1456/1460/2909 1513/1507/2909 1468/1477/2909
f 1495/1502/2910 1504/1499/2910 1478/1478/2910
f 1469/1464/2911 1500/1508/2911 1470/1472/2911
f 1457/1457/2912 1507/1509/2912 1471/1473/2912
f 1425/1434/2913 1496/1465/2913 1401/1405/2913
f 1432/1428/2914 1488/1492/2914 1407/1411/2914
f 1484/1480/2915 1511/1494/2915 1451/1453/2915
f 1490/1483/2916 1506/1510/2916 1452/1456/2916
f 1452/1456/2917 1506/1510/2917 1480/1487/2917
f 1525/1511/2918 1467/1462/2918 1491/1496/2918
f 1456/1460/2919 1481/1497/2919 1513/1507/2919
f 1470/1472/2920 1500/1508/2920 1492/1491/2920
f 1492/1491/2921 1507/1509/2921 1457/1457/2921
f 1459/1475/2922 1508/1512/2922 1464/1466/2922
f 1525/1511/2923 1481/1497/2923 1467/1462/2923
f 1505/1503/2924 1500/1508/2924 1469/1464/2924
f 1488/1492/2925 1476/1479/2925 1407/1411/2925
f 1489/1489/2926 1508/1512/2926 1459/1475/2926
f 1464/1466/2927 1508/1512/2927 1502/1500/2927
f 1508/1512/2928 1509/1513/2928 1502/1500/2928
f 1502/1500/2929 1510/1514/2929 1493/1493/2929
f 1460/1468/2930 1511/1494/2930 1484/1480/2930
f 1421/1427/2931 1521/1515/2931 1435/1437/2931
f 1468/1477/2932 1514/1516/2932 1482/1485/2932
f 1515/1517/2933 1487/1488/2933 1504/1499/2933
f 1471/1473/2934 1501/1518/2934 1458/1474/2934
f 1483/1486/2935 1516/1519/2935 1497/1504/2935
f 1498/1501/2936 1511/1494/2936 1460/1468/2936
f 1517/1520/2937 1477/1481/2937 1511/1494/2937
f 1485/1495/2938 1503/1505/2938 1438/1454/2938
f 1423/1426/2939 1528/1521/2939 1421/1427/2939
f 1525/1511/2940 1523/1522/2940 1481/1497/2940
f 1513/1507/2941 1514/1516/2941 1468/1477/2941
f 1505/1503/2942 1518/1523/2942 1500/1508/2942
f 1507/1509/2943 1519/1524/2943 1471/1473/2943
f 1471/1473/2944 1519/1524/2944 1501/1518/2944
f 1435/1437/2945 1521/1515/2945 1466/1470/2945
f 1466/1470/2946 1490/1483/2946 1462/1461/2946
f 1490/1483/2947 1522/1525/2947 1506/1510/2947
f 1480/1487/2948 1525/1511/2948 1491/1496/2948
f 1481/1497/2949 1523/1522/2949 1513/1507/2949
f 1482/1485/2950 1514/1516/2950 1494/1498/2950
f 1495/1502/2951 1515/1517/2951 1504/1499/2951
f 1500/1508/2952 1507/1509/2952 1492/1491/2952
f 1425/1434/2953 1535/1526/2953 1496/1465/2953
f 1535/1526/2954 1488/1492/2954 1496/1465/2954
f 1488/1492/2955 1524/1527/2955 1476/1479/2955
f 1497/1504/2956 1526/1528/2956 1489/1489/2956
f 1526/1528/2957 1508/1512/2957 1489/1489/2957
f 1493/1493/2958 1520/1529/2958 1498/1501/2958
f 1409/1412/2959 1527/1530/2959 1486/1482/2959
f 1486/1482/2960 1539/1531/2960 1453/1455/2960
f 1454/1459/2961 1512/1506/2961 1474/1451/2961
f 1476/1479/2962 1516/1519/2962 1483/1486/2962
f 1516/1519/2963 1526/1528/2963 1497/1504/2963
f 1556/1532/2964 1502/1500/2964 1509/1513/2964
f 1510/1514/2965 1520/1529/2965 1493/1493/2965
f 1473/1476/2966 1477/1481/2966 1485/1495/2966
f 1499/1469/2967 1527/1530/2967 1409/1412/2967
f 1454/1459/2968 1479/1484/2968 1512/1506/2968
f 1506/1510/2969 1525/1511/2969 1480/1487/2969
f 1543/1533/2970 1495/1502/2970 1494/1498/2970
f 1518/1523/2971 1529/1534/2971 1500/1508/2971
f 1526/1528/2972 1530/1535/2972 1508/1512/2972
f 1531/1536/2973 1509/1513/2973 1508/1512/2973
f 1556/1532/2974 1510/1514/2974 1502/1500/2974
f 1511/1494/2975 1532/1537/2975 1517/1520/2975
f 1421/1427/2976 1528/1521/2976 1521/1515/2976
f 1487/1488/2977 1518/1523/2977 1505/1503/2977
f 1512/1506/2978 1568/1538/2978 1423/1426/2978
f 1506/1510/2979 1536/1539/2979 1525/1511/2979
f 1525/1511/2980 1536/1539/2980 1523/1522/2980
f 1513/1507/2981 1537/1540/2981 1514/1516/2981
f 1494/1498/2982 1514/1516/2982 1543/1533/2982
f 1535/1526/2983 1538/1541/2983 1488/1492/2983
f 1527/1530/2984 1539/1531/2984 1486/1482/2984
f 1539/1531/2985 1533/1490/2985 1453/1455/2985
f 1466/1470/2986 1540/1542/2986 1490/1483/2986
f 1523/1522/2987 1537/1540/2987 1513/1507/2987
f 1515/1517/2988 1541/1543/2988 1487/1488/2988
f 1488/1492/2989 1538/1541/2989 1524/1527/2989
f 1476/1479/2990 1524/1527/2990 1516/1519/2990
f 1509/1513/2991 1542/1544/2991 1556/1532/2991
f 1495/1502/2992 1543/1533/2992 1515/1517/2992
f 1544/1545/2993 1541/1543/2993 1515/1517/2993
f 1487/1488/2994 1541/1543/2994 1518/1523/2994
f 1529/1534/2995 1550/1546/2995 1500/1508/2995
f 1519/1524/2996 1545/1547/2996 1501/1518/2996
f 1425/1434/2997 1534/1548/2997 1535/1526/2997
f 1498/1501/2998 1532/1537/2998 1511/1494/2998
f 1490/1483/2999 1553/1549/2999 1522/1525/2999
f 1522/1525/3000 1548/1550/3000 1506/1510/3000
f 1506/1510/3001 1548/1550/3001 1536/1539/3001
f 1543/1533/3002 1549/1551/3002 1515/1517/3002
f 1500/1508/3003 1550/1546/3003 1507/1509/3003
f 1507/1509/3004 1550/1546/3004 1519/1524/3004
f 1524/1527/3005 1551/1552/3005 1516/1519/3005
f 1516/1519/3006 1546/1553/3006 1526/1528/3006
f 1531/1536/3007 1542/1544/3007 1509/1513/3007
f 1532/1537/3008 1563/1554/3008 1517/1520/3008
f 1446/1450/3009 1547/1555/3009 1479/1484/3009
f 1423/1426/3010 1557/1556/3010 1528/1521/3010
f 1521/1515/3011 1540/1542/3011 1466/1470/3011
f 1514/1516/3012 1561/1557/3012 1543/1533/3012
f 1551/1552/3013 1555/1558/3013 1516/1519/3013
f 1516/1519/3014 1555/1558/3014 1552/1559/3014
f 1530/1535/3015 1531/1536/3015 1508/1512/3015
f 1556/1532/3016 1520/1529/3016 1510/1514/3016
f 1568/1538/3017 1557/1556/3017 1423/1426/3017
f 1558/1560/3018 1540/1542/3018 1521/1515/3018
f 1523/1522/3019 1559/1561/3019 1537/1540/3019
f 1537/1540/3020 1560/1562/3020 1514/1516/3020
f 1549/1551/3021 1544/1545/3021 1515/1517/3021
f 1518/1523/3022 1541/1543/3022 1554/1563/3022
f 1562/1564/3023 1545/1547/3023 1519/1524/3023
f 1538/1541/3024 1551/1552/3024 1524/1527/3024
f 1546/1553/3025 1530/1535/3025 1526/1528/3025
f 1563/1554/3026 1485/1495/3026 1477/1481/3026
f 1540/1542/3027 1553/1549/3027 1490/1483/3027
f 1536/1539/3028 1564/1565/3028 1523/1522/3028
f 1560/1562/3029 1561/1557/3029 1514/1516/3029
f 1543/1533/3030 1561/1557/3030 1549/1551/3030
f 1518/1523/3031 1554/1563/3031 1529/1534/3031
f 1550/1546/3032 1562/1564/3032 1519/1524/3032
f 1535/1526/3033 1566/1566/3033 1538/1541/3033
f 1530/1535/3034 1567/1567/3034 1531/1536/3034
f 1542/1544/3035 1567/1567/3035 1556/1532/3035
f 1520/1529/3036 1573/1568/3036 1498/1501/3036
f 1517/1520/3037 1563/1554/3037 1477/1481/3037
f 1479/1484/3038 1568/1538/3038 1512/1506/3038
f 1553/1549/3039 1569/1569/3039 1522/1525/3039
f 1570/1570/3040 1564/1565/3040 1536/1539/3040
f 1565/1571/3041 1560/1562/3041 1537/1540/3041
f 1516/1519/3042 1552/1559/3042 1546/1553/3042
f 1546/1553/3043 1572/1572/3043 1530/1535/3043
f 1531/1536/3044 1567/1567/3044 1542/1544/3044
f 1557/1556/3045 1575/1573/3045 1528/1521/3045
f 1522/1525/3046 1569/1569/3046 1548/1550/3046
f 1564/1565/3047 1571/1574/3047 1523/1522/3047
f 1556/1532/3048 1576/1575/3048 1520/1529/3048
f 1533/1490/3049 1547/1555/3049 1446/1450/3049
f 1540/1542/3050 1581/1576/3050 1553/1549/3050
f 1581/1576/3051 1577/1577/3051 1553/1549/3051
f 1523/1522/3052 1571/1574/3052 1559/1561/3052
f 1529/1534/3053 1578/1578/3053 1550/1546/3053
f 1567/1567/3054 1576/1575/3054 1556/1532/3054
f 1520/1529/3055 1576/1575/3055 1573/1568/3055
f 1527/1530/3056 1579/1579/3056 1539/1531/3056
f 1547/1555/3057 1568/1538/3057 1479/1484/3057
f 1559/1561/3058 1565/1571/3058 1537/1540/3058
f 1534/1548/3059 1566/1566/3059 1535/1526/3059
f 1498/1501/3060 1563/1554/3060 1532/1537/3060
f 1499/1469/3061 1574/1580/3061 1527/1530/3061
f 1548/1550/3062 1570/1570/3062 1536/1539/3062
f 1549/1551/3063 1583/1581/3063 1544/1545/3063
f 1583/1581/3064 1541/1543/3064 1544/1545/3064
f 1534/1548/3065 1584/1582/3065 1566/1566/3065
f 1538/1541/3066 1585/1583/3066 1551/1552/3066
f 1573/1568/3067 1563/1554/3067 1498/1501/3067
f 1528/1521/3068 1582/1584/3068 1521/1515/3068
f 1561/1557/3069 1586/1585/3069 1549/1551/3069
f 1566/1566/3070 1587/1586/3070 1538/1541/3070
f 1555/1558/3071 1546/1553/3071 1552/1559/3071
f 1572/1572/3072 1597/1587/3072 1530/1535/3072
f 1530/1535/3073 1588/1588/3073 1567/1567/3073
f 1539/1531/3074 1589/1589/3074 1533/1490/3074
f 1568/1538/3075 1580/1590/3075 1557/1556/3075
f 1577/1577/3076 1569/1569/3076 1553/1549/3076
f 1569/1569/3077 1590/1591/3077 1548/1550/3077
f 1570/1570/3078 1592/1592/3078 1564/1565/3078
f 1592/1592/3079 1593/1593/3079 1564/1565/3079
f 1560/1562/3080 1595/1594/3080 1561/1557/3080
f 1541/1543/3081 1606/1595/3081 1554/1563/3081
f 1585/1583/3082 1555/1558/3082 1551/1552/3082
f 1563/1554/3083 1503/1505/3083 1485/1495/3083
f 1533/1490/3084 1589/1589/3084 1547/1555/3084
f 1521/1515/3085 1582/1584/3085 1558/1560/3085
f 1558/1560/3086 1581/1576/3086 1540/1542/3086
f 1548/1550/3087 1598/1596/3087 1570/1570/3087
f 1571/1574/3088 1599/1597/3088 1559/1561/3088
f 1594/1598/3089 1595/1594/3089 1560/1562/3089
f 1561/1557/3090 1595/1594/3090 1586/1585/3090
f 1550/1546/3091 1600/1599/3091 1562/1564/3091
f 1596/1600/3092 1587/1586/3092 1566/1566/3092
f 1538/1541/3093 1587/1586/3093 1585/1583/3093
f 1555/1558/3094 1601/1601/3094 1546/1553/3094
f 1574/1580/3095 1579/1579/3095 1527/1530/3095
f 1577/1577/3096 1602/1602/3096 1569/1569/3096
f 1590/1591/3097 1591/1603/3097 1548/1550/3097
f 1548/1550/3098 1591/1603/3098 1598/1596/3098
f 1593/1593/3099 1571/1574/3099 1564/1565/3099
f 1565/1571/3100 1594/1598/3100 1560/1562/3100
f 1554/1563/3101 1578/1578/3101 1529/1534/3101
f 1550/1546/3102 1578/1578/3102 1600/1599/3102
f 1555/1558/3103 1585/1583/3103 1601/1601/3103
f 1603/1604/3104 1563/1554/3104 1573/1568/3104
f 1574/1580/3105 1499/1469/3105 1503/1505/3105
f 1547/1555/3106 1604/1605/3106 1568/1538/3106
f 1593/1593/3107 1599/1597/3107 1571/1574/3107
f 1583/1581/3108 1606/1595/3108 1541/1543/3108
f 1600/1599/3109 1545/1547/3109 1562/1564/3109
f 1584/1582/3110 1596/1600/3110 1566/1566/3110
f 1601/1601/3111 1607/1606/3111 1546/1553/3111
f 1530/1535/3112 1597/1587/3112 1588/1588/3112
f 1558/1560/3113 1608/1607/3113 1581/1576/3113
f 1608/1607/3114 1605/1608/3114 1581/1576/3114
f 1605/1608/3115 1577/1577/3115 1581/1576/3115
f 1599/1597/3116 1609/1609/3116 1559/1561/3116
f 1594/1598/3117 1610/1610/3117 1595/1594/3117
f 1586/1585/3118 1583/1581/3118 1549/1551/3118
f 1600/1599/3119 1619/1611/3119 1545/1547/3119
f 1588/1588/3120 1611/1612/3120 1567/1567/3120
f 1611/1612/3121 1576/1575/3121 1567/1567/3121
f 1576/1575/3122 1612/1613/3122 1573/1568/3122
f 1563/1554/3123 1615/1614/3123 1503/1505/3123
f 1579/1579/3124 1589/1589/3124 1539/1531/3124
f 1559/1561/3125 1594/1598/3125 1565/1571/3125
f 1554/1563/3126 1606/1595/3126 1578/1578/3126
f 1584/1582/3127 1614/1615/3127 1596/1600/3127
f 1607/1606/3128 1572/1572/3128 1546/1553/3128
f 1609/1609/3129 1594/1598/3129 1559/1561/3129
f 1617/1616/3130 1606/1595/3130 1583/1581/3130
f 1578/1578/3131 1618/1617/3131 1613/1618/3131
f 1577/1577/3132 1605/1608/3132 1602/1602/3132
f 1602/1602/3133 1590/1591/3133 1569/1569/3133
f 1595/1594/3134 1616/1619/3134 1586/1585/3134
f 1616/1619/3135 1583/1581/3135 1586/1585/3135
f 1606/1595/3136 1618/1617/3136 1578/1578/3136
f 1590/1591/3137 1625/1620/3137 1591/1603/3137
f 1570/1570/3138 1620/1621/3138 1592/1592/3138
f 1609/1609/3139 1632/1622/3139 1594/1598/3139
f 1616/1619/3140 1617/1616/3140 1583/1581/3140
f 1606/1595/3141 1628/1623/3141 1618/1617/3141
f 1578/1578/3142 1613/1618/3142 1600/1599/3142
f 1585/1583/3143 1621/1624/3143 1601/1601/3143
f 1572/1572/3144 1622/1625/3144 1597/1587/3144
f 1575/1573/3145 1623/1626/3145 1528/1521/3145
f 1582/1584/3146 1624/1627/3146 1558/1560/3146
f 1558/1560/3147 1624/1627/3147 1608/1607/3147
f 1591/1603/3148 1625/1620/3148 1598/1596/3148
f 1598/1596/3149 1620/1621/3149 1570/1570/3149
f 1617/1616/3150 1627/1628/3150 1606/1595/3150
f 1534/1548/3151 1614/1615/3151 1584/1582/3151
f 1607/1606/3152 1630/1629/3152 1572/1572/3152
f 1612/1613/3153 1603/1604/3153 1573/1568/3153
f 1608/1607/3154 1631/1630/3154 1605/1608/3154
f 1605/1608/3155 1631/1630/3155 1602/1602/3155
f 1625/1620/3156 1620/1621/3156 1598/1596/3156
f 1592/1592/3157 1620/1621/3157 1626/1631/3157
f 1592/1592/3158 1599/1597/3158 1593/1593/3158
f 1594/1598/3159 1632/1622/3159 1610/1610/3159
f 1632/1622/3160 1633/1632/3160 1610/1610/3160
f 1610/1610/3161 1633/1632/3161 1595/1594/3161
f 1633/1632/3162 1616/1619/3162 1595/1594/3162
f 1627/1628/3163 1628/1623/3163 1606/1595/3163
f 1596/1600/3164 1629/1633/3164 1587/1586/3164
f 1587/1586/3165 1629/1633/3165 1585/1583/3165
f 1630/1629/3166 1622/1625/3166 1572/1572/3166
f 1611/1612/3167 1612/1613/3167 1576/1575/3167
f 1603/1604/3168 1634/1634/3168 1563/1554/3168
f 1635/1635/3169 1589/1589/3169 1579/1579/3169
f 1623/1626/3170 1582/1584/3170 1528/1521/3170
f 1624/1627/3171 1644/1636/3171 1608/1607/3171
f 1608/1607/3172 1644/1636/3172 1631/1630/3172
f 1590/1591/3173 1656/1637/3173 1625/1620/3173
f 1592/1592/3174 1626/1631/3174 1599/1597/3174
f 1599/1597/3175 1637/1638/3175 1609/1609/3175
f 1627/1628/3176 1638/1639/3176 1628/1623/3176
f 1618/1617/3177 1639/1640/3177 1613/1618/3177
f 1629/1633/3178 1621/1624/3178 1585/1583/3178
f 1621/1624/3179 1641/1641/3179 1601/1601/3179
f 1597/1587/3180 1642/1642/3180 1588/1588/3180
f 1642/1642/3181 1611/1612/3181 1588/1588/3181
f 1615/1614/3182 1574/1580/3182 1503/1505/3182
f 1557/1556/3183 1636/1643/3183 1575/1573/3183
f 1602/1602/3184 1656/1637/3184 1590/1591/3184
f 1599/1597/3185 1626/1631/3185 1637/1638/3185
f 1616/1619/3186 1645/1644/3186 1617/1616/3186
f 1614/1615/3187 1647/1645/3187 1596/1600/3187
f 1596/1600/3188 1647/1645/3188 1629/1633/3188
f 1601/1601/3189 1641/1641/3189 1607/1606/3189
f 1622/1625/3190 1642/1642/3190 1597/1587/3190
f 1611/1612/3191 1650/1646/3191 1612/1613/3191
f 1634/1634/3192 1615/1614/3192 1563/1554/3192
f 1547/1555/3193 1668/1647/3193 1643/1648/3193
f 1623/1626/3194 1651/1649/3194 1582/1584/3194
f 1624/1627/3195 1582/1584/3195 1644/1636/3195
f 1631/1630/3196 1652/1650/3196 1602/1602/3196
f 1617/1616/3197 1645/1644/3197 1627/1628/3197
f 1638/1639/3198 1653/1651/3198 1628/1623/3198
f 1613/1618/3199 1662/1652/3199 1600/1599/3199
f 1600/1599/3200 1640/1653/3200 1619/1611/3200
f 1648/1654/3201 1641/1641/3201 1621/1624/3201
f 1649/1655/3202 1630/1629/3202 1607/1606/3202
f 1630/1629/3203 1649/1655/3203 1622/1625/3203
f 1547/1555/3204 1643/1648/3204 1604/1605/3204
f 1631/1630/3205 1655/1656/3205 1652/1650/3205
f 1602/1602/3206 1652/1650/3206 1656/1637/3206
f 1637/1638/3207 1632/1622/3207 1609/1609/3207
f 1658/1657/3208 1633/1632/3208 1632/1622/3208
f 1662/1652/3209 1640/1653/3209 1600/1599/3209
f 1641/1641/3210 1649/1655/3210 1607/1606/3210
f 1622/1625/3211 1659/1658/3211 1642/1642/3211
f 1651/1649/3212 1644/1636/3212 1582/1584/3212
f 1620/1621/3213 1657/1659/3213 1626/1631/3213
f 1616/1619/3214 1633/1632/3214 1645/1644/3214
f 1628/1623/3215 1646/1660/3215 1618/1617/3215
f 1646/1660/3216 1639/1640/3216 1618/1617/3216
f 1640/1653/3217 1663/1661/3217 1619/1611/3217
f 1665/1662/3218 1614/1615/3218 1534/1548/3218
f 1629/1633/3219 1666/1663/3219 1621/1624/3219
f 1666/1663/3220 1648/1654/3220 1621/1624/3220
f 1649/1655/3221 1667/1664/3221 1622/1625/3221
f 1650/1646/3222 1684/1665/3222 1612/1613/3222
f 1574/1580/3223 1660/1666/3223 1579/1579/3223
f 1632/1622/3224 1661/1667/3224 1658/1657/3224
f 1645/1644/3225 1664/1668/3225 1627/1628/3225
f 1627/1628/3226 1653/1651/3226 1638/1639/3226
f 1653/1651/3227 1646/1660/3227 1628/1623/3227
f 1639/1640/3228 1662/1652/3228 1613/1618/3228
f 1647/1645/3229 1666/1663/3229 1629/1633/3229
f 1689/1669/3230 1660/1666/3230 1574/1580/3230
f 1589/1589/3231 1668/1647/3231 1547/1555/3231
f 1604/1605/3232 1654/1670/3232 1568/1538/3232
f 1644/1636/3233 1655/1656/3233 1631/1630/3233
f 1652/1650/3234 1669/1671/3234 1656/1637/3234
f 1625/1620/3235 1670/1672/3235 1620/1621/3235
f 1614/1615/3236 1665/1662/3236 1647/1645/3236
f 1641/1641/3237 1672/1673/3237 1649/1655/3237
f 1667/1664/3238 1659/1658/3238 1622/1625/3238
f 1659/1658/3239 1611/1612/3239 1642/1642/3239
f 1684/1665/3240 1673/1674/3240 1612/1613/3240
f 1615/1614/3241 1676/1675/3241 1574/1580/3241
f 1656/1637/3242 1670/1672/3242 1625/1620/3242
f 1670/1672/3243 1657/1659/3243 1620/1621/3243
f 1657/1659/3244 1671/1676/3244 1626/1631/3244
f 1626/1631/3245 1671/1676/3245 1637/1638/3245
f 1637/1638/3246 1671/1676/3246 1632/1622/3246
f 1674/1677/3247 1661/1667/3247 1632/1622/3247
f 1673/1674/3248 1603/1604/3248 1612/1613/3248
f 1635/1635/3249 1668/1647/3249 1589/1589/3249
f 1633/1632/3250 1677/1678/3250 1645/1644/3250
f 1534/1548/3251 1679/1679/3251 1665/1662/3251
f 1611/1612/3252 1659/1658/3252 1650/1646/3252
f 1673/1674/3253 1675/1680/3253 1603/1604/3253
f 1575/1573/3254 1680/1681/3254 1623/1626/3254
f 1623/1626/3255 1680/1681/3255 1651/1649/3255
f 1671/1676/3256 1674/1677/3256 1632/1622/3256
f 1658/1657/3257 1686/1682/3257 1633/1632/3257
f 1677/1678/3258 1678/1683/3258 1645/1644/3258
f 1678/1683/3259 1664/1668/3259 1645/1644/3259
f 1653/1651/3260 1683/1684/3260 1646/1660/3260
f 1684/1665/3261 1685/1685/3261 1673/1674/3261
f 1643/1648/3262 1704/1686/3262 1604/1605/3262
f 1670/1672/3263 1682/1687/3263 1657/1659/3263
f 1627/1628/3264 1664/1668/3264 1653/1651/3264
f 1639/1640/3265 1702/1688/3265 1662/1652/3265
f 1579/1579/3266 1660/1666/3266 1635/1635/3266
f 1568/1538/3267 1690/1689/3267 1580/1590/3267
f 1580/1590/3268 1690/1689/3268 1557/1556/3268
f 1651/1649/3269 1681/1690/3269 1644/1636/3269
f 1681/1690/3270 1691/1691/3270 1644/1636/3270
f 1644/1636/3271 1691/1691/3271 1655/1656/3271
f 1656/1637/3272 1669/1671/3272 1670/1672/3272
f 1657/1659/3273 1692/1692/3273 1671/1676/3273
f 1661/1667/3274 1686/1682/3274 1658/1657/3274
f 1686/1682/3275 1677/1678/3275 1633/1632/3275
f 1702/1688/3276 1640/1653/3276 1662/1652/3276
f 1672/1673/3277 1687/1693/3277 1649/1655/3277
f 1649/1655/3278 1687/1693/3278 1667/1664/3278
f 1650/1646/3279 1700/1694/3279 1684/1665/3279
f 1693/1695/3280 1676/1675/3280 1615/1614/3280
f 1694/1696/3281 1689/1669/3281 1574/1580/3281
f 1682/1687/3282 1692/1692/3282 1657/1659/3282
f 1653/1651/3283 1664/1668/3283 1683/1684/3283
f 1647/1645/3284 1695/1697/3284 1666/1663/3284
f 1666/1663/3285 1695/1697/3285 1648/1654/3285
f 1648/1654/3286 1696/1698/3286 1641/1641/3286
f 1667/1664/3287 1688/1699/3287 1659/1658/3287
f 1659/1658/3288 1700/1694/3288 1650/1646/3288
f 1685/1685/3289 1675/1680/3289 1673/1674/3289
f 1690/1689/3290 1636/1643/3290 1557/1556/3290
f 1636/1643/3291 1680/1681/3291 1575/1573/3291
f 1655/1656/3292 1691/1691/3292 1652/1650/3292
f 1683/1684/3293 1699/1700/3293 1646/1660/3293
f 1646/1660/3294 1702/1688/3294 1639/1640/3294
f 1641/1641/3295 1696/1698/3295 1672/1673/3295
f 1688/1699/3296 1700/1694/3296 1659/1658/3296
f 1603/1604/3297 1675/1680/3297 1697/1701/3297
f 1634/1634/3298 1721/1702/3298 1615/1614/3298
f 1676/1675/3299 1694/1696/3299 1574/1580/3299
f 1704/1686/3300 1654/1670/3300 1604/1605/3300
f 1654/1670/3301 1690/1689/3301 1568/1538/3301
f 1671/1676/3302 1692/1692/3302 1674/1677/3302
f 1677/1678/3303 1701/1703/3303 1678/1683/3303
f 1695/1697/3304 1696/1698/3304 1648/1654/3304
f 1672/1673/3305 1703/1704/3305 1687/1693/3305
f 1687/1693/3306 1688/1699/3306 1667/1664/3306
f 1697/1701/3307 1634/1634/3307 1603/1604/3307
f 1670/1672/3308 1706/1705/3308 1682/1687/3308
f 1683/1684/3309 1664/1668/3309 1698/1706/3309
f 1698/1706/3310 1699/1700/3310 1683/1684/3310
f 1696/1698/3311 1703/1704/3311 1672/1673/3311
f 1668/1647/3312 1738/1707/3312 1643/1648/3312
f 1681/1690/3313 1709/1708/3313 1691/1691/3313
f 1669/1671/3314 1705/1709/3314 1670/1672/3314
f 1674/1677/3315 1728/1710/3315 1661/1667/3315
f 1661/1667/3316 1707/1711/3316 1686/1682/3316
f 1702/1688/3317 1663/1661/3317 1640/1653/3317
f 1647/1645/3318 1665/1662/3318 1695/1697/3318
f 1714/1712/3319 1697/1701/3319 1675/1680/3319
f 1689/1669/3320 1737/1713/3320 1660/1666/3320
f 1728/1710/3321 1707/1711/3321 1661/1667/3321
f 1678/1683/3322 1710/1714/3322 1664/1668/3322
f 1646/1660/3323 1699/1700/3323 1702/1688/3323
f 1720/1715/3324 1684/1665/3324 1700/1694/3324
f 1685/1685/3325 1713/1716/3325 1675/1680/3325
f 1713/1716/3326 1714/1712/3326 1675/1680/3326
f 1693/1695/3327 1694/1696/3327 1676/1675/3327
f 1660/1666/3328 1723/1717/3328 1635/1635/3328
f 1718/1718/3329 1726/1719/3329 1681/1690/3329
f 1652/1650/3330 1719/1720/3330 1669/1671/3330
f 1669/1671/3331 1719/1720/3331 1705/1709/3331
f 1710/1714/3332 1711/1721/3332 1664/1668/3332
f 1664/1668/3333 1711/1721/3333 1698/1706/3333
f 1665/1662/3334 1708/1722/3334 1695/1697/3334
f 1687/1693/3335 1712/1723/3335 1688/1699/3335
f 1688/1699/3336 1720/1715/3336 1700/1694/3336
f 1720/1715/3337 1713/1716/3337 1684/1665/3337
f 1684/1665/3338 1713/1716/3338 1685/1685/3338
f 1697/1701/3339 1715/1724/3339 1634/1634/3339
f 1721/1702/3340 1693/1695/3340 1615/1614/3340
f 1694/1696/3341 1722/1725/3341 1689/1669/3341
f 1716/1726/3342 1737/1713/3342 1689/1669/3342
f 1738/1707/3343 1704/1686/3343 1643/1648/3343
f 1680/1681/3344 1725/1727/3344 1651/1649/3344
f 1681/1690/3345 1726/1719/3345 1709/1708/3345
f 1706/1705/3346 1727/1728/3346 1682/1687/3346
f 1692/1692/3347 1732/1729/3347 1674/1677/3347
f 1686/1682/3348 1701/1703/3348 1677/1678/3348
f 1701/1703/3349 1710/1714/3349 1678/1683/3349
f 1699/1700/3350 1729/1730/3350 1702/1688/3350
f 1695/1697/3351 1731/1731/3351 1696/1698/3351
f 1703/1704/3352 1735/1732/3352 1687/1693/3352
f 1735/1732/3353 1712/1723/3353 1687/1693/3353
f 1722/1725/3354 1716/1726/3354 1689/1669/3354
f 1725/1727/3355 1718/1718/3355 1651/1649/3355
f 1651/1649/3356 1718/1718/3356 1681/1690/3356
f 1709/1708/3357 1652/1650/3357 1691/1691/3357
f 1670/1672/3358 1705/1709/3358 1706/1705/3358
f 1682/1687/3359 1727/1728/3359 1692/1692/3359
f 1732/1729/3360 1728/1710/3360 1674/1677/3360
f 1699/1700/3361 1734/1733/3361 1729/1730/3361
f 1702/1688/3362 1730/1734/3362 1663/1661/3362
f 1688/1699/3363 1736/1735/3363 1720/1715/3363
f 1717/1736/3364 1636/1643/3364 1690/1689/3364
f 1705/1709/3365 1745/1737/3365 1706/1705/3365
f 1692/1692/3366 1727/1728/3366 1732/1729/3366
f 1698/1706/3367 1733/1738/3367 1699/1700/3367
f 1708/1722/3368 1731/1731/3368 1695/1697/3368
f 1712/1723/3369 1736/1735/3369 1688/1699/3369
f 1697/1701/3370 1714/1712/3370 1715/1724/3370
f 1716/1726/3371 1722/1725/3371 1737/1713/3371
f 1660/1666/3372 1737/1713/3372 1723/1717/3372
f 1709/1708/3373 1739/1739/3373 1652/1650/3373
f 1739/1739/3374 1719/1720/3374 1652/1650/3374
f 1686/1682/3375 1740/1740/3375 1701/1703/3375
f 1711/1721/3376 1733/1738/3376 1698/1706/3376
f 1729/1730/3377 1747/1741/3377 1702/1688/3377
f 1702/1688/3378 1741/1742/3378 1730/1734/3378
f 1679/1679/3379 1768/1743/3379 1665/1662/3379
f 1720/1715/3380 1743/1744/3380 1713/1716/3380
f 1743/1744/3381 1744/1745/3381 1713/1716/3381
f 1713/1716/3382 1744/1745/3382 1714/1712/3382
f 1635/1635/3383 1724/1746/3383 1668/1647/3383
f 1719/1720/3384 1745/1737/3384 1705/1709/3384
f 1745/1737/3385 1727/1728/3385 1706/1705/3385
f 1732/1729/3386 1749/1747/3386 1728/1710/3386
f 1707/1711/3387 1740/1740/3387 1686/1682/3387
f 1733/1738/3388 1734/1733/3388 1699/1700/3388
f 1724/1746/3389 1738/1707/3389 1668/1647/3389
f 1734/1733/3390 1747/1741/3390 1729/1730/3390
f 1665/1662/3391 1768/1743/3391 1708/1722/3391
f 1696/1698/3392 1731/1731/3392 1703/1704/3392
f 1693/1695/3393 1722/1725/3393 1694/1696/3393
f 1704/1686/3394 1750/1748/3394 1654/1670/3394
f 1654/1670/3395 1748/1749/3395 1690/1689/3395
f 1690/1689/3396 1748/1749/3396 1717/1736/3396
f 1740/1740/3397 1746/1750/3397 1701/1703/3397
f 1701/1703/3398 1746/1750/3398 1710/1714/3398
f 1710/1714/3399 1752/1751/3399 1711/1721/3399
f 1711/1721/3400 1752/1751/3400 1733/1738/3400
f 1731/1731/3401 1753/1752/3401 1703/1704/3401
f 1714/1712/3402 1754/1753/3402 1715/1724/3402
f 1722/1725/3403 1755/1754/3403 1737/1713/3403
f 1723/1717/3404 1757/1755/3404 1635/1635/3404
f 1758/1756/3405 1709/1708/3405 1726/1719/3405
f 1709/1708/3406 1759/1757/3406 1739/1739/3406
f 1728/1710/3407 1760/1758/3407 1707/1711/3407
f 1707/1711/3408 1751/1759/3408 1740/1740/3408
f 1740/1740/3409 1761/1760/3409 1746/1750/3409
f 1747/1741/3410 1741/1742/3410 1702/1688/3410
f 1744/1745/3411 1763/1761/3411 1714/1712/3411
f 1764/1762/3412 1634/1634/3412 1715/1724/3412
f 1765/1763/3413 1756/1764/3413 1737/1713/3413
f 1738/1707/3414 1766/1765/3414 1704/1686/3414
f 1636/1643/3415 1800/1766/3415 1680/1681/3415
f 1718/1718/3416 1758/1756/3416 1726/1719/3416
f 1739/1739/3417 1759/1757/3417 1719/1720/3417
f 1727/1728/3418 1772/1767/3418 1732/1729/3418
f 1749/1747/3419 1760/1758/3419 1728/1710/3419
f 1707/1711/3420 1760/1758/3420 1751/1759/3420
f 1708/1722/3421 1762/1768/3421 1731/1731/3421
f 1753/1752/3422 1735/1732/3422 1703/1704/3422
f 1743/1744/3423 1763/1761/3423 1744/1745/3423
f 1693/1695/3424 1769/1769/3424 1722/1725/3424
f 1769/1769/3425 1755/1754/3425 1722/1725/3425
f 1737/1713/3426 1756/1764/3426 1723/1717/3426
f 1704/1686/3427 1770/1770/3427 1750/1748/3427
f 1750/1748/3428 1767/1771/3428 1654/1670/3428
f 1719/1720/3429 1805/1772/3429 1745/1737/3429
f 1745/1737/3430 1771/1773/3430 1727/1728/3430
f 1771/1773/3431 1772/1767/3431 1727/1728/3431
f 1772/1767/3432 1749/1747/3432 1732/1729/3432
f 1751/1759/3433 1773/1774/3433 1740/1740/3433
f 1710/1714/3434 1746/1750/3434 1752/1751/3434
f 1733/1738/3435 1774/1775/3435 1734/1733/3435
f 1755/1754/3436 1776/1776/3436 1737/1713/3436
f 1776/1776/3437 1765/1763/3437 1737/1713/3437
f 1756/1764/3438 1797/1777/3438 1723/1717/3438
f 1757/1755/3439 1724/1746/3439 1635/1635/3439
f 1654/1670/3440 1767/1771/3440 1748/1749/3440
f 1741/1742/3441 1777/1778/3441 1730/1734/3441
f 1768/1743/3442 1785/1779/3442 1708/1722/3442
f 1720/1715/3443 1778/1780/3443 1743/1744/3443
f 1725/1727/3444 1817/1781/3444 1718/1718/3444
f 1817/1781/3445 1758/1756/3445 1718/1718/3445
f 1709/1708/3446 1758/1756/3446 1759/1757/3446
f 1740/1740/3447 1773/1774/3447 1761/1760/3447
f 1784/1782/3448 1752/1751/3448 1746/1750/3448
f 1730/1734/3449 1777/1778/3449 1742/1783/3449
f 1708/1722/3450 1785/1779/3450 1762/1768/3450
f 1712/1723/3451 1779/1784/3451 1736/1735/3451
f 1779/1784/3452 1775/1785/3452 1736/1735/3452
f 1736/1735/3453 1780/1786/3453 1720/1715/3453
f 1743/1744/3454 1778/1780/3454 1763/1761/3454
f 1754/1753/3455 1781/1787/3455 1715/1724/3455
f 1764/1762/3456 1721/1702/3456 1634/1634/3456
f 1797/1777/3457 1757/1755/3457 1723/1717/3457
f 1759/1757/3458 1805/1772/3458 1719/1720/3458
f 1790/1788/3459 1771/1773/3459 1745/1737/3459
f 1749/1747/3460 1783/1789/3460 1760/1758/3460
f 1760/1758/3461 1792/1790/3461 1751/1759/3461
f 1734/1733/3462 1774/1775/3462 1747/1741/3462
f 1774/1775/3463 1802/1791/3463 1747/1741/3463
f 1762/1768/3464 1786/1792/3464 1731/1731/3464
f 1731/1731/3465 1786/1792/3465 1753/1752/3465
f 1763/1761/3466 1754/1753/3466 1714/1712/3466
f 1715/1724/3467 1781/1787/3467 1764/1762/3467
f 1693/1695/3468 1787/1793/3468 1782/1794/3468
f 1782/1794/3469 1769/1769/3469 1693/1695/3469
f 1788/1795/3470 1789/1796/3470 1755/1754/3470
f 1789/1796/3471 1776/1776/3471 1755/1754/3471
f 1680/1681/3472 1817/1781/3472 1725/1727/3472
f 1758/1756/3473 1804/1797/3473 1759/1757/3473
f 1771/1773/3474 1812/1798/3474 1772/1767/3474
f 1746/1750/3475 1761/1760/3475 1784/1782/3475
f 1747/1741/3476 1802/1791/3476 1741/1742/3476
f 1741/1742/3477 1793/1799/3477 1777/1778/3477
f 1753/1752/3478 1794/1800/3478 1735/1732/3478
f 1735/1732/3479 1794/1800/3479 1712/1723/3479
f 1721/1702/3480 1796/1801/3480 1693/1695/3480
f 1765/1763/3481 1797/1777/3481 1756/1764/3481
f 1766/1765/3482 1770/1770/3482 1704/1686/3482
f 1717/1736/3483 1800/1766/3483 1636/1643/3483
f 1772/1767/3484 1806/1802/3484 1749/1747/3484
f 1749/1747/3485 1791/1803/3485 1783/1789/3485
f 1760/1758/3486 1783/1789/3486 1792/1790/3486
f 1792/1790/3487 1773/1774/3487 1751/1759/3487
f 1752/1751/3488 1801/1804/3488 1733/1738/3488
f 1733/1738/3489 1801/1804/3489 1774/1775/3489
f 1802/1791/3490 1793/1799/3490 1741/1742/3490
f 1770/1770/3491 1798/1805/3491 1750/1748/3491
f 1750/1748/3492 1798/1805/3492 1767/1771/3492
f 1805/1772/3493 1790/1788/3493 1745/1737/3493
f 1774/1775/3494 1807/1806/3494 1802/1791/3494
f 1762/1768/3495 1803/1807/3495 1786/1792/3495
f 1775/1785/3496 1780/1786/3496 1736/1735/3496
f 1720/1715/3497 1780/1786/3497 1778/1780/3497
f 1778/1780/3498 1795/1808/3498 1763/1761/3498
f 1769/1769/3499 1808/1809/3499 1755/1754/3499
f 1755/1754/3500 1808/1809/3500 1788/1795/3500
f 1748/1749/3501 1799/1810/3501 1717/1736/3501
f 1758/1756/3502 1810/1811/3502 1804/1797/3502
f 1811/1812/3503 1805/1772/3503 1759/1757/3503
f 1761/1760/3504 1824/1813/3504 1784/1782/3504
f 1801/1804/3505 1813/1814/3505 1774/1775/3505
f 1795/1808/3506 1754/1753/3506 1763/1761/3506
f 1721/1702/3507 1839/1815/3507 1796/1801/3507
f 1796/1801/3508 1787/1793/3508 1693/1695/3508
f 1767/1771/3509 1814/1816/3509 1748/1749/3509
f 1814/1816/3510 1815/1817/3510 1748/1749/3510
f 1815/1817/3511 1799/1810/3511 1748/1749/3511
f 1799/1810/3512 1816/1818/3512 1717/1736/3512
f 1717/1736/3513 1816/1818/3513 1800/1766/3513
f 1817/1781/3514 1810/1811/3514 1758/1756/3514
f 1804/1797/3515 1811/1812/3515 1759/1757/3515
f 1811/1812/3516 1818/1819/3516 1805/1772/3516
f 1806/1802/3517 1791/1803/3517 1749/1747/3517
f 1752/1751/3518 1819/1820/3518 1801/1804/3518
f 1794/1800/3519 1828/1821/3519 1712/1723/3519
f 1828/1821/3520 1779/1784/3520 1712/1723/3520
f 1754/1753/3521 1837/1822/3521 1781/1787/3521
f 1776/1776/3522 1789/1796/3522 1765/1763/3522
f 1797/1777/3523 1830/1823/3523 1757/1755/3523
f 1757/1755/3524 1809/1824/3524 1724/1746/3524
f 1724/1746/3525 1820/1825/3525 1738/1707/3525
f 1770/1770/3526 1766/1765/3526 1798/1805/3526
f 1805/1772/3527 1821/1826/3527 1790/1788/3527
f 1790/1788/3528 1822/1827/3528 1771/1773/3528
f 1812/1798/3529 1806/1802/3529 1772/1767/3529
f 1791/1803/3530 1823/1828/3530 1783/1789/3530
f 1832/1829/3531 1824/1813/3531 1761/1760/3531
f 1784/1782/3532 1825/1830/3532 1752/1751/3532
f 1801/1804/3533 1826/1831/3533 1813/1814/3533
f 1774/1775/3534 1813/1814/3534 1807/1806/3534
f 1762/1768/3535 1827/1832/3535 1803/1807/3535
f 1786/1792/3536 1794/1800/3536 1753/1752/3536
f 1775/1785/3537 1829/1833/3537 1780/1786/3537
f 1795/1808/3538 1837/1822/3538 1754/1753/3538
f 1769/1769/3539 1782/1794/3539 1808/1809/3539
f 1765/1763/3540 1830/1823/3540 1797/1777/3540
f 1738/1707/3541 1820/1825/3541 1766/1765/3541
f 1771/1773/3542 1822/1827/3542 1812/1798/3542
f 1773/1774/3543 1832/1829/3543 1761/1760/3543
f 1824/1813/3544 1825/1830/3544 1784/1782/3544
f 1825/1830/3545 1819/1820/3545 1752/1751/3545
f 1785/1779/3546 1833/1834/3546 1762/1768/3546
f 1721/1702/3547 1764/1762/3547 1839/1815/3547
f 1809/1824/3548 1820/1825/3548 1724/1746/3548
f 1767/1771/3549 1798/1805/3549 1814/1816/3549
f 1810/1811/3550 1834/1835/3550 1804/1797/3550
f 1805/1772/3551 1831/1836/3551 1821/1826/3551
f 1773/1774/3552 1792/1790/3552 1832/1829/3552
f 1819/1820/3553 1826/1831/3553 1801/1804/3553
f 1807/1806/3554 1836/1837/3554 1802/1791/3554
f 1833/1834/3555 1827/1832/3555 1762/1768/3555
f 1786/1792/3556 1828/1821/3556 1794/1800/3556
f 1829/1833/3557 1778/1780/3557 1780/1786/3557
f 1837/1822/3558 1844/1838/3558 1781/1787/3558
f 1789/1796/3559 1840/1839/3559 1765/1763/3559
f 1840/1839/3560 1830/1823/3560 1765/1763/3560
f 1823/1828/3561 1792/1790/3561 1783/1789/3561
f 1679/1679/3562 1785/1779/3562 1768/1743/3562
f 1827/1832/3563 1842/1840/3563 1803/1807/3563
f 1803/1807/3564 1843/1841/3564 1786/1792/3564
f 1786/1792/3565 1843/1841/3565 1828/1821/3565
f 1844/1838/3566 1838/1842/3566 1781/1787/3566
f 1766/1765/3567 1845/1843/3567 1798/1805/3567
f 1680/1681/3568 1800/1766/3568 1817/1781/3568
f 1834/1835/3569 1847/1844/3569 1804/1797/3569
f 1821/1826/3570 1835/1845/3570 1790/1788/3570
f 1835/1845/3571 1822/1827/3571 1790/1788/3571
f 1806/1802/3572 1860/1846/3572 1791/1803/3572
f 1836/1837/3573 1793/1799/3573 1802/1791/3573
f 1679/1679/3574 1841/1847/3574 1785/1779/3574
f 1828/1821/3575 1849/1848/3575 1779/1784/3575
f 1787/1793/3576 1850/1849/3576 1782/1794/3576
f 1850/1849/3577 1808/1809/3577 1782/1794/3577
f 1789/1796/3578 1851/1850/3578 1840/1839/3578
f 1830/1823/3579 1852/1851/3579 1757/1755/3579
f 1845/1843/3580 1846/1852/3580 1798/1805/3580
f 1815/1817/3581 1853/1853/3581 1799/1810/3581
f 1847/1844/3582 1811/1812/3582 1804/1797/3582
f 1822/1827/3583 1848/1854/3583 1812/1798/3583
f 1813/1814/3584 1826/1831/3584 1807/1806/3584
f 1849/1848/3585 1775/1785/3585 1779/1784/3585
f 1829/1833/3586 1854/1855/3586 1778/1780/3586
f 1778/1780/3587 1855/1856/3587 1795/1808/3587
f 1795/1808/3588 1855/1856/3588 1837/1822/3588
f 1781/1787/3589 1856/1857/3589 1764/1762/3589
f 1857/1858/3590 1850/1849/3590 1787/1793/3590
f 1808/1809/3591 1858/1859/3591 1788/1795/3591
f 1858/1859/3592 1789/1796/3592 1788/1795/3592
f 1814/1816/3593 1859/1860/3593 1815/1817/3593
f 1791/1803/3594 1860/1846/3594 1823/1828/3594
f 1854/1855/3595 1855/1856/3595 1778/1780/3595
f 1855/1856/3596 1844/1838/3596 1837/1822/3596
f 1796/1801/3597 1857/1858/3597 1787/1793/3597
f 1863/1861/3598 1851/1850/3598 1789/1796/3598
f 1798/1805/3599 1846/1852/3599 1814/1816/3599
f 1816/1818/3600 1865/1862/3600 1800/1766/3600
f 1817/1781/3601 1834/1835/3601 1810/1811/3601
f 1818/1819/3602 1831/1836/3602 1805/1772/3602
f 1831/1836/3603 1866/1863/3603 1821/1826/3603
f 1821/1826/3604 1866/1863/3604 1835/1845/3604
f 1792/1790/3605 1823/1828/3605 1861/1864/3605
f 1819/1820/3606 1867/1865/3606 1826/1831/3606
f 1807/1806/3607 1862/1866/3607 1836/1837/3607
f 1803/1807/3608 1842/1840/3608 1843/1841/3608
f 1839/1815/3609 1868/1867/3609 1796/1801/3609
f 1766/1765/3610 1864/1868/3610 1845/1843/3610
f 1799/1810/3611 1853/1853/3611 1816/1818/3611
f 1818/1819/3612 1869/1869/3612 1831/1836/3612
f 1792/1790/3613 1861/1864/3613 1832/1829/3613
f 1793/1799/3614 1891/1870/3614 1777/1778/3614
f 1843/1841/3615 1870/1871/3615 1828/1821/3615
f 1828/1821/3616 1870/1871/3616 1849/1848/3616
f 1849/1848/3617 1829/1833/3617 1775/1785/3617
f 1871/1872/3618 1856/1857/3618 1781/1787/3618
f 1830/1823/3619 1840/1839/3619 1852/1851/3619
f 1859/1860/3620 1874/1873/3620 1815/1817/3620
f 1815/1817/3621 1874/1873/3621 1853/1853/3621
f 1822/1827/3622 1835/1845/3622 1848/1854/3622
f 1889/1874/3623 1860/1846/3623 1806/1802/3623
f 1860/1846/3624 1881/1875/3624 1823/1828/3624
f 1824/1813/3625 1876/1876/3625 1825/1830/3625
f 1825/1830/3626 1876/1876/3626 1819/1820/3626
f 1826/1831/3627 1862/1866/3627 1807/1806/3627
f 1785/1779/3628 1841/1847/3628 1833/1834/3628
f 1833/1834/3629 1877/1877/3629 1827/1832/3629
f 1827/1832/3630 1878/1878/3630 1842/1840/3630
f 1838/1842/3631 1871/1872/3631 1781/1787/3631
f 1796/1801/3632 1868/1867/3632 1872/1879/3632
f 1796/1801/3633 1872/1879/3633 1857/1858/3633
f 1858/1859/3634 1863/1861/3634 1789/1796/3634
f 1864/1868/3635 1873/1880/3635 1845/1843/3635
f 1845/1843/3636 1873/1880/3636 1846/1852/3636
f 1814/1816/3637 1846/1852/3637 1859/1860/3637
f 1800/1766/3638 1875/1881/3638 1817/1781/3638
f 1811/1812/3639 1880/1882/3639 1818/1819/3639
f 1818/1819/3640 1880/1882/3640 1869/1869/3640
f 1812/1798/3641 1848/1854/3641 1806/1802/3641
f 1882/1883/3642 1876/1876/3642 1824/1813/3642
f 1819/1820/3643 1876/1876/3643 1867/1865/3643
f 1679/1679/3644 1883/1884/3644 1841/1847/3644
f 1842/1840/3645 1884/1885/3645 1843/1841/3645
f 1849/1848/3646 1885/1886/3646 1829/1833/3646
f 1844/1838/3647 1902/1887/3647 1838/1842/3647
f 1764/1762/3648 1856/1857/3648 1839/1815/3648
f 1820/1825/3649 1879/1888/3649 1766/1765/3649
f 1888/1889/3650 1874/1873/3650 1859/1860/3650
f 1816/1818/3651 1910/1890/3651 1865/1862/3651
f 1834/1835/3652 1892/1891/3652 1847/1844/3652
f 1832/1829/3653 1882/1883/3653 1824/1813/3653
f 1826/1831/3654 1890/1892/3654 1862/1866/3654
f 1836/1837/3655 1891/1870/3655 1793/1799/3655
f 1883/1884/3656 1877/1877/3656 1841/1847/3656
f 1827/1832/3657 1877/1877/3657 1878/1878/3657
f 1878/1878/3658 1884/1885/3658 1842/1840/3658
f 1843/1841/3659 1884/1885/3659 1870/1871/3659
f 1885/1886/3660 1854/1855/3660 1829/1833/3660
f 1855/1856/3661 1886/1893/3661 1844/1838/3661
f 1839/1815/3662 1856/1857/3662 1868/1867/3662
f 1808/1809/3663 1850/1849/3663 1858/1859/3663
f 1852/1851/3664 1922/1894/3664 1757/1755/3664
f 1853/1853/3665 1910/1890/3665 1816/1818/3665
f 1817/1781/3666 1892/1891/3666 1834/1835/3666
f 1881/1875/3667 1861/1864/3667 1823/1828/3667
f 1861/1864/3668 1893/1895/3668 1832/1829/3668
f 1867/1865/3669 1890/1892/3669 1826/1831/3669
f 1862/1866/3670 1894/1896/3670 1836/1837/3670
f 1870/1871/3671 1895/1897/3671 1849/1848/3671
f 1895/1897/3672 1885/1886/3672 1849/1848/3672
f 1863/1861/3673 1896/1898/3673 1851/1850/3673
f 1879/1888/3674 1864/1868/3674 1766/1765/3674
f 1873/1880/3675 1897/1899/3675 1846/1852/3675
f 1846/1852/3676 1888/1889/3676 1859/1860/3676
f 1817/1781/3677 1875/1881/3677 1892/1891/3677
f 1892/1891/3678 1898/1900/3678 1847/1844/3678
f 1831/1836/3679 1869/1869/3679 1866/1863/3679
f 1866/1863/3680 1899/1901/3680 1835/1845/3680
f 1848/1854/3681 1889/1874/3681 1806/1802/3681
f 1889/1874/3682 1900/1902/3682 1860/1846/3682
f 1860/1846/3683 1900/1902/3683 1881/1875/3683
f 1854/1855/3684 1901/1903/3684 1855/1856/3684
f 1901/1903/3685 1886/1893/3685 1855/1856/3685
f 1886/1893/3686 1902/1887/3686 1844/1838/3686
f 1851/1850/3687 1903/1904/3687 1840/1839/3687
f 1928/1905/3688 1904/1906/3688 1820/1825/3688
f 1916/1907/3689 1875/1881/3689 1800/1766/3689
f 1847/1844/3690 1898/1900/3690 1811/1812/3690
f 1899/1901/3691 1905/1908/3691 1835/1845/3691
f 1835/1845/3692 1905/1908/3692 1848/1854/3692
f 1911/1909/3693 1889/1874/3693 1848/1854/3693
f 1893/1895/3694 1882/1883/3694 1832/1829/3694
f 1876/1876/3695 1906/1910/3695 1867/1865/3695
f 1841/1847/3696 1877/1877/3696 1833/1834/3696
f 1885/1886/3697 1907/1911/3697 1854/1855/3697
f 1857/1858/3698 1872/1879/3698 1850/1849/3698
f 1872/1879/3699 1887/1912/3699 1850/1849/3699
f 1850/1849/3700 1887/1912/3700 1858/1859/3700
f 1851/1850/3701 1909/1913/3701 1903/1904/3701
f 1820/1825/3702 1904/1906/3702 1879/1888/3702
f 1865/1862/3703 1916/1907/3703 1800/1766/3703
f 1898/1900/3704 1880/1882/3704 1811/1812/3704
f 1905/1908/3705 1911/1909/3705 1848/1854/3705
f 1906/1910/3706 1890/1892/3706 1867/1865/3706
f 1891/1870/3707 1912/1914/3707 1777/1778/3707
f 1884/1885/3708 1914/1915/3708 1870/1871/3708
f 1907/1911/3709 1901/1903/3709 1854/1855/3709
f 1902/1887/3710 1908/1916/3710 1838/1842/3710
f 1838/1842/3711 1908/1916/3711 1871/1872/3711
f 1896/1898/3712 1909/1913/3712 1851/1850/3712
f 1840/1839/3713 1903/1904/3713 1852/1851/3713
f 1922/1894/3714 1809/1824/3714 1757/1755/3714
f 1910/1890/3715 1916/1907/3715 1865/1862/3715
f 1880/1882/3716 1917/1917/3716 1869/1869/3716
f 1869/1869/3717 1917/1917/3717 1866/1863/3717
f 1911/1909/3718 1918/1918/3718 1889/1874/3718
f 1861/1864/3719 1919/1919/3719 1893/1895/3719
f 1914/1915/3720 1895/1897/3720 1870/1871/3720
f 1856/1857/3721 1920/1920/3721 1868/1867/3721
f 1887/1912/3722 1921/1921/3722 1858/1859/3722
f 1809/1824/3723 1955/1922/3723 1820/1825/3723
f 1864/1868/3724 1897/1899/3724 1873/1880/3724
f 1919/1919/3725 1882/1883/3725 1893/1895/3725
f 1876/1876/3726 1882/1883/3726 1906/1910/3726
f 1878/1878/3727 1913/1923/3727 1884/1885/3727
f 1913/1923/3728 1914/1915/3728 1884/1885/3728
f 1915/1924/3729 1885/1886/3729 1895/1897/3729
f 1924/1925/3730 1925/1926/3730 1886/1893/3730
f 1925/1926/3731 1902/1887/3731 1886/1893/3731
f 1926/1927/3732 1908/1916/3732 1902/1887/3732
f 1868/1867/3733 1920/1920/3733 1872/1879/3733
f 1863/1861/3734 1858/1859/3734 1896/1898/3734
f 1903/1904/3735 1947/1928/3735 1852/1851/3735
f 1888/1889/3736 1930/1929/3736 1874/1873/3736
f 1874/1873/3737 1923/1930/3737 1853/1853/3737
f 1853/1853/3738 1923/1930/3738 1910/1890/3738
f 1875/1881/3739 1934/1931/3739 1892/1891/3739
f 1917/1917/3740 1899/1901/3740 1866/1863/3740
f 1899/1901/3741 1931/1932/3741 1905/1908/3741
f 1918/1918/3742 1900/1902/3742 1889/1874/3742
f 1861/1864/3743 1935/1933/3743 1919/1919/3743
f 1906/1910/3744 1932/1934/3744 1890/1892/3744
f 1890/1892/3745 1933/1935/3745 1862/1866/3745
f 1862/1866/3746 1933/1935/3746 1894/1896/3746
f 1914/1915/3747 1915/1924/3747 1895/1897/3747
f 1927/1936/3748 1920/1920/3748 1856/1857/3748
f 1880/1882/3749 1941/1937/3749 1917/1917/3749
f 1882/1883/3750 1936/1938/3750 1906/1910/3750
f 1894/1896/3751 1937/1939/3751 1836/1837/3751
f 1836/1837/3752 1937/1939/3752 1891/1870/3752
f 1877/1877/3753 1938/1940/3753 1878/1878/3753
f 1907/1911/3754 1939/1941/3754 1901/1903/3754
f 1901/1903/3755 1924/1925/3755 1886/1893/3755
f 1921/1921/3756 1896/1898/3756 1858/1859/3756
f 1947/1928/3757 1922/1894/3757 1852/1851/3757
f 1820/1825/3758 1955/1922/3758 1928/1905/3758
f 1928/1905/3759 1940/1942/3759 1904/1906/3759
f 1846/1852/3760 1929/1943/3760 1888/1889/3760
f 1948/1944/3761 1934/1931/3761 1875/1881/3761
f 1898/1900/3762 1941/1937/3762 1880/1882/3762
f 1881/1875/3763 1942/1945/3763 1861/1864/3763
f 1943/1946/3764 1938/1940/3764 1877/1877/3764
f 1878/1878/3765 1944/1947/3765 1913/1923/3765
f 1885/1886/3766 1945/1948/3766 1907/1911/3766
f 1925/1926/3767 1926/1927/3767 1902/1887/3767
f 1921/1921/3768 1946/1949/3768 1896/1898/3768
f 1809/1824/3769 1922/1894/3769 1955/1922/3769
f 1929/1943/3770 1930/1929/3770 1888/1889/3770
f 1916/1907/3771 1910/1890/3771 1963/1950/3771
f 1916/1907/3772 1948/1944/3772 1875/1881/3772
f 1905/1908/3773 1957/1951/3773 1911/1909/3773
f 1918/1918/3774 1966/1952/3774 1900/1902/3774
f 1900/1902/3775 1942/1945/3775 1881/1875/3775
f 1861/1864/3776 1942/1945/3776 1935/1933/3776
f 1914/1915/3777 1961/1953/3777 1915/1924/3777
f 1915/1924/3778 1950/1954/3778 1885/1886/3778
f 1926/1927/3779 1952/1955/3779 1908/1916/3779
f 1871/1872/3780 1953/1956/3780 1856/1857/3780
f 1920/1920/3781 1954/1957/3781 1872/1879/3781
f 1909/1913/3782 1947/1928/3782 1903/1904/3782
f 1879/1888/3783 1956/1958/3783 1864/1868/3783
f 1864/1868/3784 1956/1958/3784 1897/1899/3784
f 1874/1873/3785 1930/1929/3785 1923/1930/3785
f 1923/1930/3786 1962/1959/3786 1910/1890/3786
f 1949/1960/3787 1898/1900/3787 1892/1891/3787
f 1919/1919/3788 1936/1938/3788 1882/1883/3788
f 1932/1934/3789 1933/1935/3789 1890/1892/3789
f 1894/1896/3790 1959/1961/3790 1937/1939/3790
f 1883/1884/3791 1943/1946/3791 1877/1877/3791
f 1913/1923/3792 1960/1962/3792 1914/1915/3792
f 1961/1953/3793 1950/1954/3793 1915/1924/3793
f 1950/1954/3794 1945/1948/3794 1885/1886/3794
f 1945/1948/3795 1951/1963/3795 1907/1911/3795
f 1924/1925/3796 1976/1964/3796 1925/1926/3796
f 1908/1916/3797 1952/1955/3797 1871/1872/3797
f 1856/1857/3798 1953/1956/3798 1927/1936/3798
f 1896/1898/3799 1946/1949/3799 1909/1913/3799
f 1897/1899/3800 1956/1958/3800 1846/1852/3800
f 1964/1965/3801 1948/1944/3801 1916/1907/3801
f 1934/1931/3802 1949/1960/3802 1892/1891/3802
f 1941/1937/3803 1965/1966/3803 1917/1917/3803
f 1911/1909/3804 1972/1967/3804 1918/1918/3804
f 1972/1967/3805 1966/1952/3805 1918/1918/3805
f 1933/1935/3806 1959/1961/3806 1894/1896/3806
f 1878/1878/3807 1938/1940/3807 1944/1947/3807
f 1907/1911/3808 1951/1963/3808 1939/1941/3808
f 1909/1913/3809 1967/1968/3809 1947/1928/3809
f 1968/1969/3810 1940/1942/3810 1928/1905/3810
f 1879/1888/3811 1969/1970/3811 1956/1958/3811
f 1930/1929/3812 1971/1971/3812 1923/1930/3812
f 1971/1971/3813 1962/1959/3813 1923/1930/3813
f 1963/1950/3814 1964/1965/3814 1916/1907/3814
f 1917/1917/3815 1965/1966/3815 1899/1901/3815
f 1965/1966/3816 1931/1932/3816 1899/1901/3816
f 1931/1932/3817 1957/1951/3817 1905/1908/3817
f 1957/1951/3818 1972/1967/3818 1911/1909/3818
f 1966/1952/3819 1942/1945/3819 1900/1902/3819
f 1935/1933/3820 1958/1972/3820 1919/1919/3820
f 1944/1947/3821 1960/1962/3821 1913/1923/3821
f 1960/1962/3822 1961/1953/3822 1914/1915/3822
f 1901/1903/3823 1976/1964/3823 1924/1925/3823
f 1955/1922/3824 1968/1969/3824 1928/1905/3824
f 1940/1942/3825 1977/1973/3825 1904/1906/3825
f 1904/1906/3826 1969/1970/3826 1879/1888/3826
f 1956/1958/3827 2008/1974/3827 1846/1852/3827
f 1846/1852/3828 2008/1974/3828 1929/1943/3828
f 1929/1943/3829 1970/1975/3829 1930/1929/3829
f 1948/1944/3830 1978/1976/3830 1934/1931/3830
f 1949/1960/3831 1984/1977/3831 1898/1900/3831
f 1984/1977/3832 1979/1978/3832 1898/1900/3832
f 1898/1900/3833 1979/1978/3833 1941/1937/3833
f 1919/1919/3834 1958/1972/3834 1936/1938/3834
f 1936/1938/3835 1932/1934/3835 1906/1910/3835
f 1891/1870/3836 1973/1979/3836 1912/1914/3836
f 1951/1963/3837 1989/1980/3837 1939/1941/3837
f 1990/1981/3838 1921/1921/3838 1887/1912/3838
f 1977/1973/3839 1969/1970/3839 1904/1906/3839
f 1970/1975/3840 1983/1982/3840 1930/1929/3840
f 1983/1982/3841 1971/1971/3841 1930/1929/3841
f 1935/1933/3842 1942/1945/3842 1980/1983/3842
f 1937/1939/3843 1986/1984/3843 1891/1870/3843
f 1939/1941/3844 1976/1964/3844 1901/1903/3844
f 1952/1955/3845 2034/1985/3845 1871/1872/3845
f 2034/1985/3846 1953/1956/3846 1871/1872/3846
f 1872/1879/3847 1990/1981/3847 1887/1912/3847
f 1946/1949/3848 1967/1968/3848 1909/1913/3848
f 1922/1894/3849 1947/1928/3849 1982/1986/3849
f 1962/1959/3850 1992/1987/3850 1910/1890/3850
f 1910/1890/3851 1992/1987/3851 1963/1950/3851
f 1931/1932/3852 1993/1988/3852 1957/1951/3852
f 2001/1989/3853 1972/1967/3853 1957/1951/3853
f 1936/1938/3854 1994/1990/3854 1932/1934/3854
f 1933/1935/3855 1985/1991/3855 1959/1961/3855
f 1891/1870/3856 1986/1984/3856 1973/1979/3856
f 1938/1940/3857 1988/1992/3857 1944/1947/3857
f 1950/1954/3858 1995/1993/3858 1945/1948/3858
f 1925/1926/3859 1996/1994/3859 1926/1927/3859
f 1920/1920/3860 2007/1995/3860 1954/1957/3860
f 1872/1879/3861 1954/1957/3861 1990/1981/3861
f 1946/1949/3862 1921/1921/3862 1981/1996/3862
f 1969/1970/3863 1999/1997/3863 1956/1958/3863
f 1964/1965/3864 1978/1976/3864 1948/1944/3864
f 1979/1978/3865 1965/1966/3865 1941/1937/3865
f 1965/1966/3866 2000/1998/3866 1931/1932/3866
f 2019/1999/3867 1993/1988/3867 1931/1932/3867
f 1972/1967/3868 2002/2000/3868 1966/1952/3868
f 2002/2000/3869 2003/2001/3869 1966/1952/3869
f 2003/2001/3870 1942/1945/3870 1966/1952/3870
f 2004/2002/3871 1980/1983/3871 1942/1945/3871
f 1935/1933/3872 1980/1983/3872 1958/1972/3872
f 1932/1934/3873 1985/1991/3873 1933/1935/3873
f 1988/1992/3874 1974/2003/3874 1944/1947/3874
f 1944/1947/3875 1974/2003/3875 1960/1962/3875
f 1975/2004/3876 2006/2005/3876 1961/1953/3876
f 1961/1953/3877 2006/2005/3877 1950/1954/3877
f 2006/2005/3878 1995/1993/3878 1950/1954/3878
f 1927/1936/3879 1997/2006/3879 1920/1920/3879
f 1997/2006/3880 2007/1995/3880 1920/1920/3880
f 1990/1981/3881 1981/1996/3881 1921/1921/3881
f 1955/1922/3882 1998/2007/3882 1968/1969/3882
f 1999/1997/3883 1991/2008/3883 1956/1958/3883
f 1991/2008/3884 2008/1974/3884 1956/1958/3884
f 2016/2009/3885 2005/2010/3885 1932/1934/3885
f 1932/1934/3886 2005/2010/3886 1985/1991/3886
f 1937/1939/3887 1959/1961/3887 1986/1984/3887
f 1883/1884/3888 1987/2011/3888 1943/1946/3888
f 1943/1946/3889 2011/2012/3889 1938/1940/3889
f 1995/1993/3890 1951/1963/3890 1945/1948/3890
f 1939/1941/3891 1989/1980/3891 1976/1964/3891
f 2012/2013/3892 1996/1994/3892 1925/1926/3892
f 1983/1982/3893 2013/2014/3893 1971/1971/3893
f 1971/1971/3894 2013/2014/3894 1962/1959/3894
f 2014/2015/3895 1949/1960/3895 1934/1931/3895
f 1957/1951/3896 1993/1988/3896 2001/1989/3896
f 2003/2001/3897 2004/2002/3897 1942/1945/3897
f 1994/1990/3898 2016/2009/3898 1932/1934/3898
f 1960/1962/3899 1975/2004/3899 1961/1953/3899
f 1976/1964/3900 2012/2013/3900 1925/1926/3900
f 1946/1949/3901 2017/2016/3901 1967/1968/3901
f 1929/1943/3902 2008/1974/3902 1970/1975/3902
f 1992/1987/3903 2018/2017/3903 1963/1950/3903
f 1978/1976/3904 2014/2015/3904 1934/1931/3904
f 1949/1960/3905 2026/2018/3905 1984/1977/3905
f 1984/1977/3906 2027/2019/3906 1979/1978/3906
f 1979/1978/3907 2009/2020/3907 1965/1966/3907
f 2000/1998/3908 2019/1999/3908 1931/1932/3908
f 2004/2002/3909 2020/2021/3909 1980/1983/3909
f 2015/2022/3910 2021/2023/3910 1958/1972/3910
f 1958/1972/3911 2021/2023/3911 1936/1938/3911
f 1943/1946/3912 1987/2011/3912 2010/2024/3912
f 1989/1980/3913 2029/2025/3913 1976/1964/3913
f 1926/1927/3914 1996/1994/3914 1952/1955/3914
f 2034/1985/3915 2023/2026/3915 1953/1956/3915
f 1953/1956/3916 2024/2027/3916 1927/1936/3916
f 1981/1996/3917 2017/2016/3917 1946/1949/3917
f 1967/1968/3918 2017/2016/3918 1947/1928/3918
f 1947/1928/3919 2040/2028/3919 1982/1986/3919
f 1982/1986/3920 1955/1922/3920 1922/1894/3920
f 1977/1973/3921 1999/1997/3921 1969/1970/3921
f 1991/2008/3922 2030/2029/3922 2008/1974/3922
f 2014/2015/3923 2026/2018/3923 1949/1960/3923
f 2026/2018/3924 2027/2019/3924 1984/1977/3924
f 2009/2020/3925 2000/1998/3925 1965/1966/3925
f 1980/1983/3926 2015/2022/3926 1958/1972/3926
f 1985/1991/3927 2056/2030/3927 1959/1961/3927
f 1951/1963/3928 2029/2025/3928 1989/1980/3928
f 1996/1994/3929 2046/2031/3929 1952/1955/3929
f 2017/2016/3930 2040/2028/3930 1947/1928/3930
f 1955/1922/3931 1982/1986/3931 2025/2032/3931
f 1955/1922/3932 2025/2032/3932 1998/2007/3932
f 1940/1942/3933 1968/1969/3933 1977/1973/3933
f 1964/1965/3934 2031/2033/3934 1978/1976/3934
f 1972/1967/3935 2032/2034/3935 2002/2000/3935
f 2003/2001/3936 2033/2035/3936 2004/2002/3936
f 2021/2023/3937 1994/1990/3937 1936/1938/3937
f 2056/2030/3938 1986/1984/3938 1959/1961/3938
f 1943/1946/3939 2010/2024/3939 2011/2012/3939
f 1938/1940/3940 2011/2012/3940 1988/1992/3940
f 1995/1993/3941 2022/2036/3941 1951/1963/3941
f 2029/2025/3942 2012/2013/3942 1976/1964/3942
f 2023/2026/3943 2024/2027/3943 1953/1956/3943
f 2007/1995/3944 2035/2037/3944 1954/1957/3944
f 1954/1957/3945 2035/2037/3945 1990/1981/3945
f 2030/2029/3946 2036/2038/3946 2008/1974/3946
f 2008/1974/3947 1983/1982/3947 1970/1975/3947
f 1963/1950/3948 2018/2017/3948 1964/1965/3948
f 2027/2019/3949 2028/2039/3949 1979/1978/3949
f 1979/1978/3950 2028/2039/3950 2009/2020/3950
f 2002/2000/3951 2037/2040/3951 2003/2001/3951
f 1960/1962/3952 2038/2041/3952 1975/2004/3952
f 1975/2004/3953 2039/2042/3953 2006/2005/3953
f 1927/1936/3954 2024/2027/3954 1997/2006/3954
f 2013/2014/3955 2054/2043/3955 1962/1959/3955
f 2054/2043/3956 2042/2044/3956 1962/1959/3956
f 2031/2033/3957 2043/2045/3957 1978/1976/3957
f 1978/1976/3958 2043/2045/3958 2014/2015/3958
f 2000/1998/3959 2044/2046/3959 2019/1999/3959
f 2001/1989/3960 2032/2034/3960 1972/1967/3960
f 2033/2035/3961 2020/2021/3961 2004/2002/3961
f 1980/1983/3962 2020/2021/3962 2015/2022/3962
f 1974/2003/3963 2057/2047/3963 1960/1962/3963
f 1975/2004/3964 2038/2041/3964 2039/2042/3964
f 2006/2005/3965 2039/2042/3965 1995/1993/3965
f 2012/2013/3966 2046/2031/3966 1996/1994/3966
f 1982/1986/3967 2047/2048/3967 2025/2032/3967
f 2052/2049/3968 1977/1973/3968 1968/1969/3968
f 2030/2029/3969 2053/2050/3969 2036/2038/3969
f 1983/1982/3970 2041/2051/3970 2013/2014/3970
f 1962/1959/3971 2042/2044/3971 1992/1987/3971
f 2042/2044/3972 2018/2017/3972 1992/1987/3972
f 2019/1999/3973 2044/2046/3973 2045/2052/3973
f 2032/2034/3974 2037/2040/3974 2002/2000/3974
f 2037/2040/3975 2049/2053/3975 2003/2001/3975
f 2003/2001/3976 2049/2053/3976 2033/2035/3976
f 1985/1991/3977 2005/2010/3977 2056/2030/3977
f 1960/1962/3978 2057/2047/3978 2038/2041/3978
f 2012/2013/3979 2059/2054/3979 2046/2031/3979
f 1952/1955/3980 2046/2031/3980 2034/1985/3980
f 1990/1981/3981 2051/2055/3981 1981/1996/3981
f 1981/1996/3982 2051/2055/3982 2017/2016/3982
f 2025/2032/3983 2052/2049/3983 1998/2007/3983
f 1998/2007/3984 2052/2049/3984 1968/1969/3984
f 2018/2017/3985 2031/2033/3985 1964/1965/3985
f 2028/2039/3986 2048/2056/3986 2009/2020/3986
f 2009/2020/3987 2048/2056/3987 2000/1998/3987
f 2067/2057/3988 2055/2058/3988 1994/1990/3988
f 1994/1990/3989 2055/2058/3989 2016/2009/3989
f 2055/2058/3990 2005/2010/3990 2016/2009/3990
f 2022/2036/3991 2029/2025/3991 1951/1963/3991
f 2029/2025/3992 2058/2059/3992 2012/2013/3992
f 2046/2031/3993 2060/2060/3993 2034/1985/3993
f 2017/2016/3994 2061/2061/3994 2040/2028/3994
f 2040/2028/3995 2062/2062/3995 1982/1986/3995
f 2025/2032/3996 2063/2063/3996 2052/2049/3996
f 2070/2064/3997 2041/2051/3997 1983/1982/3997
f 2041/2051/3998 2054/2043/3998 2013/2014/3998
f 2014/2015/3999 2065/2065/3999 2026/2018/3999
f 2045/2052/4000 1993/1988/4000 2019/1999/4000
f 1993/1988/4001 2066/2066/4001 2001/1989/4001
f 2021/2023/4002 2067/2057/4002 1994/1990/4002
f 2050/2067/4003 2010/2024/4003 1987/2011/4003
f 2073/2068/4004 1997/2006/4004 2024/2027/4004
f 1990/1981/4005 2068/2069/4005 2051/2055/4005
f 2061/2061/4006 2062/2062/4006 2040/2028/4006
f 2062/2062/4007 2047/2048/4007 1982/1986/4007
f 2052/2049/4008 2064/2070/4008 1977/1973/4008
f 1999/1997/4009 2069/2071/4009 1991/2008/4009
f 2008/1974/4010 2070/2064/4010 1983/1982/4010
f 1993/1988/4011 2045/2052/4011 2066/2066/4011
f 2001/1989/4012 2066/2066/4012 2032/2034/4012
f 2020/2021/4013 2071/2072/4013 2015/2022/4013
f 1995/1993/4014 2072/2073/4014 2022/2036/4014
f 2060/2060/4015 2023/2026/4015 2034/1985/4015
f 2023/2026/4016 2073/2068/4016 2024/2027/4016
f 2073/2068/4017 2074/2074/4017 1997/2006/4017
f 1997/2006/4018 2074/2074/4018 2007/1995/4018
f 2075/2075/4019 2061/2061/4019 2017/2016/4019
f 2025/2032/4020 2047/2048/4020 2063/2063/4020
f 1977/1973/4021 2069/2071/4021 1999/1997/4021
f 1991/2008/4022 2069/2071/4022 2030/2029/4022
f 2018/2017/4023 2076/2076/4023 2031/2033/4023
f 2043/2045/4024 2065/2065/4024 2014/2015/4024
f 2065/2065/4025 2077/2077/4025 2026/2018/4025
f 2015/2022/4026 2071/2072/4026 2021/2023/4026
f 2056/2030/4027 2089/2078/4027 1986/1984/4027
f 1974/2003/4028 2079/2079/4028 2057/2047/4028
f 2057/2047/4029 2080/2080/4029 2038/2041/4029
f 2022/2036/4030 2072/2073/4030 2029/2025/4030
f 2046/2031/4031 2082/2081/4031 2060/2060/4031
f 1990/1981/4032 2107/2082/4032 2068/2069/4032
f 2062/2062/4033 2084/2083/4033 2047/2048/4033
f 2069/2071/4034 2053/2050/4034 2030/2029/4034
f 2036/2038/4035 2070/2064/4035 2008/1974/4035
f 2042/2044/4036 2086/2084/4036 2018/2017/4036
f 2077/2077/4037 2087/2085/4037 2026/2018/4037
f 2032/2034/4038 2078/2086/4038 2037/2040/4038
f 2049/2053/4039 2088/2087/4039 2033/2035/4039
f 2050/2067/4040 2090/2088/4040 2010/2024/4040
f 2010/2024/4041 2090/2088/4041 2011/2012/4041
f 1988/1992/4042 2091/2089/4042 1974/2003/4042
f 2079/2079/4043 2080/2080/4043 2057/2047/4043
f 2029/2025/4044 2081/2090/4044 2058/2059/4044
f 2007/1995/4045 2074/2074/4045 2035/2037/4045
f 2074/2074/4046 2083/2091/4046 2035/2037/4046
f 2083/2091/4047 1990/1981/4047 2035/2037/4047
f 2047/2048/4048 2085/2092/4048 2063/2063/4048
f 2092/2093/4049 2042/2044/4049 2054/2043/4049
f 2043/2045/4050 2093/2094/4050 2065/2065/4050
f 2065/2065/4051 2094/2095/4051 2077/2077/4051
f 2026/2018/4052 2087/2085/4052 2027/2019/4052
f 2087/2085/4053 2028/2039/4053 2027/2019/4053
f 2028/2039/4054 2095/2096/4054 2048/2056/4054
f 2044/2046/4055 2096/2097/4055 2045/2052/4055
f 2088/2087/4056 2020/2021/4056 2033/2035/4056
f 2071/2072/4057 2067/2057/4057 2021/2023/4057
f 1986/1984/4058 2097/2098/4058 1973/1979/4058
f 2011/2012/4059 2124/2099/4059 1988/1992/4059
f 1974/2003/4060 2091/2089/4060 2079/2079/4060
f 2038/2041/4061 2098/2100/4061 2039/2042/4061
f 2023/2026/4062 2060/2060/4062 2073/2068/4062
f 2062/2062/4063 2114/2101/4063 2084/2083/4063
f 2092/2093/4064 2100/2102/4064 2042/2044/4064
f 2018/2017/4065 2086/2084/4065 2076/2076/4065
f 2000/1998/4066 2096/2097/4066 2044/2046/4066
f 2096/2097/4067 2101/2103/4067 2045/2052/4067
f 2066/2066/4068 2102/2104/4068 2032/2034/4068
f 2088/2087/4069 2103/2105/4069 2020/2021/4069
f 2020/2021/4070 2103/2105/4070 2071/2072/4070
f 2005/2010/4071 2055/2058/4071 2056/2030/4071
f 2080/2080/4072 2098/2100/4072 2038/2041/4072
f 2039/2042/4073 2072/2073/4073 1995/1993/4073
f 2072/2073/4074 2081/2090/4074 2029/2025/4074
f 2081/2090/4075 2104/2106/4075 2058/2059/4075
f 2058/2059/4076 2105/2107/4076 2012/2013/4076
f 2059/2054/4077 2082/2081/4077 2046/2031/4077
f 2051/2055/4078 2075/2075/4078 2017/2016/4078
f 2047/2048/4079 2084/2083/4079 2085/2092/4079
f 2063/2063/4080 2064/2070/4080 2052/2049/4080
f 2064/2070/4081 2069/2071/4081 1977/1973/4081
f 2053/2050/4082 2108/2108/4082 2036/2038/4082
f 2048/2056/4083 2109/2109/4083 2000/1998/4083
f 2032/2034/4084 2102/2104/4084 2078/2086/4084
f 2037/2040/4085 2078/2086/4085 2049/2053/4085
f 2039/2042/4086 2110/2110/4086 2072/2073/4086
f 2082/2081/4087 2111/2111/4087 2060/2060/4087
f 2083/2091/4088 2107/2082/4088 1990/1981/4088
f 2061/2061/4089 2112/2112/4089 2062/2062/4089
f 2113/2113/4090 2114/2101/4090 2062/2062/4090
f 2041/2051/4091 2139/2114/4091 2054/2043/4091
f 2054/2043/4092 2139/2114/4092 2092/2093/4092
f 2076/2076/4093 2120/2115/4093 2031/2033/4093
f 2031/2033/4094 2115/2116/4094 2043/2045/4094
f 2028/2039/4095 2087/2085/4095 2095/2096/4095
f 2000/1998/4096 2109/2109/4096 2096/2097/4096
f 2078/2086/4097 2116/2117/4097 2049/2053/4097
f 2049/2053/4098 2116/2117/4098 2088/2087/4098
f 2050/2067/4099 2117/2118/4099 2090/2088/4099
f 2124/2099/4100 2091/2089/4100 1988/1992/4100
f 2012/2013/4101 2118/2119/4101 2059/2054/4101
f 2111/2111/4102 2073/2068/4102 2060/2060/4102
f 2112/2112/4103 2113/2113/4103 2062/2062/4103
f 2099/2120/4104 2119/2121/4104 2036/2038/4104
f 2119/2121/4105 2041/2051/4105 2070/2064/4105
f 2086/2084/4106 2120/2115/4106 2076/2076/4106
f 2120/2115/4107 2115/2116/4107 2031/2033/4107
f 2115/2116/4108 2093/2094/4108 2043/2045/4108
f 2065/2065/4109 2093/2094/4109 2094/2095/4109
f 2094/2095/4110 2121/2122/4110 2077/2077/4110
f 2045/2052/4111 2101/2103/4111 2066/2066/4111
f 2102/2104/4112 2122/2123/4112 2078/2086/4112
f 2088/2087/4113 2132/2124/4113 2103/2105/4113
f 2071/2072/4114 2123/2125/4114 2067/2057/4114
f 2090/2088/4115 2117/2118/4115 2011/2012/4115
f 2117/2118/4116 2124/2099/4116 2011/2012/4116
f 2079/2079/4117 2125/2126/4117 2080/2080/4117
f 2080/2080/4118 2125/2126/4118 2098/2100/4118
f 2098/2100/4119 2133/2127/4119 2039/2042/4119
f 2039/2042/4120 2133/2127/4120 2110/2110/4120
f 2059/2054/4121 2118/2119/4121 2082/2081/4121
f 2126/2128/4122 2111/2111/4122 2082/2081/4122
f 2107/2082/4123 2127/2129/4123 2068/2069/4123
f 2069/2071/4124 2129/2130/4124 2053/2050/4124
f 2129/2130/4125 2108/2108/4125 2053/2050/4125
f 2100/2102/4126 2086/2084/4126 2042/2044/4126
f 2093/2094/4127 2121/2122/4127 2094/2095/4127
f 2096/2097/4128 2130/2131/4128 2101/2103/4128
f 2101/2103/4129 2131/2132/4129 2066/2066/4129
f 2116/2117/4130 2132/2124/4130 2088/2087/4130
f 2110/2110/4131 2134/2133/4131 2072/2073/4131
f 2072/2073/4132 2134/2133/4132 2081/2090/4132
f 2104/2106/4133 2105/2107/4133 2058/2059/4133
f 2051/2055/4134 2135/2134/4134 2075/2075/4134
f 2061/2061/4135 2128/2135/4135 2112/2112/4135
f 2108/2108/4136 2099/2120/4136 2036/2038/4136
f 2036/2038/4137 2119/2121/4137 2070/2064/4137
f 2119/2121/4138 2138/2136/4138 2041/2051/4138
f 2079/2079/4139 2147/2137/4139 2125/2126/4139
f 2098/2100/4140 2158/2138/4140 2133/2127/4140
f 2105/2107/4141 2118/2119/4141 2012/2013/4141
f 2118/2119/4142 2126/2128/4142 2082/2081/4142
f 2111/2111/4143 2106/2139/4143 2073/2068/4143
f 2074/2074/4144 2143/2140/4144 2083/2091/4144
f 2127/2129/4145 2051/2055/4145 2068/2069/4145
f 2063/2063/4146 2136/2141/4146 2064/2070/4146
f 2064/2070/4147 2136/2141/4147 2069/2071/4147
f 2138/2136/4148 2139/2114/4148 2041/2051/4148
f 2121/2122/4149 2144/2142/4149 2077/2077/4149
f 2077/2077/4150 2144/2142/4150 2087/2085/4150
f 2130/2131/4151 2131/2132/4151 2101/2103/4151
f 2131/2132/4152 2145/2143/4152 2066/2066/4152
f 2078/2086/4153 2141/2144/4153 2116/2117/4153
f 2123/2125/4154 2146/2145/4154 2067/2057/4154
f 2055/2058/4155 2142/2146/4155 2056/2030/4155
f 2142/2146/4156 2089/2078/4156 2056/2030/4156
f 2091/2089/4157 2147/2137/4157 2079/2079/4157
f 2125/2126/4158 2158/2138/4158 2098/2100/4158
f 2134/2133/4159 2104/2106/4159 2081/2090/4159
f 2143/2140/4160 2149/2147/4160 2083/2091/4160
f 2083/2091/4161 2149/2147/4161 2107/2082/4161
f 2075/2075/4162 2135/2134/4162 2061/2061/4162
f 2085/2092/4163 2084/2083/4163 2063/2063/4163
f 2092/2093/4164 2139/2114/4164 2100/2102/4164
f 2086/2084/4165 2151/2148/4165 2120/2115/4165
f 2109/2109/4166 2130/2131/4166 2096/2097/4166
f 2066/2066/4167 2145/2143/4167 2102/2104/4167
f 2122/2123/4168 2141/2144/4168 2078/2086/4168
f 2146/2145/4169 2055/2058/4169 2067/2057/4169
f 2089/2078/4170 2097/2098/4170 1986/1984/4170
f 2106/2139/4171 2148/2149/4171 2073/2068/4171
f 2073/2068/4172 2148/2149/4172 2074/2074/4172
f 2149/2147/4173 2153/2150/4173 2107/2082/4173
f 2135/2134/4174 2128/2135/4174 2061/2061/4174
f 2112/2112/4175 2128/2135/4175 2113/2113/4175
f 2084/2083/4176 2150/2151/4176 2063/2063/4176
f 2063/2063/4177 2150/2151/4177 2136/2141/4177
f 2139/2114/4178 2154/2152/4178 2100/2102/4178
f 2100/2102/4179 2151/2148/4179 2086/2084/4179
f 2120/2115/4180 2155/2153/4180 2115/2116/4180
f 2115/2116/4181 2140/2154/4181 2093/2094/4181
f 2095/2096/4182 2156/2155/4182 2048/2056/4182
f 2132/2124/4183 2164/2156/4183 2103/2105/4183
f 2071/2072/4184 2164/2156/4184 2123/2125/4184
f 2050/2067/4185 2157/2157/4185 2117/2118/4185
f 2125/2126/4186 2170/2158/4186 2158/2138/4186
f 2134/2133/4187 2159/2159/4187 2104/2106/4187
f 2104/2106/4188 2152/2160/4188 2105/2107/4188
f 2160/2161/4189 2161/2162/4189 2105/2107/4189
f 2105/2107/4190 2161/2162/4190 2118/2119/4190
f 2161/2162/4191 2126/2128/4191 2118/2119/4191
f 2074/2074/4192 2148/2149/4192 2143/2140/4192
f 2127/2129/4193 2135/2134/4193 2051/2055/4193
f 2114/2101/4194 2171/2163/4194 2084/2083/4194
f 2137/2164/4195 2129/2130/4195 2069/2071/4195
f 2130/2131/4196 2163/2165/4196 2131/2132/4196
f 2103/2105/4197 2164/2156/4197 2071/2072/4197
f 2146/2145/4198 2142/2146/4198 2055/2058/4198
f 2117/2118/4199 2157/2157/4199 2124/2099/4199
f 2153/2150/4200 2165/2166/4200 2107/2082/4200
f 2165/2166/4201 2135/2134/4201 2127/2129/4201
f 2136/2141/4202 2137/2164/4202 2069/2071/4202
f 2140/2154/4203 2162/2167/4203 2093/2094/4203
f 2093/2094/4204 2162/2167/4204 2121/2122/4204
f 2121/2122/4205 2166/2168/4205 2144/2142/4205
f 2144/2142/4206 2167/2169/4206 2087/2085/4206
f 2087/2085/4207 2168/2170/4207 2095/2096/4207
f 2095/2096/4208 2168/2170/4208 2156/2155/4208
f 2156/2155/4209 2109/2109/4209 2048/2056/4209
f 2145/2143/4210 2192/2171/4210 2102/2104/4210
f 2192/2171/4211 2122/2123/4211 2102/2104/4211
f 2124/2099/4212 2169/2172/4212 2091/2089/4212
f 2133/2127/4213 2134/2133/4213 2110/2110/4213
f 2161/2162/4214 2111/2111/4214 2126/2128/4214
f 2107/2082/4215 2165/2166/4215 2127/2129/4215
f 2137/2164/4216 2188/2173/4216 2129/2130/4216
f 2108/2108/4217 2172/2174/4217 2099/2120/4217
f 2173/2175/4218 2174/2176/4218 2099/2120/4218
f 2099/2120/4219 2174/2176/4219 2119/2121/4219
f 2138/2136/4220 2179/2177/4220 2139/2114/4220
f 2180/2178/4221 2151/2148/4221 2100/2102/4221
f 2120/2115/4222 2181/2179/4222 2155/2153/4222
f 2121/2122/4223 2162/2167/4223 2166/2168/4223
f 2167/2169/4224 2168/2170/4224 2087/2085/4224
f 2163/2165/4225 2145/2143/4225 2131/2132/4225
f 2132/2124/4226 2175/2180/4226 2164/2156/4226
f 2125/2126/4227 2147/2137/4227 2170/2158/4227
f 2152/2160/4228 2160/2161/4228 2105/2107/4228
f 2128/2135/4229 2176/2181/4229 2113/2113/4229
f 2113/2113/4230 2171/2163/4230 2114/2101/4230
f 2108/2108/4231 2178/2182/4231 2172/2174/4231
f 2154/2152/4232 2180/2178/4232 2100/2102/4232
f 2155/2153/4233 2140/2154/4233 2115/2116/4233
f 2109/2109/4234 2182/2183/4234 2130/2131/4234
f 2122/2123/4235 2183/2184/4235 2141/2144/4235
f 2141/2144/4236 2183/2184/4236 2116/2117/4236
f 2142/2146/4237 2203/2185/4237 2089/2078/4237
f 2091/2089/4238 2184/2186/4238 2147/2137/4238
f 2111/2111/4239 2186/2187/4239 2106/2139/4239
f 2113/2113/4240 2176/2181/4240 2171/2163/4240
f 2187/2188/4241 2188/2173/4241 2137/2164/4241
f 2174/2176/4242 2138/2136/4242 2119/2121/4242
f 2151/2148/4243 2189/2189/4243 2120/2115/4243
f 2120/2115/4244 2189/2189/4244 2181/2179/4244
f 2181/2179/4245 2190/2190/4245 2155/2153/4245
f 2166/2168/4246 2167/2169/4246 2144/2142/4246
f 2156/2155/4247 2191/2191/4247 2109/2109/4247
f 2182/2183/4248 2163/2165/4248 2130/2131/4248
f 2158/2138/4249 2193/2192/4249 2133/2127/4249
f 2104/2106/4250 2159/2159/4250 2152/2160/4250
f 2111/2111/4251 2161/2162/4251 2185/2193/4251
f 2185/2193/4252 2186/2187/4252 2111/2111/4252
f 2135/2134/4253 2195/2194/4253 2128/2135/4253
f 2136/2141/4254 2177/2195/4254 2137/2164/4254
f 2129/2130/4255 2178/2182/4255 2108/2108/4255
f 2172/2174/4256 2173/2175/4256 2099/2120/4256
f 2139/2114/4257 2179/2177/4257 2154/2152/4257
f 2179/2177/4258 2197/2196/4258 2154/2152/4258
f 2151/2148/4259 2241/2197/4259 2189/2189/4259
f 2109/2109/4260 2191/2191/4260 2182/2183/4260
f 2175/2180/4261 2198/2198/4261 2164/2156/4261
f 2222/2199/4262 2146/2145/4262 2123/2125/4262
f 2146/2145/4263 2222/2199/4263 2142/2146/4263
f 2091/2089/4264 2169/2172/4264 2184/2186/4264
f 2133/2127/4265 2193/2192/4265 2134/2133/4265
f 2160/2161/4266 2199/2200/4266 2161/2162/4266
f 2143/2140/4267 2153/2150/4267 2149/2147/4267
f 2171/2163/4268 2200/2201/4268 2084/2083/4268
f 2084/2083/4269 2200/2201/4269 2150/2151/4269
f 2196/2202/4270 2212/2203/4270 2150/2151/4270
f 2150/2151/4271 2212/2203/4271 2136/2141/4271
f 2177/2195/4272 2187/2188/4272 2137/2164/4272
f 2201/2204/4273 2129/2130/4273 2188/2173/4273
f 2197/2196/4274 2180/2178/4274 2154/2152/4274
f 2155/2153/4275 2190/2190/4275 2140/2154/4275
f 2167/2169/4276 2207/2205/4276 2168/2170/4276
f 2170/2158/4277 2193/2192/4277 2158/2138/4277
f 2159/2159/4278 2194/2206/4278 2152/2160/4278
f 2148/2149/4279 2205/2207/4279 2143/2140/4279
f 2136/2141/4280 2212/2203/4280 2177/2195/4280
f 2172/2174/4281 2218/2208/4281 2173/2175/4281
f 2219/2209/4282 2206/2210/4282 2179/2177/4282
f 2179/2177/4283 2206/2210/4283 2197/2196/4283
f 2202/2211/4284 2162/2167/4284 2140/2154/4284
f 2166/2168/4285 2207/2205/4285 2167/2169/4285
f 2156/2155/4286 2168/2170/4286 2191/2191/4286
f 2163/2165/4287 2208/2212/4287 2145/2143/4287
f 2192/2171/4288 2183/2184/4288 2122/2123/4288
f 2116/2117/4289 2215/2213/4289 2132/2124/4289
f 2164/2156/4290 2198/2198/4290 2123/2125/4290
f 2124/2099/4291 2204/2214/4291 2169/2172/4291
f 2134/2133/4292 2193/2192/4292 2159/2159/4292
f 2193/2192/4293 2209/2215/4293 2159/2159/4293
f 2152/2160/4294 2216/2216/4294 2160/2161/4294
f 2160/2161/4295 2216/2216/4295 2199/2200/4295
f 2161/2162/4296 2199/2200/4296 2185/2193/4296
f 2186/2187/4297 2210/2217/4297 2106/2139/4297
f 2210/2217/4298 2148/2149/4298 2106/2139/4298
f 2143/2140/4299 2211/2218/4299 2153/2150/4299
f 2171/2163/4300 2176/2181/4300 2200/2201/4300
f 2151/2148/4301 2180/2178/4301 2241/2197/4301
f 2190/2190/4302 2213/2219/4302 2140/2154/4302
f 2162/2167/4303 2214/2220/4303 2166/2168/4303
f 2166/2168/4304 2214/2220/4304 2207/2205/4304
f 2208/2212/4305 2192/2171/4305 2145/2143/4305
f 2215/2213/4306 2175/2180/4306 2132/2124/4306
f 2194/2206/4307 2216/2216/4307 2152/2160/4307
f 2153/2150/4308 2226/2221/4308 2165/2166/4308
f 2165/2166/4309 2217/2222/4309 2135/2134/4309
f 2200/2201/4310 2196/2202/4310 2150/2151/4310
f 2178/2182/4311 2218/2208/4311 2172/2174/4311
f 2174/2176/4312 2179/2177/4312 2138/2136/4312
f 2213/2219/4313 2202/2211/4313 2140/2154/4313
f 2168/2170/4314 2220/2223/4314 2191/2191/4314
f 2182/2183/4315 2221/2224/4315 2163/2165/4315
f 2183/2184/4316 2215/2213/4316 2116/2117/4316
f 2198/2198/4317 2222/2199/4317 2123/2125/4317
f 2147/2137/4318 2223/2225/4318 2170/2158/4318
f 2159/2159/4319 2224/2226/4319 2194/2206/4319
f 2199/2200/4320 2225/2227/4320 2185/2193/4320
f 2226/2221/4321 2217/2222/4321 2165/2166/4321
f 2195/2194/4322 2234/2228/4322 2128/2135/4322
f 2176/2181/4323 2227/2229/4323 2200/2201/4323
f 2201/2204/4324 2178/2182/4324 2129/2130/4324
f 2207/2205/4325 2228/2230/4325 2168/2170/4325
f 2191/2191/4326 2237/2231/4326 2182/2183/4326
f 2221/2224/4327 2208/2212/4327 2163/2165/4327
f 2208/2212/4328 2229/2232/4328 2192/2171/4328
f 2192/2171/4329 2230/2233/4329 2183/2184/4329
f 2184/2186/4330 2232/2234/4330 2147/2137/4330
f 2223/2225/4331 2233/2235/4331 2170/2158/4331
f 2233/2235/4332 2193/2192/4332 2170/2158/4332
f 2153/2150/4333 2211/2218/4333 2226/2221/4333
f 2217/2222/4334 2234/2228/4334 2135/2134/4334
f 2135/2134/4335 2234/2228/4335 2195/2194/4335
f 2128/2135/4336 2234/2228/4336 2176/2181/4336
f 2212/2203/4337 2235/2236/4337 2177/2195/4337
f 2188/2173/4338 2187/2188/4338 2201/2204/4338
f 2197/2196/4339 2236/2237/4339 2180/2178/4339
f 2250/2238/4340 2190/2190/4340 2181/2179/4340
f 2246/2239/4341 2204/2214/4341 2124/2099/4341
f 2232/2234/4342 2184/2186/4342 2169/2172/4342
f 2232/2234/4343 2223/2225/4343 2147/2137/4343
f 2196/2202/4344 2257/2240/4344 2212/2203/4344
f 2189/2189/4345 2250/2238/4345 2181/2179/4345
f 2202/2211/4346 2214/2220/4346 2162/2167/4346
f 2214/2220/4347 2243/2241/4347 2207/2205/4347
f 2243/2241/4348 2228/2230/4348 2207/2205/4348
f 2228/2230/4349 2220/2223/4349 2168/2170/4349
f 2221/2224/4350 2229/2232/4350 2208/2212/4350
f 2229/2232/4351 2230/2233/4351 2192/2171/4351
f 2230/2233/4352 2238/2242/4352 2183/2184/4352
f 2183/2184/4353 2238/2242/4353 2215/2213/4353
f 2175/2180/4354 2239/2243/4354 2198/2198/4354
f 2239/2243/4355 2231/2244/4355 2198/2198/4355
f 2231/2244/4356 2222/2199/4356 2198/2198/4356
f 2142/2146/4357 2245/2245/4357 2203/2185/4357
f 2193/2192/4358 2247/2246/4358 2209/2215/4358
f 2209/2215/4359 2224/2226/4359 2159/2159/4359
f 2224/2226/4360 2240/2247/4360 2194/2206/4360
f 2248/2248/4361 2225/2227/4361 2199/2200/4361
f 2210/2217/4362 2289/2249/4362 2148/2149/4362
f 2148/2149/4363 2289/2249/4363 2205/2207/4363
f 2235/2236/4364 2187/2188/4364 2177/2195/4364
f 2173/2175/4365 2179/2177/4365 2174/2176/4365
f 2179/2177/4366 2249/2250/4366 2219/2209/4366
f 2180/2178/4367 2236/2237/4367 2241/2197/4367
f 2250/2238/4368 2242/2251/4368 2190/2190/4368
f 2190/2190/4369 2242/2251/4369 2213/2219/4369
f 2213/2219/4370 2251/2252/4370 2202/2211/4370
f 2220/2223/4371 2237/2231/4371 2191/2191/4371
f 2182/2183/4372 2237/2231/4372 2221/2224/4372
f 2252/2253/4373 2142/2146/4373 2222/2199/4373
f 2157/2157/4374 2246/2239/4374 2124/2099/4374
f 2169/2172/4375 2253/2254/4375 2232/2234/4375
f 2233/2235/4376 2247/2246/4376 2193/2192/4376
f 2194/2206/4377 2240/2247/4377 2216/2216/4377
f 2240/2247/4378 2259/2255/4378 2216/2216/4378
f 2216/2216/4379 2248/2248/4379 2199/2200/4379
f 2205/2207/4380 2254/2256/4380 2143/2140/4380
f 2143/2140/4381 2255/2257/4381 2211/2218/4381
f 2234/2228/4382 2256/2258/4382 2176/2181/4382
f 2214/2220/4383 2258/2259/4383 2243/2241/4383
f 2175/2180/4384 2244/2260/4384 2239/2243/4384
f 2204/2214/4385 2253/2254/4385 2169/2172/4385
f 2247/2246/4386 2224/2226/4386 2209/2215/4386
f 2225/2227/4387 2260/2261/4387 2185/2193/4387
f 2254/2256/4388 2255/2257/4388 2143/2140/4388
f 2267/2262/4389 2201/2204/4389 2187/2188/4389
f 2201/2204/4390 2268/2263/4390 2178/2182/4390
f 2173/2175/4391 2249/2250/4391 2179/2177/4391
f 2241/2197/4392 2261/2264/4392 2189/2189/4392
f 2261/2264/4393 2250/2238/4393 2189/2189/4393
f 2251/2252/4394 2214/2220/4394 2202/2211/4394
f 2237/2231/4395 2263/2265/4395 2221/2224/4395
f 2221/2224/4396 2264/2266/4396 2229/2232/4396
f 2215/2213/4397 2244/2260/4397 2175/2180/4397
f 2231/2244/4398 2280/2267/4398 2222/2199/4398
f 2280/2267/4399 2252/2253/4399 2222/2199/4399
f 2252/2253/4400 2245/2245/4400 2142/2146/4400
f 2289/2249/4401 2254/2256/4401 2205/2207/4401
f 2211/2218/4402 2265/2268/4402 2226/2221/4402
f 2226/2221/4403 2266/2269/4403 2217/2222/4403
f 2200/2201/4404 2257/2240/4404 2196/2202/4404
f 2219/2209/4405 2270/2270/4405 2206/2210/4405
f 2206/2210/4406 2236/2237/4406 2197/2196/4406
f 2250/2238/4407 2262/2271/4407 2242/2251/4407
f 2242/2251/4408 2271/2272/4408 2213/2219/4408
f 2271/2272/4409 2251/2252/4409 2213/2219/4409
f 2243/2241/4410 2287/2273/4410 2228/2230/4410
f 2273/2274/4411 2274/2275/4411 2157/2157/4411
f 2157/2157/4412 2274/2275/4412 2246/2239/4412
f 2233/2235/4413 2275/2276/4413 2247/2246/4413
f 2224/2226/4414 2277/2277/4414 2240/2247/4414
f 2176/2181/4415 2256/2258/4415 2227/2229/4415
f 2257/2240/4416 2278/2278/4416 2212/2203/4416
f 2235/2236/4417 2267/2262/4417 2187/2188/4417
f 2218/2208/4418 2269/2279/4418 2173/2175/4418
f 2269/2279/4419 2249/2250/4419 2173/2175/4419
f 2220/2223/4420 2279/2280/4420 2237/2231/4420
f 2295/2281/4421 2264/2266/4421 2221/2224/4421
f 2229/2232/4422 2264/2266/4422 2230/2233/4422
f 2212/2203/4423 2278/2278/4423 2235/2236/4423
f 2267/2262/4424 2268/2263/4424 2201/2204/4424
f 2178/2182/4425 2269/2279/4425 2218/2208/4425
f 2283/2282/4426 2219/2209/4426 2249/2250/4426
f 2206/2210/4427 2284/2283/4427 2236/2237/4427
f 2236/2237/4428 2261/2264/4428 2241/2197/4428
f 2261/2264/4429 2262/2271/4429 2250/2238/4429
f 2262/2271/4430 2285/2284/4430 2242/2251/4430
f 2242/2251/4431 2285/2284/4431 2271/2272/4431
f 2271/2272/4432 2286/2285/4432 2251/2252/4432
f 2251/2252/4433 2286/2285/4433 2214/2220/4433
f 2286/2285/4434 2258/2259/4434 2214/2220/4434
f 2258/2259/4435 2287/2273/4435 2243/2241/4435
f 2238/2242/4436 2244/2260/4436 2215/2213/4436
f 2244/2260/4437 2288/2286/4437 2239/2243/4437
f 2305/2287/4438 2223/2225/4438 2232/2234/4438
f 2247/2246/4439 2276/2288/4439 2224/2226/4439
f 2276/2288/4440 2277/2277/4440 2224/2226/4440
f 2185/2193/4441 2289/2249/4441 2186/2187/4441
f 2186/2187/4442 2289/2249/4442 2210/2217/4442
f 2255/2257/4443 2318/2289/4443 2211/2218/4443
f 2211/2218/4444 2318/2289/4444 2265/2268/4444
f 2265/2268/4445 2290/2290/4445 2226/2221/4445
f 2256/2258/4446 2291/2291/4446 2227/2229/4446
f 2227/2229/4447 2291/2291/4447 2200/2201/4447
f 2257/2240/4448 2281/2292/4448 2278/2278/4448
f 2235/2236/4449 2282/2293/4449 2267/2262/4449
f 2270/2270/4450 2292/2294/4450 2206/2210/4450
f 2292/2294/4451 2284/2283/4451 2206/2210/4451
f 2237/2231/4452 2294/2295/4452 2263/2265/4452
f 2263/2265/4453 2295/2281/4453 2221/2224/4453
f 2275/2276/4454 2276/2288/4454 2247/2246/4454
f 2277/2277/4455 2259/2255/4455 2240/2247/4455
f 2226/2221/4456 2290/2290/4456 2266/2269/4456
f 2200/2201/4457 2296/2296/4457 2257/2240/4457
f 2278/2278/4458 2282/2293/4458 2235/2236/4458
f 2237/2231/4459 2279/2280/4459 2294/2295/4459
f 2264/2266/4460 2298/2297/4460 2230/2233/4460
f 2239/2243/4461 2299/2298/4461 2231/2244/4461
f 2299/2298/4462 2280/2267/4462 2231/2244/4462
f 2089/2078/4463 2203/2185/4463 2272/2299/4463
f 2089/2078/4464 2272/2299/4464 2097/2098/4464
f 2259/2255/4465 2248/2248/4465 2216/2216/4465
f 2260/2261/4466 2289/2249/4466 2185/2193/4466
f 2300/2300/4467 2255/2257/4467 2254/2256/4467
f 2266/2269/4468 2301/2301/4468 2217/2222/4468
f 2291/2291/4469 2296/2296/4469 2200/2201/4469
f 2283/2282/4470 2270/2270/4470 2219/2209/4470
f 2236/2237/4471 2303/2302/4471 2261/2264/4471
f 2303/2302/4472 2293/2303/4472 2261/2264/4472
f 2261/2264/4473 2293/2303/4473 2262/2271/4473
f 2298/2297/4474 2238/2242/4474 2230/2233/4474
f 2238/2242/4475 2330/2304/4475 2244/2260/4475
f 2252/2253/4476 2323/2305/4476 2245/2245/4476
f 2232/2234/4477 2253/2254/4477 2310/2306/4477
f 2310/2306/4478 2305/2287/4478 2232/2234/4478
f 2223/2225/4479 2305/2287/4479 2233/2235/4479
f 2277/2277/4480 2311/2307/4480 2259/2255/4480
f 2248/2248/4481 2306/2308/4481 2225/2227/4481
f 2307/2309/4482 2256/2258/4482 2234/2228/4482
f 2257/2240/4483 2296/2296/4483 2281/2292/4483
f 2282/2293/4484 2308/2310/4484 2267/2262/4484
f 2297/2311/4485 2269/2279/4485 2268/2263/4485
f 2268/2263/4486 2269/2279/4486 2178/2182/4486
f 2287/2273/4487 2309/2312/4487 2228/2230/4487
f 2228/2230/4488 2309/2312/4488 2220/2223/4488
f 2295/2281/4489 2304/2313/4489 2264/2266/4489
f 2244/2260/4490 2330/2304/4490 2288/2286/4490
f 2280/2267/4491 2323/2305/4491 2252/2253/4491
f 2260/2261/4492 2312/2314/4492 2289/2249/4492
f 2217/2222/4493 2302/2315/4493 2234/2228/4493
f 2302/2315/4494 2307/2309/4494 2234/2228/4494
f 2256/2258/4495 2313/2316/4495 2291/2291/4495
f 2269/2279/4496 2314/2317/4496 2249/2250/4496
f 2292/2294/4497 2315/2318/4497 2284/2283/4497
f 2315/2318/4498 2236/2237/4498 2284/2283/4498
f 2293/2303/4499 2285/2284/4499 2262/2271/4499
f 2258/2259/4500 2322/2319/4500 2287/2273/4500
f 2309/2312/4501 2279/2280/4501 2220/2223/4501
f 2279/2280/4502 2345/2320/4502 2294/2295/4502
f 2305/2287/4503 2338/2321/4503 2233/2235/4503
f 2338/2321/4504 2316/2322/4504 2233/2235/4504
f 2317/2323/4505 2306/2308/4505 2248/2248/4505
f 2225/2227/4506 2306/2308/4506 2260/2261/4506
f 2289/2249/4507 2300/2300/4507 2254/2256/4507
f 2301/2301/4508 2302/2315/4508 2217/2222/4508
f 2267/2262/4509 2308/2310/4509 2268/2263/4509
f 2297/2311/4510 2320/2324/4510 2269/2279/4510
f 2271/2272/4511 2321/2325/4511 2286/2285/4511
f 2286/2285/4512 2322/2319/4512 2258/2259/4512
f 2233/2235/4513 2316/2322/4513 2275/2276/4513
f 2276/2288/4514 2324/2326/4514 2277/2277/4514
f 2259/2255/4515 2317/2323/4515 2248/2248/4515
f 2319/2327/4516 2313/2316/4516 2256/2258/4516
f 2268/2263/4517 2326/2328/4517 2297/2311/4517
f 2269/2279/4518 2320/2324/4518 2314/2317/4518
f 2270/2270/4519 2283/2282/4519 2292/2294/4519
f 2293/2303/4520 2327/2329/4520 2285/2284/4520
f 2285/2284/4521 2328/2330/4521 2271/2272/4521
f 2328/2330/4522 2321/2325/4522 2271/2272/4522
f 2345/2320/4523 2329/2331/4523 2294/2295/4523
f 2264/2266/4524 2304/2313/4524 2298/2297/4524
f 2299/2298/4525 2331/2332/4525 2280/2267/4525
f 2306/2308/4526 2312/2314/4526 2260/2261/4526
f 2289/2249/4527 2325/2333/4527 2300/2300/4527
f 2318/2289/4528 2332/2334/4528 2265/2268/4528
f 2307/2309/4529 2319/2327/4529 2256/2258/4529
f 2291/2291/4530 2333/2335/4530 2296/2296/4530
f 2278/2278/4531 2334/2336/4531 2282/2293/4531
f 2334/2336/4532 2308/2310/4532 2282/2293/4532
f 2308/2310/4533 2326/2328/4533 2268/2263/4533
f 2249/2250/4534 2365/2337/4534 2283/2282/4534
f 2263/2265/4535 2335/2338/4535 2295/2281/4535
f 2295/2281/4536 2335/2338/4536 2304/2313/4536
f 2274/2275/4537 2336/2339/4537 2246/2239/4537
f 2336/2339/4538 2204/2214/4538 2246/2239/4538
f 2253/2254/4539 2337/2340/4539 2310/2306/4539
f 2276/2288/4540 2275/2276/4540 2324/2326/4540
f 2312/2314/4541 2325/2333/4541 2289/2249/4541
f 2332/2334/4542 2339/2341/4542 2265/2268/4542
f 2296/2296/4543 2340/2342/4543 2281/2292/4543
f 2297/2311/4544 2350/2343/4544 2320/2324/4544
f 2249/2250/4545 2314/2317/4545 2365/2337/4545
f 2283/2282/4546 2343/2344/4546 2292/2294/4546
f 2292/2294/4547 2343/2344/4547 2315/2318/4547
f 2303/2302/4548 2344/2345/4548 2293/2303/4548
f 2321/2325/4549 2322/2319/4549 2286/2285/4549
f 2322/2319/4550 2353/2346/4550 2287/2273/4550
f 2287/2273/4551 2353/2346/4551 2309/2312/4551
f 2263/2265/4552 2355/2347/4552 2335/2338/4552
f 2288/2286/4553 2299/2298/4553 2239/2243/4553
f 2273/2274/4554 2336/2339/4554 2274/2275/4554
f 2310/2306/4555 2347/2348/4555 2305/2287/4555
f 2347/2348/4556 2338/2321/4556 2305/2287/4556
f 2277/2277/4557 2324/2326/4557 2311/2307/4557
f 2356/2349/4558 2317/2323/4558 2259/2255/4558
f 2306/2308/4559 2348/2350/4559 2312/2314/4559
f 2359/2351/4560 2291/2291/4560 2313/2316/4560
f 2334/2336/4561 2341/2352/4561 2308/2310/4561
f 2326/2328/4562 2350/2343/4562 2297/2311/4562
f 2365/2337/4563 2342/2353/4563 2283/2282/4563
f 2315/2318/4564 2351/2354/4564 2236/2237/4564
f 2351/2354/4565 2303/2302/4565 2236/2237/4565
f 2327/2329/4566 2352/2355/4566 2285/2284/4566
f 2352/2355/4567 2328/2330/4567 2285/2284/4567
f 2345/2320/4568 2354/2356/4568 2329/2331/4568
f 2294/2295/4569 2355/2347/4569 2263/2265/4569
f 2298/2297/4570 2346/2357/4570 2238/2242/4570
f 2238/2242/4571 2346/2357/4571 2330/2304/4571
f 2288/2286/4572 2330/2304/4572 2299/2298/4572
f 2311/2307/4573 2356/2349/4573 2259/2255/4573
f 2312/2314/4574 2357/2358/4574 2325/2333/4574
f 2325/2333/4575 2358/2359/4575 2300/2300/4575
f 2265/2268/4576 2339/2341/4576 2290/2290/4576
f 2266/2269/4577 2290/2290/4577 2301/2301/4577
f 2281/2292/4578 2360/2360/4578 2278/2278/4578
f 2308/2310/4579 2362/2361/4579 2326/2328/4579
f 2343/2344/4580 2351/2354/4580 2315/2318/4580
f 2293/2303/4581 2344/2345/4581 2327/2329/4581
f 2309/2312/4582 2363/2362/4582 2279/2280/4582
f 2279/2280/4583 2363/2362/4583 2345/2320/4583
f 2329/2331/4584 2354/2356/4584 2294/2295/4584
f 2337/2340/4585 2347/2348/4585 2310/2306/4585
f 2302/2315/4586 2364/2363/4586 2307/2309/4586
f 2319/2327/4587 2376/2364/4587 2313/2316/4587
f 2333/2335/4588 2340/2342/4588 2296/2296/4588
f 2340/2342/4589 2360/2360/4589 2281/2292/4589
f 2278/2278/4590 2360/2360/4590 2334/2336/4590
f 2320/2324/4591 2365/2337/4591 2314/2317/4591
f 2342/2353/4592 2372/2365/4592 2283/2282/4592
f 2283/2282/4593 2372/2365/4593 2343/2344/4593
f 2354/2356/4594 2355/2347/4594 2294/2295/4594
f 2335/2338/4595 2366/2366/4595 2304/2313/4595
f 2204/2214/4596 2369/2367/4596 2253/2254/4596
f 2347/2348/4597 2370/2368/4597 2338/2321/4597
f 2316/2322/4598 2396/2369/4598 2275/2276/4598
f 2300/2300/4599 2358/2359/4599 2255/2257/4599
f 2358/2359/4600 2349/2370/4600 2255/2257/4600
f 2290/2290/4601 2388/2371/4601 2301/2301/4601
f 2301/2301/4602 2388/2371/4602 2302/2315/4602
f 2359/2351/4603 2333/2335/4603 2291/2291/4603
f 2350/2343/4604 2371/2372/4604 2320/2324/4604
f 2371/2372/4605 2365/2337/4605 2320/2324/4605
f 2304/2313/4606 2346/2357/4606 2298/2297/4606
f 2368/2373/4607 2336/2339/4607 2273/2274/4607
f 2369/2367/4608 2337/2340/4608 2253/2254/4608
f 2396/2369/4609 2324/2326/4609 2275/2276/4609
f 2306/2308/4610 2374/2374/4610 2348/2350/4610
f 2357/2358/4611 2375/2375/4611 2325/2333/4611
f 2255/2257/4612 2349/2370/4612 2318/2289/4612
f 2349/2370/4613 2332/2334/4613 2318/2289/4613
f 2388/2371/4614 2364/2363/4614 2302/2315/4614
f 2307/2309/4615 2376/2364/4615 2319/2327/4615
f 2334/2336/4616 2360/2360/4616 2361/2376/4616
f 2308/2310/4617 2341/2352/4617 2362/2361/4617
f 2303/2302/4618 2351/2354/4618 2344/2345/4618
f 2344/2345/4619 2378/2377/4619 2327/2329/4619
f 2328/2330/4620 2380/2378/4620 2321/2325/4620
f 2353/2346/4621 2381/2379/4621 2309/2312/4621
f 2309/2312/4622 2381/2379/4622 2363/2362/4622
f 2354/2356/4623 2382/2380/4623 2355/2347/4623
f 2367/2381/4624 2331/2332/4624 2299/2298/4624
f 2280/2267/4625 2331/2332/4625 2323/2305/4625
f 2203/2185/4626 2373/2382/4626 2272/2299/4626
f 2311/2307/4627 2324/2326/4627 2356/2349/4627
f 2317/2323/4628 2374/2374/4628 2306/2308/4628
f 2399/2383/4629 2375/2375/4629 2357/2358/4629
f 2376/2364/4630 2359/2351/4630 2313/2316/4630
f 2362/2361/4631 2383/2384/4631 2326/2328/4631
f 2343/2344/4632 2372/2365/4632 2351/2354/4632
f 2377/2385/4633 2378/2377/4633 2344/2345/4633
f 2378/2377/4634 2352/2355/4634 2327/2329/4634
f 2352/2355/4635 2379/2386/4635 2328/2330/4635
f 2379/2386/4636 2380/2378/4636 2328/2330/4636
f 2322/2319/4637 2384/2387/4637 2353/2346/4637
f 2366/2366/4638 2335/2338/4638 2355/2347/4638
f 2331/2332/4639 2386/2388/4639 2323/2305/4639
f 2397/2389/4640 2374/2374/4640 2317/2323/4640
f 2312/2314/4641 2348/2350/4641 2357/2358/4641
f 2307/2309/4642 2389/2390/4642 2376/2364/4642
f 2340/2342/4643 2390/2391/4643 2360/2360/4643
f 2361/2376/4644 2391/2392/4644 2334/2336/4644
f 2334/2336/4645 2391/2392/4645 2341/2352/4645
f 2326/2328/4646 2383/2384/4646 2350/2343/4646
f 2392/2393/4647 2372/2365/4647 2342/2353/4647
f 2351/2354/4648 2377/2385/4648 2344/2345/4648
f 2321/2325/4649 2384/2387/4649 2322/2319/4649
f 2353/2346/4650 2384/2387/4650 2385/2394/4650
f 2353/2346/4651 2385/2394/4651 2381/2379/4651
f 2366/2366/4652 2441/2395/4652 2304/2313/4652
f 2418/2396/4653 2367/2381/4653 2330/2304/4653
f 2330/2304/4654 2367/2381/4654 2299/2298/4654
f 2323/2305/4655 2394/2397/4655 2245/2245/4655
f 2272/2299/4656 2404/2398/4656 2097/2098/4656
f 2336/2339/4657 2369/2367/4657 2204/2214/4657
f 2337/2340/4658 2395/2399/4658 2347/2348/4658
f 2347/2348/4659 2395/2399/4659 2370/2368/4659
f 2356/2349/4660 2412/2400/4660 2317/2323/4660
f 2348/2350/4661 2399/2383/4661 2357/2358/4661
f 2364/2363/4662 2389/2390/4662 2307/2309/4662
f 2359/2351/4663 2400/2401/4663 2333/2335/4663
f 2392/2393/4664 2401/2402/4664 2372/2365/4664
f 2402/2403/4665 2377/2385/4665 2351/2354/4665
f 2354/2356/4666 2393/2404/4666 2382/2380/4666
f 2304/2313/4667 2441/2395/4667 2346/2357/4667
f 2245/2245/4668 2403/2405/4668 2203/2185/4668
f 2336/2339/4669 2387/2406/4669 2369/2367/4669
f 2370/2368/4670 2405/2407/4670 2338/2321/4670
f 2412/2400/4671 2397/2389/4671 2317/2323/4671
f 2333/2335/4672 2406/2408/4672 2340/2342/4672
f 2406/2408/4673 2390/2391/4673 2340/2342/4673
f 2341/2352/4674 2407/2409/4674 2362/2361/4674
f 2407/2409/4675 2383/2384/4675 2362/2361/4675
f 2350/2343/4676 2429/2410/4676 2371/2372/4676
f 2371/2372/4677 2408/2411/4677 2365/2337/4677
f 2401/2402/4678 2409/2412/4678 2372/2365/4678
f 2382/2380/4679 2366/2366/4679 2355/2347/4679
f 2369/2367/4680 2411/2413/4680 2337/2340/4680
f 2395/2399/4681 2405/2407/4681 2370/2368/4681
f 2324/2326/4682 2427/2414/4682 2356/2349/4682
f 2427/2414/4683 2412/2400/4683 2356/2349/4683
f 2348/2350/4684 2398/2415/4684 2399/2383/4684
f 2375/2375/4685 2413/2416/4685 2325/2333/4685
f 2325/2333/4686 2413/2416/4686 2358/2359/4686
f 2400/2401/4687 2406/2408/4687 2333/2335/4687
f 2383/2384/4688 2414/2417/4688 2350/2343/4688
f 2408/2411/4689 2342/2353/4689 2365/2337/4689
f 2372/2365/4690 2409/2412/4690 2351/2354/4690
f 2409/2412/4691 2402/2403/4691 2351/2354/4691
f 2377/2385/4692 2415/2418/4692 2378/2377/4692
f 2345/2320/4693 2393/2404/4693 2354/2356/4693
f 2393/2404/4694 2417/2419/4694 2382/2380/4694
f 2331/2332/4695 2367/2381/4695 2410/2420/4695
f 2386/2388/4696 2394/2397/4696 2323/2305/4696
f 2394/2397/4697 2403/2405/4697 2245/2245/4697
f 2413/2416/4698 2419/2421/4698 2358/2359/4698
f 2349/2370/4699 2420/2422/4699 2332/2334/4699
f 2332/2334/4700 2420/2422/4700 2339/2341/4700
f 2376/2364/4701 2421/2423/4701 2359/2351/4701
f 2360/2360/4702 2422/2424/4702 2361/2376/4702
f 2341/2352/4703 2391/2392/4703 2407/2409/4703
f 2342/2353/4704 2423/2425/4704 2392/2393/4704
f 2378/2377/4705 2424/2426/4705 2352/2355/4705
f 2379/2386/4706 2416/2427/4706 2380/2378/4706
f 2416/2427/4707 2321/2325/4707 2380/2378/4707
f 2321/2325/4708 2416/2427/4708 2384/2387/4708
f 2441/2395/4709 2425/2428/4709 2346/2357/4709
f 2373/2382/4710 2404/2398/4710 2272/2299/4710
f 2411/2413/4711 2395/2399/4711 2337/2340/4711
f 2405/2407/4712 2426/2429/4712 2338/2321/4712
f 2338/2321/4713 2426/2429/4713 2316/2322/4713
f 2374/2374/4714 2398/2415/4714 2348/2350/4714
f 2339/2341/4715 2388/2371/4715 2290/2290/4715
f 2389/2390/4716 2428/2430/4716 2376/2364/4716
f 2359/2351/4717 2421/2423/4717 2400/2401/4717
f 2390/2391/4718 2422/2424/4718 2360/2360/4718
f 2422/2424/4719 2391/2392/4719 2361/2376/4719
f 2407/2409/4720 2414/2417/4720 2383/2384/4720
f 2371/2372/4721 2430/2431/4721 2408/2411/4721
f 2423/2425/4722 2401/2402/4722 2392/2393/4722
f 2352/2355/4723 2424/2426/4723 2379/2386/4723
f 2416/2427/4724 2431/2432/4724 2384/2387/4724
f 2381/2379/4725 2393/2404/4725 2363/2362/4725
f 2363/2362/4726 2393/2404/4726 2345/2320/4726
f 2382/2380/4727 2417/2419/4727 2366/2366/4727
f 2330/2304/4728 2346/2357/4728 2418/2396/4728
f 2331/2332/4729 2410/2420/4729 2386/2388/4729
f 2403/2405/4730 2373/2382/4730 2203/2185/4730
f 2368/2373/4731 2387/2406/4731 2336/2339/4731
f 2387/2406/4732 2433/2433/4732 2369/2367/4732
f 2426/2429/4733 2396/2369/4733 2316/2322/4733
f 2399/2383/4734 2398/2415/4734 2375/2375/4734
f 2398/2415/4735 2413/2416/4735 2375/2375/4735
f 2364/2363/4736 2434/2434/4736 2389/2390/4736
f 2414/2417/4737 2429/2410/4737 2350/2343/4737
f 2431/2432/4738 2385/2394/4738 2384/2387/4738
f 2403/2405/4739 2449/2435/4739 2373/2382/4739
f 2427/2414/4740 2435/2436/4740 2412/2400/4740
f 2374/2374/4741 2436/2437/4741 2398/2415/4741
f 2339/2341/4742 2437/2438/4742 2388/2371/4742
f 2437/2438/4743 2438/2439/4743 2388/2371/4743
f 2376/2364/4744 2428/2430/4744 2421/2423/4744
f 2421/2423/4745 2439/2440/4745 2400/2401/4745
f 2400/2401/4746 2439/2440/4746 2406/2408/4746
f 2342/2353/4747 2408/2411/4747 2423/2425/4747
f 2402/2403/4748 2440/2441/4748 2377/2385/4748
f 2415/2418/4749 2424/2426/4749 2378/2377/4749
f 2425/2428/4750 2418/2396/4750 2346/2357/4750
f 2367/2381/4751 2457/2442/4751 2410/2420/4751
f 2396/2369/4752 2427/2414/4752 2324/2326/4752
f 2397/2389/4753 2443/2443/4753 2374/2374/4753
f 2443/2443/4754 2436/2437/4754 2374/2374/4754
f 2398/2415/4755 2444/2444/4755 2413/2416/4755
f 2440/2441/4756 2415/2418/4756 2377/2385/4756
f 2385/2394/4757 2431/2432/4757 2432/2445/4757
f 2385/2394/4758 2432/2445/4758 2381/2379/4758
f 2368/2373/4759 2446/2446/4759 2387/2406/4759
f 2369/2367/4760 2433/2433/4760 2411/2413/4760
f 2395/2399/4761 2450/2447/4761 2405/2407/4761
f 2405/2407/4762 2442/2448/4762 2426/2429/4762
f 2426/2429/4763 2447/2449/4763 2396/2369/4763
f 2412/2400/4764 2451/2450/4764 2397/2389/4764
f 2452/2451/4765 2444/2444/4765 2398/2415/4765
f 2419/2421/4766 2349/2370/4766 2358/2359/4766
f 2388/2371/4767 2438/2439/4767 2364/2363/4767
f 2389/2390/4768 2434/2434/4768 2428/2430/4768
f 2423/2425/4769 2448/2452/4769 2401/2402/4769
f 2381/2379/4770 2455/2453/4770 2393/2404/4770
f 2373/2382/4771 2449/2435/4771 2404/2398/4771
f 2449/2435/4772 2445/2454/4772 2404/2398/4772
f 2411/2413/4773 2450/2447/4773 2395/2399/4773
f 2435/2436/4774 2451/2450/4774 2412/2400/4774
f 2397/2389/4775 2451/2450/4775 2443/2443/4775
f 2436/2437/4776 2452/2451/4776 2398/2415/4776
f 2339/2341/4777 2420/2422/4777 2437/2438/4777
f 2439/2440/4778 2453/2455/4778 2406/2408/4778
f 2406/2408/4779 2453/2455/4779 2390/2391/4779
f 2391/2392/4780 2422/2424/4780 2407/2409/4780
f 2414/2417/4781 2486/2456/4781 2429/2410/4781
f 2486/2456/4782 2371/2372/4782 2429/2410/4782
f 2401/2402/4783 2448/2452/4783 2409/2412/4783
f 2409/2412/4784 2454/2457/4784 2402/2403/4784
f 2432/2445/4785 2455/2453/4785 2381/2379/4785
f 2366/2366/4786 2456/2458/4786 2441/2395/4786
f 2387/2406/4787 2446/2446/4787 2433/2433/4787
f 2450/2447/4788 2442/2448/4788 2405/2407/4788
f 2396/2369/4789 2459/2459/4789 2427/2414/4789
f 2408/2411/4790 2448/2452/4790 2423/2425/4790
f 2448/2452/4791 2475/2460/4791 2409/2412/4791
f 2454/2457/4792 2460/2461/4792 2402/2403/4792
f 2460/2461/4793 2440/2441/4793 2402/2403/4793
f 2415/2418/4794 2440/2441/4794 2424/2426/4794
f 2424/2426/4795 2416/2427/4795 2379/2386/4795
f 2455/2453/4796 2417/2419/4796 2393/2404/4796
f 2410/2420/4797 2457/2442/4797 2386/2388/4797
f 2442/2448/4798 2461/2462/4798 2426/2429/4798
f 2447/2449/4799 2458/2463/4799 2396/2369/4799
f 2427/2414/4800 2459/2459/4800 2435/2436/4800
f 2413/2416/4801 2444/2444/4801 2419/2421/4801
f 2463/2464/4802 2464/2465/4802 2421/2423/4802
f 2421/2423/4803 2464/2465/4803 2439/2440/4803
f 2390/2391/4804 2453/2455/4804 2422/2424/4804
f 2465/2466/4805 2407/2409/4805 2422/2424/4805
f 2486/2456/4806 2466/2467/4806 2371/2372/4806
f 2466/2467/4807 2430/2431/4807 2371/2372/4807
f 2430/2431/4808 2467/2468/4808 2408/2411/4808
f 2408/2411/4809 2468/2469/4809 2448/2452/4809
f 2417/2419/4810 2456/2458/4810 2366/2366/4810
f 2441/2395/4811 2469/2470/4811 2425/2428/4811
f 2418/2396/4812 2478/2471/4812 2367/2381/4812
f 2450/2447/4813 2471/2472/4813 2442/2448/4813
f 2396/2369/4814 2458/2463/4814 2459/2459/4814
f 2436/2437/4815 2443/2443/4815 2452/2451/4815
f 2349/2370/4816 2472/2473/4816 2420/2422/4816
f 2472/2473/4817 2473/2474/4817 2420/2422/4817
f 2420/2422/4818 2473/2474/4818 2437/2438/4818
f 2434/2434/4819 2462/2475/4819 2428/2430/4819
f 2462/2475/4820 2463/2464/4820 2428/2430/4820
f 2428/2430/4821 2463/2464/4821 2421/2423/4821
f 2407/2409/4822 2486/2456/4822 2414/2417/4822
f 2487/2476/4823 2475/2460/4823 2448/2452/4823
f 2455/2453/4824 2476/2477/4824 2417/2419/4824
f 2417/2419/4825 2476/2477/4825 2456/2458/4825
f 2394/2397/4826 2479/2478/4826 2403/2405/4826
f 2445/2454/4827 2508/2479/4827 2404/2398/4827
f 2433/2433/4828 2470/2480/4828 2411/2413/4828
f 2444/2444/4829 2480/2481/4829 2419/2421/4829
f 2419/2421/4830 2481/2482/4830 2349/2370/4830
f 2481/2482/4831 2472/2473/4831 2349/2370/4831
f 2439/2440/4832 2464/2465/4832 2453/2455/4832
f 2409/2412/4833 2475/2460/4833 2454/2457/4833
f 2416/2427/4834 2482/2483/4834 2431/2432/4834
f 2456/2458/4835 2469/2470/4835 2441/2395/4835
f 2435/2436/4836 2483/2484/4836 2451/2450/4836
f 2473/2474/4837 2438/2439/4837 2437/2438/4837
f 2438/2439/4838 2434/2434/4838 2364/2363/4838
f 2464/2465/4839 2485/2485/4839 2453/2455/4839
f 2465/2466/4840 2474/2486/4840 2407/2409/4840
f 2468/2469/4841 2487/2476/4841 2448/2452/4841
f 2425/2428/4842 2477/2487/4842 2418/2396/4842
f 2418/2396/4843 2477/2487/4843 2478/2471/4843
f 2386/2388/4844 2515/2488/4844 2394/2397/4844
f 2442/2448/4845 2471/2472/4845 2461/2462/4845
f 2426/2429/4846 2461/2462/4846 2447/2449/4846
f 2459/2459/4847 2483/2484/4847 2435/2436/4847
f 2483/2484/4848 2484/2489/4848 2451/2450/4848
f 2484/2489/4849 2443/2443/4849 2451/2450/4849
f 2443/2443/4850 2490/2490/4850 2452/2451/4850
f 2462/2475/4851 2491/2491/4851 2463/2464/4851
f 2408/2411/4852 2493/2492/4852 2468/2469/4852
f 2475/2460/4853 2494/2493/4853 2454/2457/4853
f 2440/2441/4854 2501/2494/4854 2424/2426/4854
f 2424/2426/4855 2495/2495/4855 2416/2427/4855
f 2431/2432/4856 2482/2483/4856 2432/2445/4856
f 2476/2477/4857 2489/2496/4857 2456/2458/4857
f 2367/2381/4858 2478/2471/4858 2457/2442/4858
f 2457/2442/4859 2515/2488/4859 2386/2388/4859
f 2419/2421/4860 2480/2481/4860 2481/2482/4860
f 2473/2474/4861 2496/2497/4861 2438/2439/4861
f 2463/2464/4862 2497/2498/4862 2464/2465/4862
f 2453/2455/4863 2498/2499/4863 2422/2424/4863
f 2474/2486/4864 2486/2456/4864 2407/2409/4864
f 2430/2431/4865 2466/2467/4865 2467/2468/4865
f 2487/2476/4866 2500/2500/4866 2475/2460/4866
f 2500/2500/4867 2494/2493/4867 2475/2460/4867
f 2494/2493/4868 2460/2461/4868 2454/2457/4868
f 2460/2461/4869 2501/2494/4869 2440/2441/4869
f 2501/2494/4870 2495/2495/4870 2424/2426/4870
f 2469/2470/4871 2502/2501/4871 2425/2428/4871
f 2411/2413/4872 2470/2480/4872 2450/2447/4872
f 2470/2480/4873 2471/2472/4873 2450/2447/4873
f 2471/2472/4874 2519/2502/4874 2461/2462/4874
f 2461/2462/4875 2519/2502/4875 2447/2449/4875
f 2519/2502/4876 2504/2503/4876 2447/2449/4876
f 2504/2503/4877 2458/2463/4877 2447/2449/4877
f 2484/2489/4878 2490/2490/4878 2443/2443/4878
f 2438/2439/4879 2506/2504/4879 2434/2434/4879
f 2497/2498/4880 2485/2485/4880 2464/2465/4880
f 2453/2455/4881 2485/2485/4881 2492/2505/4881
f 2498/2499/4882 2465/2466/4882 2422/2424/4882
f 2486/2456/4883 2507/2506/4883 2466/2467/4883
f 2467/2468/4884 2493/2492/4884 2408/2411/4884
f 2468/2469/4885 2493/2492/4885 2487/2476/4885
f 2526/2507/4886 2476/2477/4886 2455/2453/4886
f 2502/2501/4887 2477/2487/4887 2425/2428/4887
f 2478/2471/4888 2515/2488/4888 2457/2442/4888
f 2394/2397/4889 2515/2488/4889 2479/2478/4889
f 2528/2508/4890 2483/2484/4890 2459/2459/4890
f 2452/2451/4891 2514/2509/4891 2444/2444/4891
f 2444/2444/4892 2514/2509/4892 2505/2510/4892
f 2481/2482/4893 2509/2511/4893 2472/2473/4893
f 2465/2466/4894 2510/2512/4894 2474/2486/4894
f 2495/2495/4895 2488/2513/4895 2416/2427/4895
f 2416/2427/4896 2488/2513/4896 2482/2483/4896
f 2482/2483/4897 2511/2514/4897 2432/2445/4897
f 2432/2445/4898 2526/2507/4898 2455/2453/4898
f 2456/2458/4899 2512/2515/4899 2469/2470/4899
f 2477/2487/4900 2517/2516/4900 2478/2471/4900
f 2403/2405/4901 2479/2478/4901 2503/2517/4901
f 2449/2435/4902 2508/2479/4902 2445/2454/4902
f 2490/2490/4903 2513/2518/4903 2452/2451/4903
f 2444/2444/4904 2505/2510/4904 2480/2481/4904
f 2472/2473/4905 2509/2511/4905 2473/2474/4905
f 2492/2505/4906 2498/2499/4906 2453/2455/4906
f 2474/2486/4907 2499/2519/4907 2486/2456/4907
f 2512/2515/4908 2502/2501/4908 2469/2470/4908
f 2471/2472/4909 2516/2520/4909 2519/2502/4909
f 2483/2484/4910 2535/2521/4910 2484/2489/4910
f 2513/2518/4911 2514/2509/4911 2452/2451/4911
f 2473/2474/4912 2530/2522/4912 2496/2497/4912
f 2491/2491/4913 2523/2523/4913 2463/2464/4913
f 2494/2493/4914 2500/2500/4914 2460/2461/4914
f 2403/2405/4915 2503/2517/4915 2449/2435/4915
f 2433/2433/4916 2518/2524/4916 2470/2480/4916
f 2484/2489/4917 2520/2525/4917 2490/2490/4917
f 2505/2510/4918 2481/2482/4918 2480/2481/4918
f 2506/2504/4919 2521/2526/4919 2434/2434/4919
f 2434/2434/4920 2521/2526/4920 2462/2475/4920
f 2462/2475/4921 2522/2527/4921 2491/2491/4921
f 2522/2527/4922 2523/2523/4922 2491/2491/4922
f 2550/2528/4923 2497/2498/4923 2463/2464/4923
f 2497/2498/4924 2524/2529/4924 2485/2485/4924
f 2465/2466/4925 2525/2530/4925 2510/2512/4925
f 2486/2456/4926 2499/2519/4926 2507/2506/4926
f 2511/2514/4927 2526/2507/4927 2432/2445/4927
f 2489/2496/4928 2527/2531/4928 2456/2458/4928
f 2446/2446/4929 2518/2524/4929 2433/2433/4929
f 2504/2503/4930 2528/2508/4930 2458/2463/4930
f 2505/2510/4931 2536/2532/4931 2481/2482/4931
f 2536/2532/4932 2509/2511/4932 2481/2482/4932
f 2463/2464/4933 2523/2523/4933 2550/2528/4933
f 2524/2529/4934 2492/2505/4934 2485/2485/4934
f 2537/2533/4935 2525/2530/4935 2498/2499/4935
f 2498/2499/4936 2525/2530/4936 2465/2466/4936
f 2507/2506/4937 2551/2534/4937 2466/2467/4937
f 2493/2492/4938 2532/2535/4938 2487/2476/4938
f 2487/2476/4939 2532/2535/4939 2500/2500/4939
f 2476/2477/4940 2533/2536/4940 2489/2496/4940
f 2527/2531/4941 2534/2537/4941 2456/2458/4941
f 2517/2516/4942 2515/2488/4942 2478/2471/4942
f 2470/2480/4943 2546/2538/4943 2471/2472/4943
f 2458/2463/4944 2528/2508/4944 2459/2459/4944
f 2528/2508/4945 2535/2521/4945 2483/2484/4945
f 2535/2521/4946 2520/2525/4946 2484/2489/4946
f 2514/2509/4947 2529/2539/4947 2505/2510/4947
f 2496/2497/4948 2531/2540/4948 2438/2439/4948
f 2438/2439/4949 2531/2540/4949 2506/2504/4949
f 2551/2534/4950 2467/2468/4950 2466/2467/4950
f 2467/2468/4951 2538/2541/4951 2493/2492/4951
f 2538/2541/4952 2539/2542/4952 2493/2492/4952
f 2493/2492/4953 2539/2542/4953 2532/2535/4953
f 2488/2513/4954 2541/2543/4954 2482/2483/4954
f 2456/2458/4955 2534/2537/4955 2512/2515/4955
f 2503/2517/4956 2544/2544/4956 2449/2435/4956
f 2471/2472/4957 2546/2538/4957 2516/2520/4957
f 2519/2502/4958 2543/2545/4958 2504/2503/4958
f 2520/2525/4959 2547/2546/4959 2490/2490/4959
f 2490/2490/4960 2547/2546/4960 2513/2518/4960
f 2529/2539/4961 2536/2532/4961 2505/2510/4961
f 2509/2511/4962 2530/2522/4962 2473/2474/4962
f 2510/2512/4963 2499/2519/4963 2474/2486/4963
f 2515/2488/4964 2556/2547/4964 2479/2478/4964
f 2544/2544/4965 2508/2479/4965 2449/2435/4965
f 2446/2446/4966 2557/2548/4966 2518/2524/4966
f 2516/2520/4967 2542/2549/4967 2519/2502/4967
f 2514/2509/4968 2548/2550/4968 2529/2539/4968
f 2530/2522/4969 2549/2551/4969 2496/2497/4969
f 2496/2497/4970 2549/2551/4970 2531/2540/4970
f 2531/2540/4971 2521/2526/4971 2506/2504/4971
f 2492/2505/4972 2537/2533/4972 2498/2499/4972
f 2500/2500/4973 2552/2552/4973 2460/2461/4973
f 2460/2461/4974 2552/2552/4974 2501/2494/4974
f 2541/2543/4975 2511/2514/4975 2482/2483/4975
f 2489/2496/4976 2533/2536/4976 2527/2531/4976
f 2502/2501/4977 2555/2553/4977 2477/2487/4977
f 2555/2553/4978 2517/2516/4978 2477/2487/4978
f 2545/2554/4979 2557/2548/4979 2368/2373/4979
f 2368/2373/4980 2557/2548/4980 2446/2446/4980
f 2519/2502/4981 2542/2549/4981 2543/2545/4981
f 2536/2532/4982 2553/2555/4982 2509/2511/4982
f 2551/2534/4983 2538/2541/4983 2467/2468/4983
f 2532/2535/4984 2552/2552/4984 2500/2500/4984
f 2495/2495/4985 2540/2556/4985 2488/2513/4985
f 2526/2507/4986 2533/2536/4986 2476/2477/4986
f 2479/2478/4987 2556/2547/4987 2503/2517/4987
f 2518/2524/4988 2546/2538/4988 2470/2480/4988
f 2504/2503/4989 2558/2557/4989 2528/2508/4989
f 2553/2555/4990 2554/2558/4990 2509/2511/4990
f 2521/2526/4991 2607/2559/4991 2462/2475/4991
f 2522/2527/4992 2550/2528/4992 2523/2523/4992
f 2559/2560/4993 2537/2533/4993 2492/2505/4993
f 2499/2519/4994 2560/2561/4994 2507/2506/4994
f 2528/2508/4995 2563/2562/4995 2535/2521/4995
f 2535/2521/4996 2563/2562/4996 2520/2525/4996
f 2547/2546/4997 2569/2563/4997 2513/2518/4997
f 2607/2559/4998 2522/2527/4998 2462/2475/4998
f 2550/2528/4999 2524/2529/4999 2497/2498/4999
f 2524/2529/5000 2559/2560/5000 2492/2505/5000
f 2507/2506/5001 2564/2564/5001 2551/2534/5001
f 2551/2534/5002 2565/2565/5002 2538/2541/5002
f 2538/2541/5003 2575/2566/5003 2539/2542/5003
f 2539/2542/5004 2561/2567/5004 2532/2535/5004
f 2501/2494/5005 2540/2556/5005 2495/2495/5005
f 2488/2513/5006 2540/2556/5006 2541/2543/5006
f 2527/2531/5007 2578/2568/5007 2534/2537/5007
f 2512/2515/5008 2555/2553/5008 2502/2501/5008
f 2557/2548/5009 2568/2569/5009 2518/2524/5009
f 2520/2525/5010 2569/2563/5010 2547/2546/5010
f 2513/2518/5011 2570/2570/5011 2514/2509/5011
f 2509/2511/5012 2554/2558/5012 2530/2522/5012
f 2571/2571/5013 2607/2559/5013 2521/2526/5013
f 2510/2512/5014 2574/2572/5014 2499/2519/5014
f 2532/2535/5015 2566/2573/5015 2552/2552/5015
f 2501/2494/5016 2576/2574/5016 2540/2556/5016
f 2541/2543/5017 2567/2575/5017 2511/2514/5017
f 2526/2507/5018 2577/2576/5018 2533/2536/5018
f 2573/2577/5019 2574/2572/5019 2510/2512/5019
f 2499/2519/5020 2574/2572/5020 2560/2561/5020
f 2538/2541/5021 2565/2565/5021 2575/2566/5021
f 2583/2578/5022 2561/2567/5022 2539/2542/5022
f 2532/2535/5023 2561/2567/5023 2566/2573/5023
f 2533/2536/5024 2578/2568/5024 2527/2531/5024
f 2517/2516/5025 2580/2579/5025 2515/2488/5025
f 2515/2488/5026 2580/2579/5026 2556/2547/5026
f 2581/2580/5027 2542/2549/5027 2516/2520/5027
f 2528/2508/5028 2562/2581/5028 2563/2562/5028
f 2569/2563/5029 2570/2570/5029 2513/2518/5029
f 2514/2509/5030 2570/2570/5030 2548/2550/5030
f 2529/2539/5031 2548/2550/5031 2536/2532/5031
f 2522/2527/5032 2572/2582/5032 2550/2528/5032
f 2572/2582/5033 2524/2529/5033 2550/2528/5033
f 2525/2530/5034 2608/2583/5034 2510/2512/5034
f 2608/2583/5035 2573/2577/5035 2510/2512/5035
f 2507/2506/5036 2560/2561/5036 2564/2564/5036
f 2579/2584/5037 2567/2575/5037 2541/2543/5037
f 2512/2515/5038 2534/2537/5038 2555/2553/5038
f 2543/2545/5039 2558/2557/5039 2504/2503/5039
f 2520/2525/5040 2582/2585/5040 2569/2563/5040
f 2548/2550/5041 2589/2586/5041 2536/2532/5041
f 2531/2540/5042 2571/2571/5042 2521/2526/5042
f 2559/2560/5043 2525/2530/5043 2537/2533/5043
f 2551/2534/5044 2564/2564/5044 2565/2565/5044
f 2552/2552/5045 2576/2574/5045 2501/2494/5045
f 2584/2587/5046 2585/2588/5046 2540/2556/5046
f 2540/2556/5047 2585/2588/5047 2541/2543/5047
f 2541/2543/5048 2585/2588/5048 2579/2584/5048
f 2577/2576/5049 2586/2589/5049 2533/2536/5049
f 2586/2589/5050 2578/2568/5050 2533/2536/5050
f 2568/2569/5051 2546/2538/5051 2518/2524/5051
f 2546/2538/5052 2581/2580/5052 2516/2520/5052
f 2563/2562/5053 2588/2590/5053 2520/2525/5053
f 2590/2591/5054 2559/2560/5054 2524/2529/5054
f 2590/2591/5055 2525/2530/5055 2559/2560/5055
f 2555/2553/5056 2591/2592/5056 2517/2516/5056
f 2587/2593/5057 2580/2579/5057 2517/2516/5057
f 2556/2547/5058 2592/2594/5058 2503/2517/5058
f 2558/2557/5059 2562/2581/5059 2528/2508/5059
f 2570/2570/5060 2593/2595/5060 2548/2550/5060
f 2530/2522/5061 2594/2596/5061 2549/2551/5061
f 2549/2551/5062 2601/2597/5062 2531/2540/5062
f 2531/2540/5063 2601/2597/5063 2571/2571/5063
f 2607/2559/5064 2611/2598/5064 2522/2527/5064
f 2522/2527/5065 2611/2598/5065 2572/2582/5065
f 2575/2566/5066 2583/2578/5066 2539/2542/5066
f 2511/2514/5067 2596/2599/5067 2526/2507/5067
f 2544/2544/5068 2605/2600/5068 2508/2479/5068
f 2546/2538/5069 2598/2601/5069 2581/2580/5069
f 2542/2549/5070 2599/2602/5070 2543/2545/5070
f 2588/2590/5071 2582/2585/5071 2520/2525/5071
f 2582/2585/5072 2593/2595/5072 2569/2563/5072
f 2569/2563/5073 2593/2595/5073 2570/2570/5073
f 2593/2595/5074 2618/2603/5074 2548/2550/5074
f 2536/2532/5075 2600/2604/5075 2553/2555/5075
f 2553/2555/5076 2600/2604/5076 2554/2558/5076
f 2600/2604/5077 2530/2522/5077 2554/2558/5077
f 2572/2582/5078 2595/2605/5078 2524/2529/5078
f 2613/2606/5079 2565/2565/5079 2564/2564/5079
f 2566/2573/5080 2602/2607/5080 2552/2552/5080
f 2576/2574/5081 2603/2608/5081 2540/2556/5081
f 2596/2599/5082 2577/2576/5082 2526/2507/5082
f 2534/2537/5083 2591/2592/5083 2555/2553/5083
f 2545/2554/5084 2597/2609/5084 2557/2548/5084
f 2606/2610/5085 2598/2601/5085 2546/2538/5085
f 2618/2603/5086 2589/2586/5086 2548/2550/5086
f 2589/2586/5087 2600/2604/5087 2536/2532/5087
f 2549/2551/5088 2594/2596/5088 2601/2597/5088
f 2601/2597/5089 2607/2559/5089 2571/2571/5089
f 2595/2605/5090 2590/2591/5090 2524/2529/5090
f 2560/2561/5091 2613/2606/5091 2564/2564/5091
f 2583/2578/5092 2615/2611/5092 2561/2567/5092
f 2602/2607/5093 2576/2574/5093 2552/2552/5093
f 2579/2584/5094 2620/2612/5094 2567/2575/5094
f 2546/2538/5095 2568/2569/5095 2606/2610/5095
f 2581/2580/5096 2599/2602/5096 2542/2549/5096
f 2543/2545/5097 2621/2613/5097 2558/2557/5097
f 2562/2581/5098 2610/2614/5098 2563/2562/5098
f 2607/2559/5099 2638/2615/5099 2611/2598/5099
f 2525/2530/5100 2612/2616/5100 2608/2583/5100
f 2575/2566/5101 2614/2617/5101 2583/2578/5101
f 2567/2575/5102 2596/2599/5102 2511/2514/5102
f 2534/2537/5103 2616/2618/5103 2591/2592/5103
f 2591/2592/5104 2587/2593/5104 2517/2516/5104
f 2503/2517/5105 2617/2619/5105 2544/2544/5105
f 2562/2581/5106 2558/2557/5106 2625/2620/5106
f 2562/2581/5107 2625/2620/5107 2610/2614/5107
f 2608/2583/5108 2628/2621/5108 2573/2577/5108
f 2613/2606/5109 2619/2622/5109 2565/2565/5109
f 2565/2565/5110 2609/2623/5110 2575/2566/5110
f 2575/2566/5111 2609/2623/5111 2614/2617/5111
f 2583/2578/5112 2614/2617/5112 2615/2611/5112
f 2561/2567/5113 2615/2611/5113 2566/2573/5113
f 2603/2608/5114 2584/2587/5114 2540/2556/5114
f 2620/2612/5115 2596/2599/5115 2567/2575/5115
f 2599/2602/5116 2621/2613/5116 2543/2545/5116
f 2563/2562/5117 2610/2614/5117 2588/2590/5117
f 2600/2604/5118 2594/2596/5118 2530/2522/5118
f 2611/2598/5119 2623/2624/5119 2572/2582/5119
f 2623/2624/5120 2595/2605/5120 2572/2582/5120
f 2595/2605/5121 2624/2625/5121 2590/2591/5121
f 2590/2591/5122 2612/2616/5122 2525/2530/5122
f 2619/2622/5123 2609/2623/5123 2565/2565/5123
f 2578/2568/5124 2604/2626/5124 2534/2537/5124
f 2604/2626/5125 2616/2618/5125 2534/2537/5125
f 2557/2548/5126 2597/2609/5126 2568/2569/5126
f 2626/2627/5127 2600/2604/5127 2589/2586/5127
f 2595/2605/5128 2627/2628/5128 2624/2625/5128
f 2612/2616/5129 2628/2621/5129 2608/2583/5129
f 2574/2572/5130 2573/2577/5130 2560/2561/5130
f 2573/2577/5131 2639/2629/5131 2560/2561/5131
f 2560/2561/5132 2639/2629/5132 2613/2606/5132
f 2586/2589/5133 2604/2626/5133 2578/2568/5133
f 2592/2594/5134 2617/2619/5134 2503/2517/5134
f 2621/2613/5135 2625/2620/5135 2558/2557/5135
f 2588/2590/5136 2633/2630/5136 2582/2585/5136
f 2593/2595/5137 2582/2585/5137 2618/2603/5137
f 2600/2604/5138 2622/2631/5138 2594/2596/5138
f 2628/2621/5139 2630/2632/5139 2573/2577/5139
f 2601/2597/5140 2638/2615/5140 2607/2559/5140
f 2611/2598/5141 2631/2633/5141 2623/2624/5141
f 2623/2624/5142 2627/2628/5142 2595/2605/5142
f 2624/2625/5143 2612/2616/5143 2590/2591/5143
f 2596/2599/5144 2586/2589/5144 2577/2576/5144
f 2597/2609/5145 2629/2634/5145 2568/2569/5145
f 2598/2601/5146 2599/2602/5146 2581/2580/5146
f 2610/2614/5147 2633/2630/5147 2588/2590/5147
f 2633/2630/5148 2634/2635/5148 2582/2585/5148
f 2634/2635/5149 2618/2603/5149 2582/2585/5149
f 2589/2586/5150 2635/2636/5150 2626/2627/5150
f 2600/2604/5151 2626/2627/5151 2622/2631/5151
f 2594/2596/5152 2622/2631/5152 2601/2597/5152
f 2602/2607/5153 2603/2608/5153 2576/2574/5153
f 2545/2554/5154 2636/2637/5154 2597/2609/5154
f 2629/2634/5155 2606/2610/5155 2568/2569/5155
f 2599/2602/5156 2632/2638/5156 2621/2613/5156
f 2637/2639/5157 2625/2620/5157 2621/2613/5157
f 2602/2607/5158 2643/2640/5158 2603/2608/5158
f 2579/2584/5159 2585/2588/5159 2620/2612/5159
f 2556/2547/5160 2647/2641/5160 2592/2594/5160
f 2544/2544/5161 2617/2619/5161 2605/2600/5161
f 2606/2610/5162 2640/2642/5162 2598/2601/5162
f 2598/2601/5163 2632/2638/5163 2599/2602/5163
f 2632/2638/5164 2645/2643/5164 2621/2613/5164
f 2618/2603/5165 2635/2636/5165 2589/2586/5165
f 2635/2636/5166 2642/2644/5166 2626/2627/5166
f 2630/2632/5167 2639/2629/5167 2573/2577/5167
f 2639/2629/5168 2619/2622/5168 2613/2606/5168
f 2649/2645/5169 2615/2611/5169 2614/2617/5169
f 2566/2573/5170 2643/2640/5170 2602/2607/5170
f 2580/2579/5171 2647/2641/5171 2556/2547/5171
f 2636/2637/5172 2644/2646/5172 2597/2609/5172
f 2645/2643/5173 2637/2639/5173 2621/2613/5173
f 2634/2635/5174 2635/2636/5174 2618/2603/5174
f 2624/2625/5175 2652/2647/5175 2612/2616/5175
f 2584/2587/5176 2663/2648/5176 2585/2588/5176
f 2587/2593/5177 2656/2649/5177 2580/2579/5177
f 2656/2649/5178 2647/2641/5178 2580/2579/5178
f 2626/2627/5179 2646/2650/5179 2622/2631/5179
f 2601/2597/5180 2658/2651/5180 2638/2615/5180
f 2649/2645/5181 2643/2640/5181 2566/2573/5181
f 2606/2610/5182 2650/2652/5182 2640/2642/5182
f 2625/2620/5183 2648/2653/5183 2641/2654/5183
f 2625/2620/5184 2641/2654/5184 2610/2614/5184
f 2633/2630/5185 2666/2655/5185 2634/2635/5185
f 2612/2616/5186 2652/2647/5186 2628/2621/5186
f 2609/2623/5187 2653/2656/5187 2614/2617/5187
f 2643/2640/5188 2661/2657/5188 2603/2608/5188
f 2663/2648/5189 2620/2612/5189 2585/2588/5189
f 2637/2639/5190 2648/2653/5190 2625/2620/5190
f 2610/2614/5191 2641/2654/5191 2633/2630/5191
f 2651/2658/5192 2658/2651/5192 2601/2597/5192
f 2627/2628/5193 2652/2647/5193 2624/2625/5193
f 2628/2621/5194 2655/2659/5194 2630/2632/5194
f 2655/2659/5195 2639/2629/5195 2630/2632/5195
f 2639/2629/5196 2665/2660/5196 2619/2622/5196
f 2619/2622/5197 2653/2656/5197 2609/2623/5197
f 2615/2611/5198 2649/2645/5198 2566/2573/5198
f 2603/2608/5199 2662/2661/5199 2584/2587/5199
f 2586/2589/5200 2596/2599/5200 2604/2626/5200
f 2591/2592/5201 2656/2649/5201 2587/2593/5201
f 2644/2646/5202 2657/2662/5202 2597/2609/5202
f 2640/2642/5203 2645/2643/5203 2598/2601/5203
f 2598/2601/5204 2645/2643/5204 2632/2638/5204
f 2622/2631/5205 2651/2658/5205 2601/2597/5205
f 2638/2615/5206 2658/2651/5206 2611/2598/5206
f 2655/2659/5207 2660/2663/5207 2639/2629/5207
f 2660/2663/5208 2665/2660/5208 2639/2629/5208
f 2653/2656/5209 2649/2645/5209 2614/2617/5209
f 2620/2612/5210 2668/2664/5210 2596/2599/5210
f 2668/2664/5211 2664/2665/5211 2596/2599/5211
f 2616/2618/5212 2664/2665/5212 2591/2592/5212
f 2592/2594/5213 2647/2641/5213 2617/2619/5213
f 2629/2634/5214 2650/2652/5214 2606/2610/5214
f 2634/2635/5215 2666/2655/5215 2654/2666/5215
f 2622/2631/5216 2646/2650/5216 2651/2658/5216
f 2611/2598/5217 2658/2651/5217 2631/2633/5217
f 2652/2647/5218 2659/2667/5218 2628/2621/5218
f 2641/2654/5219 2666/2655/5219 2633/2630/5219
f 2654/2666/5220 2642/2644/5220 2634/2635/5220
f 2623/2624/5221 2667/2668/5221 2627/2628/5221
f 2597/2609/5222 2657/2662/5222 2629/2634/5222
f 2642/2644/5223 2646/2650/5223 2626/2627/5223
f 2631/2633/5224 2667/2668/5224 2623/2624/5224
f 2667/2668/5225 2652/2647/5225 2627/2628/5225
f 2659/2667/5226 2655/2659/5226 2628/2621/5226
f 2619/2622/5227 2665/2660/5227 2653/2656/5227
f 2649/2645/5228 2661/2657/5228 2643/2640/5228
f 2663/2648/5229 2668/2664/5229 2620/2612/5229
f 2596/2599/5230 2664/2665/5230 2604/2626/5230
f 2604/2626/5231 2664/2665/5231 2616/2618/5231
f 2650/2652/5232 2645/2643/5232 2640/2642/5232
f 2634/2635/5233 2642/2644/5233 2635/2636/5233
f 2584/2587/5234 2662/2661/5234 2663/2648/5234
f 2657/2662/5235 2650/2652/5235 2629/2634/5235
f 2658/2651/5236 2667/2668/5236 2631/2633/5236
f 2655/2659/5237 2665/2660/5237 2660/2663/5237
f 2653/2656/5238 2665/2660/5238 2649/2645/5238
f 2603/2608/5239 2661/2657/5239 2662/2661/5239
f 2664/2665/5240 2656/2649/5240 2591/2592/5240
f 2647/2641/5241 2605/2600/5241 2617/2619/5241
