# Blender 4.4.0
# www.blender.org
mtllib Untitled.mtl
o Terrain
v -0.000111 0.000094 0.000015
v 0.000000 0.000033 436.530121
v -0.014361 0.016513 601.951355
v 0.000482 0.174709 639.418274
v -16.081097 0.000027 353.550110
v -35.508850 0.414925 396.942657
v -31.513309 0.217329 430.283875
v -23.062181 0.082919 491.821808
v -35.134315 0.219084 521.106262
v -17.575998 0.076448 538.899963
v -11.378648 0.083672 651.884521
v 0.000000 0.000075 1000.000000
v -26.283504 5.598533 601.114258
v -42.306625 0.179753 364.257904
v -20.085535 4.321601 650.642944
v -19.621269 0.558250 583.033752
v -23.390341 0.466990 675.413635
v -20.504822 0.656576 623.692688
v -33.850685 1.209880 384.930084
v -25.238001 1.115614 560.266663
v -44.860653 11.226789 634.008484
v -33.026085 0.012752 446.982971
v -33.897652 1.422851 695.179932
v -33.227100 1.713708 461.413025
v -40.983929 0.450671 477.306915
v -28.259113 0.236137 412.374237
v -36.880642 -0.028387 559.295166
v -32.151344 9.106109 671.220886
v -50.123512 5.374839 538.396057
v -41.324322 5.067674 583.750793
v -60.245872 6.030220 603.696228
v -35.059231 11.104288 618.956787
v -45.808563 8.386590 465.910248
v -39.733971 -0.264230 509.056061
v -45.290344 0.056532 714.595215
v -48.370811 9.245598 497.516449
v -51.485737 11.314410 672.110291
v -43.617054 3.690842 441.368225
v -50.322292 0.275951 339.671387
v -53.315510 7.503093 358.609436
v -56.310131 11.068563 554.940613
v -51.716293 0.394431 327.168365
v -50.584820 16.370680 421.798584
v -60.836662 8.035837 617.108765
v -51.974613 9.800387 381.030670
v -58.902149 23.864670 399.149872
v -54.055313 3.424051 570.003845
v -53.210590 16.006098 650.418518
v -58.153343 27.324978 434.121399
v -59.280121 18.235470 518.202942
v -56.019501 9.060081 692.949524
v -53.575333 0.136078 742.357727
v -57.256344 3.585120 320.132599
v -51.703388 17.989601 452.514465
v -56.654419 11.887209 369.540741
v -59.830654 24.999758 464.614716
v -59.068562 15.307986 503.393555
v -62.931503 10.013296 588.342102
v -66.109200 7.378458 720.030884
v -74.522263 0.059055 761.770142
v -59.240974 22.489906 486.367981
v -62.610256 18.614660 666.498474
v -70.007027 26.368830 418.088043
v -65.403641 5.852800 347.917389
v -70.490028 21.775963 386.235107
v -70.027855 32.318073 444.550354
v -69.853416 15.326965 530.562012
v -69.462250 9.889750 566.300781
v -72.511971 15.842554 678.901184
v -71.129944 8.174688 701.396790
v -72.768959 0.028867 734.891907
v -74.894127 14.676592 551.639709
v -72.692192 10.095140 621.456299
v -74.040207 11.068972 643.083801
v -71.224724 12.406178 605.002625
v -76.045250 10.314688 660.748962
v -72.978790 9.412269 332.351196
v -71.414307 21.717550 364.117462
v -82.062859 19.646173 487.371674
v -67.270378 0.133975 289.206238
v -81.538429 5.586330 320.721405
v -72.070778 25.299486 459.967010
v -80.801987 7.149205 585.130188
v -78.625771 1.325868 271.858856
v -71.734413 28.527248 434.346008
v -84.576736 16.624004 498.575958
v -82.817520 18.141939 512.718567
v -92.032921 11.318828 552.044250
v -78.727882 14.495889 690.407410
v -75.136787 6.566156 289.935852
v -83.614777 5.860884 306.033264
v -82.015251 22.453896 363.226227
v -81.256966 30.813044 401.341614
v -82.311218 6.661709 633.411682
v -90.173737 38.312271 441.674438
v -83.983986 13.963898 569.228088
v -90.710541 17.225897 726.987305
v -93.368484 5.825290 288.708832
v -83.213585 29.840975 391.243469
v -93.067772 38.769165 455.209900
v -87.494331 14.698826 639.176208
v -94.545959 36.203907 422.505127
v -89.245827 38.155060 466.004425
v -96.613235 13.108002 597.787842
v -87.493988 12.654808 711.395935
v -89.463531 1.914357 748.114319
v -91.843887 2.302742 251.389923
v -92.393402 20.797813 330.454498
v -91.849228 26.485077 348.248932
v -88.021324 28.758375 478.819946
v -80.271240 5.513128 618.522705
v -86.166855 31.676350 408.748383
v -94.620773 7.466830 681.516479
v -95.246109 10.767180 689.207703
v -95.464096 16.624834 315.516785
v -89.879112 5.292274 654.024475
v -102.534760 22.589447 741.822510
v -94.667786 29.990231 371.579376
v -93.550362 14.848410 528.230042
v -99.885109 11.235289 619.959167
v -101.102554 0.341256 232.548920
v -107.604485 17.511412 394.881073
v -95.144150 23.043011 491.446777
v -91.466187 12.546474 578.177551
v -101.572853 4.073986 510.427460
v -102.144600 6.419382 757.426453
v -101.970757 0.896486 772.946594
v -103.397057 29.022266 360.433105
v -104.550705 23.943556 386.655762
v -96.085915 11.456347 637.207764
v -102.760590 19.840540 719.302856
v -113.219353 0.025619 211.161072
v -100.686150 22.569801 336.872925
v -103.979675 26.860376 433.690369
v -99.705772 8.151678 659.421814
v -108.931328 21.827574 705.710205
v -105.357460 10.242495 270.522247
v -105.896820 12.338319 282.586517
v -107.053146 20.242155 296.873108
v -109.803589 12.031834 407.031586
v -107.722450 26.465582 447.906799
v -105.944710 24.238014 465.540924
v -103.862213 7.197603 523.904114
v -106.644165 21.275826 422.590607
v -115.851463 2.513986 532.853699
v -104.289131 8.560631 556.274109
v -107.219376 6.660694 669.834900
v -107.456985 6.652311 688.482178
v -111.369385 22.038967 321.469574
v -111.203285 33.025463 344.971924
v -109.214348 8.947931 480.465637
v -119.320831 10.899941 251.897278
v -108.735008 10.648716 488.261230
v -112.488525 2.550463 503.738708
v -109.831406 11.812788 598.666687
v -113.195724 21.289139 615.920288
v -121.589676 20.876081 634.921509
v -113.629509 25.470617 371.220032
v -113.784187 7.548517 582.788269
v -121.161591 31.239315 743.846313
v -117.698730 25.513012 414.681061
v -124.346054 1.014386 566.213806
v -111.457344 2.118176 677.773499
v -117.964111 35.578243 359.492249
v -118.448784 32.891655 455.992340
v -121.778732 5.639294 691.013123
v -120.856522 28.453693 276.348480
v -115.438614 21.858385 304.986023
v -119.033173 7.123068 765.691711
v -121.491310 4.836128 216.609695
v -118.843643 3.063211 230.832474
v -121.139893 41.919590 383.792023
v -122.874046 5.749446 547.872253
v -119.335686 19.964907 656.448975
v -112.724327 0.097822 781.670593
v -126.878288 8.855807 239.570404
v -119.346939 28.446815 402.868469
v -120.055183 33.512436 433.847656
v -127.754509 15.941106 520.092224
v -127.106743 34.870789 422.671326
v -123.159126 37.107914 466.130615
v -125.761681 7.075712 591.361328
v -126.262985 11.784207 611.277222
v -124.804909 12.166333 677.172791
v -126.168045 28.875315 719.167725
v -128.131317 32.594425 751.297729
v -131.331177 37.900723 263.475891
v -121.443939 22.630804 292.576080
v -130.270340 37.411732 342.088898
v -122.648285 33.305927 345.962341
v -126.528389 8.965286 554.045776
v -125.504250 1.404674 780.727600
v -119.816055 38.343563 325.825745
v -124.563484 20.217611 497.549316
v -128.944397 38.437630 288.867188
v -129.617264 52.621544 364.655365
v -130.987671 37.934559 402.838806
v -132.330215 35.348278 485.358124
v -126.847229 9.553988 699.925781
v -126.339455 42.403847 393.085754
v -133.976151 36.671146 451.281616
v -135.103790 20.107880 535.863770
v -131.977203 15.822421 579.518616
v -131.017120 34.144482 652.246094
v -133.047195 18.186739 706.763916
v -135.971359 11.252994 219.883881
v -135.928635 38.529285 327.542816
v -124.313301 36.618767 442.832184
v -135.945862 45.852985 501.930786
v -136.711533 13.047441 600.459595
v -134.759338 7.157308 774.702820
v -136.398880 0.102741 178.895752
v -142.239624 3.838277 196.604553
v -137.439301 44.309132 377.770599
v -132.567322 35.139893 469.188873
v -135.958466 30.262388 716.784485
v -139.987152 31.894997 760.290222
v -140.981400 0.518924 794.119995
v -139.252029 29.276127 427.135590
v -137.987503 30.813393 642.224548
v -139.220932 36.615898 658.870056
v -143.157516 28.432018 677.403198
v -136.315460 39.796875 247.891495
v -138.935684 19.039951 556.479431
v -140.603378 17.961418 615.773499
v -142.058502 23.034199 625.912842
v -135.574142 15.533441 694.711975
v -140.868713 55.974922 360.574280
v -143.669464 47.285355 513.054321
v -153.701813 19.124271 182.934128
v -139.563675 56.245777 370.865753
v -146.535034 31.464945 441.768005
v -146.064178 38.717258 462.516968
v -145.418060 29.908045 747.044739
v -155.071838 0.325747 163.278610
v -152.536926 48.001102 229.444916
v -148.024994 42.308949 340.636444
v -145.253937 43.032578 490.064758
v -143.524002 32.374531 584.256714
v -149.570480 7.588055 708.303711
v -152.864838 38.266933 267.984863
v -153.469559 39.008625 315.838562
v -136.339584 31.734093 418.863220
v -151.252258 43.170635 473.238434
v -151.296494 48.727859 569.937439
v -149.280502 33.166878 593.037903
v -148.543579 31.257727 732.311890
v -152.416260 6.399068 783.449097
v -154.309662 28.257362 199.457733
v -149.498611 21.529016 209.538803
v -148.291336 38.846607 280.778870
v -158.406036 58.503174 500.251923
v -148.735168 36.994293 546.920715
v -147.103348 26.095947 615.139709
v -149.126801 29.358442 630.781921
v -151.959000 8.783726 692.922424
v -161.314636 54.412785 246.657440
v -160.238190 38.620430 290.189728
v -153.144165 46.162170 348.714966
v -152.150803 30.012459 452.862671
v -158.845688 65.706413 488.999512
v -152.267853 41.008987 527.595886
v -159.792923 26.197277 764.168152
v -156.270508 94.302574 367.313660
v -159.291809 61.030045 405.935211
v -153.874283 44.584045 421.100494
v -157.619659 34.771446 660.036865
v -149.084091 64.695175 390.432922
v -155.907944 31.428886 648.241394
v -157.023560 34.320595 430.038513
v -159.955627 39.817528 603.006470
v -159.305801 27.574705 630.487122
v -159.094376 26.433702 730.101807
v -183.732773 0.248175 116.820808
v -161.265625 1.036168 147.183578
v -160.256012 87.773926 388.738556
v -160.987946 58.882175 513.531433
v -162.072968 43.908409 531.184082
v -171.187271 66.423859 258.044586
v -162.574875 20.244957 617.176453
v -159.862152 28.835291 671.871338
v -164.788986 7.395322 719.712219
v -163.721695 48.309834 183.237900
v -161.355881 51.139805 335.424988
v -169.593002 79.267570 353.965973
v -163.793610 101.721886 374.912384
v -163.648239 30.464890 444.773224
v -162.634354 27.646708 461.576721
v -162.860764 62.353241 479.618103
v -165.878403 40.872372 640.178406
v -172.797958 25.787317 741.537720
v -165.696396 75.194527 209.716171
v -170.298996 24.090185 429.069153
v -167.170273 38.140472 542.065186
v -170.750778 82.852859 574.700806
v -162.942780 5.632966 705.609924
v -161.308624 49.544418 277.378387
v -172.619308 45.961651 296.956879
v -164.664154 42.961281 326.893372
v -172.257187 86.011398 393.033752
v -173.386658 57.933376 553.776672
v -166.629364 68.009705 586.300781
v -170.867783 16.176764 779.935242
v -163.672165 0.598612 794.281311
v -168.376328 37.908504 307.455811
v -176.725052 67.468033 562.469666
v -170.121262 25.090683 680.133484
v -173.862900 105.906326 193.125015
v -169.777161 42.964935 411.385254
v -174.239273 22.659960 444.025116
v -172.580917 31.728394 620.933105
v -175.359558 0.689008 140.270340
v -178.524658 42.963398 155.058868
v -174.502670 84.353371 215.564026
v -171.215378 28.653082 321.134705
v -175.310074 90.079056 362.945282
v -175.101334 70.880753 505.064819
v -179.379669 48.826931 278.340332
v -175.175079 67.837257 341.819733
v -174.398209 35.784969 456.092804
v -172.797409 70.579758 490.854553
v -173.785370 72.930496 516.275757
v -175.209457 62.034359 601.913086
v -176.142303 53.456970 649.529297
v -173.170181 10.009354 695.801086
v -176.630096 7.026596 723.591309
v -180.432709 1.750685 796.682129
v -172.773239 78.649284 241.529938
v -175.837112 38.789848 467.560059
v -180.341263 45.663422 528.109619
v -181.286713 41.391701 672.177734
v -178.053696 25.113573 309.923645
v -179.576950 77.755432 352.941254
v -174.135941 97.594673 379.455902
v -179.852081 76.799515 586.912170
v -185.055573 67.655426 599.401611
v -178.543533 1.571751 710.046021
v -179.814682 41.517929 416.725342
v -185.510010 11.422647 788.220764
v -184.836334 81.902802 240.003204
v -185.238602 93.595901 384.759735
v -190.529037 53.681629 399.047516
v -185.313599 23.534248 438.186188
v -182.660965 62.912636 481.657104
v -180.656555 33.009666 537.814941
v -180.111191 45.079151 631.728882
v -191.324997 66.250122 659.358948
v -189.890259 21.583185 748.129761
v -186.430130 21.495192 767.148987
v -186.214355 41.920940 298.051941
v -190.762024 58.379932 507.970978
v -185.268295 28.383169 681.815308
v -183.771408 3.448647 695.961243
v -184.227234 101.516716 222.049728
v -185.615173 64.203308 270.796448
v -186.097168 101.523674 369.553802
v -193.803024 25.520172 411.796753
v -187.214050 30.509314 428.853882
v -186.016983 63.556599 498.561951
v -189.478485 53.123081 558.394043
v -189.580612 78.024300 162.664078
v -193.858994 125.934837 209.027878
v -186.809006 84.030457 251.015610
v -187.895615 37.388519 285.884308
v -186.429581 31.321810 308.175598
v -187.110626 19.902599 322.975372
v -193.071213 41.161865 518.711731
v -186.563583 50.522820 546.718750
v -193.674210 66.565956 575.653870
v -186.328445 50.553722 618.636475
v -188.091705 14.806415 143.271439
v -199.817032 128.636597 194.651901
v -184.739471 31.041758 458.097137
v -195.088364 47.506847 470.426361
v -191.784088 60.727200 630.692566
v -194.976562 2.946121 699.828491
v -189.072037 60.786060 340.417877
v -192.594437 60.997498 647.639404
v -200.375763 69.532288 668.434204
v -195.127853 2.486934 725.783142
v -194.772827 0.716747 803.825745
v -194.991013 100.314102 175.000824
v -193.927811 80.702820 352.347015
v -196.210510 23.314447 425.869843
v -197.612854 53.098663 477.103638
v -199.327133 70.616737 490.406891
v -193.080093 105.611443 226.478043
v -199.138199 54.556065 274.491913
v -196.888657 25.123453 445.493866
v -191.446747 32.737217 534.933594
v -195.943130 1.374792 115.672127
v -198.652985 90.815620 364.987671
v -195.272293 37.949947 459.398315
v -199.815048 64.981125 584.464783
v -197.401321 36.900513 613.416260
v -203.534393 57.924881 678.646301
v -198.340256 1.351796 714.109070
v -202.800919 19.124937 134.787247
v -200.215042 125.579323 213.572067
v -200.344971 74.912788 238.552628
v -197.729324 79.181953 378.058655
v -199.209305 15.576859 743.992371
v -218.683578 0.125049 102.614639
v -198.180817 66.236023 259.595520
v -205.145004 40.251545 282.940430
v -200.342865 31.094414 296.150085
v -197.618408 33.314892 311.595398
v -203.212967 67.083931 393.763824
v -209.054092 78.322502 505.576385
v -200.299530 26.962402 535.895325
v -202.229019 35.190327 543.252258
v -202.131973 33.815765 552.822510
v -205.409729 36.125809 561.826477
v -202.011871 50.694141 597.291016
v -206.826675 20.513153 752.140198
v -201.722580 15.411473 779.285767
v -205.889404 57.779034 323.501282
v -200.426514 84.519783 349.813385
v -205.372086 51.600487 575.887817
v -202.380722 68.727623 631.636658
v -214.248154 1.829417 115.662796
v -207.699020 34.752888 408.954498
v -206.620895 34.623711 438.978882
v -207.944687 53.960930 451.306396
v -203.588791 36.252369 526.871094
v -211.567612 1.307613 804.127075
v -217.237823 56.615406 229.136688
v -206.652878 71.399597 248.376678
v -206.396637 86.525864 638.544800
v -209.444626 92.347214 656.003479
v -203.603790 41.292217 145.264221
v -212.020752 47.416401 155.446030
v -213.035049 63.028950 241.275925
v -211.206314 59.093784 309.966064
v -208.934586 64.799652 334.281403
v -210.882217 54.099449 381.802795
v -209.708405 63.414867 469.985596
v -207.898468 71.498093 492.248138
v -208.492004 9.661386 705.769348
v -216.389023 64.505310 342.820343
v -214.634430 18.784527 767.893433
v -223.842133 82.965408 195.841904
v -211.491104 105.202019 213.255768
v -211.900696 40.449146 262.725128
v -212.809631 90.791573 361.851349
v -213.597641 71.734406 479.925232
v -212.222397 58.040882 517.172424
v -212.795532 59.134167 691.095459
v -207.655426 112.408058 179.781677
v -214.875626 44.894051 292.608612
v -215.043854 64.357658 318.526825
v -216.281631 29.463669 411.684296
v -214.191238 42.323681 550.875061
v -215.811935 54.547241 574.311157
v -211.606384 44.779636 586.025208
v -211.013336 44.035339 606.607727
v -220.232269 43.025795 612.107422
v -219.088730 98.528908 661.601562
v -214.750687 -1.615425 724.033325
v -225.795746 38.418362 124.076584
v -219.101562 38.601543 141.508636
v -218.436768 48.222149 300.971710
v -220.286072 68.141563 487.980286
v -214.840530 46.303097 566.121643
v -224.478134 31.795555 592.884949
v -217.325607 14.601632 782.356812
v -221.699234 39.773785 237.407547
v -217.443512 56.149086 334.193298
v -220.558914 90.675232 646.103943
v -228.444641 87.093109 675.668884
v -229.055847 42.251816 712.353638
v -222.555908 36.533791 260.894257
v -219.614395 27.708858 390.488434
v -213.038101 37.575851 423.972961
v -228.834244 20.033504 747.156494
v -227.694229 11.568480 791.817200
v -227.517731 34.590622 247.667709
v -221.818314 56.396736 277.327423
v -233.255707 47.601189 362.678009
v -227.775177 39.445377 448.976318
v -222.938156 45.849995 461.792206
v -225.098297 54.022820 504.619995
v -216.406509 41.121765 533.473999
v -226.726013 54.000038 697.277100
v -223.219025 23.721977 761.098816
v -227.190460 0.140558 809.427429
v -226.582275 38.926857 151.188171
v -226.775131 78.923157 183.478134
v -228.883560 39.878944 226.865189
v -229.276260 17.753834 420.873718
v -229.022812 43.036777 472.375458
v -228.181946 38.676159 533.374451
v -224.324982 45.087563 545.242065
v -238.088806 36.927231 576.924805
v -226.498749 35.049320 623.318298
v -245.341400 0.192297 850.567566
v -230.492645 47.265865 287.628204
v -229.837784 57.523960 310.788818
v -226.244949 20.892740 409.831390
v -229.653809 49.054375 515.881287
v -225.673447 7.270460 729.864929
v -228.042618 16.681215 398.446503
v -232.861176 24.245813 435.332458
v -232.952240 33.980850 551.612305
v -240.683929 34.871147 756.400757
v -234.312073 0.750704 91.222923
v -230.842377 50.855904 173.314148
v -227.081818 66.958916 330.627167
v -225.887238 59.122200 351.814850
v -237.768311 13.997927 106.718933
v -231.181946 49.558582 268.063934
v -232.682404 52.476105 300.148254
v -237.587769 34.609978 525.488831
v -238.013504 32.264538 566.138489
v -235.249924 23.635553 612.775513
v -239.816360 11.256877 212.895920
v -235.603302 30.020203 236.004684
v -239.706528 79.800255 331.605164
v -232.346725 27.703220 378.532135
v -238.858566 41.984283 492.901398
v -235.621185 92.165024 655.634399
v -233.295029 91.841812 665.721863
v -242.622742 33.960491 776.929016
v -238.590057 38.986454 150.071381
v -244.897095 42.179443 191.785904
v -240.505508 32.980213 252.640732
v -240.931549 27.036224 737.882996
v -241.730850 38.975227 127.310951
v -239.929977 43.705986 280.945953
v -242.318176 68.655075 320.650146
v -240.544922 58.847633 345.197266
v -239.048462 46.928032 477.675049
v -242.614761 52.261635 512.083008
v -234.370224 69.797264 699.406616
v -237.557968 28.834108 768.611511
v -243.085907 0.835106 814.448120
v -252.336151 38.056175 113.501251
v -240.054443 47.170753 292.611023
v -243.543304 31.879986 417.757324
v -244.769104 39.821289 449.017120
v -238.231262 25.331627 590.127014
v -242.600235 19.952078 623.225952
v -243.167389 65.113976 642.363159
v -244.295883 102.107399 679.210144
v -247.552933 82.436104 708.276733
v -241.093216 25.100439 405.755463
v -249.124924 33.256180 430.368134
v -241.733383 38.886654 173.512222
v -247.972809 18.057684 204.503159
v -241.308365 24.459654 231.817505
v -244.648758 42.861660 369.462585
v -243.189087 29.175497 382.791473
v -245.280212 35.985077 532.169006
v -242.886429 30.094715 554.790771
v -247.074982 102.834015 662.641235
v -244.210693 37.279190 726.604492
v -242.462708 7.705103 801.537292
v -249.780289 0.804640 867.035645
v -247.131332 47.188332 466.757965
v -248.571167 54.757591 748.192871
v -253.643234 51.062401 769.362671
v -259.230469 39.013008 142.547501
v -254.953308 39.897511 157.321274
v -254.279755 26.034431 230.385895
v -248.217239 41.788383 275.700439
v -243.755280 74.012901 305.984222
v -252.797058 43.328285 357.347412
v -249.073792 48.251896 482.981842
v -252.402557 90.680252 674.498718
v -251.659286 74.563110 718.586121
v -250.919434 32.766247 179.483215
v -249.342621 24.570274 219.352203
v -250.828583 29.850485 245.297974
v -251.957260 41.904152 259.939636
v -250.835541 42.618294 493.757843
v -249.618744 38.231384 550.149902
v -249.429337 33.379250 574.367371
v -254.095703 12.657539 600.720947
v -249.679901 19.646505 617.666077
v -258.847595 5.288632 859.935364
v -253.995895 43.990379 170.214386
v -253.197739 29.296371 450.851288
v -252.974869 40.636948 513.792053
v -256.447144 18.750662 636.064880
v -253.185883 1.175189 87.089066
v -256.955322 57.704872 272.083954
v -253.874268 79.443764 298.421692
v -252.214966 62.340065 316.932343
v -252.508316 16.109940 394.160492
v -258.113525 32.714146 582.789978
v -263.156281 49.424774 649.589294
v -247.284012 97.944168 692.017334
v -256.073303 74.395813 756.228271
v -256.265900 38.527737 787.085266
v -255.242828 20.245789 809.190308
v -258.631805 68.989021 336.531677
v -253.596771 22.935665 380.363037
v -263.588684 19.357166 469.312500
v -256.887024 36.193398 531.187378
v -261.926056 30.215958 539.989685
v -254.650299 39.622768 568.033264
v -260.588928 12.961246 622.311523
v -256.288116 64.842300 734.391846
v -260.413971 29.320343 794.444458
v -255.557114 -0.222070 829.716064
v -263.047943 13.069866 98.258026
v -258.540985 34.534592 193.235870
v -262.801483 19.933977 428.549072
v -268.694580 57.565914 125.424644
v -257.741425 62.904537 287.152649
v -259.874237 70.093849 308.916107
v -259.650818 14.521460 374.050507
v -263.700531 15.885541 389.130798
v -258.961548 17.454449 408.038208
v -257.818665 31.088589 492.127777
v -257.552429 98.777115 664.683350
v -258.148865 100.194481 682.903198
v -257.013824 88.929176 695.457153
v -263.589325 70.715736 742.020142
v -269.088684 0.264119 905.425537
v -264.291473 43.733746 207.742096
v -261.213806 91.966225 703.645813
v -262.742218 63.648769 172.743805
v -263.749542 43.844021 234.236908
v -265.659698 54.882786 251.296478
v -266.627228 52.327850 268.079346
v -265.202942 20.021631 502.718201
v -266.518555 32.051010 565.752502
v -268.118805 67.633629 318.470612
v -268.161652 61.472141 329.403687
v -259.611145 26.851078 443.296082
v -265.726593 31.031921 552.047729
v -268.166382 29.920311 584.030579
v -270.218872 93.302467 671.361633
v -274.449951 130.787476 683.619568
v -268.327484 96.567825 770.769165
v -266.509064 24.357294 805.167053
v -266.823944 7.513899 819.312134
v -265.153748 0.214529 83.066109
v -267.741302 42.800320 193.158997
v -270.064514 52.952953 219.833206
v -264.930389 27.122841 361.179138
v -271.832214 22.369852 480.513947
v -261.881348 11.143982 610.942627
v -268.039703 111.075348 720.746277
v -264.797974 10.754769 849.164490
v -269.735138 48.475639 105.822670
v -270.637787 33.578598 346.357544
v -279.457306 17.916922 415.501923
v -277.400543 19.758240 430.269470
v -266.389679 20.115799 459.250153
v -271.548584 20.311335 493.133514
v -273.035187 24.409826 522.247986
v -281.295197 24.199884 532.706970
v -270.326141 87.011116 663.065186
v -269.381531 68.881622 297.059814
v -275.696777 18.886639 509.600006
v -273.598694 21.473001 627.305725
v -270.439117 96.899742 710.514282
v -273.438080 81.985168 782.131897
v -272.674805 13.205477 88.351334
v -274.813507 90.275482 154.701813
v -278.524200 18.527662 387.778961
v -277.361603 120.855942 731.713867
v -272.809113 97.305168 750.194763
v -270.794342 5.623214 890.175049
v -278.865326 0.968364 80.206680
v -276.081604 58.388226 194.660675
v -277.643829 53.800182 256.040039
v -280.167114 12.662911 371.721558
v -280.157715 25.927359 585.204956
v -289.858521 23.482218 595.222351
v -277.734711 13.294916 619.075806
v -276.627075 131.739258 693.802185
v -281.438538 108.967987 704.254944
v -273.297546 0.215457 921.861389
v -284.348907 0.898754 938.659241
v -281.643250 67.689217 179.636642
v -275.372406 67.932961 207.927185
v -276.898407 69.560104 281.681122
v -291.815948 40.478123 635.976929
v -280.221924 69.755249 167.440750
v -279.181885 52.595936 228.376846
v -281.767700 66.025162 242.267609
v -274.750610 72.145500 306.986023
v -277.792084 57.553329 323.087280
v -278.068756 15.094211 449.215942
v -281.696686 24.088337 485.136658
v -281.598236 22.399063 545.644287
v -280.795715 87.872879 659.352051
v -281.987885 46.065342 797.636719
v -278.317566 12.331703 821.048889
v -277.210052 18.536846 839.122864
v -289.779175 17.564178 858.866272
v -286.701416 0.927649 66.984131
v -286.085602 89.126518 143.042343
v -287.917267 60.979572 295.494934
v -290.854919 19.005211 499.459930
v -281.616028 26.458002 571.776550
v -279.673737 54.100502 101.019379
v -280.509369 73.519203 123.383247
v -285.547882 14.539165 400.588318
v -286.360596 15.911742 608.460510
v -286.846130 22.595510 627.517090
v -280.185333 57.908936 645.444458
v -288.596893 93.764557 667.576599
v -290.176666 99.240891 719.415100
v -288.651093 109.339485 754.891174
v -286.389618 19.068834 843.800903
v -286.797394 4.554523 923.212158
v -286.476440 69.832443 162.523239
v -287.197815 65.976746 208.689270
v -288.941345 59.639484 251.115570
v -292.493866 30.201641 337.778931
v -291.057617 29.412560 565.547729
v -294.477295 13.689410 872.798340
v -295.703766 11.563886 932.772217
v -292.580902 51.896584 100.285225
v -293.899017 58.645237 276.174561
v -294.311462 31.030125 320.685089
v -289.933685 104.924522 680.214600
v -283.435730 101.254059 770.813599
v -303.151062 93.495369 781.802246
v -294.999725 0.285966 900.480835
v -293.137268 59.894730 191.785034
v -284.331970 60.824924 266.774445
v -291.503662 19.955011 354.516754
v -289.535492 5.697367 376.835907
v -287.459961 21.693897 441.233185
v -297.299469 22.845551 580.316711
v -293.419403 9.525671 423.444855
v -293.930359 22.412256 549.326599
v -285.095123 108.054855 741.390625
v -292.009613 50.755352 795.150879
v -292.067657 23.952950 824.375610
v -290.669952 79.111679 127.581024
v -299.233612 79.163612 148.256546
v -296.826050 71.860870 175.878815
v -297.000916 62.373798 219.058868
v -299.719971 77.014267 237.948761
v -298.067963 14.312816 510.096924
v -296.931183 96.782547 774.954712
v -297.472046 69.194252 167.090759
v -299.855469 0.272963 368.678864
v -297.173523 9.888241 457.137543
v -296.696350 85.041245 698.363586
v -297.995270 17.242884 81.855377
v -296.932800 58.353077 205.417130
v -300.509125 55.408661 266.461487
v -295.666534 7.963172 471.628052
v -295.173706 44.628487 649.043640
v -301.642548 21.669765 826.969116
v -298.849731 77.673401 159.239548
v -311.072021 6.866116 411.661621
v -297.737122 11.439730 532.734497
v -304.364258 85.247711 679.111938
v -302.712341 87.458771 693.812744
v -299.495239 90.316383 714.811829
v -301.793488 85.128746 751.154175
v -292.123260 33.979053 811.908203
v -306.930725 0.221139 71.507957
v -313.108490 60.111069 669.619446
v -300.340759 1.044197 973.689392
v -300.148590 57.264309 110.798393
v -312.609039 81.870331 134.308212
v -302.567291 57.070004 192.660385
v -299.138519 76.258194 229.929276
v -301.283173 58.864639 252.312180
v -307.924438 20.077492 300.881805
v -306.538940 14.532248 310.469971
v -305.859406 9.883715 334.630829
v -303.952393 -0.022070 398.917114
v -321.616180 0.423205 466.649689
v -307.609833 29.402597 588.391296
v -305.374664 59.236496 660.696289
v -309.151154 76.080757 705.835938
v -299.925446 79.813560 738.136963
v -303.607758 30.420630 848.542664
v -304.629974 19.549313 877.967041
v -305.555481 11.015595 890.820801
v -306.685883 12.119436 955.272766
v -408.097931 -0.002352 999.989563
v -299.420593 -0.081059 440.299316
v -299.931091 0.267509 487.584076
v -307.247009 30.280006 622.830139
v -308.083710 56.687622 649.998840
v -308.233276 77.167702 730.578796
v -303.994415 35.386894 802.061462
v -309.338623 19.095301 860.575256
v -308.453247 0.296701 454.491028
v -311.281067 10.982111 566.496216
v -305.097687 29.617872 609.352234
v -306.387390 48.941322 643.926758
v -310.820892 70.900688 718.488403
v -308.202606 21.119747 914.581116
v -317.312073 23.285618 932.436584
v -308.424713 72.340675 96.050797
v -303.314606 0.166373 353.876984
v -307.545593 13.991960 540.457336
v -312.702759 40.815998 628.703735
v -314.571808 52.845337 767.431824
v -312.724396 58.450970 793.171570
v -314.085419 22.649220 833.362793
v -324.639160 0.267383 41.664021
v -308.839050 59.386414 114.945457
v -311.635590 47.047436 201.753906
v -310.971771 55.003689 217.263275
v -310.672760 46.374508 264.684296
v -306.819916 27.235023 281.263702
v -315.767334 1.172212 320.398010
v -311.294800 -0.082744 524.919373
v -308.994476 78.309937 150.979462
v -315.870667 34.680367 169.519409
v -310.326904 61.724735 235.103516
v -315.330383 44.887955 243.254181
v -311.783905 1.384666 505.516052
v -315.829315 38.023998 816.128601
v -324.119934 -0.074259 968.273010
v -315.263916 38.147816 184.358551
v -321.303741 0.001212 412.916321
v -317.128906 12.332905 583.455627
v -315.891846 65.508827 686.284546
v -316.654205 12.046656 894.974548
v -316.469177 70.078377 89.025658
v -319.081116 4.444760 295.799316
v -321.356262 0.378538 332.250793
v -322.714478 0.004347 515.299561
v -317.848999 0.460877 546.488953
v -316.827881 43.006912 802.938843
v -313.488800 18.402897 904.835144
v -319.447327 7.717370 958.046143
v -316.971100 7.094259 54.533955
v -324.466431 37.020145 218.498337
v -314.982819 21.259703 605.470215
v -329.145660 20.437468 652.226440
v -314.813995 73.036789 749.585266
v -313.685486 66.021820 784.228027
v -326.959534 42.498581 845.182678
v -316.179932 20.019478 870.226196
v -322.693512 32.647442 68.368874
v -318.005157 85.539680 121.388702
v -326.087433 27.170855 140.562546
v -329.253937 17.249365 268.419067
v -325.450256 0.530531 309.685913
v -325.420807 1.081421 578.131653
v -330.472626 21.136045 608.445312
v -322.133514 29.038548 636.832153
v -327.103241 47.111641 698.082092
v -325.126007 39.672390 726.847656
v -326.562592 12.662464 192.829803
v -327.927582 24.330959 670.563965
v -329.349091 42.503174 714.057007
v -320.254059 46.026623 737.474609
v -326.135559 50.454514 756.413025
v -327.396332 42.448689 232.888077
v -332.053284 30.185408 254.982193
v -331.747528 0.400671 566.203369
v -319.714203 52.726028 787.991333
v -331.277191 83.133369 81.927048
v -326.579407 43.469761 804.860291
v -329.021301 35.402058 834.455200
v -334.132263 21.036699 947.497681
v -329.105743 74.062057 107.088959
v -331.651001 21.314827 149.223373
v -329.823425 34.939640 620.101501
v -331.131012 36.630157 766.235413
v -331.751282 41.205479 825.680725
v -328.691498 27.418684 883.627563
v -333.707611 42.424446 903.654968
v -323.315338 30.318262 917.672791
v -360.381348 0.051168 40.910744
v -331.380676 69.015022 117.555283
v -332.523010 4.017045 584.491638
v -329.379242 28.251720 663.761169
v -330.800385 59.696754 791.612061
v -330.556030 40.782288 858.616211
v -333.587555 25.744612 63.494736
v -332.848267 7.288160 176.933701
v -337.733002 33.815495 218.860992
v -334.166168 41.760136 241.052063
v -327.554504 0.505910 283.587341
v -333.653687 27.031673 746.164062
v -336.342407 30.878347 922.626099
v -335.163116 2.944630 162.908691
v -326.819305 17.678175 202.428955
v -333.812103 36.969120 685.833618
v -335.860016 39.748402 774.190002
v -332.857361 45.441742 813.750366
v -340.970886 47.209167 868.310364
v -340.536957 8.833431 958.838196
v -338.001617 10.569414 51.641880
v -339.200989 40.337456 208.896912
v -331.506561 38.239513 733.519165
v -342.367279 36.274784 840.476074
v -348.340515 0.464599 46.183449
v -344.661499 106.107666 100.592094
v -341.394501 37.234268 759.360046
v -344.593109 65.537361 799.682190
v -340.082794 43.847988 855.205017
v -345.625916 109.169052 88.259666
v -346.753754 0.504324 273.873505
v -337.401581 27.893602 632.291565
v -342.465118 36.652763 654.331787
v -338.683685 17.188118 669.746399
v -341.821747 46.905075 881.406616
v -349.188446 12.159759 135.881332
v -345.783020 6.036739 150.013336
v -340.404694 18.754309 594.451904
v -340.478485 49.338959 698.191772
v -338.406677 48.441166 710.114319
v -343.945496 50.400093 900.557190
v -346.429626 39.543484 925.720093
v -350.660919 96.537010 111.058060
v -342.690765 10.178590 139.033997
v -344.832703 43.366436 779.823608
v -345.590576 6.716548 192.986374
v -346.964233 0.600240 578.991211
v -344.203796 28.348783 677.936768
v -351.478394 38.623768 746.546265
v -351.075104 73.628502 816.120178
v -345.196716 -1.302981 169.667999
v -346.808594 28.689575 231.353043
v -348.554382 32.198669 245.734360
v -347.822144 11.912414 257.296661
v -352.259888 32.942520 688.888000
v -365.515778 38.414860 721.448425
v -353.567993 40.590298 916.181580
v -350.948578 1.383881 165.930771
v -352.707123 0.028518 974.247375
v -356.091339 84.734390 68.884514
v -352.762878 26.040131 618.256042
v -344.523346 26.848513 636.577087
v -349.960449 19.109642 668.387146
v -358.152496 50.167744 700.124695
v -349.886475 44.532455 765.450928
v -350.860168 48.571384 882.348938
v -349.188171 37.584007 205.081284
v -355.532715 18.597628 653.518860
v -352.776978 52.027317 848.770447
v -353.394470 51.567493 861.754517
v -360.165588 11.149666 185.574265
v -356.821136 27.077415 218.814850
v -354.410828 1.147047 590.680786
v -358.251770 17.696609 635.491516
v -360.131165 32.668262 683.111816
v -356.587769 62.539074 781.851074
v -365.259033 21.010193 929.967529
v -353.227417 46.158970 59.042492
v -358.373810 46.257435 127.590401
v -358.062958 84.663818 818.960815
v -362.241333 116.789604 85.100540
v -370.998657 114.523842 94.309738
v -365.029114 24.139057 141.540054
v -357.255707 1.031343 155.999725
v -359.272766 0.713133 276.001831
v -363.634583 19.354908 668.855469
v -362.151154 39.033043 749.208557
v -358.478882 43.336029 767.956055
v -356.733154 78.309303 794.762268
v -360.202118 47.287586 903.126709
v -362.482544 32.725132 198.252121
v -365.361450 15.280927 257.873291
v -361.191040 60.096478 838.638367
v -358.417206 52.114773 877.274414
v -356.327667 0.392245 951.582581
v -367.933197 97.197365 108.103462
v -367.442841 38.829941 208.442520
v -365.105255 10.494445 611.029297
v -366.827545 31.504299 758.773743
v -370.136993 26.001234 55.455784
v -362.718018 1.027415 170.057800
v -373.563507 18.456558 644.642151
v -366.159210 50.404903 889.090637
v -364.013336 33.577740 234.937408
v -372.133453 15.897647 622.983582
v -366.784576 40.790005 864.048584
v -367.744904 40.883690 915.678589
v -371.044373 64.822136 789.106262
v -364.734558 80.835510 803.596252
v -365.651978 72.512939 827.069641
v -367.295776 4.590681 952.846680
v -368.037292 42.270191 128.361435
v -375.216217 36.565853 143.584442
v -379.973022 21.540554 242.285858
v -374.841888 13.367054 273.611633
v -366.289276 0.035395 289.939789
v -370.227173 0.036622 311.146179
v -376.693756 24.839838 653.765076
v -377.311951 49.777836 837.754517
v -373.414429 47.217747 879.537659
v -381.586548 77.489159 73.546913
v -373.405518 30.445787 187.143234
v -383.437408 0.014625 578.632568
v -374.443481 17.991585 672.774170
v -373.814575 33.600960 690.041443
v -378.861694 23.949762 862.254150
v -373.976013 1.372841 38.576111
v -379.612762 88.692505 115.037086
v -377.043243 40.591404 196.896576
v -377.379028 44.197891 231.503983
v -370.896667 85.499992 811.826538
v -379.753082 90.393372 99.957199
v -377.125092 49.557827 698.862915
v -376.592499 46.049702 713.938538
v -380.492096 71.608406 798.821289
v -378.515961 33.716755 894.509460
v -386.527802 -0.101632 964.238831
v -380.132843 30.833654 156.874252
v -375.865112 21.315548 168.485535
v -382.014923 38.075138 211.959137
v -390.387695 16.339029 248.612915
v -370.933685 34.443916 773.028503
v -377.581329 78.098579 816.660950
v -383.304565 35.528534 908.198303
v -381.862732 14.956980 934.778015
v -385.202332 5.660206 946.789612
v -386.985382 59.324699 127.496666
v -388.630371 6.687538 624.658997
v -385.506836 36.511734 749.650269
v -387.468689 44.779583 63.888783
v -391.422577 35.988297 174.492111
v -387.762299 8.968862 283.544800
v -395.744476 0.041875 303.976379
v -379.084137 40.505890 730.322998
v -384.656097 24.200459 764.467468
v -390.900208 58.891479 826.754700
v -389.110413 42.996799 845.958374
v -392.529602 80.196037 82.982384
v -393.895111 68.772789 106.269623
v -391.096558 17.819609 688.916077
v -385.854462 33.248581 917.860046
v -388.254669 6.687152 44.565506
v -391.163177 33.253506 182.250351
v -390.427246 -0.123201 610.637451
v -389.250946 4.162590 636.646606
v -385.995453 13.417423 651.354675
v -388.392975 6.056602 669.977844
v -391.386383 21.491596 890.124390
v -389.895203 45.560982 142.946884
v -388.812012 39.507797 701.465149
v -390.724274 9.239545 869.544250
v -395.865875 1.082381 34.231686
v -392.148285 26.245264 166.756653
v -395.812073 39.338493 193.283051
v -394.281677 40.469620 211.871094
v -398.719849 16.733881 268.212463
v -392.695526 10.921885 659.443726
v -395.925415 9.793262 769.451904
v -401.981537 17.918177 937.348999
v -398.894104 51.510414 714.433716
v -401.885742 5.082317 951.148438
v -402.276611 67.497971 115.168373
v -396.340240 28.408106 228.507050
v -415.442566 16.971661 646.324524
v -396.859985 47.886517 805.867493
v -396.342163 17.168320 917.657715
v -398.648438 23.364449 54.952015
v -395.993073 60.921642 129.279129
v -406.210236 4.388034 782.762268
v -400.517365 11.592739 859.693054
v -407.042267 44.088814 66.335297
v -401.044434 47.377419 148.484375
v -412.776062 7.788972 291.249573
v -412.908325 67.994789 702.616455
v -401.466309 10.011408 877.213684
v -401.069122 36.079838 186.218048
v -408.742523 38.232697 209.936356
v -401.330658 11.414344 625.893982
v -400.026886 13.492193 676.553772
v -401.424561 31.127728 691.544434
v -400.634674 1.446942 974.270569
v -409.259918 40.159924 159.865738
v -401.139526 14.543625 239.759186
v -404.539886 26.240429 799.815247
v -403.156158 19.379751 905.791321
v -404.964996 61.159454 97.584511
v -415.017029 0.038985 615.380981
v -403.339996 47.149502 751.979370
v -411.925690 2.420906 42.699387
v -410.279938 21.511112 52.442539
v -408.816162 51.601971 171.333267
v -411.750610 14.808317 672.612122
v -406.978821 4.036040 770.209106
v -409.330719 16.740360 892.638733
v -409.739502 22.710342 923.307800
v -411.887146 45.692276 80.124222
v -412.534088 46.497631 131.368195
v -415.424042 24.544104 685.688293
v -411.759552 23.273584 828.841614
v -417.223572 11.324230 869.489746
v -418.007416 0.047215 29.591442
v -412.885406 22.694313 220.046799
v -409.842743 14.977623 239.995270
v -415.923218 9.962299 263.103760
v -419.375397 0.045207 311.811951
v -426.616455 9.478465 814.223022
v -411.357208 16.961153 862.084778
v -418.239105 14.652185 951.077454
v -409.893799 8.633842 967.422119
v -415.555237 2.754875 1000.147339
v -413.230774 32.971367 195.230377
v -414.322754 57.224094 725.931702
v -423.046173 5.028141 805.206970
v -420.130554 39.053921 86.095963
v -422.575043 28.872561 112.425751
v -418.550537 25.781010 187.623749
v -421.798340 83.842102 712.145874
v -418.306122 7.693625 770.435242
v -414.985626 7.000648 881.575684
v -420.123505 39.771839 145.473831
v -422.471466 58.815681 738.507935
v -420.991791 -0.944661 789.639099
v -415.281708 25.181511 907.731262
v -437.040863 6.147039 972.406189
v -423.979492 28.954826 58.330921
v -421.264893 28.133766 175.801117
v -423.148621 30.584328 205.365662
v -417.381683 31.201815 754.920959
v -424.785736 12.582379 838.248596
v -418.457733 16.631454 846.233765
v -418.923279 22.370821 938.079590
v -425.927185 7.779297 39.974632
v -426.840149 39.370129 101.750008
v -425.679047 0.075025 285.726288
v -426.405609 21.560932 925.714600
v -423.928650 0.882996 233.422836
v -437.361359 10.732663 625.515442
v -428.242126 40.150375 668.916809
v -425.494843 25.582142 130.345276
v -425.310272 23.439329 156.921753
v -444.822235 0.297437 265.486572
v -430.042480 96.845459 721.111633
v -433.641876 14.249918 136.340332
v -427.063904 13.930707 215.547379
v -430.522949 13.732665 770.239197
v -436.591003 16.489756 827.154602
v -429.087219 10.563486 858.552002
v -422.658600 16.362156 897.061218
v -438.595001 38.352627 64.664886
v -432.370758 0.041769 246.619980
v -443.841187 0.012931 609.478760
v -434.924927 100.562294 703.954041
v -428.335510 10.924433 875.726318
v -437.042328 14.946865 935.299316
v -434.619446 24.107822 199.166199
v -431.298920 16.228636 653.282532
v -432.812286 50.367840 745.533020
v -435.767792 11.746087 956.494202
v -450.416382 38.332024 86.761566
v -435.378876 14.198147 121.226364
v -441.678131 14.901002 841.142456
v -438.497864 21.295910 108.812462
v -432.918396 24.895041 176.527664
v -438.102814 9.811133 889.542969
v -447.898163 16.900299 908.600525
v -442.498474 0.562121 32.218864
v -442.141052 15.054776 145.189011
v -442.454681 0.347962 230.130890
v -442.457458 35.544643 664.002319
v -446.752563 11.893011 781.627747
v -443.189667 11.508315 151.706070
v -443.224762 23.607525 189.969452
v -450.298431 13.933939 201.974228
v -438.061066 82.897171 688.222168
v -443.217438 42.252632 745.666565
v -443.610291 29.250523 759.608582
v -443.417206 6.140213 801.916321
v -453.872833 12.306219 850.855713
v -442.802490 8.942237 868.658325
v -444.649078 14.542078 107.861038
v -443.190369 16.560974 169.696899
v -444.804718 14.149974 773.596863
v -451.699738 4.298526 635.412476
v -447.825653 65.078423 678.787598
v -445.936523 98.900208 696.135925
v -444.339844 14.218250 823.585510
v -448.043304 11.945198 883.202820
v -442.554779 105.137787 723.267883
v -455.204834 11.753998 919.961609
v -453.040802 7.504509 970.416626
v -444.892181 7.654461 38.383488
v -459.928101 14.844517 656.762024
v -446.311035 20.654860 52.122963
v -456.064087 0.075904 120.065819
v -450.373962 1.882888 133.378326
v -447.401611 8.657310 219.366425
v -448.258606 13.109660 948.114258
v -454.937775 2.027547 999.916504
v -453.862061 15.095866 935.293152
v -549.526184 2.007940 0.023122
v -464.227722 38.251297 61.592991
v -453.071991 10.700665 808.497620
v -461.888367 34.769173 95.288338
v -460.577332 25.526857 191.331299
v -459.740662 98.869293 723.031555
v -453.323792 24.671015 760.869019
v -458.903595 15.538432 793.153198
v -458.055481 9.570076 866.294739
v -461.404877 7.858418 146.614716
v -452.049316 10.351091 167.930161
v -462.519409 14.698250 179.163162
v -466.042450 0.369732 627.434814
v -451.471985 105.767067 710.275024
v -465.794006 20.167183 43.636532
v -464.353271 -0.602027 230.871857
v -460.683441 53.834351 675.383484
v -454.922211 16.447918 838.745178
v -469.393250 13.922261 845.773560
v -458.431305 0.272535 29.047953
v -461.353790 40.106537 752.748352
v -458.427643 11.185550 776.382385
v -464.156677 1.661353 981.049683
v -465.720703 9.041521 211.475494
v -468.849091 0.889957 244.561798
v -469.475647 3.942402 643.544678
v -462.428925 78.896881 692.909302
v -467.220947 56.210224 737.602295
v -466.526184 88.245850 706.331726
v -478.373657 14.101628 814.728271
v -461.206940 4.706950 910.200745
v -469.314362 1.156704 933.768921
v -471.477478 5.986908 129.305801
v -471.517212 6.253503 148.058273
v -470.391785 26.832737 764.947266
v -470.816620 1.592037 921.827881
v -463.988770 0.331542 951.019592
v -478.602509 0.158147 29.837698
v -483.767303 31.565479 191.685120
v -470.405975 18.818241 776.670715
v -482.137543 0.123661 264.107178
v -473.746948 73.239044 722.904175
v -477.686859 11.621544 807.539307
v -469.347809 -0.300471 884.984924
v -468.329132 13.508153 108.855431
v -476.225067 17.562256 159.819351
v -468.955414 5.849529 655.614014
v -486.798126 0.321171 937.830383
v -475.744934 19.757561 181.989929
v -473.121643 31.170179 678.091125
v -478.589996 52.113575 693.489746
v -476.561859 47.720943 744.276367
v -476.332977 12.666474 833.151001
v -482.819092 0.686279 967.786865
v -482.690063 26.911232 51.867710
v -478.051422 14.972131 103.230240
v -483.501343 18.997641 829.356262
v -477.824738 4.377499 865.160645
v -487.093475 0.171413 904.812500
v -491.975983 15.580217 642.989380
v -492.719666 3.051614 999.893799
v -494.279877 38.210400 62.912663
v -484.633301 7.482253 120.561188
v -479.921417 17.911673 216.176682
v -488.113281 12.465528 248.251282
v -484.239075 0.198147 612.886353
v -483.481140 6.986299 655.452454
v -481.418823 48.729988 738.027222
v -501.296906 0.084758 22.767593
v -494.088562 37.890461 84.988831
v -480.336304 7.233509 228.561172
v -486.309570 48.725037 704.219360
v -481.201599 45.604774 753.230347
v -480.614349 17.033066 769.559265
v -480.987091 8.490435 785.904968
v -489.185120 14.635305 135.788147
v -486.873230 23.699915 168.094437
v -491.401886 0.321358 587.432617
v -491.087036 12.108012 235.773041
v -489.509552 0.066313 289.622131
v -494.126953 0.418035 868.612305
v -488.993958 0.231721 888.839050
v -493.246033 15.462534 110.070717
v -492.731476 11.046903 151.562897
v -489.496796 49.442307 727.759949
v -490.288818 28.565195 761.645996
v -490.914642 11.455472 796.327209
v -494.562469 31.470745 200.336746
v -487.844666 7.997841 673.982727
v -488.808319 9.993222 843.767883
v -511.806885 6.495422 979.107666
v -501.150757 23.005384 181.900909
v -489.417450 17.922485 630.101685
v -495.315887 15.242777 102.259178
v -502.494171 34.549843 713.052368
v -491.044159 56.115154 736.772888
v -496.782776 20.336687 774.225708
v -496.500183 13.826571 785.259155
v -495.169983 17.157368 817.127991
v -493.883362 5.941285 277.739990
v -497.426636 42.946899 738.808533
v -499.925873 26.454870 832.506653
v -493.605438 27.198925 215.136093
v -496.907227 12.337167 605.485046
v -498.658417 19.565771 658.552368
v -505.104218 33.785988 845.399841
v -507.533081 -0.003013 947.177429
v -505.316620 15.952232 121.689980
v -498.636566 21.213558 167.156509
v -499.439362 1.283867 683.651001
v -499.484222 21.908363 698.139038
v -503.433136 24.112833 761.969604
v -501.553741 7.611212 860.237915
v -496.603882 9.853280 40.591045
v -502.111450 50.797737 727.920166
v -512.741089 15.689059 131.358795
v -513.903198 16.998974 245.394257
v -509.123383 22.445522 627.443787
v -517.433289 4.253165 665.467468
v -508.261505 44.532578 737.205078
v -505.732819 17.540194 780.698547
v -511.978455 37.058979 66.577095
v -505.397949 24.923630 99.635406
v -505.519836 8.108119 29.763662
v -510.380798 20.998211 166.443008
v -508.436676 28.119726 208.347153
v -512.272705 29.300104 220.221588
v -519.450134 23.062883 228.202393
v -508.572906 21.415024 643.437744
v -517.162292 14.632996 656.944946
v -511.382233 31.295883 804.808167
v -506.328186 25.524033 815.967651
v -513.544800 25.528000 54.105877
v -517.867798 36.477081 76.063164
v -517.667114 15.228799 146.736771
v -526.393066 10.697774 261.450012
v -511.409149 20.220461 698.232056
v -513.839294 37.174183 749.153992
v -514.364929 1.981080 881.055115
v -533.017517 -0.055449 27.899576
v -513.114807 9.753482 42.005783
v -522.581970 1.619125 681.204956
v -522.074890 16.755941 793.181702
v -532.040100 3.611436 999.966003
v -515.085876 8.477771 603.784790
v -516.245422 17.348469 772.107361
v -515.618591 41.282047 840.473999
v -525.174988 23.758671 191.464966
v -522.608826 1.525615 896.691406
v -517.064636 21.470970 100.619308
v -523.536926 49.510490 819.243835
v -510.129608 1.490295 870.665527
v -529.445007 34.181553 65.656120
v -518.467102 15.837173 120.430756
v -521.694092 10.942950 155.536728
v -528.287720 20.137007 209.107025
v -521.684753 0.412711 282.012695
v -523.168030 26.790834 858.351990
v -525.482971 8.902772 37.338867
v -524.385742 25.499989 106.907875
v -530.591248 12.019632 176.976791
v -650.923218 0.002807 437.761444
v -529.433289 13.123832 606.301331
v -517.731506 34.272339 724.287170
v -520.509277 18.970375 760.241821
v -523.539185 1.031823 884.466125
v -521.178772 32.725883 91.741905
v -525.976990 22.182964 627.137939
v -530.362488 11.061882 46.165981
v -527.301331 5.882778 164.465836
v -543.727417 0.384594 584.533325
v -537.184326 16.079773 645.020386
v -535.937195 11.580667 699.180725
v -524.776794 26.911228 708.815552
v -525.264648 31.619043 735.225403
v -529.063965 24.819801 744.639099
v -530.991394 56.639526 830.965454
v -529.455322 33.584339 78.842712
v -532.437683 15.691155 139.111481
v -528.213623 16.604464 776.862244
v -536.272339 38.135654 807.819275
v -533.769287 52.226330 845.023071
v -534.701416 12.389092 868.707520
v -535.911926 9.666739 241.173187
v -538.317505 24.235741 658.123108
v -531.915344 16.916025 757.090149
v -541.911011 11.844926 902.524414
v -545.587097 3.303324 981.308594
v -534.983337 36.033894 94.837326
v -537.140869 13.400948 121.014160
v -538.356628 17.784891 670.431396
v -537.199768 17.969616 679.254272
v -539.188599 21.482170 712.411377
v -537.354675 26.995617 723.026917
v -540.194092 0.419442 936.734192
v -536.427979 32.411678 86.790413
v -540.325256 9.605206 158.142517
v -538.496216 12.467213 691.294922
v -538.381775 10.865376 767.461304
v -562.138550 0.027573 981.057312
v -542.152527 36.635929 107.853867
v -533.147400 5.288102 279.360901
v -539.722900 30.272451 795.748230
v -541.990051 47.297527 851.289734
v -541.076904 -0.448336 954.331421
v -548.385193 29.113733 33.282024
v -540.660095 12.980432 228.493164
v -542.602539 0.066853 265.786194
v -543.710632 21.335535 735.311523
v -548.363953 15.214374 880.313171
v -541.724609 14.243484 200.927841
v -561.314392 0.890945 245.066422
v -542.585205 17.322863 624.237549
v -554.914673 40.823692 817.689819
v -534.055603 0.009428 912.482361
v -539.877686 15.214118 48.717060
v -542.582397 31.484949 64.917564
v -546.591675 18.513140 172.096237
v -543.882446 3.322980 608.718872
v -543.232788 10.661031 216.981583
v -548.982239 5.501142 236.358627
v -550.988464 46.438087 77.288048
v -546.307800 52.947582 94.902641
v -542.224365 11.723201 138.128937
v -540.371826 14.935917 189.900131
v -546.686646 14.002530 784.012085
v -555.949036 46.533092 827.529968
v -551.683289 39.499851 866.118408
v -549.837769 22.454920 51.923531
v -546.406067 27.580507 641.113953
v -545.407104 14.339170 749.163757
v -546.662903 5.095724 19.403793
v -553.203308 48.687611 67.479614
v -554.136963 18.235933 147.637146
v -549.435425 32.463322 697.752258
v -549.817566 14.717550 776.103821
v -561.197571 36.399715 877.958557
v -552.835449 23.861986 907.190369
v -549.918762 12.300748 916.621826
v -557.021851 34.809280 123.307076
v -551.770935 26.264729 138.631760
v -610.833923 0.066198 567.249573
v -556.049683 14.119977 620.507874
v -555.531799 36.150330 652.804871
v -551.537964 23.885532 716.581848
v -561.121521 58.002922 84.083885
v -554.025452 37.160789 109.995277
v -562.175781 39.265659 658.905029
v -557.849121 51.770847 686.510254
v -564.405518 17.136179 734.239563
v -555.356934 12.557197 760.487244
v -556.677429 19.125622 801.331238
v -561.181763 34.644840 854.586060
v -557.116272 24.850975 29.084986
v -553.708191 22.251816 196.318268
v -552.720215 34.510082 673.592102
v -566.900818 20.785816 716.245117
v -553.250122 13.211925 794.328796
v -554.700562 42.253975 843.258911
v -566.220764 22.256060 175.407349
v -569.204834 19.086761 199.286209
v -563.107910 7.652939 223.531326
v -560.931519 25.696568 702.721924
v -561.320251 8.081886 746.218994
v -572.556091 12.264595 780.563232
v -562.543030 8.625280 -0.344423
v -564.417847 19.295404 163.168350
v -570.689819 14.046141 213.009338
v -567.096741 0.184670 570.132324
v -578.398987 15.505149 607.481750
v -567.765625 0.075301 951.219604
v -569.022339 34.818974 39.637638
v -564.850281 35.673252 53.874775
v -560.759888 21.826029 634.234985
v -567.775696 15.452371 804.695251
v -564.416626 26.836906 893.471130
v -569.627075 48.539734 74.409256
v -561.846619 1.935225 592.671021
v -574.850647 51.983459 64.389465
v -571.041382 56.245476 95.695160
v -571.570068 12.481605 137.920883
v -577.115967 6.971546 771.969055
v -564.999756 0.879799 934.141174
v -570.126587 52.942703 106.507896
v -577.798523 53.483437 697.006897
v -573.728088 20.747478 822.256348
v -568.201721 29.591093 863.545288
v -577.390869 30.072140 906.801208
v -575.686340 3.972128 752.968018
v -576.068665 32.103886 18.780289
v -577.221619 0.063682 248.886765
v -572.268127 7.179492 587.496460
v -571.854675 52.344425 653.055481
v -575.440796 35.466518 836.958923
v -576.922241 6.212611 -1.061485
v -571.961060 58.093761 671.135620
v -581.114685 39.396576 890.587280
v -576.187134 20.379972 159.394821
v -582.565063 15.664506 224.798264
v -589.155334 16.207857 615.191406
v -585.910095 34.153030 638.465698
v -576.215332 37.441326 846.697571
v -580.330750 42.019123 53.034626
v -579.527710 20.623709 173.394974
v -593.025574 1.758001 579.963135
v -586.209839 73.507210 684.836792
v -578.047363 31.351410 715.830750
v -579.670044 14.889072 730.516968
v -578.263916 53.494457 873.677124
v -583.786316 27.133314 916.065857
v -584.394348 14.967255 931.169556
v -581.682800 59.819374 31.331635
v -582.990845 49.829662 72.437866
v -582.450745 66.514839 86.870468
v -576.431396 57.076153 120.453667
v -611.334656 0.064582 265.054901
v -583.897278 59.154217 661.454590
v -586.301025 52.728535 707.074280
v -582.669434 15.531263 792.430115
v -582.659668 20.976524 807.256042
v -587.309692 42.104561 846.763977
v -589.887146 75.394997 44.250347
v -588.166931 48.644436 125.170914
v -585.172974 24.477314 141.215897
v -584.213745 21.707975 199.852798
v -594.927429 0.281754 942.745789
v -591.291687 23.301388 -1.443914
v -587.138733 82.574303 95.898529
v -585.040710 58.640743 110.148544
v -585.350830 6.714897 240.437057
v -591.548401 26.009892 817.549377
v -587.606079 28.793926 832.853088
v -588.156616 48.946350 872.820496
v -590.655579 57.965130 65.158424
v -589.286926 12.916356 174.345520
v -597.950867 8.040527 751.544434
v -590.133118 13.685794 763.473938
v -589.581665 16.973692 780.191040
v -592.443115 37.792545 899.603088
v -595.163086 44.095821 20.433891
v -594.528015 59.135826 58.448650
v -595.532776 48.400463 78.606613
v -593.391174 18.224993 216.959778
v -595.883423 0.869949 252.581772
v -595.934509 10.098963 729.558105
v -592.446838 38.802952 136.875900
v -592.407043 21.392672 192.094574
v -591.623840 25.380194 623.563660
v -592.197998 71.117050 675.164001
v -598.359924 81.950165 105.577751
v -593.115173 19.010096 153.086945
v -599.361938 11.153672 611.313477
v -595.409851 26.998928 651.714417
v -595.629089 36.521515 852.341614
v -601.287537 22.402014 807.680603
v -602.204285 10.529509 180.250473
v -601.704468 14.513300 242.029648
v -597.799377 17.047642 640.547485
v -597.410828 29.239271 828.543945
v -599.283752 45.278149 885.088623
v -604.050659 81.292725 97.141769
v -597.151917 45.529263 124.096703
v -597.122437 19.071194 203.911255
v -600.992554 49.775906 694.845642
v -607.079590 48.017086 708.628784
v -608.213257 32.352379 790.224060
v -603.021484 31.969545 870.068604
v -597.472290 14.890295 917.261597
v -613.137207 84.742302 34.715912
v -603.384521 16.862047 764.248047
v -607.102478 32.984447 897.785217
v -599.350403 28.171047 0.123657
v -605.390747 61.053825 87.796761
v -601.610657 10.249577 155.199707
v -600.591553 11.552154 739.698792
v -604.252075 15.665529 773.887451
v -603.315002 78.198341 43.662666
v -605.147095 69.582108 64.860008
v -609.881104 68.136032 119.817810
v -610.244751 56.144485 128.467331
v -610.105652 11.480895 170.166565
v -610.769165 33.045780 212.555344
v -606.006226 12.785543 587.392700
v -603.046265 63.473000 674.506409
v -606.134277 18.534986 827.111389
v -606.725281 66.616478 54.867519
v -613.420105 74.991463 73.216003
v -605.996643 22.004711 142.913422
v -613.713501 11.775957 737.274109
v -604.233276 0.833585 950.591003
v -609.042053 15.684546 0.139206
v -608.294373 30.606274 201.743057
v -612.547546 5.096278 255.520309
v -611.447449 7.312067 599.471985
v -615.467651 12.955919 607.872192
v -608.410278 14.431534 634.185181
v -623.165710 50.899624 133.141815
v -610.823669 11.783143 182.488251
v -610.678223 16.386351 236.684311
v -616.364441 12.971455 622.888977
v -618.390320 11.558983 644.937378
v -616.206116 49.062344 687.001343
v -615.786621 29.950893 722.578918
v -611.564636 23.389732 756.921509
v -614.204834 30.937189 801.831970
v -612.230652 13.340353 835.823792
v -618.362305 28.092924 850.570740
v -615.728760 8.502571 939.590088
v -616.216003 85.171890 103.426094
v -614.314819 13.347241 156.245575
v -618.011108 34.690189 664.690674
v -619.550049 77.595863 47.791893
v -664.287537 0.025287 539.286621
v -607.812439 47.911613 660.375122
v -614.197510 28.886322 870.372803
v -616.512634 15.235602 922.063782
v -611.320374 56.116276 18.838579
v -617.683105 31.488976 902.224548
v -626.893982 0.118938 949.078918
v -621.138367 15.928442 0.244544
v -633.038391 15.314358 9.302058
v -623.331055 74.326134 81.195114
v -619.707031 33.208508 196.892746
v -623.489258 40.509102 227.206406
v -620.744263 3.710109 546.756287
v -618.675476 8.895327 585.666870
v -620.532837 7.936033 632.961914
v -619.963379 37.897663 702.554626
v -620.749939 21.366598 750.582031
v -614.667664 27.472258 814.239197
v -622.600586 62.125011 65.996674
v -625.200562 98.084557 92.338600
v -624.142456 25.296104 164.453110
v -621.367676 31.558155 179.600571
v -623.161621 40.015820 792.009460
v -623.774902 9.720026 835.442200
v -627.013855 50.693222 211.875259
v -620.335815 25.660295 241.689423
v -624.483276 28.863512 709.886719
v -627.713623 14.353635 922.565125
v -628.439270 38.365906 144.222610
v -629.947205 13.964222 247.939514
v -617.678772 0.108446 288.201996
v -630.218689 11.136139 572.395508
v -626.762268 18.904785 890.013000
v -626.785889 67.360313 121.026512
v -636.468689 -0.026785 548.395020
v -624.442322 19.512411 611.381165
v -632.064331 24.921518 670.891724
v -630.096130 46.095150 690.079285
v -626.934204 26.683867 803.471863
v -629.370911 28.022556 907.238525
v -625.519409 71.633621 40.936230
v -629.401733 79.544647 105.871689
v -632.011963 2.657972 274.467682
v -629.303894 31.702335 722.604919
v -629.449219 31.432674 739.936890
v -623.969360 32.800594 767.565674
v -629.293152 46.465702 201.113556
v -633.807739 44.232891 217.330444
v -627.865723 22.945505 652.450562
v -634.686340 38.107994 703.814575
v -633.693604 8.588155 823.797913
v -628.587585 12.458300 860.535767
v -636.584595 56.118927 30.070265
v -631.289856 47.961056 188.281326
v -631.463379 16.480333 621.219238
v -637.095581 43.616318 750.711914
v -635.395935 39.641598 775.023499
v -642.449219 1.642624 0.045315
v -640.903015 18.185888 251.166580
v -634.752136 39.881100 761.299316
v -640.330505 22.104620 813.444519
v -633.684387 16.876953 879.491455
v -637.752747 25.299212 909.561646
v -651.645569 3.970888 8.385493
v -633.849426 65.514244 52.762310
v -639.994507 87.743698 72.719337
v -639.728271 67.218269 128.427811
v -640.211548 15.991131 586.315063
v -642.418945 24.149118 655.786621
v -638.454834 4.490879 847.104126
v -637.700073 0.697533 963.605652
v -638.671448 96.921516 64.345642
v -640.765808 100.132774 95.805595
v -639.218933 81.834259 116.545578
v -639.459473 41.832771 159.183640
v -630.773071 26.955088 172.543900
v -635.386108 43.672161 231.486771
v -646.766785 19.207945 601.753235
v -640.276611 23.023565 678.108948
v -645.287415 26.704153 791.581177
v -639.646179 6.585298 833.096741
v -644.541809 6.980998 948.409119
v -640.432800 82.132027 110.120163
v -638.468872 42.601929 206.821411
v -651.204651 49.757492 237.376526
v -637.631653 0.423296 302.300018
v -660.099182 5.580143 555.500793
v -641.556824 10.736371 623.423889
v -643.078979 18.188057 636.983765
v -643.381897 46.991650 738.402954
v -643.450745 51.143795 191.496338
v -642.878540 10.155821 271.901825
v -643.723206 41.928040 722.336609
v -644.189819 18.940660 876.083862
v -646.366760 70.523956 50.376915
v -642.261719 83.444740 83.488220
v -643.460388 32.948635 144.740707
v -642.644043 41.911522 172.064087
v -643.483582 34.709274 691.432434
v -649.107300 4.483936 865.211853
v -645.858398 14.798438 888.241150
v -656.648621 26.011959 915.889709
v -644.678650 44.370472 37.081432
v -648.384583 91.464035 65.466805
v -649.738098 55.794174 213.989883
v -648.184021 5.356354 282.837555
v -650.942627 31.877584 701.175293
v -644.887878 42.175392 757.648499
v -650.889771 12.294689 807.665771
v -648.835510 19.704206 932.416382
v -648.530212 48.787876 180.974991
v -653.149170 33.222424 711.083130
v -658.386963 21.222504 795.889709
v -654.430237 5.300826 821.368591
v -654.828125 68.000977 225.925873
v -652.636536 33.073421 257.448578
v -653.132141 0.034899 296.231110
v -654.514404 32.074123 780.736450
v -652.396423 91.628914 73.602509
v -665.030701 7.381440 571.209106
v -658.712158 18.318665 625.756653
v -661.612610 22.867867 634.976868
v -656.716187 18.398298 649.818542
v -653.014526 13.331087 664.711426
v -651.254700 21.931717 679.750549
v -654.472656 101.301552 85.392105
v -654.090759 83.605820 112.283150
v -650.832397 74.460052 122.819534
v -651.351013 56.866966 131.712646
v -652.173096 19.244293 615.166992
v -657.931274 42.506813 744.627869
v -661.126648 26.581861 768.049927
v -655.202576 5.400645 836.304749
v -668.508606 19.345203 903.136841
v -655.423035 60.620110 32.347858
v -658.809509 59.356941 142.240250
v -665.486755 61.436707 154.818954
v -657.988159 62.345375 167.351288
v -655.203979 51.019264 190.673615
v -661.667358 53.716537 206.137512
v -656.971741 15.956797 268.870728
v -653.885559 9.259281 18.284517
v -659.549377 132.897232 101.187080
v -662.720154 51.658913 249.917145
v -665.967834 0.379317 417.918915
v -658.809021 21.230453 695.399475
v -658.268616 85.413994 43.720402
v -665.975586 86.161728 56.030910
v -661.649597 112.185280 66.727409
v -665.259705 78.025620 128.851059
v -665.115479 67.943710 226.378647
v -665.478210 3.442233 300.531372
v -662.413391 16.292650 592.111511
v -666.692993 23.680094 624.241455
v -657.325989 52.197109 730.593689
v -665.943298 5.446072 947.096252
v -663.308594 110.337776 87.788338
v -663.835938 68.833206 217.540939
v -663.562866 14.060530 680.670898
v -659.390808 7.514379 853.853455
v -670.700562 8.014475 885.707275
v -665.583557 8.566236 0.153047
v -668.607727 46.615070 25.181807
v -668.613037 16.921640 284.046844
v -665.720459 93.410255 120.490952
v -667.275269 54.509014 237.634521
v -668.253479 16.022245 268.373535
v -675.112793 0.115041 479.324280
v -674.652100 11.428457 610.809814
v -665.414368 5.412553 868.899719
v -669.329651 103.735954 45.847057
v -668.761475 133.398270 71.629570
v -679.434937 24.969101 428.722992
v -671.653076 27.220673 699.511230
v -677.516785 5.801847 819.077332
v -680.781433 4.576635 826.039856
v -667.323303 44.875404 175.153076
v -670.591187 0.461735 452.765686
v -676.169312 9.260243 535.893433
v -668.270935 39.961891 733.376160
v -667.095642 40.025398 756.255432
v -669.586792 6.119564 800.517761
v -673.947937 130.097519 95.917580
v -670.289001 69.573532 146.987808
v -673.200073 0.958404 311.903625
v -673.432068 11.401309 580.372620
v -675.453186 38.296146 718.049622
v -675.277405 31.610046 746.486206
v -675.139648 10.962321 780.616638
v -674.862244 123.526207 82.096550
v -674.436462 88.139168 134.136810
v -678.203369 0.060113 386.529144
v -675.346802 -0.016394 567.294312
v -673.640808 14.846894 644.219971
v -666.583435 15.025712 666.444580
v -672.216003 15.410071 923.822144
v -678.559265 0.078364 967.655945
v -677.412964 152.891418 105.919136
v -669.751282 32.156666 193.826370
v -688.220520 18.934994 305.438812
v -677.954163 4.226964 596.800659
v -682.938049 9.054291 672.903687
v -679.772095 8.125401 869.900146
v -676.888123 115.383957 60.398895
v -679.003357 133.458542 70.962471
v -680.956970 147.129517 113.962204
v -681.478455 67.801903 158.394135
v -677.074463 47.824661 176.528992
v -678.474670 35.804337 187.998840
v -685.773743 94.700676 214.818726
v -681.727966 91.231110 250.028061
v -689.647827 -0.062559 345.665253
v -682.903931 30.854185 731.722351
v -687.304565 0.248959 952.941284
v -682.200439 7.188525 -0.354344
v -683.710999 49.646683 168.896637
v -683.135986 0.675266 322.991119
v -686.504517 27.106621 410.904938
v -680.766174 2.795823 556.319824
v -686.204590 14.910210 625.329895
v -682.352478 15.515082 651.240234
v -679.653259 69.707344 144.945480
v -688.817383 74.522797 207.117981
v -689.874390 35.007446 276.833466
v -681.134827 25.506752 288.869690
v -681.654175 6.368829 392.462036
v -684.597778 10.482191 691.010010
v -683.023193 20.662178 710.619934
v -683.210938 15.942917 756.917725
v -682.868347 -0.819228 808.086365
v -695.741333 70.503769 24.768955
v -682.895813 104.780167 47.958607
v -693.852173 69.760025 195.244598
v -687.516235 123.973320 228.333115
v -691.498474 32.654331 423.036560
v -682.045044 1.357864 519.503845
v -691.267334 16.924816 541.515564
v -685.432129 6.789173 763.725586
v -689.955811 50.365582 184.224899
v -684.907043 3.676562 576.321716
v -686.938904 8.366477 785.787598
v -681.631042 10.185746 895.081360
v -681.909058 5.990349 944.048645
v -690.839539 91.756523 35.257484
v -692.710815 140.848602 125.395584
v -690.732361 86.112038 140.301041
v -691.615234 116.439201 240.336380
v -689.142334 25.690508 453.238953
v -691.066467 20.528778 739.418335
v -687.459045 8.849128 908.896179
v -696.622620 6.325742 1.406811
v -686.915161 127.745705 81.575912
v -695.485962 144.467270 103.794571
v -690.796082 88.361710 254.635925
v -686.287292 0.974124 492.635681
v -694.080750 6.172334 586.081909
v -694.998047 145.935638 93.922981
v -693.126404 146.075302 115.635422
v -698.084778 12.297999 398.929474
v -697.526855 52.322575 560.925171
v -697.907898 7.400433 660.436401
v -694.112793 1.223465 672.059448
v -689.758057 4.973947 873.142334
v -693.772217 98.138672 66.450760
v -698.661133 44.567844 175.627060
v -698.609619 26.367447 287.220490
v -700.772522 0.345914 369.468109
v -698.168213 13.234365 605.605347
v -690.359070 6.253036 688.352112
v -688.996582 7.179960 776.453857
v -700.822388 1.062038 806.718811
v -699.783142 1.080081 925.043945
v -697.404114 112.900024 79.202110
v -696.243958 64.357079 161.825546
v -699.155151 10.091277 325.190430
v -704.905640 39.628475 434.013092
v -707.887085 -0.348946 472.184052
v -698.764160 13.591819 704.284973
v -696.130920 24.339424 714.738342
v -699.666626 18.412479 722.731934
v -695.817871 3.851426 833.466187
v -693.979919 1.534180 890.531067
v -697.274902 48.717354 270.210602
v -697.360352 1.046315 385.926880
v -705.033386 0.193999 487.572968
v -702.755615 2.123291 500.626373
v -702.191528 31.784445 573.606812
v -700.123230 88.841476 51.568821
v -701.547668 90.454132 145.086182
v -698.324646 25.611824 303.729919
v -696.907715 10.604873 618.854187
v -701.551331 16.475151 745.525513
v -703.327820 119.095016 132.866562
v -702.636841 47.658932 190.866211
v -701.987610 92.382973 250.518845
v -710.329529 34.769047 414.807648
v -700.760437 13.985869 513.021912
v -706.082397 7.068032 850.493103
v -708.175598 6.483635 0.147266
v -704.548096 128.407333 108.584282
v -705.198853 36.138107 181.656036
v -704.196472 87.627144 203.469177
v -704.652100 97.788933 213.350952
v -715.080933 123.071373 221.793411
v -711.898071 0.553793 657.606323
v -711.880188 6.986341 765.292419
v -709.700989 0.069581 777.856079
v -707.341980 0.897938 905.465027
v -717.489563 0.308323 914.172791
v -711.075562 52.830166 65.294891
v -703.075012 132.714035 92.835846
v -709.287781 44.185574 277.909393
v -700.286438 4.304546 352.786102
v -711.554871 15.035284 393.071198
v -711.914734 22.490332 455.076843
v -706.482849 33.240059 526.903015
v -708.840820 25.018465 596.243469
v -708.913025 32.078785 23.607870
v -709.393433 123.481522 124.631798
v -712.429626 68.661835 155.171249
v -706.762085 138.045502 231.414017
v -713.430664 26.839705 304.257446
v -710.731873 61.374420 539.123657
v -712.567749 0.584090 678.107361
v -709.183167 15.404122 712.757690
v -708.952393 12.771365 736.235657
v -726.880310 0.172484 897.272949
v -708.901794 76.420090 142.316666
v -713.718140 42.593006 267.061951
v -716.292664 48.518456 586.966370
v -712.648071 8.711080 604.377625
v -716.959961 45.180286 81.196777
v -718.835205 34.516144 419.524323
v -704.321594 9.321284 630.602783
v -714.357849 4.479915 876.669006
v -713.698059 118.172737 103.870918
v -717.509216 27.115904 288.180420
v -721.482971 14.297153 488.682739
v -714.617310 5.357010 494.598694
v -715.079895 7.790236 700.513855
v -709.462830 59.310112 44.070621
v -716.996521 62.522343 167.133957
v -722.334534 42.152855 267.031006
v -718.334290 10.464926 349.059296
v -720.810364 96.774231 557.378052
v -713.066895 5.242465 756.268066
v -728.447693 0.290968 812.706726
v -740.438354 3.423511 856.315857
v -713.030518 4.189024 -0.224248
v -728.340576 69.685730 137.326141
v -720.505676 62.110878 191.633011
v -721.498779 40.569847 319.708984
v -716.321350 11.274372 334.357330
v -717.719604 14.985724 376.706421
v -717.065857 5.996179 645.733582
v -720.565430 6.336020 11.558469
v -722.816101 9.304214 56.076283
v -727.188965 78.123291 120.193062
v -719.329163 53.302814 146.880249
v -721.044861 56.680447 178.931183
v -716.542297 135.034195 229.224121
v -723.821045 104.633797 247.007645
v -717.283142 9.033978 619.621826
v -723.534363 11.541347 633.297485
v -728.475159 21.850317 707.489563
v -732.637573 11.211643 40.898232
v -723.121948 19.967299 69.267738
v -726.863403 79.604630 102.351524
v -715.884399 89.627464 208.663269
v -727.183716 24.558784 446.236877
v -722.122498 32.631111 513.534668
v -727.875793 111.109108 559.013733
v -724.025757 18.075436 30.620028
v -720.611328 65.353333 531.914062
v -728.146729 65.150963 579.653809
v -729.020264 11.684510 601.584351
v -727.480164 16.987993 724.443542
v -725.585266 120.145210 227.497208
v -725.363464 29.059879 277.943665
v -720.209595 43.034599 402.989105
v -728.394348 38.722942 409.185852
v -731.413513 34.519154 387.283051
v -726.364319 17.336523 465.705048
v -728.007629 24.111332 474.468140
v -734.755188 0.251043 780.587952
v -729.007812 0.028301 0.006564
v -735.297363 0.093163 29.345743
v -731.133545 50.635578 157.630859
v -730.320923 94.802406 255.028976
v -724.504150 21.900253 300.284882
v -734.422302 40.358135 328.933960
v -732.452576 91.120277 568.526245
v -725.317627 1.219979 646.645447
v -729.165527 -0.828706 672.028320
v -733.528687 4.159821 754.180420
v -731.442322 101.025566 212.413055
v -730.769226 126.321205 223.654999
v -732.659241 40.003185 348.331116
v -728.803528 24.619009 361.453705
v -734.741699 31.161852 367.635101
v -727.585327 40.467342 426.839050
v -729.986267 33.072659 456.165955
v -732.887695 104.321434 540.710449
v -743.477051 0.088492 858.157410
v -736.826538 0.145872 62.999275
v -728.987488 60.805969 174.860519
v -734.683838 91.058067 239.363632
v -735.182617 38.076340 316.617188
v -738.414856 37.339287 435.109772
v -734.284363 53.272270 490.974091
v -739.455750 15.501834 688.589539
v -737.723999 10.788692 79.328636
v -733.640686 54.139633 113.106720
v -737.941223 34.965355 447.418304
v -735.260559 65.565491 520.816345
v -737.908569 18.579332 616.239441
v -738.981995 52.039368 186.986328
v -745.558044 43.101311 401.133881
v -740.886169 71.670952 588.182007
v -737.058899 7.631836 637.893555
v -741.403809 19.309443 711.153381
v -745.346130 32.932106 133.715164
v -738.911499 45.556175 165.389282
v -748.640625 113.617470 228.209885
v -742.446899 22.417458 274.399109
v -741.485046 38.134224 413.725800
v -736.850342 6.424217 673.442749
v -736.789734 16.253939 741.971436
v -752.130798 0.257298 46.811924
v -742.241882 45.935196 158.312073
v -747.803833 92.521400 247.078552
v -736.248596 36.182312 288.031464
v -743.306824 31.581211 298.571320
v -737.737793 52.351868 456.659149
v -736.949158 106.001892 549.558228
v -746.468750 78.155006 577.061218
v -746.378662 36.498074 601.901855
v -744.818420 0.156655 669.214355
v -743.578735 52.058662 201.328857
v -744.096985 60.650650 258.216614
v -742.239563 53.650326 343.229004
v -744.816101 57.415077 466.173859
v -743.081360 102.541054 534.390686
v -733.277527 0.002646 840.541626
v -749.690186 0.389637 65.729393
v -744.012817 44.698612 142.920563
v -745.508118 55.845264 179.580811
v -743.189636 65.466255 498.559937
v -741.062561 12.540191 653.648682
v -747.648804 16.420383 727.022644
v -746.268799 14.516861 92.736122
v -755.675537 25.666624 107.172997
v -745.774963 48.714428 313.110840
v -743.779236 65.936935 516.457886
v -745.256897 -0.081016 752.099731
v -749.862915 66.777725 211.187683
v -747.245911 93.072632 218.983719
v -745.789795 21.996723 280.944122
v -750.905518 53.765347 337.802032
v -754.758484 37.081100 357.394318
v -751.485779 33.690041 438.492310
v -753.885315 68.966652 456.248444
v -749.499390 73.586288 484.550964
v -749.979614 81.216339 543.030518
v -747.987732 96.263687 563.969055
v -752.739685 19.131544 704.775024
v -748.254211 38.120125 117.887604
v -750.555847 44.395290 165.283539
v -751.725952 26.376999 287.884949
v -745.467590 45.755550 376.339325
v -745.874939 38.456837 388.948059
v -754.792236 45.351826 427.174072
v -754.945618 20.789135 629.677490
v -754.252869 59.885048 198.182892
v -753.738525 65.008690 583.777710
v -749.096069 29.730120 619.557373
v -761.353638 6.355082 742.632690
v -757.012390 0.505653 81.267212
v -757.079163 53.475384 519.382874
v -760.991272 8.574529 660.358643
v -757.752380 22.850750 685.861023
v -749.753723 13.870629 735.992859
v -765.087830 6.163377 96.310272
v -761.309143 62.629520 337.917297
v -762.820374 55.241093 442.741455
v -757.541809 66.104507 491.618408
v -762.103699 60.434082 502.644653
v -760.203674 23.733324 676.514771
v -762.492371 20.990166 717.050964
v -759.323853 0.997652 761.602783
v -761.422729 33.916439 147.823303
v -758.692749 43.737003 185.200806
v -765.940430 92.694756 258.483795
v -753.615234 59.310699 323.587921
v -759.068665 42.572685 377.536682
v -760.039917 43.971046 414.213593
v -757.401611 75.990494 477.484070
v -761.125183 77.328003 563.529663
v -766.068115 16.959854 116.563782
v -764.940491 35.871437 175.084305
v -757.829895 100.786613 241.913528
v -760.873535 58.968033 279.877869
v -761.946289 47.126091 401.299377
v -762.520630 57.585892 547.070740
v -757.871765 52.123592 602.553955
v -770.469849 0.431582 788.872559
v -760.538696 71.184311 214.599319
v -760.909302 29.325674 299.345734
v -760.918518 43.395977 615.902527
v -767.333679 14.788179 730.181763
v -774.419373 0.003811 80.970993
v -767.730652 106.164261 232.268478
v -766.652405 35.036858 366.488281
v -765.461975 99.860458 458.150085
v -761.478760 60.019211 575.921082
v -766.924805 61.720348 588.589233
v -764.373474 17.615952 648.447388
v -764.671936 35.980839 164.320938
v -767.309326 52.266552 315.753479
v -765.994080 57.620773 330.837341
v -769.476624 48.172672 352.957367
v -772.828918 74.242340 430.009155
v -770.145020 100.704338 483.919495
v -777.526001 32.457222 669.783020
v -767.540344 21.361492 700.516174
v -763.937683 62.394444 198.599670
v -765.688477 51.162296 418.946777
v -767.703613 14.713082 129.436005
v -776.017090 29.488607 179.362015
v -771.041626 68.906662 292.633423
v -775.119812 111.244011 466.009338
v -771.774963 38.140697 532.913086
v -773.948364 19.577042 657.611389
v -776.335999 57.497356 334.811859
v -777.975647 20.505569 383.259521
v -770.527161 43.791206 395.139740
v -772.274841 55.797665 558.187439
v -772.789185 53.900490 569.758850
v -769.203491 39.423615 617.503235
v -779.839539 86.195076 270.339844
v -771.237183 39.920277 408.644196
v -777.416931 70.833923 492.331421
v -772.525818 25.230350 632.977112
v -770.327271 27.124830 690.964722
v -781.712158 0.834405 105.424652
v -777.834412 32.614632 163.706833
v -781.066711 47.236446 214.993988
v -775.065063 119.817886 247.511932
v -773.201782 49.494083 514.900391
v -776.680359 85.886307 606.615540
v -774.122681 8.759570 769.080200
v -786.007690 9.205950 121.731812
v -777.964722 21.257206 148.657196
v -775.130554 81.120621 277.553711
v -775.584290 55.767441 301.850739
v -778.902405 67.384216 314.196014
v -779.782532 31.861746 416.362518
v -778.309875 85.183144 442.167816
v -775.604187 76.087990 586.919556
v -782.068787 85.545723 594.501953
v -777.795044 31.561737 709.965881
v -783.294189 22.675404 715.231934
v -779.388916 14.588370 745.967651
v -775.435913 47.176090 201.357834
v -781.138367 17.228205 363.292938
v -782.048584 17.025141 547.261169
v -780.624268 1.422526 796.082703
v -788.317688 65.938690 228.533676
v -782.222656 31.836021 348.655182
v -785.355286 18.195498 372.871063
v -784.446045 112.387032 455.147552
v -783.439575 20.826975 648.869019
v -788.288513 30.071623 188.345840
v -783.509521 76.635139 285.496124
v -784.488159 119.934631 464.467468
v -783.033142 57.263214 567.673096
v -781.529175 37.123074 636.040894
v -791.990051 0.129169 112.663223
v -782.753357 32.604176 174.700699
v -784.648926 137.688324 255.778488
v -789.564026 59.004917 298.834473
v -785.574524 67.791374 323.721497
v -784.651733 63.724258 428.820465
v -790.437744 96.383408 483.911011
v -786.705994 29.054201 503.723969
v -789.420349 13.335315 516.760193
v -789.194824 59.627464 627.721802
v -785.029663 28.567211 689.914185
v -787.078735 5.307614 133.890213
v -791.814880 24.039326 167.888931
v -791.566162 23.321651 358.191193
v -791.431152 24.427603 382.416382
v -789.338135 45.405632 405.148926
v -790.716980 5.147348 532.369385
v -794.771729 21.905895 555.994202
v -791.847107 82.164871 584.277893
v -789.753418 83.633049 611.929260
v -788.454651 35.727768 669.051086
v -803.506836 15.836659 756.969543
v -787.776917 43.142513 204.741776
v -791.319824 119.927147 248.545273
v -795.950684 127.429375 268.133148
v -787.633606 102.466156 474.088837
v -797.803589 29.221231 648.789124
v -787.777527 14.907101 726.310364
v -791.700867 53.218632 310.250793
v -796.181396 72.007248 213.717804
v -787.261658 81.449135 238.878479
v -797.344727 57.754929 339.655579
v -795.532959 46.719742 413.847687
v -792.470276 90.932549 442.614471
v -801.415527 -2.348946 542.639404
v -797.876343 106.952187 597.898926
v -797.823120 125.472343 277.332367
v -801.728149 40.748760 393.268494
v -797.982483 24.597279 566.303345
v -796.950012 36.240776 688.874084
v -794.617432 29.989199 698.466003
v -796.023010 16.004480 738.157532
v -797.609924 7.987157 157.480865
v -798.971436 130.499115 474.708160
v -799.307129 75.373192 622.343079
v -804.212402 0.053913 793.537781
v -795.549561 30.898602 202.632446
v -799.102600 108.522850 289.489014
v -798.371155 65.108238 320.006866
v -800.051636 37.979019 368.159149
v -799.543457 74.052803 425.834717
v -800.914062 38.903912 503.949188
v -804.989319 26.349678 521.661377
v -801.489075 26.424641 190.864395
v -808.226807 171.435425 255.332504
v -801.757080 131.137375 466.499969
v -804.655579 116.279282 608.198975
v -799.665588 33.227112 641.307129
v -798.140442 44.002411 669.880920
v -807.279907 15.499632 708.316956
v -806.452759 0.087478 128.338531
v -804.348328 7.342393 141.204529
v -802.004761 27.072109 178.240158
v -804.629089 42.667000 352.183380
v -804.323242 145.792633 455.556641
v -808.588867 9.826262 725.923218
v -814.601929 0.020754 145.636810
v -808.510742 107.048332 236.111191
v -803.941345 99.104164 299.671234
v -808.885986 68.630264 321.339966
v -805.052673 28.644598 375.597046
v -811.167969 125.229134 491.374786
v -808.400208 4.532925 550.955750
v -803.903381 33.034527 678.165344
v -813.271729 6.940672 781.533752
v -808.228394 58.017796 210.784134
v -802.536499 85.875061 224.751434
v -812.026550 96.833603 584.424683
v -809.600952 95.508499 294.998779
v -809.839783 92.937813 438.797577
v -813.557983 17.495924 711.054199
v -820.376709 3.297202 153.721497
v -808.467529 59.541466 328.660553
v -808.609802 53.928085 408.488495
v -810.309631 52.724293 422.059479
v -812.848267 145.084518 466.640411
v -811.122070 128.733002 479.901306
v -809.591858 114.167458 599.234985
v -813.370483 43.744667 644.470215
v -817.851562 144.982727 453.335876
v -814.381470 21.004103 561.295471
v -815.140991 37.701035 179.969849
v -811.065125 106.586288 309.446167
v -812.216736 34.610268 386.507843
v -815.635254 16.192568 532.299255
v -821.932312 61.075470 204.556091
v -812.957642 137.876724 276.359131
v -817.113586 60.859718 348.766388
v -817.922791 42.550148 363.839417
v -821.301392 46.643013 374.553864
v -820.887939 70.369110 636.223389
v -816.134644 33.158237 661.548584
v -826.088074 22.393324 673.640381
v -820.240906 150.447952 238.223038
v -822.229553 161.726028 249.624954
v -818.018677 71.285561 336.623962
v -824.978943 53.913525 388.723145
v -819.132507 52.356983 395.369965
v -818.819946 143.035431 486.676849
v -821.442932 20.031273 543.846497
v -822.368042 8.865283 721.072083
v -827.842651 14.576227 176.389526
v -828.376099 160.536377 228.998535
v -816.769714 181.950546 259.468719
v -819.438354 110.984581 291.475769
v -822.490723 100.361023 298.015350
v -817.404846 66.929482 425.063416
v -820.449036 82.642067 505.832855
v -823.820496 92.392639 586.671753
v -827.632263 19.336813 688.906372
v -825.254761 8.805779 744.795593
v -822.673462 5.029655 762.972961
v -823.442932 54.944946 193.666809
v -827.505920 89.453636 213.825943
v -819.181091 102.905930 317.150330
v -823.462769 49.615681 408.482544
v -821.401978 78.030708 434.471161
v -831.226929 102.771881 601.064575
v -824.437256 104.841850 324.609161
v -823.074890 154.749405 462.077026
v -825.700623 103.852417 610.439331
v -827.667664 27.369396 648.902100
v -832.868530 0.929404 160.064301
v -825.720154 110.324654 307.067688
v -830.116760 57.994598 531.725769
v -825.429504 16.771410 560.124390
v -822.256714 8.728006 704.355591
v -827.316162 166.553055 242.087448
v -823.914429 188.015228 264.293671
v -832.648926 95.290894 331.987518
v -835.667480 78.584114 349.732513
v -837.511475 52.430988 410.450714
v -818.571289 99.840996 621.752563
v -827.426331 192.143021 277.858887
v -835.373596 115.299217 316.667206
v -829.582397 90.704163 341.354401
v -830.010254 53.285564 399.684601
v -828.745361 166.974442 470.239410
v -834.693359 106.874588 514.939819
v -833.690369 39.245457 544.851990
v -833.957214 23.813473 565.641052
v -834.062683 53.520897 375.831207
v -830.565247 77.302490 425.492737
v -836.503174 129.746933 450.673370
v -837.379272 62.574986 582.395508
v -824.397949 0.147129 794.170410
v -840.321838 37.211872 187.705933
v -836.402893 199.083191 257.226074
v -836.484985 142.719666 287.407990
v -835.674072 78.775650 358.821442
v -832.763672 166.232956 483.078796
v -838.963684 146.250076 493.461578
v -836.327332 6.185678 708.452515
v -835.704712 166.361801 271.497711
v -835.851746 109.404099 440.474213
v -836.352905 120.188744 504.290619
v -836.774963 5.136925 731.488953
v -838.599915 1.350308 748.634521
v -842.689880 0.862786 164.461060
v -840.618591 116.148430 303.145325
v -837.114197 64.380783 388.257965
v -839.947693 152.189453 461.528076
v -836.460999 17.764744 649.153442
v -838.027954 18.818295 670.931580
v -839.083130 163.167587 235.644623
v -843.946289 185.988541 246.743240
v -860.984131 -0.170417 754.691162
v -843.305969 76.617424 213.007843
v -842.145996 108.890961 313.675842
v -848.640747 96.345619 325.835388
v -844.833008 58.308315 398.642365
v -843.219604 63.862057 593.796143
v -837.383057 55.145615 627.100891
v -838.976868 7.945559 683.793213
v -840.919128 115.923622 296.506317
v -850.446533 53.258835 380.172638
v -846.507263 60.452213 202.199554
v -849.655762 152.612747 269.968170
v -854.065735 104.596916 338.348694
v -844.703186 65.637230 367.304108
v -846.626526 78.492340 429.059662
v -845.857361 138.656815 466.625702
v -847.557739 71.361351 528.731628
v -849.692383 70.357109 605.141479
v -845.895569 1.435204 174.301224
v -848.465027 64.671867 358.067566
v -851.903687 114.338501 487.728943
v -845.662842 135.802505 500.266113
v -854.686768 103.654831 513.602722
v -848.975220 58.686848 542.000183
v -848.264648 33.739845 559.918335
v -846.027954 63.711521 582.482422
v -848.424133 46.538605 615.511780
v -852.333130 133.599625 230.430389
v -844.223511 131.685181 286.374603
v -846.743774 45.914749 413.762848
v -846.865417 132.501160 478.368988
v -846.039673 7.399103 669.375183
v -852.554138 92.068199 316.161865
v -852.674011 52.641369 386.904877
v -858.725159 42.875751 570.888428
v -851.283813 -0.077622 677.568542
v -858.291748 4.332975 690.638550
v -861.719421 65.150574 219.429993
v -862.671814 125.830009 254.303391
v -856.383057 139.436325 280.053375
v -855.917358 82.304184 436.511505
v -859.220825 105.628311 452.567657
v -857.447266 47.544582 556.229919
v -850.371948 28.110785 638.628479
v -853.433044 123.703911 289.432617
v -854.077515 92.515762 303.853210
v -855.809875 67.879868 360.139587
v -857.517334 0.101487 648.045959
v -850.103760 2.659303 659.074463
v -861.851868 49.083515 390.926544
v -856.536865 40.179966 404.202637
v -859.974670 78.845245 423.450012
v -863.169189 56.315239 602.197388
v -859.243896 0.041497 169.430786
v -863.595764 1.256799 185.648483
v -860.677917 118.587379 330.350189
v -866.244141 95.592941 477.547638
v -858.947632 47.723236 583.745422
v -866.341125 3.591598 745.176880
v -862.785706 130.777496 464.869202
v -861.358154 91.114098 523.206665
v -864.859314 53.433517 213.049973
v -874.261963 56.067822 236.964340
v -868.669434 104.262901 322.174652
v -858.812988 113.778664 491.597015
v -863.946655 76.292763 531.159241
v -862.142578 8.350238 628.384399
v -866.567017 5.143435 640.477905
v -879.296692 0.604831 699.844055
v -888.597534 3.128354 714.461182
v -868.732483 80.362396 290.807831
v -862.355347 107.740135 309.713257
v -867.950012 49.224007 408.263916
v -871.931519 64.768730 417.478424
v -878.945984 -0.381242 665.892395
v -868.552490 13.096359 197.365356
v -864.314209 83.514900 370.990051
v -866.309570 94.318352 446.283997
v -866.732056 83.357468 507.238190
v -866.442200 56.474384 544.555847
v -866.031921 41.263271 559.604004
v -878.723877 0.095962 732.115417
v -872.541443 71.871010 304.265961
v -871.926270 83.048515 490.795319
v -869.129211 29.205959 615.790710
v -873.466370 53.988304 272.755249
v -871.088318 86.704544 353.737854
v -872.233093 50.751095 383.511169
v -867.009827 54.325672 399.020386
v -875.723755 80.456238 366.006653
v -869.634705 107.370705 456.381744
v -881.181458 72.680328 462.987366
v -871.036255 54.777573 577.248901
v -875.729126 51.221096 594.647095
v -876.130737 90.918846 315.835205
v -873.418396 90.854828 340.085236
v -870.305786 57.355301 551.853577
v -881.128479 42.728588 567.628174
v -881.247009 15.086007 214.914536
v -883.317261 57.246365 258.653137
v -881.423889 65.358627 290.112885
v -879.852173 89.826759 330.110870
v -882.256348 69.140060 437.802948
v -883.197205 61.722500 479.580139
v -883.906555 43.581200 516.170898
v -876.519104 40.411304 538.133545
v -882.628845 27.373180 616.497009
v -878.122681 0.560171 643.715332
v -878.122803 49.111332 394.343658
v -881.137146 56.278992 492.650452
v -884.163452 53.320061 581.164978
v -879.371582 47.622803 603.014099
v -885.763550 40.091366 227.777283
v -886.982361 34.197113 244.063446
v -882.226501 50.168118 272.435272
v -881.373962 0.994681 183.364243
v -886.629517 0.866850 199.576248
v -881.951233 97.469376 336.371490
v -884.862915 39.441330 380.489746
v -878.916626 58.414734 421.491882
v -886.550659 33.769520 507.798706
v -890.151550 35.475937 529.787598
v -887.794800 34.303986 548.195435
v -890.232849 71.515007 351.743835
v -887.924561 64.159958 362.776978
v -884.127991 39.761787 399.029572
v -887.534058 80.265266 314.135101
v -886.197510 53.265797 428.256561
v -890.075073 71.558899 450.964203
v -893.291748 20.059072 628.653809
v -892.020996 0.212371 211.035202
v -889.849609 49.818497 302.529602
v -891.071899 65.205032 440.150360
v -897.758850 33.623650 565.852844
v -894.900024 51.329235 605.065186
v -889.533020 4.840611 658.971619
v -893.281921 90.896797 321.648987
v -891.519470 87.723488 333.128723
v -889.754578 59.326416 476.143768
v -895.344910 43.703434 488.124939
v -897.480469 24.559410 501.520233
v -889.743713 51.140854 594.174194
v -886.580261 0.059445 678.632751
v -902.853027 25.304270 257.234375
v -896.493225 34.717899 288.312714
v -895.473328 40.357830 405.844269
v -895.703369 39.267876 416.217407
v -893.696045 30.099018 556.304504
v -896.501465 47.136330 580.527100
v -895.762878 6.707523 225.097580
v -898.585510 1.700812 243.362213
v -903.595093 60.267910 350.503693
v -897.292297 50.390614 462.808807
v -894.761475 55.534943 370.608795
v -902.033630 35.494629 382.446198
v -899.068970 22.833765 515.620300
v -896.868530 26.325821 537.614319
v -901.942749 9.532092 644.290771
v -897.542542 0.027076 713.618103
v -901.655518 14.813275 273.489929
v -906.738586 72.413628 340.202515
v -902.964722 33.124172 431.864899
v -902.764709 51.063190 396.427094
v -905.249695 75.755623 326.462372
v -910.473816 30.217762 362.694916
v -908.279053 42.869862 447.522949
v -906.903076 43.370907 465.499695
v -904.275024 26.756771 503.256714
v -904.181641 41.358826 591.003113
v -906.056335 49.241295 608.162109
v -903.997375 24.075930 634.725220
v -917.219482 2.285880 662.176025
v -1000.000000 0.000075 1000.000000
v -900.741760 72.198135 309.378601
v -909.042419 27.760447 541.330322
v -906.646545 37.433662 564.756653
v -904.763062 49.343056 575.804688
v -912.288147 32.787949 622.147949
v -907.919983 0.242886 230.580566
v -908.370789 19.082859 263.629364
v -911.215271 64.087616 317.698334
v -910.461914 30.540993 380.713806
v -907.672729 33.648270 418.243591
v -912.114685 22.156027 519.802917
v -909.635315 53.642170 301.036713
v -909.557861 21.195667 497.196716
v -915.586304 29.084970 283.127869
v -916.374207 12.577708 643.431091
v -912.890442 25.468380 438.277802
v -921.867920 5.366543 255.279373
v -915.586426 26.582209 406.690460
v -909.741577 35.947433 476.196228
v -920.212280 11.518704 511.149261
v -921.007629 24.627789 581.550293
v -934.648010 0.822497 672.858643
v -919.437500 28.614616 388.766968
v -917.600769 27.181581 428.895782
v -915.813416 24.366543 488.618500
v -916.928406 24.744207 547.696777
v -922.989563 30.978636 603.176392
v -917.551697 70.712425 311.345428
v -924.274780 40.470997 334.872406
v -922.845398 17.840385 450.721710
v -921.748901 22.563744 531.365784
v -936.609314 0.051304 237.409256
v -925.399780 29.915977 288.480927
v -932.148499 35.025295 342.884186
v -930.300781 14.783491 364.543030
v -923.730286 13.956159 501.533966
v -921.832764 15.519800 567.792908
v -1000.000000 0.000000 0.000000
v -926.875427 17.164865 265.204315
v -926.456238 13.314375 359.099579
v -929.313782 23.464977 397.842834
v -921.592041 19.868343 619.237610
v -932.508484 2.864270 497.353363
v -925.405701 14.508297 374.600098
v -929.670166 17.359917 419.855011
v -928.909851 7.017677 437.760956
v -930.489929 16.135775 519.358032
v -927.403992 62.622272 313.604736
v -934.027771 45.049156 327.563751
v -930.097534 16.459145 466.771881
v -936.725525 18.967802 553.182922
v -938.176941 16.644316 624.270386
v -941.972778 0.328751 646.546143
v -943.328491 15.136139 412.479950
v -941.620178 6.329887 477.274078
v -937.599182 7.634687 577.489319
v -928.496643 19.303633 592.440918
v -940.134338 8.298940 371.174133
v -942.124268 9.822253 266.350708
v -940.168884 38.215141 296.548340
v -941.543640 11.094483 386.495728
v -941.827148 10.228793 354.727875
v -937.976929 11.275619 603.075195
v -937.849121 37.731342 287.506927
v -949.756287 7.104587 637.742798
v -939.598572 0.075014 253.149490
v -945.789917 46.608894 312.722351
v -940.222290 0.228478 433.556885
v -939.253601 0.429475 455.356598
v -949.001831 11.563600 533.908752
v -942.301270 12.932832 569.170166
v -946.678040 11.618767 402.415039
v -955.228271 0.765361 436.011688
v -944.320618 7.447329 506.152679
v -949.879517 6.088692 586.225708
v -949.384949 32.923317 291.448334
v -947.734070 -0.224179 495.229034
v -957.749573 0.104163 475.278931
v -962.842651 0.560004 625.552551
v -956.076965 34.245903 328.045410
v -977.011414 2.372159 607.513000
v -954.051575 0.623070 249.906296
v -962.503418 5.863582 274.242035
v -955.413025 11.022575 348.785736
v -955.361145 8.539684 369.783722
v -964.282471 0.683476 380.866089
v -965.554016 7.084971 396.147034
v -967.416382 4.539562 538.717041
v -953.516357 1.035721 563.721375
v -954.921143 0.103302 521.822388
v -961.533447 0.161220 651.614075
v -963.189270 0.734654 260.832062
v -966.182617 24.110170 289.362335
v -965.499878 21.246445 303.898499
v -964.117432 0.005709 354.181610
v -961.965515 0.083190 416.071838
v -966.273621 0.191743 594.120422
v -966.216553 25.973043 331.857300
v -975.455688 0.065656 539.261719
v -979.166565 0.777643 397.995361
v -986.748657 0.000032 429.562561
v -973.448120 16.771797 315.443054
v -978.332581 0.131824 266.451691
v -977.761475 0.207809 353.364288
v -984.843079 0.485436 330.010101
v -984.323547 0.005754 290.395630
v -999.529968 -0.726763 303.460358
v -999.426331 0.716778 315.527649
v -1000.000000 0.000034 443.763733
vn -0.0000 1.0000 -0.0000
vn 0.0149 0.9999 -0.0029
vn -0.0026 0.9999 0.0128
vn 0.0065 1.0000 0.0022
vn 0.0066 1.0000 0.0013
vn -0.5301 0.8183 -0.2223
vn 0.0076 1.0000 0.0006
vn 0.0038 1.0000 -0.0001
vn -0.0075 1.0000 0.0005
vn 0.2099 0.9591 -0.1900
vn 0.0304 0.9995 -0.0008
vn -0.0441 0.9990 0.0082
vn 0.0365 0.9993 -0.0092
vn 0.3706 0.8625 0.3446
vn 0.0267 0.9996 -0.0042
vn 0.2003 0.9665 0.1603
vn 0.4070 0.8928 0.1932
vn 0.0025 1.0000 0.0001
vn 0.2365 0.9668 0.0966
vn 0.4397 0.8927 -0.0991
vn 0.1199 0.9928 -0.0053
vn 0.1271 0.9826 -0.1356
vn -0.0115 0.9989 -0.0451
vn -0.0313 0.9975 0.0640
vn -0.0908 0.9926 -0.0808
vn 0.0822 0.9966 -0.0045
vn 0.1611 0.9753 -0.1512
vn 0.2025 0.9789 -0.0260
vn 0.1932 0.9612 -0.1968
vn 0.5761 0.8168 0.0313
vn 0.6039 0.7885 -0.1166
vn 0.2975 0.9535 -0.0473
vn 0.6374 0.7439 0.2008
vn -0.0446 0.9987 -0.0230
vn 0.1926 0.9742 0.1175
vn -0.0937 0.9955 0.0151
vn 0.3748 0.9213 -0.1034
vn -0.0775 0.9731 -0.2169
vn 0.0978 0.5131 0.8528
vn 0.0097 0.9992 -0.0390
vn 0.3427 0.9294 0.1372
vn 0.0075 1.0000 0.0015
vn 0.5232 0.7881 0.3243
vn 0.3090 0.9502 0.0396
vn 0.5308 0.7842 0.3214
vn 0.3900 0.8323 0.3940
vn 0.1565 0.9757 0.1531
vn 0.0232 0.9996 -0.0164
vn -0.0107 0.9540 -0.2996
vn 0.4049 0.9070 0.1159
vn 0.8642 0.3667 -0.3446
vn -0.1121 0.9904 -0.0810
vn 0.0044 0.9999 0.0090
vn 0.6109 0.7670 -0.1962
vn 0.0162 0.9999 0.0040
vn 0.2636 0.9160 -0.3023
vn -0.1061 0.9827 -0.1516
vn 0.3779 0.9227 -0.0765
vn 0.4568 0.8594 -0.2297
vn 0.4269 0.8945 -0.1330
vn 0.5106 0.8536 -0.1028
vn 0.0785 0.9787 -0.1897
vn 0.2954 0.9252 0.2384
vn 0.7019 0.7078 -0.0799
vn 0.6415 0.7669 0.0182
vn 0.8638 0.5035 -0.0192
vn 0.7708 0.6275 0.1106
vn 0.3979 0.8408 0.3671
vn 0.1203 0.9722 0.2007
vn 0.7361 0.6039 -0.3057
vn 0.5960 0.7915 -0.1354
vn 0.8447 0.5333 0.0448
vn 0.7880 0.6154 0.0202
vn 0.5101 0.8590 0.0425
vn 0.5597 0.7903 0.2495
vn 0.3065 0.9369 0.1680
vn 0.6057 0.7890 -0.1034
vn 0.6659 0.6908 -0.2816
vn 0.8564 0.5148 -0.0391
vn 0.7524 0.6455 0.1314
vn 0.6028 0.7843 -0.1464
vn 0.0067 1.0000 -0.0009
vn 0.7481 0.6612 0.0560
vn 0.1617 0.9510 -0.2635
vn 0.4898 0.8594 0.1469
vn 0.2566 0.9533 0.1590
vn 0.1276 0.9366 0.3264
vn 0.1640 0.9300 -0.3290
vn 0.4787 0.7813 -0.4005
vn 0.5916 0.7450 0.3083
vn 0.2588 0.9450 0.1999
vn 0.3538 0.9296 0.1029
vn -0.0063 1.0000 0.0018
vn 0.0036 1.0000 -0.0009
vn 0.5297 0.8459 -0.0621
vn 0.3818 0.7951 -0.4712
vn 0.4328 0.8912 0.1359
vn 0.5382 0.8126 0.2237
vn 0.4840 0.8671 -0.1174
vn -0.1070 0.9386 -0.3278
vn 0.3331 0.9425 -0.0282
vn 0.2648 0.8633 0.4297
vn 0.4095 0.9035 -0.1264
vn 0.3235 0.8351 0.4449
vn 0.3207 0.9461 -0.0460
vn 0.5606 0.8277 -0.0256
vn 0.1750 0.8984 -0.4029
vn 0.0955 0.8934 0.4391
vn 0.0748 0.9646 -0.2529
vn -0.0198 0.9987 -0.0462
vn -0.1536 0.9114 0.3819
vn 0.5843 0.7990 -0.1420
vn 0.0764 0.9304 -0.3584
vn 0.4897 0.8652 -0.1078
vn -0.3751 0.8551 -0.3580
vn 0.1202 0.9419 0.3137
vn 0.4076 0.9086 0.0911
vn 0.3942 0.9189 0.0183
vn 0.3982 0.7249 -0.5621
vn 0.4388 0.7945 0.4198
vn 0.3454 0.9223 0.1732
vn 0.0681 0.9317 -0.3567
vn 0.1776 0.9814 0.0728
vn -0.0197 0.9896 -0.1424
vn -0.0194 0.9932 0.1151
vn -0.1657 0.9852 0.0436
vn 0.2240 0.9622 0.1551
vn 0.0777 0.9968 0.0176
vn 0.5248 0.8414 -0.1293
vn 0.0855 0.9888 -0.1222
vn -0.1151 0.9803 0.1603
vn -0.0259 0.9210 0.3888
vn -0.1926 0.9812 -0.0158
vn -0.4623 0.8693 -0.1748
vn 0.3341 0.8982 0.2856
vn 0.4398 0.7110 0.5487
vn 0.7883 0.5597 -0.2556
vn 0.0411 0.9803 -0.1932
vn -0.0481 0.9807 0.1896
vn -0.4076 0.9107 -0.0664
vn -0.2355 0.9718 0.0148
vn 0.0781 0.9877 -0.1355
vn -0.1099 0.9656 0.2358
vn 0.3010 0.9338 0.1934
vn 0.2138 0.9741 -0.0730
vn 0.0586 0.1830 -0.9814
vn 0.6116 0.7080 0.3531
vn 0.4564 0.8219 -0.3409
vn 0.3132 0.8720 -0.3763
vn 0.0729 0.9906 -0.1154
vn 0.3152 0.8935 0.3198
vn -0.2006 0.9392 0.2787
vn 0.4193 0.8071 -0.4156
vn 0.3674 0.6868 -0.6272
vn 0.2493 0.9681 -0.0258
vn 0.3070 0.9514 -0.0256
vn 0.0482 0.9720 0.2300
vn 0.4769 0.8613 -0.1753
vn 0.3574 0.9300 -0.0855
vn 0.5578 0.8161 -0.1511
vn -0.0378 0.9825 0.1825
vn 0.1127 0.9458 -0.3045
vn -0.0119 0.9904 0.1380
vn -0.2241 0.9436 -0.2437
vn 0.3905 0.8885 0.2410
vn 0.1173 0.9931 0.0065
vn 0.0562 0.9984 0.0114
vn 0.4582 0.6875 -0.5634
vn 0.0698 0.9975 -0.0055
vn 0.2744 0.9590 0.0701
vn 0.3567 0.9300 -0.0888
vn 0.4003 0.8965 -0.1899
vn 0.4200 0.8037 0.4215
vn 0.5863 0.7242 0.3631
vn -0.0346 0.9883 0.1487
vn -0.4749 0.8701 -0.1322
vn -0.3619 0.9282 -0.0869
vn 0.3124 0.9270 -0.2073
vn 0.5061 0.8169 -0.2766
vn 0.2814 0.9592 0.0278
vn 0.6340 0.6513 0.4169
vn 0.2412 0.9680 0.0687
vn 0.4759 0.7252 0.4975
vn 0.1708 0.9839 -0.0532
vn 0.4127 0.8928 -0.1804
vn -0.1933 0.9793 -0.0602
vn 0.2371 0.9092 0.3422
vn -0.5641 0.5253 0.6370
vn -0.4813 0.7733 0.4126
vn -0.0420 0.9989 0.0216
vn 0.3162 0.8912 -0.3251
vn 0.4451 0.8591 -0.2527
vn 0.0236 0.9947 -0.1003
vn -0.3650 0.9211 -0.1358
vn -0.2198 0.9755 -0.0062
vn 0.7287 0.5743 0.3732
vn 0.5077 0.8122 -0.2875
vn 0.6366 0.7675 -0.0756
vn -0.4646 0.8691 -0.1695
vn 0.3291 0.8906 0.3140
vn -0.2326 0.9717 -0.0406
vn 0.4076 0.9096 0.0809
vn 0.2774 0.9601 -0.0360
vn 0.2636 0.9641 -0.0308
vn -0.1740 0.8997 -0.4002
vn -0.0133 0.9999 -0.0072
vn 0.3659 0.7528 0.5472
vn 0.5884 0.7929 -0.1583
vn -0.5629 0.6721 0.4810
vn -0.5671 0.7926 -0.2241
vn -0.0274 0.5709 -0.8206
vn 0.2740 0.9575 -0.0901
vn -0.6025 0.7498 0.2736
vn 0.6591 0.6782 -0.3250
vn -0.0313 0.9523 -0.3034
vn 0.2845 0.9561 0.0705
vn -0.2979 0.9373 0.1806
vn -0.3290 0.7993 0.5029
vn 0.3332 0.9225 -0.1949
vn 0.3292 0.9223 -0.2025
vn -0.1100 0.9927 -0.0493
vn -0.2327 0.9717 -0.0406
vn 0.2862 0.9503 0.1225
vn 0.3079 0.9480 -0.0800
vn -0.4036 0.8008 0.4425
vn 0.5329 0.8377 -0.1195
vn 0.3195 0.9337 -0.1618
vn 0.3153 0.9487 0.0226
vn 0.6287 0.7371 -0.2478
vn -0.5168 0.6685 -0.5348
vn -0.6600 0.7481 0.0683
vn -0.5864 0.7991 -0.1322
vn -0.5897 0.7931 -0.1528
vn -0.6221 0.7377 0.2622
vn 0.5053 0.8538 -0.1257
vn 0.2039 0.9312 -0.3021
vn -0.6329 0.7423 0.2202
vn -0.7600 0.6147 -0.2109
vn -0.5529 0.6459 0.5264
vn -0.4957 0.8237 -0.2751
vn -0.4524 0.8775 0.1589
vn -0.1010 0.9934 -0.0550
vn -0.1169 0.9915 0.0576
vn 0.6109 0.5573 0.5623
vn 0.3049 0.9480 0.0915
vn -0.6841 0.7272 -0.0568
vn -0.6667 0.6278 0.4016
vn -0.2716 0.8762 -0.3981
vn -0.2055 0.7256 -0.6567
vn 0.2824 0.9519 -0.1190
vn 0.2861 0.9284 -0.2372
vn 0.5635 0.7413 -0.3645
vn 0.3503 0.7678 -0.5364
vn -0.7708 0.6239 -0.1289
vn -0.5556 0.6386 0.5325
vn -0.6528 0.7475 -0.1229
vn -0.3458 0.8632 0.3678
vn -0.5077 0.8249 -0.2485
vn 0.5659 0.8103 0.1520
vn 0.3559 0.9207 0.1602
vn -0.2298 0.9460 0.2288
vn -0.6801 0.7157 0.1590
vn 0.0022 0.9743 -0.2254
vn 0.3521 0.9317 -0.0895
vn 0.3207 0.9214 0.2194
vn -0.2254 0.9245 -0.3073
vn -0.0520 0.9983 0.0273
vn 0.2309 0.9719 0.0450
vn 0.2932 0.9525 -0.0828
vn 0.1200 0.9858 -0.1172
vn -0.2574 0.9588 -0.1205
vn -0.3399 0.9401 0.0279
vn -0.2521 0.9485 -0.1920
vn -0.3505 0.8812 0.3172
vn 0.1747 0.9241 -0.3398
vn 0.4955 0.7855 -0.3707
vn 0.3126 0.7736 0.5512
vn -0.2325 0.9676 0.0981
vn 0.5967 0.6309 -0.4960
vn 0.5415 0.8391 0.0514
vn -0.1173 0.8606 -0.4956
vn 0.5330 0.8074 0.2530
vn -0.1684 0.7325 -0.6596
vn 0.2904 0.9389 -0.1846
vn 0.7460 0.6610 -0.0815
vn 0.4086 0.9122 0.0299
vn -0.2440 0.9436 0.2240
vn -0.2547 0.9440 -0.2098
vn 0.4208 0.8047 0.4189
vn 0.1976 0.9237 0.3281
vn 0.7135 0.6010 -0.3602
vn 0.5119 0.5742 0.6390
vn 0.4512 0.5721 0.6849
vn 0.3601 0.9325 -0.0272
vn 0.3582 0.9263 -0.1167
vn 0.3733 0.6488 0.6630
vn 0.1984 0.9241 0.3266
vn 0.3745 0.8994 -0.2255
vn 0.2915 0.8987 -0.3277
vn 0.7556 0.5972 -0.2692
vn 0.8350 0.4961 -0.2378
vn 0.7555 0.5351 0.3780
vn 0.3300 0.8091 -0.4863
vn 0.3804 0.9163 0.1256
vn 0.5196 0.8543 0.0104
vn 0.6421 0.6042 0.4718
vn 0.3707 0.8577 -0.3562
vn 0.1758 0.7556 0.6310
vn -0.0432 0.9723 -0.2297
vn -0.3519 0.7667 -0.5369
vn 0.4002 0.9010 -0.1675
vn 0.1418 0.9852 0.0964
vn 0.1698 0.9853 -0.0208
vn 0.7269 0.5742 0.3767
vn 0.8640 0.5035 0.0045
vn 0.5365 0.8090 -0.2402
vn -0.1886 0.9592 -0.2106
vn -0.3857 0.7749 -0.5008
vn 0.4575 0.6443 0.6129
vn 0.5379 0.6852 -0.4911
vn 0.5897 0.6855 0.4270
vn 0.6913 0.5218 -0.4998
vn 0.7385 0.6647 -0.1131
vn 0.0547 0.9392 0.3390
vn 0.8430 0.4938 -0.2135
vn 0.1945 0.9642 0.1803
vn 0.0095 0.9856 -0.1688
vn 0.7515 0.5873 0.3007
vn 0.5253 0.7926 -0.3096
vn 0.5966 0.8006 -0.0557
vn 0.5175 0.8555 -0.0180
vn 0.4250 0.8045 0.4149
vn 0.0110 0.9053 0.4246
vn 0.3844 0.5544 0.7382
vn 0.0664 0.9228 0.3795
vn 0.8367 0.5279 0.1458
vn 0.5307 0.8466 -0.0412
vn 0.4077 0.8866 -0.2185
vn 0.8182 0.5374 0.2044
vn -0.5239 0.8246 -0.2135
vn -0.2510 0.6875 -0.6815
vn 0.1055 0.9929 -0.0540
vn 0.8617 0.3156 -0.3973
vn 0.0749 0.7544 0.6522
vn 0.7205 0.5987 -0.3500
vn 0.8679 0.4835 -0.1141
vn 0.6282 0.7711 0.1039
vn 0.7482 0.6044 0.2735
vn 0.4252 0.7163 -0.5533
vn 0.8674 0.4575 0.1956
vn 0.8476 0.4881 -0.2081
vn 0.6943 0.7192 -0.0248
vn 0.1757 0.9649 0.1950
vn 0.7256 0.5617 0.3975
vn 0.7667 0.6021 0.2228
vn 0.6633 0.7327 0.1523
vn 0.6946 0.7062 0.1371
vn 0.2972 0.8359 0.4614
vn 0.7786 0.6251 -0.0551
vn 0.1891 0.6896 -0.6991
vn 0.0189 0.9974 0.0693
vn -0.2077 0.9781 -0.0096
vn 0.0020 0.8371 -0.5471
vn 0.2522 0.8634 0.4369
vn 0.0020 1.0000 0.0010
vn 0.2908 0.8920 -0.3461
vn 0.4118 0.9105 0.0368
vn 0.5910 0.6609 -0.4625
vn 0.5274 0.6488 0.5486
vn -0.3050 0.9032 0.3022
vn 0.2988 0.9224 -0.2448
vn 0.7273 0.6822 0.0751
vn 0.0503 0.9964 0.0678
vn 0.2652 0.6528 -0.7096
vn 0.4816 0.5552 0.6781
vn -0.0345 0.9991 0.0262
vn 0.1975 0.9703 -0.1395
vn 0.4903 0.8631 -0.1214
vn 0.7214 0.6876 -0.0823
vn 0.0115 0.9999 -0.0003
vn 0.1361 0.9904 0.0246
vn -0.0796 0.9299 -0.3592
vn -0.1733 0.9800 0.0974
vn 0.9079 0.4141 -0.0644
vn 0.2900 0.8294 -0.4774
vn 0.5921 0.6349 0.4964
vn 0.6133 0.6721 0.4148
vn 0.6509 0.7316 0.2027
vn 0.1696 0.9772 -0.1280
vn 0.6856 0.5224 -0.5070
vn -0.0616 0.8592 0.5078
vn -0.3925 0.8943 0.2150
vn -0.3705 0.9179 0.1423
vn 0.6319 0.6958 0.3413
vn 0.8084 0.5650 -0.1652
vn 0.6100 0.7558 0.2381
vn 0.2581 0.8836 -0.3908
vn 0.2684 0.8764 -0.3999
vn 0.2947 0.8319 -0.4703
vn 0.7002 0.7086 0.0869
vn 0.2682 0.8251 0.4973
vn 0.0975 0.9912 -0.0891
vn 0.2885 0.8739 0.3912
vn 0.4113 0.7503 -0.5176
vn 0.5837 0.4819 0.6535
vn 0.8071 0.2685 0.5258
vn 0.8515 0.4798 0.2116
vn 0.8356 0.4830 0.2617
vn 0.6031 0.6744 0.4259
vn 0.4252 0.5210 0.7401
vn 0.3077 0.8795 -0.3630
vn 0.9060 0.3430 -0.2480
vn 0.0123 0.9997 -0.0223
vn -0.2079 0.9469 -0.2451
vn -0.2080 0.9473 -0.2438
vn 0.2253 0.9721 0.0654
vn 0.6409 0.7512 0.1580
vn 0.8259 0.5036 0.2535
vn 0.6529 0.6993 -0.2909
vn 0.0206 0.9998 0.0013
vn 0.2570 0.7516 -0.6074
vn 0.3062 0.9498 -0.0638
vn 0.3275 0.8287 -0.4539
vn 0.8693 0.4523 -0.1994
vn 0.3300 0.9200 -0.2113
vn 0.0199 0.9445 -0.3278
vn -0.4058 0.5237 -0.7490
vn -0.1301 0.9870 -0.0947
vn 0.7467 0.6564 0.1078
vn 0.0396 0.9933 0.1082
vn 0.2681 0.9629 -0.0303
vn 0.3468 0.9137 -0.2117
vn 0.3916 0.9200 -0.0176
vn 0.8407 0.5401 0.0403
vn -0.0033 0.9978 -0.0667
vn 0.1386 0.9226 0.3599
vn 0.7258 0.5745 -0.3784
vn 0.8271 0.4577 -0.3263
vn 0.7726 0.3737 -0.5132
vn 0.0470 0.9970 -0.0620
vn 0.6641 0.6297 -0.4030
vn 0.5509 0.6276 0.5501
vn 0.4672 0.8579 0.2139
vn 0.8197 0.5435 0.1805
vn 0.8305 0.5339 0.1589
vn 0.7704 0.6253 0.1242
vn 0.3831 0.7929 -0.4738
vn -0.3482 0.6721 0.6534
vn -0.5432 0.8366 -0.0703
vn -0.1830 0.9747 0.1281
vn 0.0194 0.9997 0.0142
vn -0.1765 0.8403 -0.5126
vn 0.6259 0.6339 0.4543
vn 0.5722 0.7090 0.4121
vn 0.6602 0.7178 0.2212
vn -0.3476 0.9361 -0.0534
vn -0.3353 0.7950 -0.5055
vn 0.5948 0.5856 -0.5507
vn 0.4908 0.3320 0.8055
vn 0.5051 0.6427 0.5761
vn 0.7002 0.5872 0.4060
vn -0.3898 0.9115 0.1314
vn -0.6186 0.5726 -0.5381
vn 0.3595 0.5253 0.7713
vn 0.8842 0.4512 -0.1209
vn 0.5060 0.8603 -0.0624
vn -0.0112 0.9999 0.0098
vn 0.9126 0.3889 -0.1260
vn 0.5484 0.6576 0.5166
vn 0.7748 0.6322 -0.0103
vn 0.7741 0.6036 -0.1909
vn -0.0672 0.9179 0.3911
vn -0.0553 0.6860 0.7255
vn 0.1331 0.9782 -0.1594
vn 0.4475 0.7251 -0.5234
vn 0.8967 0.4267 -0.1178
vn -0.0797 0.9394 -0.3334
vn 0.5174 0.6001 -0.6100
vn 0.7329 0.4606 -0.5007
vn 0.4415 0.7909 0.4238
vn 0.5478 0.6575 0.5173
vn -0.4762 0.6560 0.5855
vn 0.6347 0.7519 0.1780
vn -0.1737 0.9838 0.0440
vn -0.1135 0.9515 -0.2861
vn -0.1782 0.7045 -0.6870
vn 0.8644 0.4528 -0.2185
vn 0.3260 0.9357 0.1348
vn -0.0354 0.9780 -0.2055
vn -0.1197 0.8963 0.4269
vn -0.0367 0.9976 0.0582
vn 0.0454 0.9986 -0.0271
vn 0.8088 0.3957 0.4352
vn 0.7231 0.3918 0.5688
vn -0.4970 0.7767 -0.3870
vn 0.8149 0.5021 0.2896
vn -0.2824 0.8798 0.3823
vn 0.1860 0.7214 -0.6671
vn -0.2207 0.6635 0.7149
vn -0.5151 0.5242 -0.6782
vn -0.4394 0.8813 0.1739
vn -0.1294 0.9870 -0.0950
vn 0.0035 1.0000 0.0001
vn 0.9355 0.3227 -0.1439
vn 0.8156 0.5686 0.1073
vn 0.6526 0.7097 -0.2654
vn 0.4312 0.7040 0.5643
vn 0.5988 0.7661 -0.2334
vn 0.8160 0.3955 0.4216
vn 0.8957 0.4186 0.1498
vn -0.0131 0.9688 0.2476
vn -0.4539 0.7235 -0.5201
vn 0.4684 0.6761 0.5688
vn 0.1690 0.8856 -0.4326
vn 0.8707 0.4850 0.0813
vn -0.1414 0.8814 -0.4506
vn 0.7686 0.5787 -0.2727
vn -0.1287 0.9868 -0.0985
vn 0.0065 0.8787 0.4773
vn 0.9255 0.2802 -0.2547
vn 0.9309 0.2817 -0.2326
vn 0.5621 0.8262 -0.0379
vn 0.4795 0.3648 -0.7981
vn 0.4569 0.3289 -0.8265
vn 0.8719 0.4381 0.2189
vn 0.6660 0.5650 -0.4870
vn 0.5560 0.8269 0.0845
vn 0.7492 0.4887 0.4470
vn -0.1639 0.9812 0.1017
vn -0.1160 0.9836 -0.1381
vn -0.2512 0.9596 0.1270
vn -0.3189 0.7429 -0.5885
vn 0.2144 0.5337 0.8180
vn 0.2672 0.4458 -0.8543
vn 0.7417 0.4631 0.4853
vn -0.1193 0.5927 0.7966
vn 0.3542 0.7887 0.5025
vn -0.0103 0.9998 -0.0183
vn -0.0764 0.9971 0.0051
vn 0.0779 0.9612 -0.2647
vn -0.0386 0.9931 0.1105
vn 0.4255 0.5434 0.7236
vn -0.0616 0.8935 0.4448
vn 0.6331 0.5317 -0.5625
vn 0.5172 0.4005 -0.7564
vn 0.8260 0.4711 0.3093
vn 0.2304 0.7463 0.6244
vn 0.2603 0.7217 0.6415
vn 0.8281 0.3752 -0.4165
vn 0.9361 0.2129 -0.2800
vn 0.9699 0.2418 -0.0298
vn 0.8250 0.5609 0.0682
vn -0.4881 0.4993 0.7158
vn -0.4383 0.6630 0.6069
vn -0.5057 0.5972 0.6225
vn 0.6092 0.6401 -0.4681
vn 0.5652 0.6561 -0.5001
vn 0.2558 0.7162 0.6493
vn -0.0187 0.9998 -0.0121
vn 0.7745 0.5715 0.2712
vn -0.9177 0.3905 0.0737
vn 0.8216 0.4613 -0.3349
vn 0.0308 0.6482 -0.7609
vn 0.0281 0.7073 0.7064
vn -0.1775 0.3773 0.9089
vn -0.6061 0.7927 -0.0651
vn -0.5879 0.8052 -0.0779
vn -0.0807 0.9822 0.1696
vn -0.0129 0.4611 -0.8872
vn 0.6106 0.7861 0.0963
vn 0.7314 0.6048 0.3150
vn 0.5740 0.4284 0.6979
vn 0.7312 0.6767 -0.0856
vn -0.2988 0.7159 0.6310
vn 0.8567 0.4112 -0.3115
vn 0.6056 0.7305 0.3156
vn 0.1153 0.7635 0.6354
vn 0.5307 0.8405 0.1089
vn 0.2493 0.8732 -0.4188
vn 0.3443 0.7968 0.4966
vn 0.7028 0.6806 -0.2069
vn 0.6720 0.4888 0.5564
vn 0.7288 0.6759 -0.1096
vn -0.2800 0.5231 -0.8050
vn 0.8242 0.2880 -0.4876
vn 0.7692 0.4498 0.4539
vn 0.8028 0.5616 0.2002
vn 0.0050 0.7546 0.6562
vn 0.3817 0.5888 -0.7125
vn 0.3724 0.5843 -0.7210
vn 0.0013 0.7161 -0.6980
vn -0.4729 0.8141 -0.3370
vn 0.7004 0.4220 0.5756
vn 0.5675 0.6494 -0.5062
vn 0.3599 0.5966 0.7173
vn -0.2901 0.9442 -0.1560
vn 0.8517 0.4569 0.2565
vn 0.0043 0.7611 0.6486
vn -0.5511 0.5396 0.6366
vn -0.7451 0.6139 0.2607
vn -0.0166 0.6336 -0.7735
vn 0.6044 0.7860 -0.1301
vn 0.6087 0.7892 0.0820
vn -0.1116 0.4181 0.9015
vn 0.3339 0.8044 0.4914
vn 0.4910 0.7409 -0.4582
vn -0.0897 0.8714 0.4823
vn -0.5058 0.6480 -0.5694
vn 0.0619 0.9970 -0.0463
vn 0.7572 0.2378 -0.6084
vn 0.9006 0.4332 0.0352
vn 0.4914 0.8698 -0.0446
vn -0.4061 0.6158 -0.6751
vn 0.0056 0.8824 0.4704
vn 0.0683 0.5238 -0.8491
vn 0.4447 0.6243 0.6423
vn 0.4849 0.7415 0.4638
vn -0.1441 0.9248 -0.3521
vn 0.1597 0.7076 0.6883
vn 0.1486 0.6942 0.7043
vn 0.4094 0.3284 -0.8512
vn -0.0425 0.7373 -0.6743
vn -0.3368 0.3528 0.8730
vn 0.2807 0.6521 0.7043
vn 0.0249 0.9945 0.1017
vn -0.0409 0.7886 -0.6135
vn -0.4347 0.5549 0.7093
vn 0.4450 0.6249 0.6415
vn 0.5072 0.6965 -0.5076
vn 0.3239 0.5337 0.7812
vn -0.2018 0.9745 0.0983
vn -0.1699 0.9848 0.0355
vn 0.8766 0.4790 0.0468
vn -0.6347 0.6951 0.3375
vn -0.0943 0.5434 0.8342
vn -0.3595 0.4854 -0.7970
vn 0.0339 0.7626 0.6459
vn -0.4445 0.8513 -0.2788
vn -0.0758 0.4870 -0.8701
vn -0.5121 0.8530 -0.1011
vn -0.6300 0.7736 -0.0675
vn 0.8074 0.5720 -0.1442
vn 0.7084 0.6700 0.2222
vn 0.2253 0.6797 0.6981
vn -0.4998 0.8147 0.2941
vn -0.0995 0.8700 0.4830
vn 0.7974 0.3570 -0.4866
vn 0.5693 0.6860 0.4532
vn 0.5109 0.5367 0.6715
vn -0.2939 0.9083 -0.2977
vn -0.2686 0.4096 -0.8718
vn 0.5555 0.7412 -0.3769
vn -0.4429 0.5941 -0.6715
vn 0.2943 0.7933 0.5330
vn -0.5256 0.8397 -0.1363
vn -0.3185 0.5754 -0.7534
vn -0.5485 0.6404 -0.5376
vn 0.2080 0.5404 0.8153
vn 0.0878 0.6711 0.7361
vn 0.2739 0.9522 -0.1349
vn -0.4807 0.8767 0.0164
vn -0.2667 0.6644 -0.6981
vn 0.1540 0.5900 -0.7925
vn -0.6041 0.7866 0.1281
vn -0.6296 0.4317 0.6460
vn 0.3571 0.5162 -0.7784
vn -0.5797 0.8143 -0.0284
vn 0.2426 0.7170 0.6535
vn 0.5420 0.4800 0.6898
vn -0.2733 0.4622 0.8436
vn 0.1542 0.3365 -0.9290
vn 0.7856 0.4349 0.4401
vn 0.4481 0.6448 0.6193
vn 0.3366 0.6468 0.6844
vn 0.4097 0.7130 0.5690
vn 0.1490 0.5960 -0.7890
vn -0.0953 0.8805 0.4644
vn -0.3451 0.3565 0.8682
vn 0.2351 0.6440 0.7280
vn -0.4121 0.6140 -0.6732
vn 0.1120 0.5248 -0.8438
vn -0.6741 0.4539 0.5827
vn -0.4758 0.6341 -0.6095
vn 0.7427 0.5267 -0.4135
vn 0.0010 0.9913 0.1317
vn -0.2505 0.6954 -0.6735
vn -0.0476 0.9004 0.4325
vn -0.0469 0.9976 0.0502
vn 0.6893 0.6767 -0.2588
vn 0.6491 0.7498 -0.1281
vn -0.1034 0.3861 -0.9166
vn -0.2920 0.4224 0.8581
vn 0.0647 0.8778 -0.4746
vn 0.1924 0.6628 -0.7237
vn 0.4186 0.8109 -0.4088
vn 0.6879 0.5323 0.4935
vn -0.2617 0.9075 -0.3285
vn 0.4775 0.5114 -0.7145
vn 0.8836 0.4375 0.1669
vn 0.1276 0.4781 0.8690
vn -0.6539 0.7143 0.2494
vn 0.1048 0.9932 -0.0500
vn 0.3810 0.6956 -0.6091
vn -0.2497 0.6938 -0.6755
vn 0.4421 0.8954 0.0537
vn 0.2118 0.4987 -0.8405
vn -0.6625 0.6789 -0.3166
vn 0.4161 0.9093 0.0054
vn 0.2819 0.2874 -0.9154
vn 0.5630 0.5507 0.6163
vn 0.5630 0.5485 0.6183
vn 0.1442 0.5341 -0.8330
vn -0.1448 0.5894 -0.7948
vn -0.5639 0.7085 0.4244
vn -0.2210 0.5970 0.7712
vn -0.6599 0.5065 -0.5549
vn 0.7986 0.5868 -0.1338
vn -0.3920 0.7427 -0.5428
vn 0.1245 0.8778 -0.4626
vn 0.3655 0.2808 -0.8874
vn -0.3800 0.8931 -0.2406
vn -0.2886 0.6675 0.6864
vn -0.1175 0.4945 0.8612
vn -0.5336 0.5898 0.6062
vn -0.3324 0.6720 -0.6618
vn -0.0316 0.3406 0.9397
vn -0.8453 0.4363 -0.3082
vn -0.4840 0.8556 -0.1835
vn -0.5074 0.7823 0.3613
vn -0.7836 0.4891 0.3830
vn 0.2652 0.4878 0.8317
vn -0.0293 0.9956 -0.0888
vn 0.2721 0.7105 0.6489
vn -0.2650 0.4066 0.8743
vn -0.6390 0.6247 0.4488
vn -0.5758 0.7890 -0.2144
vn -0.7845 0.5306 0.3209
vn -0.7489 0.6623 -0.0243
vn -0.6266 0.5577 0.5444
vn -0.4107 0.5967 -0.6894
vn 0.4765 0.3797 0.7930
vn 0.0123 0.9934 0.1138
vn -0.2267 0.7660 -0.6015
vn -0.0161 0.9018 0.4318
vn -0.0016 1.0000 -0.0047
vn 0.4936 0.7185 -0.4901
vn 0.4492 0.5597 -0.6964
vn 0.4462 0.5928 0.6705
vn 0.0421 0.8282 0.5588
vn 0.1246 0.9788 -0.1627
vn 0.3128 0.7450 0.5892
vn 0.8570 0.4288 -0.2859
vn -0.6540 0.5416 0.5282
vn 0.0803 0.9928 -0.0887
vn 0.3558 0.6660 -0.6557
vn 0.1243 0.8415 0.5257
vn 0.3858 0.4505 0.8051
vn 0.3155 0.9397 0.1318
vn -0.6852 0.5772 -0.4441
vn -0.5952 0.5186 0.6138
vn 0.4756 0.4250 0.7702
vn -0.0594 0.9981 0.0154
vn 0.1150 0.9497 -0.2912
vn 0.6404 0.3272 -0.6948
vn 0.5581 0.5223 -0.6448
vn 0.5735 0.7307 -0.3702
vn -0.7835 0.5936 0.1837
vn 0.0502 0.4071 0.9120
vn -0.4545 0.7711 0.4460
vn -0.4322 0.5426 -0.7202
vn -0.7063 0.5800 -0.4059
vn -0.6338 0.5684 0.5246
vn 0.3123 0.5083 -0.8026
vn 0.6034 0.7973 0.0161
vn 0.5894 0.4373 0.6793
vn -0.0840 0.8442 0.5293
vn 0.5433 0.3747 -0.7512
vn -0.0576 0.5255 0.8488
vn 0.5566 0.5221 -0.6462
vn 0.0893 0.4134 0.9062
vn 0.5089 0.8329 0.2176
vn 0.7116 0.7015 -0.0401
vn 0.7948 0.3972 -0.4588
vn 0.8071 0.4395 -0.3943
vn 0.1857 0.7177 0.6712
vn -0.6592 0.5066 -0.5557
vn -0.1978 0.7454 -0.6366
vn 0.2626 0.5799 -0.7712
vn -0.7338 0.3919 0.5549
vn -0.4724 0.6091 0.6371
vn 0.7244 0.6789 0.1197
vn 0.8843 0.3828 -0.2674
vn 0.6858 0.5390 0.4890
vn -0.0938 0.9936 0.0625
vn 0.0394 0.8622 0.5051
vn 0.0186 0.7360 -0.6767
vn -0.4794 0.5184 -0.7081
vn -0.2821 0.4112 -0.8668
vn 0.0596 0.9852 0.1605
vn -0.5328 0.8453 -0.0398
vn -0.4914 0.6598 -0.5685
vn -0.1482 0.7335 0.6633
vn -0.8809 0.4701 0.0545
vn 0.6388 0.7648 0.0833
vn 0.6495 0.7491 -0.1304
vn -0.1100 0.5943 -0.7967
vn 0.4039 0.4544 0.7940
vn -0.7238 0.5595 -0.4038
vn 0.8667 0.3379 -0.3668
vn 0.5230 0.3761 0.7648
vn 0.5082 0.8345 0.2129
vn -0.1129 0.7946 -0.5965
vn -0.0795 0.9277 0.3648
vn -0.5432 0.3102 0.7802
vn -0.8198 0.4750 0.3197
vn 0.8533 0.4312 -0.2933
vn -0.5888 0.6414 -0.4919
vn 0.7450 0.3941 -0.5382
vn 0.7122 0.6470 -0.2725
vn -0.0065 0.8899 -0.4562
vn -0.7752 0.4838 0.4062
vn 0.8233 0.5658 -0.0449
vn 0.7905 0.2364 0.5651
vn 0.0247 0.9902 -0.1377
vn -0.8695 0.4883 -0.0745
vn -0.8830 0.4660 0.0567
vn -0.6926 0.7087 -0.1346
vn -0.6924 0.6944 -0.1962
vn -0.8162 0.5067 0.2777
vn 0.8691 0.4444 -0.2172
vn 0.6359 0.7512 -0.1768
vn 0.0849 0.9168 -0.3903
vn 0.7143 0.6493 -0.2612
vn 0.7140 0.6374 -0.2895
vn 0.6756 0.6737 -0.2995
vn 0.1980 0.4630 0.8639
vn -0.2011 0.9788 -0.0398
vn -0.1187 0.7961 -0.5933
vn 0.0346 0.9989 -0.0307
vn -0.0175 0.3516 -0.9360
vn -0.8750 0.4841 0.0024
vn -0.5873 0.3134 0.7463
vn -0.6252 0.4130 0.6622
vn 0.6248 0.7294 0.2785
vn 0.2606 0.5066 -0.8218
vn -0.5695 0.7471 -0.3429
vn 0.5226 0.6820 0.5116
vn 0.6081 0.6036 -0.5156
vn 0.5607 0.8204 0.1121
vn 0.2887 0.6435 -0.7089
vn -0.8529 0.4824 -0.1999
vn 0.0864 0.7691 0.6332
vn 0.1850 0.5099 -0.8401
vn 0.6539 0.5455 0.5242
vn 0.1951 0.8032 0.5628
vn 0.6218 0.3530 -0.6991
vn -0.0197 0.8495 -0.5272
vn 0.6880 0.7257 0.0042
vn -0.5206 0.3866 0.7613
vn -0.0812 0.8843 -0.4598
vn 0.5390 0.5115 0.6692
vn 0.4333 0.6604 -0.6134
vn 0.1995 0.8485 0.4902
vn 0.2481 0.7259 -0.6415
vn 0.0557 0.8586 0.5096
vn -0.9341 0.3226 0.1530
vn -0.8613 0.3265 0.3893
vn 0.6549 0.7044 -0.2737
vn -0.6099 0.6052 -0.5116
vn 0.4517 0.8842 -0.1186
vn 0.5765 0.8171 0.0002
vn 0.1296 0.7839 0.6072
vn -0.6537 0.7376 0.1695
vn -0.6351 0.7698 -0.0634
vn 0.3423 0.4061 -0.8473
vn 0.1202 0.9479 -0.2951
vn 0.7731 0.3861 0.5033
vn -0.1850 0.9809 0.0607
vn 0.0722 0.3455 -0.9356
vn -0.8830 0.4660 0.0571
vn 0.7158 0.6583 -0.2328
vn -0.4043 0.5719 -0.7138
vn -0.9119 0.3641 0.1895
vn -0.8474 0.3176 0.4256
vn -0.6354 0.6631 -0.3956
vn 0.6912 0.7059 -0.1548
vn 0.4938 0.4947 0.7151
vn 0.6628 0.6103 0.4338
vn 0.1129 0.8092 -0.5766
vn 0.0050 0.9604 0.2787
vn 0.1833 0.8598 0.4766
vn -0.0528 0.9966 0.0637
vn -0.6965 0.4755 0.5374
vn -0.1025 0.6364 -0.7646
vn 0.6207 0.7355 0.2716
vn -0.0942 0.8287 -0.5518
vn -0.6917 0.6778 0.2492
vn -0.5220 0.8529 0.0115
vn -0.2725 0.5039 -0.8197
vn -0.3094 0.9372 0.1611
vn -0.8189 0.5322 0.2148
vn -0.6943 0.4359 0.5727
vn -0.3433 0.3872 -0.8557
vn 0.4909 0.4870 0.7224
vn 0.2945 0.2952 0.9089
vn 0.0403 0.9618 -0.2707
vn 0.3197 0.9116 0.2585
vn -0.7796 0.3911 -0.4891
vn -0.7357 0.6381 -0.2271
vn -0.5657 0.8030 -0.1878
vn -0.7185 0.6529 -0.2395
vn -0.5936 0.4875 -0.6403
vn -0.6435 0.6077 0.4655
vn 0.3157 0.9430 -0.1053
vn -0.8892 0.4083 -0.2065
vn 0.2781 0.8459 -0.4551
vn 0.7955 0.4122 0.4441
vn 0.1202 0.8343 0.5380
vn -0.3988 0.8529 -0.3369
vn -0.5938 0.3126 0.7414
vn -0.7381 0.4447 0.5074
vn -0.3435 0.9391 -0.0091
vn -0.0803 0.7785 0.6225
vn -0.0890 0.6694 -0.7376
vn 0.0077 0.9137 0.4062
vn -0.4080 0.7086 0.5757
vn 0.6234 0.3567 -0.6958
vn 0.5913 0.6735 0.4435
vn 0.7117 0.4591 -0.5317
vn -0.7338 0.4611 -0.4989
vn -0.8933 0.4198 -0.1607
vn -0.6670 0.3286 0.6687
vn -0.7683 0.6364 0.0681
vn -0.6554 0.7545 0.0345
vn -0.3864 0.8596 0.3344
vn -0.1750 0.6895 -0.7028
vn -0.1810 0.8887 -0.4213
vn -0.2459 0.6189 0.7460
vn -0.4018 0.8817 -0.2472
vn 0.0012 1.0000 -0.0007
vn 0.4822 0.3380 -0.8082
vn -0.9189 0.2451 -0.3091
vn -0.8745 0.3766 -0.3056
vn -0.1886 0.9176 0.3500
vn -0.6514 0.4544 0.6076
vn -0.6205 0.4227 0.6606
vn -0.6212 0.7618 -0.1837
vn -0.6608 0.6098 -0.4376
vn -0.7587 0.5133 -0.4010
vn -0.4130 0.6210 0.6661
vn 0.8430 0.3533 0.4056
vn 0.6590 0.3867 0.6451
vn 0.2743 0.9090 0.3139
vn 0.4188 0.7343 -0.5343
vn 0.5234 0.8037 -0.2829
vn -0.9159 0.2995 0.2672
vn 0.2937 0.6028 -0.7418
vn 0.2452 0.9095 -0.3356
vn 0.2904 0.9251 -0.2445
vn 0.2773 0.8373 -0.4713
vn -0.2056 0.8945 -0.3969
vn -0.4724 0.7239 0.5028
vn -0.1945 0.9468 -0.2563
vn -0.3813 0.6285 -0.6779
vn -0.7907 0.6122 -0.0064
vn -0.1848 0.8836 -0.4302
vn 0.1638 0.5453 0.8221
vn 0.5662 0.7115 -0.4162
vn -0.9434 0.2594 0.2069
vn -0.5556 0.7365 0.3859
vn -0.6552 0.7473 0.1107
vn -0.7564 0.5902 0.2820
vn -0.4347 0.6520 0.6213
vn -0.3410 0.8426 -0.4169
vn -0.3941 0.9112 0.1201
vn -0.2402 0.8253 0.5111
vn 0.0478 0.8830 -0.4669
vn -0.5779 0.8119 0.0825
vn -0.1551 0.9841 -0.0864
vn 0.2402 0.5853 -0.7744
vn -0.1753 0.9201 0.3502
vn -0.7802 0.5920 0.2019
vn -0.5166 0.8526 -0.0792
vn -0.3575 0.3864 -0.8502
vn 0.1353 0.8329 0.5366
vn 0.0160 0.9993 0.0329
vn 0.0253 0.9996 -0.0140
vn -0.8894 0.4529 0.0629
vn -0.4237 0.8978 0.1201
vn 0.3787 0.8143 -0.4399
vn 0.5158 0.4516 0.7280
vn 0.5278 0.6950 0.4882
vn -0.2933 0.8176 -0.4955
vn 0.0947 0.8961 0.4336
vn -0.8043 0.5914 -0.0581
vn -0.3133 0.8485 -0.4265
vn -0.7794 0.6087 0.1482
vn 0.6598 0.6572 -0.3645
vn 0.4384 0.8636 0.2490
vn 0.6184 0.7790 -0.1036
vn 0.3802 0.6744 0.6330
vn 0.3282 0.4351 -0.8385
vn -0.2211 0.8861 -0.4074
vn 0.5012 0.5440 -0.6729
vn 0.2813 0.8641 0.4174
vn 0.6127 0.6998 0.3671
vn -0.2022 0.5668 -0.7987
vn -0.6109 0.7252 -0.3177
vn -0.4372 0.6781 0.5908
vn -0.6669 0.7126 -0.2179
vn -0.2742 0.3723 -0.8867
vn 0.6888 0.7248 0.0101
vn 0.7430 0.3967 0.5390
vn 0.4553 0.8389 0.2982
vn 0.1857 0.8637 0.4685
vn 0.0502 0.9985 0.0209
vn 0.0304 0.9993 -0.0222
vn -0.2060 0.9512 -0.2299
vn 0.7780 0.5393 -0.3223
vn 0.3505 0.8443 -0.4054
vn 0.5251 0.8174 -0.2368
vn 0.0186 0.8915 -0.4526
vn -0.1663 0.9646 0.2048
vn -0.4304 0.4915 -0.7571
vn 0.0185 0.9966 -0.0805
vn -0.7370 0.6690 -0.0960
vn -0.7197 0.6508 -0.2419
vn -0.8221 0.2954 -0.4868
vn -0.7927 0.3603 0.4917
vn -0.5461 0.3070 0.7795
vn -0.7713 0.4918 -0.4040
vn -0.7450 0.6494 0.1527
vn -0.3919 0.9083 0.1465
vn -0.1568 0.9463 -0.2827
vn 0.4628 0.4456 -0.7663
vn 0.7459 0.5021 -0.4376
vn -0.2848 0.7477 0.5998
vn 0.1975 0.6164 0.7623
vn -0.3695 0.9290 -0.0190
vn 0.6351 0.5402 0.5521
vn 0.8251 0.3383 0.4525
vn 0.5465 0.4165 0.7265
vn 0.8130 0.5287 0.2438
vn 0.0201 0.9993 -0.0317
vn -0.5439 0.7838 -0.2997
vn 0.0453 0.6667 -0.7440
vn 0.7277 0.6641 0.1713
vn 0.3478 0.6729 0.6528
vn 0.0129 0.6655 -0.7462
vn 0.0522 0.9985 -0.0148
vn -0.0911 0.5857 0.8054
vn -0.1235 0.9343 -0.3345
vn 0.6355 0.7624 -0.1221
vn 0.6925 0.4113 -0.5928
vn 0.8274 0.4607 0.3211
vn 0.8088 0.5825 0.0810
vn 0.0025 1.0000 0.0004
vn 0.0062 0.9999 -0.0135
vn 0.0611 0.9981 0.0124
vn -0.2670 0.9611 0.0704
vn -0.4355 0.7473 0.5018
vn 0.6630 0.7171 0.2152
vn -0.0284 0.9218 -0.3866
vn -0.2749 0.9230 0.2694
vn -0.3721 0.5670 -0.7349
vn 0.8170 0.4645 0.3416
vn 0.7152 0.3882 0.5813
vn 0.2878 0.6559 0.6979
vn 0.1535 0.7677 -0.6221
vn 0.0258 0.9974 -0.0672
vn 0.6386 0.6538 -0.4058
vn -0.0115 0.9256 -0.3783
vn -0.2640 0.9405 0.2138
vn 0.3609 0.5308 -0.7668
vn 0.5345 0.7504 -0.3890
vn 0.0722 0.9489 0.3072
vn 0.5874 0.5889 0.5552
vn 0.7396 0.6663 0.0952
vn -0.1935 0.9001 -0.3904
vn -0.3585 0.7033 0.6139
vn -0.5618 0.8162 0.1351
vn 0.6069 0.2811 0.7434
vn 0.3958 0.9154 0.0727
vn -0.6421 0.7274 -0.2422
vn 0.1282 0.9890 -0.0739
vn -0.0413 0.9577 -0.2849
vn -0.3240 0.7284 0.6037
vn 0.1032 0.9933 -0.0528
vn 0.3588 0.8018 0.4778
vn -0.6650 0.2843 -0.6906
vn 0.3062 0.5926 0.7450
vn 0.7562 0.4672 0.4581
vn 0.8050 0.5780 0.1339
vn 0.0155 0.9994 0.0317
vn 0.0642 0.6458 0.7608
vn 0.8769 0.4348 -0.2049
vn 0.6767 0.4010 -0.6175
vn -0.5926 0.7362 0.3270
vn -0.0941 0.5445 0.8335
vn -0.7637 0.5538 -0.3317
vn 0.0131 0.8824 -0.4702
vn -0.7475 0.6641 -0.0141
vn -0.6419 0.6352 0.4296
vn -0.0302 0.9841 -0.1752
vn -0.0300 0.6629 0.7481
vn -0.6061 0.4802 -0.6341
vn -0.2736 0.3053 -0.9121
vn 0.9318 0.3627 -0.0165
vn 0.8409 0.3293 0.4294
vn 0.6107 0.5435 0.5759
vn -0.0680 0.9976 0.0135
vn 0.1851 0.7499 -0.6352
vn -0.1755 0.4765 0.8615
vn -0.1194 0.7239 0.6795
vn -0.5182 0.6582 -0.5461
vn -0.4973 0.5775 0.6474
vn -0.1501 0.8474 -0.5093
vn -0.8487 0.4818 -0.2183
vn 0.0277 0.9927 -0.1173
vn 0.7183 0.6795 0.1492
vn 0.7008 0.7038 0.1161
vn 0.2288 0.9232 0.3088
vn -0.3429 0.8965 -0.2804
vn -0.1978 0.9598 0.1992
vn -0.3497 0.8478 0.3987
vn 0.9211 0.3814 0.0786
vn 0.9040 0.3437 -0.2543
vn 0.2967 0.5111 0.8067
vn 0.7364 0.6602 0.1480
vn 0.7545 0.5636 0.3363
vn 0.6306 0.5447 0.5528
vn 0.7443 0.6342 -0.2095
vn 0.1459 0.9498 -0.2768
vn 0.2044 0.7634 -0.6127
vn 0.6572 0.5662 -0.4975
vn 0.5601 0.3730 -0.7397
vn -0.5376 0.7381 0.4076
vn -0.7831 0.6209 -0.0357
vn -0.6274 0.7624 0.1585
vn 0.3890 0.7959 0.4639
vn -0.3357 0.9001 -0.2778
vn -0.1485 0.7232 0.6745
vn -0.3959 0.6678 0.6304
vn 0.2756 0.4118 -0.8686
vn 0.5274 0.7189 -0.4528
vn 0.4344 0.8487 -0.3017
vn -0.4837 0.7931 -0.3701
vn 0.0368 0.7356 0.6764
vn -0.3783 0.8319 -0.4061
vn -0.0217 0.6269 0.7788
vn -0.8573 0.4828 0.1787
vn -0.5303 0.7841 -0.3225
vn -0.5314 0.7841 -0.3208
vn -0.4409 0.8935 0.0851
vn -0.8565 0.5015 0.1221
vn -0.0035 0.9691 0.2468
vn -0.4679 0.8533 -0.2300
vn -0.2859 0.5316 -0.7973
vn -0.0523 0.9532 0.2977
vn 0.5934 0.6131 0.5215
vn 0.8233 0.5438 -0.1625
vn -0.6537 0.5988 0.4627
vn -0.6065 0.4294 0.6692
vn -0.2181 0.8678 0.4465
vn -0.6675 0.7141 -0.2113
vn -0.8583 0.4951 -0.1352
vn -0.8522 0.5217 -0.0394
vn -0.4191 0.8884 -0.1870
vn -0.4998 0.2556 -0.8276
vn -0.2961 0.3099 -0.9035
vn -0.3934 0.6663 0.6335
vn 0.5742 0.8187 -0.0091
vn 0.6979 0.7052 0.1250
vn 0.7177 0.4804 -0.5041
vn 0.4581 0.7177 0.5244
vn 0.8856 0.4196 -0.1990
vn 0.8216 0.4026 0.4036
vn 0.8436 0.5369 -0.0061
vn 0.8083 0.4978 -0.3145
vn 0.7510 0.5370 -0.3842
vn -0.0090 0.6076 -0.7942
vn 0.8816 0.4585 -0.1122
vn 0.0194 0.9960 -0.0875
vn 0.8700 0.2634 0.4168
vn -0.0034 0.9999 0.0124
vn 0.5916 0.7190 -0.3648
vn 0.9091 0.3835 0.1627
vn 0.6988 0.6799 0.2225
vn 0.3181 0.8150 0.4844
vn -0.6719 0.7158 -0.1904
vn -0.4192 0.8873 -0.1922
vn -0.5227 0.8474 -0.0932
vn -0.5545 0.7961 0.2426
vn 0.0016 0.7718 0.6358
vn 0.8396 0.4399 0.3188
vn 0.2739 0.7086 0.6503
vn -0.1617 0.7000 0.6956
vn -0.0380 0.9916 -0.1238
vn 0.8590 0.5116 0.0201
vn 0.3197 0.8249 0.4662
vn -0.3613 0.8406 -0.4035
vn -0.6290 0.3985 0.6675
vn -0.4728 0.8590 0.1964
vn -0.7029 0.5786 0.4137
vn -0.8492 0.5263 -0.0421
vn -0.2565 0.9624 0.0891
vn -0.0890 0.6539 0.7513
vn -0.5433 0.8365 -0.0720
vn 0.9057 0.4122 -0.0991
vn 0.8236 0.3427 0.4520
vn 0.9008 0.2804 0.3315
vn 0.1435 0.8645 0.4817
vn -0.0385 0.6430 0.7649
vn 0.4758 0.8433 -0.2499
vn 0.4581 0.8688 0.1878
vn 0.1590 0.7427 -0.6505
vn 0.5199 0.2713 -0.8100
vn 0.4872 0.5486 0.6795
vn 0.8731 0.4812 -0.0785
vn 0.6273 0.7637 0.1524
vn -0.3550 0.8779 -0.3214
vn -0.6318 0.5915 0.5009
vn -0.4997 0.8535 0.1480
vn -0.6719 0.6179 -0.4083
vn -0.6112 0.7889 0.0641
vn -0.4333 0.8405 -0.3253
vn -0.3954 0.8491 0.3502
vn -0.1625 0.3054 -0.9383
vn 0.2219 0.7174 -0.6604
vn 0.8564 0.4353 0.2778
vn 0.7541 0.4174 -0.5070
vn 0.9008 0.2804 0.3316
vn 0.6378 0.7598 -0.1258
vn 0.3226 0.9301 0.1754
vn 0.5916 0.5732 -0.5670
vn 0.6555 0.7278 -0.2017
vn 0.8029 0.5375 -0.2579
vn -0.3319 0.5829 -0.7416
vn -0.5464 0.7557 0.3609
vn -0.0596 0.9086 -0.4133
vn 0.4328 0.7836 0.4457
vn 0.3604 0.8160 -0.4520
vn -0.5519 0.6679 -0.4993
vn -0.2512 0.5941 -0.7642
vn 0.7965 0.3483 0.4942
vn 0.8167 0.5550 -0.1580
vn 0.6287 0.3288 0.7047
vn 0.6917 0.2735 -0.6684
vn 0.9283 0.3614 -0.0877
vn 0.0258 0.8691 -0.4940
vn -0.7301 0.4011 0.5532
vn -0.4965 0.8550 0.1500
vn -0.5827 0.5678 -0.5815
vn -0.6048 0.7837 0.1414
vn -0.3098 0.8935 -0.3250
vn 0.8435 0.3203 0.4312
vn 0.5966 0.3196 0.7362
vn 0.0331 0.9941 0.1032
vn 0.7695 0.5984 0.2231
vn 0.8789 0.3878 -0.2777
vn 0.8818 0.3301 -0.3370
vn 0.0887 0.9434 0.3194
vn -0.1433 0.6772 0.7217
vn -0.6894 0.6811 -0.2467
vn -0.0228 0.9920 -0.1242
vn -0.4822 0.8544 0.1933
vn -0.5515 0.7387 0.3874
vn -0.3075 0.9479 0.0828
vn 0.5562 0.3144 -0.7693
vn 0.9071 0.3905 0.1574
vn 0.6173 0.7232 0.3096
vn 0.5680 0.7943 0.2156
vn -0.0001 1.0000 0.0029
vn 0.2050 0.4683 -0.8594
vn 0.3844 0.5972 0.7040
vn 0.8831 0.4062 -0.2349
vn 0.9033 0.4128 0.1166
vn -0.0304 0.9884 0.1487
vn 0.6901 0.6547 -0.3084
vn 0.1620 0.9601 -0.2281
vn -0.3210 0.9443 0.0722
vn 0.0465 0.8243 0.5643
vn 0.4172 0.6767 -0.6066
vn 0.9484 0.2879 0.1332
vn 0.2714 0.9432 0.1914
vn 0.3357 0.8556 0.3940
vn 0.5625 0.7215 -0.4039
vn 0.6648 0.5951 -0.4516
vn 0.3813 0.7020 -0.6015
vn -0.5598 0.7228 0.4051
vn -0.0772 0.9909 -0.1104
vn 0.1953 0.9146 -0.3540
vn 0.1853 0.9744 -0.1273
vn -0.0510 0.9783 -0.2007
vn -0.0261 0.9924 -0.1201
vn -0.3360 0.9339 0.1221
vn -0.4091 0.8926 -0.1894
vn 0.1514 0.6621 -0.7340
vn 0.2708 0.4373 -0.8576
vn 0.3917 0.3758 -0.8399
vn 0.3353 0.4023 -0.8519
vn 0.3131 0.3408 0.8865
vn 0.3606 0.2960 0.8845
vn 0.5487 0.5950 0.5873
vn 0.3585 0.5964 0.7182
vn 0.5984 0.7912 -0.1265
vn 0.3185 0.9335 0.1649
vn 0.0104 0.9994 -0.0338
vn 0.0022 1.0000 -0.0044
vn 0.7857 0.5442 -0.2941
vn 0.4248 0.7638 -0.4859
vn 0.8800 0.4739 -0.0323
vn 0.8010 0.4649 -0.3773
vn 0.4314 0.8542 -0.2903
vn -0.3186 0.8358 -0.4471
vn -0.6105 0.4502 0.6516
vn -0.1645 0.9638 0.2099
vn -0.0473 0.9970 0.0615
vn 0.0500 0.9853 -0.1632
vn 0.3478 0.2576 -0.9015
vn 0.1986 0.3248 -0.9247
vn 0.3234 0.8887 -0.3249
vn 0.5559 0.3313 -0.7623
vn -0.0665 0.5389 0.8398
vn 0.1778 0.7618 0.6230
vn -0.3979 0.8872 0.2336
vn -0.4671 0.6973 0.5437
vn -0.3388 0.8078 0.4823
vn -0.5330 0.8196 0.2102
vn 0.0717 0.9752 -0.2095
vn 0.2380 0.9594 0.1512
vn -0.4469 0.8898 -0.0920
vn -0.3221 0.9432 -0.0817
vn 0.1230 0.8751 0.4680
vn 0.1811 0.9789 0.0941
vn 0.2701 0.7655 -0.5840
vn -0.2715 0.5931 -0.7580
vn -0.2711 0.5924 -0.7587
vn 0.5834 0.8063 -0.0982
vn 0.1777 0.5653 0.8055
vn 0.4165 0.5485 0.7250
vn 0.2472 0.8897 0.3839
vn 0.3478 0.8995 0.2643
vn 0.3616 0.9228 0.1327
vn 0.3169 0.9330 0.1706
vn 0.5970 0.6167 -0.5131
vn -0.5136 0.5462 0.6618
vn -0.1697 0.8042 -0.5695
vn 0.5130 0.6381 0.5741
vn 0.1135 0.7597 0.6403
vn -0.3728 0.5866 0.7190
vn -0.0505 0.9949 0.0871
vn 0.0476 0.6965 -0.7160
vn 0.0223 0.4326 -0.9013
vn -0.0285 0.6137 0.7890
vn 0.1038 0.9486 0.2988
vn 0.6630 0.7452 0.0713
vn 0.0037 0.2965 -0.9550
vn -0.0944 0.8364 0.5399
vn 0.1240 0.8586 -0.4974
vn -0.7078 0.4907 -0.5081
vn 0.3696 0.6705 0.6433
vn -0.0636 0.9393 0.3372
vn 0.3000 0.4187 -0.8571
vn 0.0757 0.8052 0.5882
vn -0.0145 0.8478 0.5302
vn -0.0954 0.8048 0.5858
vn -0.4572 0.8478 -0.2688
vn -0.5552 0.8286 0.0718
vn -0.7642 0.5431 0.3479
vn -0.8478 0.5176 0.1152
vn -0.3432 0.7620 0.5491
vn -0.6526 0.7308 -0.2001
vn -0.6825 0.7150 -0.1516
vn 0.4204 0.8775 0.2308
vn 0.0571 0.9288 0.3662
vn -0.1931 0.9794 0.0597
vn 0.6191 0.7803 0.0888
vn 0.5734 0.7635 -0.2973
vn 0.2001 0.7942 -0.5738
vn 0.5209 0.8258 -0.2159
vn -0.5283 0.8485 -0.0322
vn -0.1116 0.9098 -0.3997
vn 0.0425 0.9894 0.1387
vn -0.0962 0.9236 -0.3712
vn 0.5602 0.7860 -0.2614
vn 0.2772 0.8903 0.3613
vn 0.3802 0.5549 0.7399
vn 0.1567 0.9677 0.1975
vn -0.1952 0.7369 -0.6472
vn 0.2168 0.9580 0.1876
vn 0.1447 0.9138 -0.3796
vn 0.2079 0.8463 0.4905
vn 0.2489 0.6783 0.6913
vn -0.8077 0.4709 0.3549
vn -0.3228 0.7986 0.5080
vn -0.3348 0.8262 -0.4530
vn -0.1856 0.9393 0.2885
vn -0.1116 0.9195 -0.3770
vn -0.8583 0.5130 -0.0073
vn 0.0805 0.5356 0.8407
vn 0.2803 0.7410 0.6103
vn -0.0379 0.4036 0.9141
vn 0.2797 0.4164 -0.8651
vn -0.1155 0.8485 -0.5164
vn -0.4328 0.5268 0.7316
vn -0.0336 0.9977 0.0584
vn -0.0253 0.9571 -0.2886
vn -0.5426 0.8290 0.1352
vn -0.2674 0.9635 -0.0117
vn -0.1947 0.9133 -0.3578
vn -0.5038 0.3552 -0.7874
vn -0.5344 0.3600 -0.7648
vn -0.8227 0.5221 -0.2247
vn -0.7895 0.3859 0.4773
vn 0.1530 0.6979 0.6997
vn 0.0003 1.0000 0.0030
vn 0.2699 0.9240 -0.2709
vn 0.5889 0.7279 -0.3513
vn 0.0062 0.6075 -0.7943
vn -0.4639 0.8053 0.3691
vn 0.6024 0.6270 -0.4940
vn -0.3141 0.9440 -0.1008
vn 0.0374 0.7913 0.6102
vn -0.1915 0.9800 0.0537
vn -0.7035 0.7090 0.0495
vn -0.6434 0.7503 -0.1521
vn -0.8296 0.4913 -0.2653
vn 0.1148 0.3233 0.9393
vn 0.6300 0.6066 0.4850
vn -0.1496 0.9477 0.2820
vn 0.5141 0.8522 0.0977
vn 0.6769 0.5156 -0.5254
vn 0.5289 0.8477 -0.0416
vn -0.3178 0.9479 0.0218
vn -0.8607 0.4801 -0.1694
vn -0.8083 0.5668 0.1594
vn -0.6691 0.7231 -0.1712
vn -0.5732 0.7378 -0.3564
vn -0.6635 0.6469 -0.3760
vn -0.7335 0.5595 -0.3859
vn -0.4987 0.2940 0.8154
vn -0.7647 0.5643 -0.3111
vn 0.5777 0.7891 0.2088
vn 0.0037 1.0000 -0.0025
vn -0.5476 0.8019 -0.2391
vn -0.4922 0.6363 0.5940
vn -0.3470 0.8812 0.3210
vn -0.8752 0.4823 -0.0367
vn -0.2802 0.9383 -0.2025
vn 0.0140 0.9114 0.4112
vn 0.5745 0.7667 0.2867
vn -0.7116 0.4876 -0.5058
vn -0.8614 0.5075 0.0205
vn -0.8264 0.4697 -0.3104
vn -0.1378 0.8642 0.4840
vn -0.4482 0.6333 0.6309
vn -0.0130 0.9001 0.4356
vn -0.2197 0.2475 -0.9436
vn -0.0565 0.8455 -0.5309
vn 0.2474 0.6796 0.6906
vn -0.2988 0.9266 -0.2284
vn 0.0373 0.6182 0.7852
vn -0.0377 0.9703 0.2391
vn -0.8457 0.4376 0.3056
vn -0.8380 0.5334 0.1150
vn -0.5986 0.7784 -0.1892
vn -0.3198 0.9438 -0.0832
vn -0.3031 0.9400 0.1564
vn -0.8939 0.4476 -0.0230
vn -0.7071 0.6678 0.2325
vn -0.6129 0.7898 0.0245
vn 0.3867 0.8928 -0.2312
vn 0.5618 0.7850 -0.2610
vn -0.4192 0.3690 -0.8295
vn -0.6733 0.6630 -0.3272
vn -0.8790 0.4406 0.1822
vn 0.4679 0.8330 -0.2953
vn 0.5819 0.7698 0.2624
vn -0.6457 0.7338 0.2114
vn -0.8874 0.4017 0.2262
vn -0.8120 0.4467 0.3757
vn -0.3373 0.8846 -0.3220
vn -0.6718 0.7394 0.0449
vn 0.3505 0.9365 0.0099
vn 0.6319 0.7025 -0.3274
vn -0.5486 0.7661 0.3348
vn -0.3019 0.8227 0.4816
vn -0.0161 0.7791 0.6266
vn 0.1164 0.6950 0.7096
vn 0.1003 0.9493 0.2979
vn 0.4509 0.8000 0.3959
vn 0.6138 0.7895 -0.0070
vn 0.5832 0.7676 0.2657
vn -0.1967 0.5826 -0.7886
vn 0.5921 0.3043 -0.7462
vn -0.1927 0.6490 -0.7360
vn -0.8865 0.4486 0.1138
vn -0.8451 0.4982 0.1939
vn -0.4335 0.8998 -0.0500
vn -0.4585 0.6491 -0.6070
vn -0.5499 0.7488 -0.3700
vn -0.3220 0.8836 0.3401
vn -0.7804 0.5575 -0.2832
vn -0.6738 0.7388 -0.0113
vn 0.3331 0.9416 -0.0496
vn 0.3640 0.4790 -0.7988
vn 0.4217 0.8898 -0.1743
vn -0.6564 0.4409 -0.6121
vn -0.5700 0.4563 -0.6833
vn -0.8736 0.4832 -0.0581
vn 0.6109 0.7084 -0.3535
vn 0.6457 0.5692 -0.5089
vn 0.4709 0.8719 0.1345
vn -0.0000 0.9992 0.0397
vn -0.1726 0.7675 0.6174
vn -0.8329 0.5386 0.1271
vn -0.3682 0.8581 0.3580
vn -0.1850 0.8387 -0.5122
vn 0.5116 0.5967 -0.6183
vn -0.1697 0.7596 0.6279
vn -0.8674 0.4927 -0.0698
vn -0.9284 0.3714 0.0078
vn 0.0216 0.3032 0.9527
vn 0.0513 0.3760 0.9252
vn 0.7024 0.7114 0.0226
vn 0.7486 0.6256 0.2195
vn -0.3796 0.7696 0.5134
vn -0.0486 0.9895 0.1360
vn -0.5541 0.7977 -0.2379
vn -0.2067 0.5832 -0.7856
vn -0.6693 0.7100 0.2189
vn -0.6964 0.3846 0.6059
vn -0.8087 0.4791 0.3412
vn -0.8106 0.4726 0.3458
vn -0.4771 0.7056 -0.5239
vn -0.5499 0.7283 -0.4089
vn -0.6699 0.7389 0.0728
vn -0.4840 0.8432 -0.2341
vn -0.3633 0.4400 -0.8212
vn 0.2777 0.5735 -0.7707
vn 0.1958 0.8291 -0.5237
vn 0.0435 0.9271 -0.3723
vn 0.4395 0.8869 -0.1422
vn 0.0709 0.9965 -0.0452
vn 0.6083 0.6403 0.4689
vn 0.0009 1.0000 0.0010
vn -0.1543 0.6298 -0.7613
vn -0.7055 0.4164 0.5735
vn -0.8821 0.4649 -0.0762
vn -0.7934 0.5929 -0.1378
vn -0.6281 0.7515 0.2019
vn -0.3843 0.8280 -0.4083
vn -0.8094 0.5586 -0.1812
vn -0.8064 0.5805 -0.1132
vn -0.7691 0.4488 0.4551
vn -0.7544 0.4461 0.4816
vn -0.6698 0.7121 0.2106
vn -0.0102 0.9999 0.0084
vn -0.7665 0.3945 -0.5068
vn 0.5801 0.7354 0.3502
vn 0.3640 0.7130 0.5992
vn -0.1246 0.9154 -0.3827
vn 0.4642 0.8616 0.2053
vn -0.0289 0.9965 -0.0788
vn 0.5609 0.1947 -0.8047
vn 0.4279 0.7411 0.5175
vn -0.8926 0.4427 0.0848
vn -0.8042 0.5852 -0.1039
vn -0.7367 0.6666 0.1139
vn -0.4948 0.8509 -0.1763
vn -0.4916 0.6211 -0.6103
vn -0.2832 0.7438 -0.6054
vn -0.8602 0.5096 0.0200
vn -0.6739 0.7352 -0.0735
vn -0.5742 0.5383 0.6168
vn -0.8456 0.3591 0.3949
vn -0.1127 0.8512 -0.5125
vn -0.1634 0.8196 0.5492
vn 0.5765 0.3045 -0.7582
vn -0.8272 0.5413 0.1509
vn -0.7614 0.6323 0.1431
vn -0.5178 0.7342 0.4392
vn 0.0031 1.0000 -0.0079
vn 0.0410 0.9985 -0.0351
vn -0.0570 0.9954 0.0767
vn -0.8047 0.5918 -0.0470
vn -0.6082 0.7822 -0.1354
vn -0.8513 0.5153 0.0986
vn -0.9184 0.3333 -0.2130
vn 0.5050 0.8193 0.2713
vn 0.8600 -0.0039 -0.5103
vn 0.5971 0.3092 -0.7402
vn -0.0257 0.9765 0.2141
vn -0.5645 0.3966 0.7239
vn -0.7915 0.5808 -0.1902
vn -0.8205 0.5080 -0.2621
vn -0.6602 0.7477 0.0714
vn 0.2592 0.5692 -0.7803
vn -0.8603 0.5093 0.0212
vn 0.4269 0.6508 -0.6279
vn -0.1637 0.8193 0.5494
vn 0.8550 0.3816 -0.3512
vn 0.8881 0.3763 -0.2640
vn -0.9311 0.2588 0.2571
vn -0.8736 0.4472 -0.1920
vn -0.6243 0.4359 0.6483
vn -0.5349 0.6956 0.4796
vn -0.0893 0.8995 -0.4276
vn -0.7830 0.6220 -0.0072
vn -0.8580 0.5045 0.0971
vn -0.8511 0.5249 0.0096
vn -0.9109 0.4122 -0.0187
vn -0.8824 0.4189 -0.2145
vn 0.3208 0.4439 0.8367
vn 0.2324 0.6505 0.7230
vn -0.5835 0.6757 0.4505
vn -0.9158 0.4013 -0.0143
vn -0.8618 0.4397 -0.2528
vn -0.6250 0.7763 0.0820
vn -0.5869 0.5188 0.6217
vn -0.4807 0.7871 0.3865
vn -0.8510 0.5104 -0.1240
vn -0.4911 0.7258 0.4817
vn -0.3287 0.5370 -0.7769
vn -0.9148 0.3749 -0.1501
vn -0.8612 0.3804 -0.3371
vn -0.8038 0.4669 0.3687
vn -0.9078 -0.0051 0.4193
vn -0.6496 0.4991 0.5735
vn -0.1626 0.9401 0.2997
vn 0.2775 0.7911 0.5452
vn -0.1835 0.8467 0.4994
vn -0.9302 0.2577 0.2614
vn -0.6248 0.4827 0.6137
vn -0.7714 0.6097 -0.1820
vn -0.5437 0.7091 0.4489
vn -0.0176 0.9995 0.0244
vn -0.4452 0.8673 -0.2226
vn -0.6240 0.5113 -0.5909
vn -0.8573 0.5061 0.0941
vn -0.7408 0.4714 0.4786
vn 0.6115 0.7013 0.3663
vn -0.1452 0.9706 -0.1918
vn 0.6145 0.3004 -0.7295
vn 0.5596 0.3778 -0.7376
vn -0.7349 0.2530 0.6293
vn -0.6714 0.6379 -0.3773
vn -0.5870 0.5100 0.6287
vn -0.7357 0.5983 0.3175
vn 0.0012 1.0000 -0.0002
vn 0.0206 0.9997 -0.0135
vn 0.0024 1.0000 -0.0078
vn -0.1201 0.9927 0.0058
vn -0.8161 0.4076 0.4096
vn -0.6661 0.4279 -0.6109
vn -0.7413 0.4883 0.4606
vn 0.1120 0.9324 0.3438
vn 0.5244 0.6603 -0.5376
vn 0.3494 0.7874 0.5078
vn 0.5278 0.8287 0.1865
vn -0.6840 0.7276 0.0526
vn -0.7103 0.4989 -0.4965
vn -0.4342 0.8482 -0.3035
vn -0.4697 0.8331 -0.2920
vn 0.1637 0.6320 -0.7575
vn -0.8110 0.4766 -0.3393
vn -0.8866 0.4413 0.1388
vn 0.6353 0.7202 0.2787
vn 0.6710 0.7019 0.2390
vn 0.6535 0.5232 -0.5470
vn 0.7653 0.6436 -0.0115
vn 0.7678 0.6407 -0.0070
vn 0.0794 0.4883 -0.8691
vn -0.7851 0.6072 0.1221
vn -0.7421 0.4961 0.4508
vn 0.0230 0.9996 -0.0182
vn -0.8618 0.4936 -0.1168
vn -0.8474 0.3613 0.3890
vn -0.8468 0.5313 0.0238
vn -0.8396 0.5418 0.0383
vn -0.5979 0.6457 -0.4750
vn -0.0051 0.9989 -0.0459
vn -0.8241 0.5488 0.1403
vn -0.9193 0.3898 -0.0535
vn -0.1582 0.9862 -0.0480
vn -0.4641 0.8850 0.0366
vn -0.8130 0.3666 -0.4524
vn -0.6169 0.5917 0.5190
vn 0.5781 0.7306 0.3634
vn 0.3899 0.9181 0.0717
vn 0.4719 0.6811 0.5598
vn 0.7125 0.6462 0.2733
vn 0.6973 0.6561 0.2887
vn 0.1775 0.9145 0.3635
vn 0.2324 0.2889 -0.9287
vn -0.1161 0.8128 -0.5709
vn -0.2006 0.8913 0.4066
vn -0.8972 0.3837 -0.2187
vn -0.2599 0.8365 -0.4824
vn 0.1465 0.6294 -0.7632
vn 0.1765 0.6496 0.7395
vn 0.3492 0.8928 0.2846
vn 0.6915 0.6523 0.3104
vn 0.8347 0.5202 -0.1807
vn 0.1878 0.9189 0.3469
vn 0.0631 0.6614 0.7474
vn -0.8281 0.4280 0.3620
vn -0.8523 0.5226 -0.0212
vn 0.5502 0.4930 -0.6740
vn -0.1980 0.7389 0.6440
vn -0.0298 0.9982 0.0528
vn -0.3754 0.6078 -0.6998
vn 0.1593 0.9424 0.2943
vn -0.4784 0.8328 -0.2786
vn -0.6084 0.6424 0.4661
vn -0.1793 0.8360 -0.5186
vn 0.2033 0.5653 -0.7994
vn 0.7710 0.4629 0.4373
vn -0.1806 0.8105 0.5571
vn -0.2267 0.8951 -0.3839
vn -0.1764 0.8957 0.4081
vn -0.3732 0.6390 -0.6727
vn 0.0050 0.9767 0.2145
vn -0.5461 0.4767 -0.6889
vn 0.5777 0.6011 0.5522
vn 0.2362 0.8152 0.5289
vn 0.0647 0.7793 0.6233
vn 0.2093 0.8067 -0.5526
vn -0.5402 0.5472 0.6393
vn -0.0165 0.9998 0.0091
vn 0.0298 0.9958 -0.0866
vn 0.5650 0.6477 -0.5112
vn 0.6817 0.6120 -0.4008
vn 0.4578 0.8565 0.2384
vn -0.4102 0.6221 0.6669
vn -0.0046 0.9977 -0.0677
vn 0.6927 0.5066 -0.5133
vn 0.7978 0.5968 0.0857
vn -0.4221 0.3952 0.8159
vn -0.5698 0.5582 0.6031
vn -0.0202 0.9998 -0.0038
vn -0.7007 0.7134 -0.0097
vn -0.0380 0.8905 -0.4534
vn 0.7654 0.6388 -0.0780
vn 0.1165 0.7327 -0.6705
vn 0.5584 0.8288 -0.0346
vn 0.2174 0.9457 -0.2415
vn 0.6867 0.6410 0.3428
vn 0.2400 0.9528 0.1860
vn 0.3663 0.9070 -0.2078
vn 0.8239 0.5628 0.0666
vn 0.5675 0.4192 0.7086
vn 0.6880 0.5838 0.4311
vn -0.3542 0.2654 0.8967
vn -0.7157 0.6983 0.0123
vn -0.7319 0.6796 0.0502
vn -0.2695 0.8505 -0.4516
vn -0.2704 0.7199 0.6392
vn -0.5058 0.6950 0.5109
vn -0.3590 0.6063 0.7095
vn 0.1528 0.6082 -0.7790
vn -0.3718 0.8302 -0.4154
vn 0.2313 0.8634 0.4483
vn -0.4021 0.5192 0.7542
vn -0.1796 0.6726 -0.7179
vn 0.8238 0.5331 -0.1931
vn 0.6265 0.7761 -0.0722
vn 0.1247 0.2989 -0.9461
vn -0.4859 0.8543 -0.1844
vn -0.2937 0.9348 -0.1999
vn 0.2302 0.3782 -0.8967
vn 0.2354 0.3836 -0.8930
vn 0.0004 1.0000 -0.0010
vn 0.0839 0.6162 -0.7831
vn 0.4290 0.6386 0.6389
vn 0.8442 0.5288 0.0871
vn 0.4256 0.7455 0.5129
vn -0.1475 0.5827 -0.7992
vn 0.0813 0.2826 0.9558
vn -0.5721 0.8162 -0.0807
vn -0.5189 0.7729 -0.3651
vn -0.0241 0.9987 -0.0442
vn -0.2572 0.6101 -0.7494
vn -0.1486 0.8897 0.4316
vn -0.2280 0.8798 -0.4170
vn 0.2051 0.7671 0.6079
vn 0.6736 0.7058 0.2194
vn 0.5729 0.3945 -0.7184
vn -0.0440 0.9627 0.2671
vn 0.0248 0.8294 0.5581
vn -0.5916 0.7638 -0.2582
vn -0.1878 0.6388 -0.7461
vn -0.2637 0.8049 -0.5316
vn 0.4771 0.8197 -0.3170
vn 0.3483 0.9362 -0.0465
vn 0.8389 0.5328 0.1114
vn 0.3694 0.5664 0.7367
vn -0.1428 0.7129 0.6865
vn 0.1205 0.8179 0.5625
vn 0.0070 0.9998 0.0162
vn -0.4185 0.8567 -0.3017
vn -0.3963 0.4438 0.8037
vn -0.0157 0.9993 -0.0343
vn 0.1067 0.9649 -0.2399
vn 0.1986 0.6418 -0.7407
vn 0.0539 0.9964 0.0657
vn 0.5124 0.7983 -0.3166
vn -0.1507 0.6605 -0.7356
vn 0.6328 0.6443 -0.4294
vn 0.1847 0.9822 0.0348
vn 0.1629 0.9737 -0.1596
vn 0.5544 0.7636 -0.3311
vn 0.4552 0.2517 -0.8541
vn 0.6239 0.3038 -0.7201
vn -0.0081 1.0000 -0.0027
vn -0.3666 0.8859 0.2842
vn -0.7838 0.5776 -0.2281
vn 0.4907 0.8191 -0.2973
vn 0.6886 0.4797 -0.5438
vn 0.5913 0.7899 -0.1625
vn 0.5096 0.8415 -0.1793
vn 0.4106 0.8644 -0.2903
vn -0.2782 0.7844 0.5544
vn -0.3297 0.9331 0.1433
vn -0.0130 0.9998 -0.0126
vn -0.6523 0.6141 -0.4443
vn -0.6193 0.6009 -0.5054
vn -0.5565 0.8298 0.0425
vn 0.0117 0.6222 0.7828
vn 0.1679 0.9470 -0.2738
vn -0.0677 0.5288 -0.8461
vn -0.1445 0.8868 0.4389
vn -0.1036 0.9878 0.1165
vn 0.8405 0.5376 0.0668
vn 0.3079 0.9502 0.0483
vn 0.2797 0.9544 0.1044
vn 0.2139 0.2858 -0.9341
vn 0.1906 0.2801 0.9409
vn 0.0988 0.9216 0.3755
vn -0.3859 0.8236 0.4156
vn -0.7847 0.5556 0.2750
vn 0.5906 0.4341 -0.6803
vn -0.5026 0.8594 0.0941
vn 0.3697 0.4749 -0.7986
vn 0.2504 0.9440 0.2148
vn 0.0641 0.7179 0.6932
vn -0.3186 0.9327 0.1692
vn 0.0272 0.9977 0.0622
vn -0.1351 0.9907 0.0171
vn -0.0107 0.7219 -0.6919
vn -0.0219 0.7334 -0.6795
vn -0.0370 0.9547 -0.2953
vn 0.7014 0.4554 -0.5484
vn -0.1919 0.9811 -0.0257
vn -0.0886 0.8672 0.4899
vn -0.5537 0.6745 0.4884
vn 0.2891 0.8289 0.4789
vn 0.6328 0.7544 0.1744
vn 0.1751 0.5639 0.8071
vn 0.5078 0.3649 -0.7803
vn 0.2278 0.9520 -0.2046
vn -0.0155 0.9983 -0.0566
vn 0.0101 0.9999 -0.0140
vn 0.7327 0.6790 -0.0453
vn 0.7631 0.3421 0.5484
vn 0.6100 0.5276 0.5911
vn 0.7798 0.6033 -0.1671
vn 0.3736 0.9234 0.0884
vn -0.5729 0.5477 0.6098
vn -0.1114 0.6068 0.7870
vn -0.1470 0.3292 0.9327
vn 0.2376 0.5109 -0.8261
vn 0.1711 0.7343 0.6569
vn 0.1749 0.8163 0.5505
vn -0.4985 0.6581 -0.5643
vn -0.6501 0.7184 0.2476
vn -0.2872 0.7055 -0.6480
vn 0.3944 0.9139 0.0958
vn 0.3758 0.2881 -0.8808
vn -0.0818 0.2407 -0.9672
vn 0.5301 0.3325 0.7801
vn -0.2045 0.8349 -0.5110
vn -0.0392 0.8487 -0.5275
vn 0.2065 0.9359 -0.2852
vn 0.1150 0.7928 0.5985
vn 0.0165 0.9990 -0.0406
vn -0.2020 0.6278 0.7517
vn 0.6539 0.7544 0.0578
vn -0.6338 0.7382 -0.2311
vn 0.1786 0.9738 0.1405
vn -0.4032 0.5732 0.7134
vn -0.0349 0.9993 -0.0133
vn -0.4953 0.4166 0.7623
vn -0.5153 0.7174 0.4687
vn 0.0181 0.9984 -0.0526
vn 0.2106 0.8236 0.5267
vn 0.0318 0.9992 -0.0261
vn 0.7012 0.5582 -0.4436
vn -0.5144 0.7336 0.4442
vn 0.2392 0.9264 0.2908
vn 0.7218 0.6907 0.0435
vn 0.4643 0.5898 -0.6607
vn -0.6090 0.5034 -0.6129
vn -0.2778 0.6070 -0.7446
vn 0.2445 0.9107 -0.3331
vn -0.3325 0.6583 0.6753
vn -0.4983 0.7397 0.4523
vn 0.0023 0.8902 0.4555
vn 0.3530 0.9347 -0.0414
vn -0.1670 0.5614 0.8105
vn 0.5858 0.4564 -0.6697
vn -0.1509 0.6531 0.7421
vn 0.1911 0.9597 0.2063
vn 0.5668 0.7582 0.3222
vn 0.1151 0.9242 -0.3641
vn -0.3471 0.4377 -0.8294
vn -0.3369 0.8098 -0.4803
vn -0.3195 0.9448 -0.0726
vn 0.1933 0.5340 -0.8231
vn -0.2768 0.3886 -0.8789
vn -0.2473 0.2718 -0.9300
vn 0.7271 0.5229 0.4448
vn 0.5357 0.7369 0.4123
vn 0.2825 0.9538 0.1022
vn -0.3121 0.7314 -0.6063
vn -0.2922 0.6834 -0.6690
vn -0.6337 0.7010 -0.3271
vn -0.4238 0.6938 -0.5822
vn -0.7430 0.4835 0.4628
vn -0.0560 0.7108 0.7012
vn 0.3707 0.9026 0.2189
vn -0.2722 0.3923 -0.8787
vn 0.2464 0.3863 0.8889
vn -0.0337 0.2679 0.9628
vn 0.7719 0.4668 -0.4315
vn 0.4771 0.8367 -0.2690
vn -0.4844 0.6545 -0.5806
vn -0.4287 0.8903 0.1535
vn 0.2397 0.8322 -0.5000
vn -0.2748 0.7182 -0.6393
vn 0.1281 0.9910 -0.0376
vn -0.2525 0.7485 -0.6132
vn -0.3914 0.5481 0.7392
vn -0.0168 0.5823 0.8128
vn -0.6641 0.3902 0.6377
vn 0.7618 0.5761 0.2962
vn 0.7530 0.5465 -0.3667
vn 0.1003 0.4181 0.9028
vn 0.0001 1.0000 -0.0000
vn -0.1879 0.9017 -0.3894
vn 0.0422 0.4901 -0.8707
vn -0.2021 0.6997 -0.6853
vn -0.6596 0.6243 0.4186
vn -0.6070 0.7937 0.0402
vn -0.0026 1.0000 -0.0043
vn 0.7024 0.4911 0.5153
vn 0.7005 0.5235 0.4850
vn 0.8253 0.5460 0.1442
vn -0.0038 0.9808 0.1949
vn -0.4279 0.8310 0.3553
vn -0.2695 0.6853 0.6766
vn -0.2285 0.9515 -0.2059
vn 0.5628 0.6511 0.5093
vn -0.0123 0.9869 0.1608
vn 0.6349 0.6814 -0.3641
vn 0.0040 0.9410 0.3385
vn -0.3895 0.5478 0.7404
vn -0.6722 0.5364 -0.5103
vn -0.1481 0.8016 0.5793
vn -0.0157 0.9757 0.2187
vn 0.1680 0.3598 -0.9178
vn -0.6873 0.4947 -0.5319
vn 0.2502 0.3242 0.9123
vn -0.0022 0.9928 0.1194
vn 0.3659 0.9282 0.0679
vn 0.1033 0.9278 -0.3586
vn -0.0464 0.9726 0.2280
vn -0.0753 0.8011 0.5938
vn 0.3059 0.9460 -0.1070
vn 0.1126 0.6803 0.7243
vn -0.7059 0.6287 0.3264
vn -0.0941 0.9475 0.3057
vn -0.7614 0.3057 -0.5717
vn -0.5467 0.8314 0.0989
vn 0.4315 0.7008 -0.5681
vn -0.1410 0.8659 0.4799
vn 0.1648 0.8045 0.5706
vn 0.3608 0.8654 0.3477
vn -0.1026 0.9803 0.1685
vn -0.2430 0.5779 0.7791
vn 0.0214 0.5854 0.8105
vn -0.4749 0.5297 -0.7027
vn -0.8252 0.5604 0.0709
vn 0.5268 0.7340 -0.4286
vn 0.0001 1.0000 0.0003
vn -0.5421 0.6331 -0.5525
vn -0.7707 0.6288 -0.1030
vn -0.3736 0.9200 0.1185
vn -0.1829 0.6457 0.7413
vn 0.2885 0.7153 -0.6365
vn -0.6030 0.7874 -0.1283
vn -0.5565 0.5789 -0.5960
vn -0.7705 0.5652 0.2948
vn -0.6598 0.7240 0.2012
vn -0.4992 0.7023 -0.5075
vn -0.3166 0.4078 -0.8564
vn -0.8355 0.4599 -0.3007
vn -0.7072 0.6278 0.3252
vn -0.1257 0.5741 -0.8091
vn 0.0580 0.9421 0.3302
vn 0.0284 0.8998 0.4354
vn -0.4854 0.8093 -0.3309
vn -0.5142 0.7726 -0.3723
vn -0.5511 0.4606 -0.6958
vn -0.6130 0.7645 0.1996
vn -0.6970 0.5313 0.4815
vn -0.8040 0.4642 -0.3716
vn 0.1865 0.2311 -0.9549
vn -0.8324 0.3933 0.3903
vn 0.3738 0.6565 0.6552
vn 0.1778 0.7921 0.5839
vn 0.0321 0.8809 -0.4723
vn -0.0558 0.9969 -0.0561
vn 0.1853 0.9575 0.2211
vn 0.1316 0.9907 0.0360
vn -0.6999 0.7053 0.1123
vn 0.1139 0.9188 0.3778
vn 0.2306 0.9105 0.3432
vn -0.6874 0.6499 0.3243
vn -0.3167 0.4428 -0.8388
vn -0.8333 0.5504 -0.0522
vn -0.4480 0.6601 0.6030
vn -0.5983 0.7400 -0.3072
vn 0.1913 0.7497 0.6335
vn 0.0934 0.8448 -0.5269
vn 0.4405 0.7535 0.4880
vn 0.2595 0.5886 -0.7657
vn -0.1022 0.9256 0.3645
vn 0.1798 0.7877 -0.5893
vn -0.8303 0.5534 -0.0658
vn 0.0499 0.9473 0.3166
vn -0.6023 0.6412 -0.4755
vn -0.4082 0.4415 0.7990
vn 0.2561 0.6973 0.6694
vn -0.6284 0.7723 -0.0929
vn -0.4736 0.4221 0.7730
vn 0.1923 0.8108 -0.5528
vn 0.2821 0.9166 0.2832
vn -0.1578 0.4493 -0.8793
vn 0.1502 0.7915 0.5924
vn -0.0960 0.8406 0.5330
vn 0.2620 0.8361 -0.4819
vn -0.4436 0.4726 -0.7615
vn -0.7908 0.4109 -0.4536
vn -0.3689 0.4817 0.7950
vn -0.6634 0.4249 0.6159
vn 0.1844 0.9768 0.1086
vn -0.1287 0.3020 -0.9446
vn -0.7108 0.5808 0.3968
vn 0.2273 0.9175 0.3264
vn 0.3858 0.7559 0.5289
vn 0.2816 0.6927 0.6640
vn 0.3589 0.9094 0.2101
vn 0.5210 0.8386 0.1591
vn 0.4812 0.6876 0.5437
vn -0.5718 0.7519 -0.3282
vn -0.8336 0.5448 -0.0914
vn -0.1267 0.4376 -0.8902
vn -0.7515 0.6331 0.1853
vn 0.6257 0.4559 -0.6330
vn 0.0686 0.8855 -0.4595
vn -0.1105 0.9916 -0.0669
vn 0.0894 0.8994 0.4279
vn 0.0024 1.0000 0.0048
vn 0.2731 0.8511 -0.4484
vn 0.0560 0.9401 0.3364
vn 0.5666 0.5593 -0.6051
vn 0.7634 0.6459 -0.0043
vn -0.1128 0.4025 0.9084
vn -0.7946 0.4108 -0.4471
vn 0.0006 0.7704 0.6376
vn -0.2953 0.8167 -0.4957
vn -0.5924 0.6593 0.4630
vn 0.1461 0.9893 0.0042
vn 0.3983 0.6508 -0.6464
vn 0.4084 0.6919 0.5954
vn -0.1464 0.9881 -0.0481
vn -0.1993 0.8049 0.5589
vn 0.5853 0.8003 0.1306
vn 0.3565 0.4395 -0.8245
vn 0.4052 0.3764 -0.8331
vn 0.1507 0.7244 0.6727
vn -0.4042 0.8784 -0.2549
vn 0.2995 0.6931 0.6557
vn 0.3703 0.8799 0.2978
vn -0.5528 0.6321 0.5431
vn -0.1209 0.7483 -0.6523
vn -0.7983 0.4073 -0.4437
vn -0.7549 0.4690 0.4585
vn 0.1397 0.9855 0.0965
vn 0.4106 0.9080 0.0830
vn -0.3239 0.6223 -0.7127
vn -0.5519 0.3715 -0.7466
vn 0.6016 0.5537 -0.5758
vn 0.0813 0.9114 0.4035
vn 0.4611 0.8839 0.0781
vn -0.4618 0.8870 0.0034
vn -0.2864 0.8161 -0.5020
vn -0.2644 0.9620 -0.0689
vn 0.2066 0.9682 0.1410
vn -0.7175 0.6167 -0.3238
vn -0.5136 0.6671 0.5396
vn -0.5878 0.7258 0.3573
vn 0.5509 0.7043 0.4477
vn 0.0136 0.6482 -0.7613
vn -0.1439 0.3957 0.9070
vn -0.7550 0.4729 0.4542
vn 0.1858 0.2663 -0.9458
vn 0.1211 0.4429 -0.8883
vn -0.8649 0.4930 -0.0938
vn -0.2842 0.5859 0.7589
vn 0.0002 1.0000 0.0002
vn 0.1403 0.9862 -0.0880
vn 0.4426 0.8832 0.1550
vn -0.7966 0.5981 -0.0878
vn 0.0379 0.9951 0.0919
vn -0.3415 0.7851 -0.5166
vn 0.3682 0.9290 -0.0383
vn 0.5018 0.8583 0.1078
vn 0.3456 0.9259 0.1525
vn -0.0096 0.9847 -0.1739
vn -0.3547 0.9210 -0.1609
vn -0.3564 0.9089 -0.2164
vn -0.5224 0.5585 0.6443
vn -0.3552 0.9339 -0.0417
vn 0.1279 0.9139 0.3852
vn 0.0030 0.9998 -0.0189
vn 0.2675 0.8074 -0.5260
vn 0.2207 0.3430 -0.9131
vn -0.6548 0.4099 -0.6350
vn -0.7292 0.4534 -0.5126
vn 0.4662 0.8702 0.1596
vn 0.3922 0.6749 0.6250
vn 0.6288 0.7767 -0.0351
vn 0.1028 0.5105 -0.8537
vn -0.8857 0.4627 0.0390
vn -0.4695 0.7970 0.3799
vn 0.0521 0.6184 0.7842
vn -0.3931 0.9124 0.1144
vn 0.8089 0.5605 -0.1775
vn 0.3061 0.9509 -0.0454
vn -0.0943 0.9317 0.3508
vn 0.4303 0.9026 -0.0099
vn 0.2417 0.8399 0.4860
vn -0.3908 0.8947 0.2163
vn -0.3931 0.8780 0.2730
vn 0.2310 0.9718 0.0475
vn 0.6304 0.4892 0.6028
vn 0.4268 0.8893 0.1640
vn -0.2636 0.3945 0.8803
vn -0.5070 0.5540 -0.6603
vn -0.7989 0.4884 0.3510
vn -0.4286 0.8867 0.1736
vn 0.3602 0.8675 -0.3432
vn 0.0589 0.7274 0.6837
vn 0.1268 0.9917 0.0230
vn -0.0748 0.5304 -0.8445
vn -0.7171 0.6379 -0.2808
vn -0.7120 0.6882 -0.1392
vn -0.7162 0.3328 0.6134
vn -0.4900 0.7782 -0.3929
vn -0.4116 0.8907 -0.1930
vn 0.0546 0.9727 0.2255
vn -0.3228 0.4389 0.8385
vn 0.4236 0.5270 0.7368
vn 0.2573 0.9491 0.1818
vn -0.6995 0.6425 -0.3128
vn -0.5058 0.5612 0.6552
vn -0.5480 0.8271 0.1251
vn -0.1474 0.9096 0.3885
vn -0.7527 0.5753 -0.3201
vn -0.6009 0.7960 0.0726
vn -0.0719 0.9972 -0.0218
vn 0.0001 1.0000 -0.0007
vn 0.3224 0.4081 -0.8541
vn -0.5285 0.6111 -0.5893
vn -0.8227 0.4910 0.2866
vn -0.7398 0.5818 0.3379
vn 0.8408 0.5363 -0.0739
vn -0.5208 0.8259 0.2161
vn 0.1404 0.9402 0.3104
vn 0.3930 0.8555 -0.3373
vn 0.0297 0.6532 -0.7566
vn -0.8484 0.5277 -0.0413
vn -0.6701 0.5568 0.4908
vn -0.5501 0.8243 0.1339
vn -0.0052 0.6821 -0.7312
vn 0.8383 0.5231 -0.1540
vn 0.7991 0.3743 0.4704
vn 0.1894 0.5356 0.8229
vn -0.2151 0.7849 -0.5811
vn -0.2016 0.8188 -0.5375
vn -0.0431 0.9842 0.1715
vn -0.7248 0.6074 -0.3253
vn -0.8380 0.5263 -0.1439
vn -0.8333 0.5141 -0.2032
vn -0.8758 0.4777 0.0689
vn -0.5357 0.5286 0.6585
vn -0.5583 0.6204 0.5508
vn -0.2839 0.9175 0.2786
vn -0.0153 0.9621 -0.2723
vn 0.8865 0.3833 0.2593
vn 0.3963 0.8153 0.4222
vn -0.1797 0.8001 -0.5724
vn -0.2700 0.9355 0.2278
vn -0.0467 0.5073 -0.8605
vn -0.5396 0.7668 -0.3475
vn -0.5871 0.7399 -0.3284
vn -0.5442 0.8380 0.0387
vn -0.2546 0.7948 0.5508
vn -0.3965 0.9000 0.1810
vn -0.3258 0.8879 -0.3248
vn -0.3588 0.5424 -0.7597
vn 0.5918 0.2627 -0.7621
vn 0.8136 0.5569 -0.1671
vn 0.1664 0.5386 0.8260
vn -0.0466 0.9987 -0.0190
vn 0.3947 0.8597 -0.3242
vn -0.1839 0.9748 0.1266
vn -0.0245 0.9992 -0.0307
vn -0.3257 0.9177 -0.2274
vn -0.1194 0.9786 -0.1676
vn 0.6294 0.4515 -0.6324
vn 0.1414 0.5249 0.8393
vn 0.2597 0.5510 0.7930
vn -0.1429 0.9312 0.3354
vn -0.0418 0.9305 0.3640
vn -0.4260 0.5542 0.7151
vn -0.7542 0.6567 -0.0023
vn -0.2738 0.9455 -0.1764
vn -0.2456 0.9384 0.2431
vn 0.0390 0.8784 -0.4763
vn -0.2226 0.8214 -0.5251
vn -0.3943 0.7809 0.4845
vn -0.0502 0.7823 -0.6208
vn -0.4599 0.7161 0.5250
vn -0.6422 0.5661 0.5167
vn -0.0833 0.9961 0.0284
vn -0.0361 0.9985 0.0406
vn 0.1190 0.8026 -0.5846
vn 0.1171 0.5328 -0.8381
vn 0.8723 0.3531 -0.3382
vn -0.0113 0.5586 0.8294
vn -0.3221 0.9343 -0.1524
vn -0.2448 0.9686 0.0436
vn -0.1148 0.9812 0.1551
vn 0.0592 0.6508 -0.7570
vn -0.5870 0.5299 -0.6120
vn -0.5886 0.7461 0.3113
vn -0.4235 0.5429 0.7252
vn -0.1293 0.7900 0.5993
vn 0.8063 0.5824 -0.1033
vn 0.4935 0.8318 -0.2540
vn -0.0279 0.8696 -0.4930
vn 0.1625 0.9720 0.1695
vn -0.0088 0.9688 0.2477
vn -0.1284 0.9916 -0.0152
vn 0.0580 0.6660 -0.7437
vn -0.4857 0.8374 -0.2507
vn -0.0878 0.9957 0.0280
vn -0.5292 0.8428 0.0987
vn 0.4302 0.4449 0.7854
vn -0.4938 0.6428 0.5856
vn 0.2569 0.8273 0.4997
vn 0.1146 0.9081 -0.4028
vn 0.0792 0.6389 -0.7652
vn -0.4604 0.5646 0.6850
vn -0.7861 0.6118 0.0882
vn -0.4801 0.8284 -0.2887
vn -0.4521 0.8886 -0.0772
vn 0.1512 0.4644 -0.8726
vn 0.0901 0.4270 -0.8997
vn 0.4217 0.5601 -0.7130
vn 0.2655 0.4032 0.8757
vn 0.0962 0.9519 0.2909
vn 0.0087 0.9624 0.2715
vn 0.0142 0.9841 0.1771
vn 0.1105 0.9814 0.1572
vn -0.1732 0.8907 -0.4203
vn -0.0241 0.9996 -0.0120
vn -0.1828 0.9319 0.3132
vn -0.1294 0.4229 -0.8969
vn 0.5550 0.8316 0.0222
vn 0.0675 0.9358 -0.3460
vn -0.0300 0.9767 -0.2125
vn -0.3547 0.9059 0.2315
vn 0.0118 0.8676 0.4971
vn -0.4543 0.7351 -0.5032
vn -0.5153 0.8251 -0.2317
vn -0.0996 0.8763 -0.4713
vn 0.0131 0.9741 -0.2256
vn -0.3503 0.9171 0.1902
vn 0.0081 0.9888 0.1488
vn -0.4138 0.6395 -0.6479
vn -0.0811 0.7706 0.6321
vn -0.5538 0.7781 -0.2964
vn 0.1903 0.6590 0.7277
vn -0.0053 0.9584 0.2854
vn -0.0191 0.9905 0.1359
vn -0.5010 0.6910 0.5210
vn -0.5651 0.8227 0.0621
vn -0.6047 0.7817 0.1524
vn -0.4542 0.8052 0.3812
vn 0.0140 0.9999 -0.0022
vn 0.3167 0.9306 -0.1834
vn 0.0087 0.9769 -0.2137
vn 0.0087 0.9887 0.1494
vn -0.0505 0.9711 0.2332
vn 0.0037 0.9987 0.0500
vn 0.0072 0.9919 -0.1269
vn -0.0038 1.0000 -0.0011
vn -0.3866 0.2262 0.8941
vn -0.7426 0.6634 0.0918
vn 0.0253 0.9997 0.0031
vn 0.4296 0.8669 -0.2528
vn 0.2067 0.9196 -0.3340
vn 0.0528 0.9463 0.3190
vn 0.0050 0.9990 0.0441
vn 0.1543 0.8205 0.5505
vn -0.5121 0.8110 -0.2828
vn 0.0299 0.4549 -0.8901
vn -0.1408 0.3512 0.9256
vn -0.2503 0.7116 0.6565
vn -0.2251 0.6717 0.7058
vn 0.0680 0.9816 -0.1782
vn -0.3190 0.7354 -0.5978
vn -0.1165 0.9562 -0.2685
vn -0.5880 0.7918 0.1655
vn -0.1404 0.8723 -0.4684
vn 0.1334 0.7318 0.6683
vn 0.4345 0.8827 0.1789
vn -0.2837 0.9589 0.0057
vn 0.3504 0.4350 -0.8294
vn -0.2899 0.8595 0.4211
vn -0.1118 0.9456 0.3055
vn -0.0134 0.7885 0.6148
vn -0.1317 0.4245 -0.8958
vn -0.3736 0.4398 -0.8167
vn -0.6125 0.5899 -0.5263
vn -0.3330 0.9028 0.2723
vn -0.2254 0.3042 0.9255
vn 0.4770 0.8738 0.0942
vn 0.1261 0.9903 -0.0576
vn -0.0077 0.9460 0.3242
vn 0.0129 0.9840 0.1779
vn 0.1321 0.6753 -0.7256
vn 0.2645 0.7140 -0.6483
vn -0.0434 0.9991 -0.0015
vn 0.2469 0.5487 0.7987
vn -0.0325 0.7596 0.6496
vn -0.1617 0.9596 0.2305
vn 0.0535 0.9669 -0.2494
vn -0.6877 0.7195 -0.0966
vn 0.0127 0.8706 0.4917
vn -0.1467 0.9878 0.0525
vn 0.1830 0.6245 -0.7593
vn 0.0824 0.6986 -0.7108
vn -0.1747 0.8767 0.4482
vn 0.0923 0.9927 -0.0779
vn -0.1506 0.9670 -0.2054
vn -0.2613 0.5409 -0.7995
vn 0.1083 0.5897 0.8003
vn 0.0300 0.7443 -0.6672
vn -0.1346 0.4249 -0.8952
vn -0.5456 0.6004 -0.5847
vn -0.7393 0.6624 -0.1210
vn 0.1826 0.7081 0.6821
vn 0.0649 0.9629 -0.2620
vn -0.6781 0.7221 -0.1370
vn -0.6786 0.7266 -0.1073
vn -0.2374 0.9345 0.2653
vn -0.0030 0.9976 0.0689
vn 0.2291 0.9445 -0.2355
vn -0.1627 0.9857 -0.0439
vn -0.2472 0.8276 -0.5040
vn -0.1164 0.3392 0.9335
vn 0.2499 0.6886 0.6808
vn -0.5101 0.8372 -0.1973
vn -0.6393 0.6669 0.3827
vn -0.6223 0.7803 0.0627
vn 0.2278 0.9471 -0.2259
vn 0.1785 0.7263 0.6638
vn 0.2593 0.5519 0.7926
vn 0.5231 0.8284 -0.2002
vn -0.6717 0.7324 0.1112
vn -0.1320 0.5613 0.8170
vn 0.5158 0.7753 0.3645
vn -0.0050 1.0000 0.0082
vn -0.8765 0.4787 0.0516
vn 0.0244 0.9561 0.2922
vn 0.0292 0.9917 -0.1254
vn -0.4812 0.8611 0.1640
vn -0.4990 0.8665 -0.0110
vn -0.5904 0.7767 0.2194
vn -0.1964 0.9505 -0.2407
vn -0.0351 0.5825 -0.8121
vn 0.0902 0.9542 -0.2852
vn 0.1356 0.7293 -0.6706
vn 0.2060 0.7546 0.6230
vn -0.6982 0.7112 -0.0823
vn -0.2957 0.4070 -0.8642
vn -0.6402 0.3465 0.6856
vn -0.2581 0.9609 0.1004
vn -0.1405 0.9788 -0.1490
vn -0.0341 0.9977 0.0583
vn -0.0015 1.0000 -0.0024
vn 0.6575 0.6571 -0.3686
vn -0.1295 0.9619 -0.2409
vn -0.7631 0.3542 -0.5405
vn -0.7494 0.3436 -0.5660
vn -0.7339 0.4315 -0.5246
vn -0.0519 0.6947 0.7175
vn 0.4748 0.7263 0.4971
vn -0.1978 0.9753 0.0979
vn -0.0619 0.7059 -0.7056
vn -0.3422 0.5769 0.7416
vn -0.0060 0.9994 0.0351
vn 0.0605 0.6682 -0.7415
vn -0.0780 0.6678 0.7402
vn 0.6666 0.7453 -0.0158
vn -0.0452 0.9039 0.4254
vn -0.2577 0.9100 0.3249
vn 0.3368 0.9363 -0.1000
vn 0.5763 0.7473 0.3309
vn 0.2642 0.7261 0.6349
vn 0.0479 0.9456 -0.3217
vn -0.1732 0.9849 -0.0027
vn 0.0071 0.9999 -0.0131
vn 0.0271 0.9991 -0.0326
vn -0.0755 0.9254 0.3713
vn -0.1113 0.9381 0.3279
vn -0.1587 0.9872 -0.0144
vn 0.4345 0.8995 0.0447
vn 0.5281 0.7550 0.3887
vn 0.0032 0.9999 -0.0159
vn -0.6155 0.3562 -0.7030
vn -0.2748 0.5657 0.7775
vn -0.1923 0.9760 0.1025
vn -0.0838 0.9622 0.2592
vn -0.0240 0.9335 0.3578
vn 0.5762 0.7490 0.3271
vn 0.5960 0.8014 -0.0507
vn 0.4567 0.8755 -0.1580
vn -0.8944 0.4469 0.0150
vn -0.4069 0.7977 0.4451
vn 0.6084 0.6418 0.4669
vn -0.4733 0.7275 0.4968
vn -0.4008 0.8038 0.4397
vn -0.2737 0.9569 -0.0968
vn 0.0272 0.9996 0.0005
vn -0.1308 0.6182 -0.7750
vn -0.0330 0.6811 -0.7314
vn -0.0107 0.9998 0.0146
vn 0.4388 0.8933 -0.0980
vn 0.0598 0.8404 0.5387
vn 0.6149 0.7617 -0.2041
vn -0.2166 0.5107 0.8320
vn 0.2344 0.8568 0.4593
vn 0.4353 0.9002 -0.0119
vn 0.1694 0.6916 -0.7021
vn 0.4898 0.8603 -0.1414
vn -0.0004 1.0000 0.0021
vn -0.7941 0.4209 -0.4384
vn -0.2205 0.9097 0.3520
vn 0.0662 0.9771 0.2023
vn 0.0525 0.7303 -0.6812
vn 0.4407 0.8637 0.2445
vn -0.6443 0.5374 0.5442
vn -0.0565 0.9778 0.2018
vn -0.1021 0.4838 0.8692
vn -0.0982 0.5058 0.8571
vn -0.4272 0.8053 0.4111
vn 0.0841 0.9766 -0.1978
vn -0.1995 0.9798 0.0122
vn -0.1299 0.6184 -0.7751
vn 0.3291 0.8458 0.4199
vn 0.4364 0.8987 0.0430
vn 0.0049 1.0000 0.0035
vn -0.8053 0.5506 -0.2197
vn -0.8388 0.5287 -0.1297
vn 0.3403 0.7360 0.5852
vn -0.1427 0.9883 0.0540
vn 0.1074 0.9690 -0.2223
vn 0.3167 0.8914 -0.3241
vn -0.0115 0.7960 -0.6052
vn 0.1242 0.9762 0.1775
vn 0.0879 0.6671 -0.7398
vn 0.0148 0.9997 -0.0179
vn -0.1575 0.9323 0.3256
vn 0.1549 0.8486 -0.5059
vn 0.0175 0.9993 -0.0328
vn 0.4168 0.6815 0.6016
vn 0.4502 0.6863 -0.5712
vn -0.5814 0.3779 -0.7205
vn -0.7784 0.4754 -0.4099
vn 0.5875 0.6954 -0.4140
vn -0.5891 0.5879 0.5544
vn 0.3258 0.7053 0.6296
vn 0.3011 0.8423 0.4471
vn 0.3236 0.9454 0.0392
vn 0.1345 0.9529 -0.2718
vn -0.2224 0.9728 0.0654
vn -0.0487 0.9988 -0.0041
vn 0.2543 0.9291 0.2685
vn 0.5396 0.8176 0.2011
vn 0.5948 0.6817 0.4259
vn -0.7026 0.5305 -0.4742
vn -0.7110 0.4032 -0.5761
vn -0.6893 0.7153 -0.1151
vn -0.0084 0.1568 0.9876
vn -0.3248 0.9255 0.1949
vn 0.2664 0.8331 0.4847
vn 0.1414 0.9617 -0.2347
vn 0.3068 0.8535 -0.4212
vn -0.1929 0.9696 -0.1507
vn 0.5906 0.7884 0.1724
vn 0.7369 0.6445 -0.2042
vn 0.7466 0.5628 -0.3548
vn -0.0351 0.6072 0.7938
vn 0.3713 0.8602 0.3495
vn 0.3453 0.8849 -0.3125
vn -0.1251 0.8088 -0.5747
vn -0.2661 0.9085 -0.3221
vn 0.0748 0.8004 0.5948
vn 0.6266 0.7722 0.1054
vn -0.7022 0.4669 -0.5375
vn -0.8465 0.3480 -0.4030
vn -0.2820 0.8631 0.4190
vn 0.3619 0.8413 0.4017
vn 0.1827 0.9825 -0.0362
vn 0.6619 0.7437 0.0937
vn 0.5637 0.8187 -0.1091
vn 0.4253 0.6888 0.5870
vn -0.1329 0.6197 -0.7735
vn 0.2509 0.9248 -0.2861
vn 0.1913 0.9583 0.2122
vn -0.2195 0.9048 0.3650
vn 0.0629 0.6729 -0.7370
vn 0.0959 0.8265 0.5547
vn 0.0475 0.8519 0.5216
vn 0.0963 0.8583 0.5040
vn 0.8253 0.5646 0.0105
vn 0.0659 0.9978 -0.0075
vn 0.3395 0.5587 0.7567
vn 0.0345 0.9980 0.0537
vn 0.6036 0.7900 -0.1078
vn 0.4872 0.7054 -0.5149
vn -0.0618 0.9980 0.0150
vn 0.7051 0.6785 -0.2059
vn 0.2335 0.8526 -0.4675
vn -0.0108 0.9924 -0.1224
vn 0.2406 0.7973 0.5536
vn 0.1803 0.9810 -0.0711
vn 0.3276 0.9395 -0.0999
vn -0.2426 0.6869 0.6850
vn -0.2893 0.6119 0.7361
vn -0.1870 0.6081 0.7716
vn 0.5951 0.7559 -0.2729
vn 0.6838 0.4278 0.5911
vn -0.0505 0.6203 -0.7827
vn 0.3707 0.8608 0.3488
vn 0.1141 0.9629 0.2447
vn 0.1053 0.7354 0.6694
vn 0.1772 0.8614 0.4760
vn 0.2390 0.9503 -0.1996
vn -0.1019 0.8763 0.4708
vn 0.3324 0.9418 0.0492
vn 0.0346 0.8177 0.5747
vn 0.0264 0.8457 0.5331
vn 0.7579 0.6523 -0.0059
vn 0.1282 0.8057 0.5783
vn -0.0042 1.0000 -0.0045
vn -0.0115 0.9999 0.0092
vn 0.0976 0.9924 0.0748
vn -0.0183 0.9894 -0.1444
vn -0.0716 0.6058 -0.7924
vn -0.1833 0.7332 -0.6549
vn -0.0667 0.9976 0.0198
vn 0.0368 0.9985 0.0417
vn -0.0691 0.9573 0.2808
vn 0.0931 0.9933 -0.0687
vn 0.2962 0.9267 0.2313
vn -0.0874 0.5725 -0.8152
vn -0.1108 0.7470 -0.6556
vn -0.4830 0.5973 -0.6403
vn -0.1445 0.6806 -0.7182
vn 0.0069 0.9975 0.0698
vn -0.2467 0.8122 0.5286
vn -0.1037 0.8798 0.4638
vn -0.1181 0.8096 -0.5749
vn -0.2700 0.9183 0.2894
vn -0.0608 0.9441 0.3239
vn 0.5855 0.7645 -0.2697
vn 0.0740 0.9971 -0.0170
vn -0.0005 0.9598 -0.2808
vn -0.1217 0.9178 -0.3779
vn -0.2411 0.9704 -0.0116
vn 0.0897 0.6426 -0.7609
vn -0.7249 0.6886 -0.0155
vn -0.2555 0.9216 0.2921
vn 0.2076 0.9210 0.3297
vn -0.2354 0.9000 0.3670
vn 0.0157 0.9997 -0.0209
vn 0.8057 0.5879 -0.0726
vn 0.6256 0.7590 -0.1803
vn -0.0621 0.4858 0.8719
vn 0.0515 0.9971 0.0562
vn 0.0383 0.9993 -0.0008
vn -0.1109 0.9709 -0.2124
vn 0.0144 0.9885 0.1506
vn -0.0344 0.9619 0.2711
vn -0.0106 0.9998 0.0191
vn -0.6853 0.7271 0.0405
vn -0.0163 0.9927 -0.1192
vn -0.3717 0.9043 -0.2100
vn 0.0117 0.9108 -0.4128
vn -0.0031 0.9864 0.1641
vn 0.8070 0.5874 -0.0617
vn 0.4604 0.5845 0.6682
vn 0.4418 0.5663 0.6958
vn -0.2553 0.9246 -0.2827
vn -0.0860 0.7369 -0.6705
vn -0.1075 0.5912 0.7993
vn 0.6247 0.7384 0.2542
vn -0.5381 0.7419 -0.4000
vn -0.0116 0.4483 -0.8938
vn -0.6077 0.7709 0.1910
vn -0.3020 0.9239 0.2348
vn 0.0170 0.9998 -0.0126
vn -0.1289 0.6123 -0.7800
vn 0.3079 0.9085 0.2824
vn -0.0167 0.9978 0.0649
vn -0.3890 0.7681 -0.5086
vn -0.2506 0.5689 0.7833
vn -0.0477 0.9982 0.0361
vn -0.1443 0.5998 -0.7870
vn -0.6665 0.7455 0.0040
vn 0.0243 0.9082 -0.4179
vn -0.1667 0.9604 0.2233
vn 0.0806 0.8853 -0.4579
vn -0.5767 0.7908 -0.2053
vn -0.6537 0.7137 0.2516
vn -0.0427 0.9991 0.0068
vn 0.7839 0.5470 0.2937
vn -0.1144 0.9929 -0.0314
vn 0.0138 0.9943 0.1055
vn 0.0189 0.9736 -0.2277
vn -0.1949 0.9624 0.1891
vn 0.0136 0.9993 0.0343
vn -0.5607 0.8171 0.1343
vn -0.1511 0.9186 0.3652
vn -0.2536 0.6403 -0.7251
vn -0.0068 0.9904 0.1378
vn 0.0659 0.5931 -0.8024
vn 0.7024 0.7117 0.0139
vn 0.2470 0.5967 -0.7635
vn -0.5527 0.6815 -0.4796
vn 0.0014 1.0000 -0.0036
vn -0.6186 0.5614 0.5497
vn 0.5465 0.7621 0.3472
vn -0.1604 0.9863 -0.0391
vn -0.1628 0.9143 0.3708
vn -0.3661 0.9222 0.1247
vn -0.3329 0.9367 0.1086
vn 0.2881 0.8812 0.3748
vn -0.0071 0.9175 -0.3977
vn 0.3125 0.5979 0.7381
vn -0.2826 0.7345 -0.6170
vn -0.2802 0.8382 0.4679
vn -0.1907 0.9803 0.0512
vn 0.0890 0.6545 -0.7508
vn 0.0732 0.9792 -0.1895
vn 0.3114 0.6561 0.6875
vn -0.1265 0.9888 0.0797
vn -0.3581 0.8382 0.4112
vn -0.0000 1.0000 -0.0001
vn 0.3416 0.8109 -0.4752
vn 0.5670 0.7619 0.3130
vn -0.3470 0.9378 -0.0115
vn -0.1279 0.6445 0.7539
vn 0.5230 0.7247 0.4487
vn -0.1954 0.6366 -0.7460
vn -0.0530 0.9936 0.1001
vn -0.0846 0.7928 0.6035
vn -0.3713 0.7986 0.4737
vn 0.0071 0.8681 0.4964
vn -0.5068 0.8577 0.0866
vn 0.5281 0.8457 -0.0763
vn -0.3944 0.8865 -0.2422
vn -0.2961 0.8676 -0.3995
vn -0.5695 0.8133 0.1194
vn 0.5015 0.5563 0.6626
vn -0.0987 0.9922 -0.0761
vn -0.1269 0.9918 0.0140
vn -0.2321 0.9717 0.0438
vn 0.1196 0.8971 -0.4253
vn 0.5861 0.7909 0.1756
vn 0.5237 0.8142 0.2508
vn -0.0448 0.9925 -0.1140
vn -0.3951 0.8417 0.3679
vn -0.3814 0.9149 0.1325
vn 0.1592 0.8029 -0.5744
vn 0.7474 0.6549 -0.1117
vn -0.4081 0.6800 -0.6092
vn 0.4432 0.6879 -0.5748
vn 0.2850 0.5354 0.7950
vn 0.1096 0.8416 0.5289
vn 0.0749 0.6410 -0.7639
vn -0.0558 0.9923 0.1103
vn -0.4028 0.7790 -0.4806
vn 0.5639 0.7307 0.3848
vn -0.4450 0.8016 0.3993
vn 0.4337 0.8482 0.3041
vn -0.8475 -0.5264 -0.0685
vn -0.4056 0.9140 0.0076
vn -0.4279 0.9018 0.0598
vn -0.3059 0.9431 0.1303
vn 0.0002 1.0000 0.0028
vn -0.2031 0.9098 -0.3619
vn 0.6714 0.6440 0.3666
vn -0.4810 0.8640 0.1492
vn -0.1870 0.7820 -0.5946
vn 0.1880 0.4697 0.8626
vn 0.5039 0.8607 -0.0731
vn 0.4912 0.4014 -0.7730
vn 0.3991 0.9169 -0.0036
vn -0.1022 0.6933 -0.7134
vn 0.3654 0.5172 0.7740
vn 0.3997 0.8602 -0.3168
vn 0.4402 0.8333 -0.3343
vn 0.1088 -0.6098 0.7850
vn 0.5886 0.7347 0.3372
vn -0.2033 0.9781 0.0441
vn -0.1617 0.9868 0.0037
vn -0.4721 0.8688 0.1495
vn -0.5516 0.8329 -0.0445
vn -0.4030 0.8372 0.3697
vn -0.7040 -0.3426 0.6221
vn -0.5319 0.6504 -0.5423
vn -0.2999 0.9445 0.1344
vn -0.1912 0.7939 -0.5773
vn 0.5885 0.4357 -0.6810
vn 0.7498 0.6177 -0.2371
vn 0.7634 0.5096 0.3969
vn -0.3739 0.9272 -0.0202
vn 0.3591 0.9312 0.0616
vn -0.4298 -0.7010 0.5690
vn -0.5701 0.8151 -0.1027
vn -0.0603 0.8796 -0.4718
vn -0.0907 0.9880 0.1252
vn -0.1250 0.9914 0.0378
vn 0.2553 0.4914 -0.8327
vn -0.3915 0.8972 0.2043
vn 0.6205 0.4500 0.6422
vn 0.6301 0.7004 0.3353
vn 0.6295 0.7631 0.1464
vn 0.5056 0.8617 0.0432
vn 0.7962 0.5800 -0.1722
vn 0.8307 0.5241 -0.1881
vn -0.4289 0.8264 0.3648
vn -0.4034 0.8115 0.4228
vn -0.3469 0.8880 0.3018
vn -0.3879 0.9000 0.1989
vn 0.4549 0.8665 -0.2053
vn 0.1023 0.5171 -0.8498
vn 0.7518 0.5238 -0.4006
vn 0.8443 0.5315 -0.0687
vn 0.7709 0.5176 -0.3714
vn 0.5203 0.8459 0.1169
vn 0.7938 0.5447 -0.2704
vn 0.4245 0.8014 0.4214
vn 0.7434 0.6595 -0.1113
vn 0.6040 0.6983 0.3841
vn 0.8276 0.5206 -0.2100
vn 0.0161 0.8862 -0.4630
vn -0.3169 0.9131 0.2567
vn 0.6294 0.4544 0.6303
vn 0.7487 0.5221 0.4084
vn 0.1638 0.6387 0.7518
vn 0.7189 0.6380 0.2761
vn 0.8361 0.5482 0.0192
vn 0.4764 0.8475 0.2339
vn -0.0113 0.9999 -0.0067
vn 0.0091 0.7421 -0.6702
vn 0.5903 0.7976 -0.1239
vn 0.3086 0.8521 0.4226
vn -0.7623 0.6199 -0.1859
vn -0.3106 0.5882 -0.7467
vn -0.2634 0.8221 -0.5047
vn 0.6223 0.7205 0.3059
vn 0.7214 0.6863 -0.0923
vn 0.6111 0.5272 -0.5904
vn 0.5992 0.4885 0.6343
vn 0.6948 0.4364 0.5716
vn 0.0309 0.9923 -0.1204
vn 0.5837 0.7758 0.2396
vn 0.8865 0.4498 0.1090
vn -0.2012 0.8840 0.4219
vn 0.0253 0.9839 0.1771
vn 0.1767 0.9645 -0.1961
vn -0.7013 0.5894 -0.4010
vn -0.3562 0.6207 -0.6985
vn -0.5374 0.8385 0.0896
vn 0.1629 0.5024 -0.8492
vn -0.3195 0.9463 0.0486
vn 0.8885 0.4132 -0.1994
vn -0.4954 0.8274 0.2644
vn -0.4974 0.8246 0.2694
vn 0.6331 0.4533 0.6274
vn 0.5209 0.8462 -0.1119
vn 0.5024 0.8500 0.1587
vn 0.7104 0.7003 0.0702
vn -0.1890 0.9678 -0.1662
vn -0.0076 0.9846 -0.1745
vn 0.2059 0.9708 0.1231
vn -0.0753 0.8529 0.5166
vn -0.3009 0.8295 0.4705
vn 0.7120 0.6579 -0.2454
vn -0.1977 0.9569 0.2129
vn -0.2049 0.9533 0.2218
vn -0.0711 0.9970 0.0311
vn 0.6134 0.6998 -0.3661
vn -0.2566 0.8957 0.3630
vn 0.0776 0.9786 0.1903
vn 0.2561 0.8628 -0.4358
vn 0.3120 0.8388 -0.4462
vn -0.0287 0.7954 -0.6054
vn -0.3841 0.6863 0.6176
vn -0.3376 0.9292 -0.1504
vn 0.0138 0.9987 0.0493
vn 0.0199 0.9998 -0.0021
vn 0.8195 0.5347 -0.2063
vn 0.3463 0.8746 0.3394
vn 0.4017 0.8925 0.2051
vn 0.3816 0.8957 -0.2281
vn 0.0645 0.9344 0.3502
vn -0.1965 0.9688 -0.1513
vn 0.5701 0.4637 -0.6783
vn -0.0834 0.8431 -0.5313
vn 0.6265 0.7452 -0.2283
vn 0.3476 0.5109 -0.7863
vn 0.1876 0.6146 -0.7662
vn 0.1485 0.9660 -0.2118
vn 0.0342 0.8648 0.5009
vn -0.1353 0.9420 0.3071
vn -0.0348 0.9969 0.0711
vn -0.0002 1.0000 0.0002
vn -0.0126 0.9999 0.0066
vn 0.0457 0.9951 -0.0879
vn 0.3287 0.9034 -0.2755
vn -0.0647 0.8605 -0.5053
vn 0.0606 0.5219 0.8509
vn -0.3559 0.8648 0.3542
vn -0.0827 0.9891 0.1222
vn -0.4054 0.5711 -0.7138
vn 0.7363 0.4971 0.4592
vn 0.4042 0.7674 -0.4977
vn 0.1358 0.9558 0.2607
vn 0.1116 0.6577 0.7450
vn -0.5084 0.7048 0.4948
vn -0.2674 0.9628 -0.0383
vn 0.3259 0.7949 -0.5118
vn -0.0159 0.7179 -0.6960
vn 0.0782 0.9754 0.2061
vn 0.6722 0.7220 0.1637
vn 0.6431 0.7161 0.2713
vn -0.2044 0.9581 -0.2007
vn -0.0027 1.0000 0.0004
vn 0.4485 0.4331 0.7818
vn -0.1966 0.9463 0.2569
vn -0.7108 0.5734 -0.4074
vn 0.2451 0.9695 0.0033
vn 0.1519 0.6475 0.7468
vn 0.2024 0.6153 -0.7619
vn -0.4916 0.6780 0.5465
vn 0.7549 0.5850 -0.2966
vn 0.7186 0.5408 -0.4372
vn -0.3367 0.9294 -0.1508
vn 0.1066 0.9561 0.2730
vn -0.5169 0.7933 -0.3215
vn -0.1792 0.9779 0.1074
vn 0.5134 0.8380 -0.1847
vn 0.6547 0.6540 0.3790
vn -0.1817 0.8774 -0.4440
vn -0.3728 0.8875 0.2710
vn -0.5212 0.8504 0.0713
vn -0.4878 0.8567 -0.1677
vn 0.5294 0.6979 -0.4824
vn 0.3026 0.3760 0.8758
vn 0.1564 0.9650 -0.2104
vn 0.8267 0.5375 -0.1661
vn -0.3288 0.9287 -0.1713
vn -0.0326 0.9562 -0.2910
vn -0.2246 0.9338 0.2787
vn -0.5940 0.5328 -0.6026
vn -0.2454 0.9461 -0.2114
vn -0.1092 0.8529 0.5105
vn 0.4470 0.7171 0.5348
vn 0.1837 0.9347 -0.3043
vn 0.5591 0.5729 -0.5993
vn 0.6860 0.7257 0.0521
vn -0.7096 0.5711 -0.4127
vn -0.0694 0.8912 0.4483
vn 0.3817 0.9092 -0.1664
vn 0.7334 0.6534 -0.1878
vn 0.7378 0.6608 0.1377
vn 0.3819 0.8860 0.2631
vn 0.3826 0.8901 0.2476
vn 0.0634 0.9980 -0.0026
vn 0.1282 0.8829 -0.4517
vn 0.5998 0.7645 -0.2362
vn 0.4141 0.5934 0.6902
vn 0.6527 0.5116 -0.5588
vn 0.4806 0.6320 0.6079
vn 0.5312 0.7814 0.3274
vn 0.5695 0.8116 0.1305
vn 0.5529 0.4341 -0.7113
vn 0.7682 0.5153 0.3800
vn 0.0830 0.8448 0.5287
vn 0.0002 1.0000 0.0004
vn 0.1339 0.5550 -0.8210
vn 0.6715 0.5503 0.4962
vn -0.2606 0.7367 0.6240
vn 0.3776 0.8950 0.2374
vn 0.3428 0.8011 0.4907
vn 0.2836 0.6732 0.6830
vn 0.4188 0.6989 0.5798
vn -0.0626 0.6084 -0.7912
vn 0.3008 0.6401 -0.7069
vn 0.1722 0.6412 -0.7478
vn 0.6350 0.7592 -0.1427
vn -0.1150 0.9924 -0.0447
vn 0.1738 0.9182 0.3561
vn 0.1591 0.8444 0.5116
vn 0.2627 0.7461 -0.6119
vn 0.3126 0.9058 -0.2862
vn 0.6394 0.5070 0.5780
vn 0.4253 0.4788 0.7680
vn -0.2686 0.6558 0.7055
vn -0.0476 0.8949 0.4436
vn 0.7324 0.5029 -0.4590
vn 0.7996 0.3562 0.4835
vn 0.0473 0.9520 0.3025
vn 0.1031 0.3725 0.9223
vn -0.1125 0.9918 -0.0606
vn 0.1756 0.9728 0.1511
vn 0.0066 0.9900 -0.1410
vn -0.0948 0.9133 -0.3961
vn -0.1232 0.6771 -0.7255
vn -0.2097 0.6936 0.6891
vn 0.5879 0.4798 -0.6513
vn 0.8503 0.5192 0.0866
vn 0.3260 0.9364 -0.1302
vn 0.5912 0.4956 0.6362
vn 0.1904 0.9800 0.0572
vn 0.2777 0.9017 -0.3314
vn 0.3162 0.9326 -0.1740
vn 0.3821 0.9112 -0.1544
vn 0.8899 0.4558 0.0156
vn 0.3218 0.7815 0.5346
vn 0.7644 0.4708 -0.4405
vn 0.2238 0.9246 0.3083
vn 0.0731 0.9853 0.1542
vn 0.1381 0.9001 0.4132
vn 0.2263 0.7712 -0.5950
vn -0.1624 0.7147 -0.6804
vn 0.4205 0.5716 -0.7046
vn 0.3520 0.9352 -0.0400
vn -0.4058 0.6054 -0.6847
vn 0.3804 0.4975 0.7796
vn 0.1403 0.8391 0.5255
vn -0.0900 0.9093 -0.4064
vn 0.4902 0.6559 -0.5741
vn 0.5056 0.8572 -0.0973
vn 0.3215 0.9302 -0.1772
vn -0.1401 0.6915 -0.7086
vn 0.0518 0.7627 0.6446
vn 0.2356 0.8676 0.4379
vn 0.1988 0.4374 -0.8770
vn 0.5955 0.4942 0.6333
vn -0.6213 0.7667 -0.1616
vn 0.0003 0.9992 -0.0409
vn 0.4241 0.7938 -0.4359
vn 0.1857 0.8355 -0.5171
vn 0.5409 0.8217 -0.1795
vn -0.4085 0.9073 -0.0993
vn 0.0075 1.0000 0.0002
vn 0.5659 0.4578 0.6856
vn -0.1888 0.9339 0.3038
vn -0.2487 0.9128 -0.3238
vn -0.8313 0.4110 -0.3742
vn 0.4170 0.7880 -0.4529
vn 0.5977 0.5845 0.5487
vn 0.6149 0.4904 0.6176
vn 0.2672 0.9629 -0.0374
vn 0.3346 0.9082 -0.2514
vn -0.6097 0.7825 -0.1262
vn 0.2313 0.8654 0.4446
vn 0.6800 0.3625 0.6373
vn 0.2172 0.7565 0.6168
vn -0.0919 0.4675 -0.8792
vn -0.3942 0.8008 0.4509
vn -0.1881 0.9346 0.3018
vn -0.5847 0.6872 -0.4310
vn -0.2589 0.8601 -0.4396
vn 0.0638 0.9368 -0.3441
vn -0.3577 0.8506 -0.3855
vn -0.5477 0.6622 0.5114
vn 0.3886 0.7012 -0.5977
vn -0.0775 0.6120 -0.7871
vn -0.3334 0.7781 0.5323
vn -0.1653 0.9800 0.1108
vn 0.3786 0.6619 0.6469
vn -0.8221 0.5690 -0.0198
vn -0.2854 0.9563 0.0634
vn 0.5151 0.8164 0.2610
vn 0.0611 0.9165 -0.3954
vn 0.1368 0.9678 -0.2113
vn 0.1772 0.9062 0.3839
vn -0.1000 0.4687 -0.8777
vn 0.5995 0.4950 0.6290
vn -0.8014 0.5214 -0.2931
vn -0.5811 0.5958 0.5543
vn -0.1799 0.4343 0.8826
vn 0.5500 0.8069 -0.2155
vn -0.7344 0.6650 -0.1355
vn -0.2943 0.6233 0.7245
vn -0.4802 0.5993 0.6405
vn -0.5014 0.7281 0.4674
vn 0.0377 0.9990 -0.0256
vn 0.3109 0.7158 -0.6253
vn 0.4904 0.4739 -0.7314
vn 0.0998 0.6382 0.7634
vn -0.0774 0.9967 -0.0255
vn -0.3387 0.8143 0.4714
vn -0.6419 0.6987 0.3159
vn -0.3579 0.8166 -0.4529
vn -0.1595 0.9788 0.1286
vn -0.5681 0.4181 -0.7088
vn -0.0539 0.5190 0.8530
vn 0.1720 0.8421 -0.5112
vn 0.3203 0.6810 -0.6585
vn 0.4198 0.4605 -0.7821
vn 0.6127 0.7587 -0.2213
vn 0.4566 0.4152 0.7868
vn -0.4274 0.5814 0.6923
vn -0.6673 0.7347 -0.1219
vn 0.1546 0.4549 -0.8770
vn -0.7416 0.5937 0.3124
vn 0.5374 0.8337 0.1273
vn 0.2385 0.9609 0.1407
vn -0.0046 0.9812 -0.1928
vn -0.6551 0.6390 -0.4031
vn 0.4845 0.6203 0.6169
vn -0.2713 0.4182 -0.8669
vn 0.4701 0.4124 0.7804
vn 0.6525 0.7427 0.1507
vn 0.6629 0.7351 -0.1419
vn 0.4108 0.7579 0.5069
vn 0.6045 0.7884 -0.1141
vn -0.0473 0.6664 -0.7441
vn -0.4389 0.6740 -0.5942
vn -0.5147 0.6862 0.5141
vn -0.2191 0.9753 0.0277
vn -0.6297 0.7548 -0.1838
vn 0.1621 0.8728 0.4605
vn 0.5617 0.7647 -0.3157
vn -0.0631 0.3822 0.9219
vn -0.4086 0.5822 0.7029
vn -0.1022 0.9797 0.1725
vn -0.0450 0.9518 -0.3035
vn 0.1861 0.6543 0.7330
vn -0.0467 0.9930 -0.1082
vn 0.7010 0.6093 -0.3705
vn 0.0996 0.9793 0.1760
vn 0.2896 0.6598 0.6934
vn -0.4591 0.8685 0.1868
vn -0.3885 0.8752 0.2881
vn 0.2244 0.7084 -0.6692
vn -0.7692 0.6356 -0.0654
vn -0.3212 0.7715 0.5492
vn 0.5181 0.6180 -0.5913
vn 0.7379 0.5697 0.3618
vn 0.8172 0.5687 0.0936
vn 0.0406 0.7006 0.7124
vn 0.1012 0.9785 0.1799
vn 0.2918 0.8607 0.4171
vn 0.0502 0.9987 0.0119
vn -0.3409 0.7130 -0.6127
vn 0.2330 0.5215 0.8208
vn 0.3631 0.6105 0.7039
vn 0.0398 0.9915 -0.1238
vn 0.7052 0.6869 -0.1754
vn 0.4176 0.8507 0.3192
vn -0.7586 0.6367 -0.1380
vn -0.1858 0.6550 -0.7325
vn 0.2653 0.8477 0.4594
vn 0.3099 0.9008 0.3042
vn 0.5930 0.4591 0.6614
vn 0.1630 0.4016 0.9012
vn 0.2328 0.7429 0.6276
vn -0.0752 0.7180 -0.6920
vn 0.7176 0.6964 0.0071
vn 0.4880 0.7192 0.4947
vn -0.1200 0.8567 0.5016
vn 0.3270 0.7617 -0.5594
vn 0.1981 0.8549 -0.4795
vn -0.4437 0.8737 0.1995
vn -0.2528 0.9672 0.0238
vn -0.3230 0.7398 -0.5902
vn -0.8000 0.5188 -0.3014
vn -0.3203 0.7704 0.5512
vn 0.4381 0.8544 0.2793
vn -0.7530 0.6420 -0.1441
vn -0.3525 0.9313 0.0922
vn -0.4554 0.3524 -0.8176
vn 0.1618 0.6611 0.7326
vn 0.1979 0.9579 -0.2082
vn 0.1398 0.9900 -0.0161
vn 0.0110 0.3881 -0.9215
vn -0.2254 0.7564 -0.6141
vn 0.1070 0.7542 0.6478
vn 0.1568 0.8111 0.5635
vn 0.1058 0.9298 0.3525
vn 0.2409 0.9689 0.0570
vn 0.1100 0.9939 0.0055
vn -0.0376 0.9558 0.2917
vn 0.5773 0.6737 -0.4614
vn 0.6203 0.7696 0.1514
vn -0.3351 0.3799 -0.8622
vn 0.0992 0.8519 0.5142
vn -0.3136 0.6249 -0.7150
vn 0.5296 0.3264 -0.7829
vn 0.4224 0.6198 -0.6614
vn 0.2799 0.9483 -0.1499
vn 0.7503 0.5453 0.3737
vn 0.6987 0.6818 -0.2166
vn -0.1942 0.8498 -0.4901
vn -0.3160 0.9096 0.2698
vn -0.7613 0.4283 -0.4869
vn -0.5672 0.8104 -0.1471
vn 0.1705 0.8400 -0.5152
vn 0.6139 0.7892 0.0177
vn 0.4936 0.8327 0.2510
vn -0.2655 0.9640 0.0172
vn -0.7827 0.6124 0.1110
vn -0.0366 0.9964 0.0769
vn 0.2537 0.7157 0.6507
vn -0.3959 0.8955 -0.2033
vn 0.3722 0.7647 0.5260
vn 0.4935 0.4009 -0.7718
vn 0.4798 0.7394 0.4723
vn 0.5172 0.5336 0.6692
vn 0.7235 0.5810 -0.3727
vn 0.8793 0.4746 0.0396
vn 0.7341 0.5479 0.4012
vn 0.5984 0.8004 0.0349
vn -0.4498 0.8740 -0.1840
vn -0.2996 0.8079 0.5075
vn 0.6637 0.5978 -0.4497
vn 0.4610 0.8205 0.3380
vn 0.0603 0.8382 0.5420
vn -0.1801 0.9786 -0.0997
vn -0.0659 0.7850 0.6160
vn 0.7215 0.6806 -0.1269
vn 0.8828 0.4520 -0.1279
vn 0.7021 0.6569 0.2749
vn 0.7340 0.5476 0.4016
vn 0.6013 0.7661 -0.2270
vn -0.4777 0.8488 0.2266
vn -0.6754 0.6262 0.3894
vn -0.6542 0.6462 0.3929
vn 0.3796 0.0560 0.9235
vn 0.0209 0.9953 0.0949
vn 0.4353 0.8700 -0.2317
vn -0.8154 0.5145 -0.2654
vn -0.1817 0.6564 -0.7322
vn -0.7369 0.6624 -0.1348
vn -0.7208 0.6927 0.0251
vn -0.4944 0.6661 -0.5585
vn -0.1437 0.6579 0.7393
vn 0.0312 0.5841 0.8111
vn 0.3165 0.5501 0.7728
vn -0.0824 0.9965 -0.0111
vn -0.1553 0.8638 0.4793
vn 0.1717 0.6381 -0.7505
vn -0.0471 0.8168 0.5750
vn -0.2780 0.9278 0.2487
vn -0.2666 0.7923 0.5488
vn -0.7850 0.6032 0.1409
vn -0.7154 0.6905 -0.1067
vn -0.0572 0.9311 0.3603
vn -0.0079 0.9973 0.0726
vn 0.0001 1.0000 0.0032
vn 0.0463 0.5987 0.7996
vn 0.8156 0.5633 -0.1321
vn 0.1263 0.9773 -0.1703
vn 0.7033 0.4937 0.5114
vn 0.1797 0.8315 -0.5257
vn -0.4773 0.7291 0.4904
vn -0.0288 0.7445 0.6671
vn -0.6758 0.3242 -0.6619
vn 0.0089 0.7801 0.6256
vn 0.8169 0.5479 0.1805
vn 0.8007 0.5965 -0.0551
vn 0.6855 0.6181 -0.3847
vn 0.6857 0.6163 -0.3873
vn -0.2720 0.7716 0.5751
vn -0.0970 0.5299 0.8425
vn 0.1408 0.9894 0.0367
vn 0.4791 0.8744 -0.0762
vn 0.0543 0.8840 0.4644
vn 0.0765 0.6050 0.7926
vn 0.1285 0.9916 0.0165
vn 0.7772 0.6278 -0.0415
vn -0.1284 0.6672 0.7337
vn -0.5426 0.7440 0.3899
vn -0.2975 0.6809 -0.6693
vn -0.6589 0.7482 -0.0770
vn -0.4226 0.7243 0.5447
vn -0.1103 0.6022 0.7907
vn -0.1910 0.9190 -0.3449
vn 0.4013 0.6818 0.6116
vn 0.2999 0.9298 -0.2134
vn 0.2232 0.8753 0.4291
vn 0.7818 0.5757 -0.2394
vn 0.3761 0.8939 -0.2438
vn 0.4041 0.8606 -0.3100
vn -0.8745 0.4348 -0.2152
vn -0.4591 0.6927 -0.5563
vn -0.0169 0.4820 0.8760
vn 0.2570 0.8678 0.4253
vn 0.4390 0.8095 -0.3899
vn -0.6207 0.7520 -0.2219
vn -0.6352 0.6717 -0.3813
vn -0.2942 0.6567 -0.6945
vn 0.0564 0.8548 0.5159
vn 0.8018 0.5896 -0.0977
vn 0.4502 0.8686 0.2068
vn 0.5322 0.8457 0.0397
vn 0.2845 0.6671 0.6885
vn 0.0425 0.9755 -0.2160
vn -0.4307 0.7691 -0.4723
vn 0.0154 0.9995 -0.0283
vn -0.1308 0.2911 -0.9477
vn -0.7362 0.6520 -0.1812
vn 0.6886 0.5813 -0.4336
vn 0.2502 0.5332 0.8081
vn 0.4474 0.5919 0.6705
vn 0.3639 0.5799 0.7289
vn 0.2891 0.5785 -0.7627
vn 0.2889 0.8724 0.3943
vn 0.3081 0.9451 -0.1084
vn 0.7686 0.5611 -0.3073
vn 0.0610 0.9938 -0.0926
vn 0.7441 0.6679 0.0166
vn -0.4086 0.6588 0.6317
vn -0.1720 0.9752 -0.1394
vn -0.7430 0.6498 0.1604
vn -0.0560 0.7421 0.6679
vn -0.2443 0.8512 0.4645
vn 0.0978 0.4289 -0.8980
vn 0.6448 0.6971 0.3134
vn -0.4938 0.8399 -0.2253
vn 0.4281 0.8189 0.3823
vn 0.0193 0.9998 0.0050
vn 0.0633 0.9820 -0.1778
vn -0.6163 0.5595 -0.5542
vn -0.2044 0.9757 0.0793
vn -0.3883 0.7888 -0.4764
vn 0.3461 0.9118 0.2212
vn -0.3637 0.4453 -0.8182
vn 0.7601 0.3244 -0.5630
vn 0.7590 0.3758 0.5318
vn 0.2290 0.9734 0.0018
vn 0.6171 0.6619 0.4256
vn 0.6212 0.6924 0.3671
vn -0.6141 0.7744 0.1522
vn 0.4637 0.4927 0.7364
vn 0.0839 0.9918 0.0966
vn -0.1840 0.3758 -0.9083
vn -0.0989 0.5967 -0.7964
vn 0.4081 0.5728 0.7108
vn 0.6262 0.4773 -0.6165
vn 0.2698 0.9604 0.0699
vn 0.2795 0.9577 0.0691
vn -0.1086 0.9692 0.2212
vn 0.2376 0.9688 0.0701
vn 0.3815 0.7089 -0.5933
vn 0.0095 0.9531 -0.3025
vn -0.6166 0.7525 0.2315
vn 0.6448 0.7607 0.0746
vn 0.5734 0.8115 0.1124
vn 0.2397 0.9578 -0.1588
vn -0.8483 0.5176 -0.1120
vn 0.4355 0.8007 0.4113
vn 0.3203 0.5482 0.7726
vn -0.3193 0.8441 -0.4308
vn -0.0535 0.8647 0.4994
vn 0.4719 0.8061 0.3571
vn -0.0176 0.9586 -0.2841
vn -0.3800 0.8269 0.4146
vn -0.5133 0.7265 -0.4569
vn -0.1694 0.9833 0.0658
vn -0.5418 0.5629 -0.6241
vn 0.7395 0.6423 -0.2015
vn 0.1019 0.9450 0.3108
vn 0.2114 0.9770 0.0270
vn -0.3975 0.6340 -0.6633
vn -0.2052 0.9773 -0.0534
vn 0.4030 0.8115 0.4232
vn -0.2957 0.6668 0.6841
vn 0.7667 0.6145 0.1858
vn 0.1236 0.8983 -0.4216
vn 0.5948 0.7115 -0.3742
vn 0.4119 0.4743 0.7781
vn 0.3967 0.7541 0.5234
vn -0.0253 0.9997 0.0006
vn -0.4904 0.8043 0.3355
vn -0.5265 0.7740 -0.3518
vn -0.3980 0.8871 -0.2338
vn -0.1594 0.9083 -0.3867
vn 0.2848 0.7859 0.5488
vn 0.3360 0.4440 -0.8307
vn 0.3148 0.3706 -0.8738
vn -0.3789 0.5167 -0.7677
vn -0.1271 0.4376 0.8902
vn 0.3997 0.8343 -0.3798
vn 0.2249 0.9666 0.1230
vn -0.3576 0.9339 -0.0023
vn -0.3227 0.9257 -0.1975
vn 0.5619 0.7855 -0.2595
vn -0.3565 0.7542 0.5515
vn -0.1676 0.9804 0.1039
vn 0.0774 0.9404 0.3310
vn 0.2087 0.8216 0.5305
vn 0.3266 0.9241 0.1983
vn 0.0766 0.9203 0.3835
vn 0.7810 0.6179 0.0905
vn 0.7640 0.6357 0.1104
vn 0.4677 0.5347 0.7038
vn 0.8080 0.5194 0.2781
vn -0.2533 0.9247 -0.2843
vn -0.3676 0.8589 -0.3565
vn -0.2778 0.9172 0.2855
vn -0.1819 0.5401 0.8217
vn 0.4760 0.8521 0.2175
vn -0.1390 0.4379 0.8882
vn 0.5854 0.6783 -0.4441
vn -0.0862 0.9198 -0.3827
vn 0.5109 0.8352 0.2037
vn 0.2171 0.9521 0.2151
vn -0.6677 0.7375 0.1013
vn -0.1573 0.8651 -0.4763
vn -0.1625 0.8223 0.5454
vn -0.8215 0.4044 -0.4019
vn 0.7649 0.5575 -0.3227
vn 0.7998 0.3826 0.4625
vn 0.1112 0.9935 0.0250
vn 0.0191 0.6303 0.7761
vn -0.1515 0.4495 0.8804
vn -0.1722 0.7197 -0.6726
vn -0.0849 0.9903 0.1103
vn -0.6797 0.7326 0.0371
vn -0.7175 0.6778 0.1605
vn -0.0781 0.9969 -0.0107
vn -0.0440 0.9875 0.1514
vn 0.1132 0.9893 -0.0922
vn 0.1747 0.9792 0.1031
vn -0.0893 0.9066 -0.4125
vn -0.3869 0.6846 -0.6178
vn -0.0538 0.2622 -0.9635
vn 0.2027 0.3951 0.8960
vn 0.5622 0.4579 -0.6886
vn 0.1767 0.2347 0.9559
vn -0.1045 0.7348 0.6702
vn 0.7638 0.4843 0.4266
vn 0.5621 0.6259 -0.5407
vn 0.5925 0.6964 -0.4050
vn 0.7648 0.6170 0.1853
vn 0.0051 0.9753 -0.2209
vn 0.0015 0.9852 -0.1712
vn -0.0314 0.9770 -0.2108
vn 0.0451 0.5466 0.8362
vn -0.1478 0.9367 0.3175
vn 0.4187 0.8451 0.3324
vn 0.3156 0.8461 -0.4295
vn 0.2649 0.8952 -0.3584
vn -0.1461 0.9325 0.3303
vn -0.5730 0.7966 0.1928
vn 0.7551 0.3352 -0.5634
vn 0.5669 0.4394 -0.6968
vn 0.7924 0.6076 0.0545
vn 0.6853 0.4675 0.5584
vn 0.8091 0.5363 0.2402
vn 0.2413 0.8401 0.4858
vn -0.4786 0.7881 0.3871
vn -0.6730 0.6785 -0.2945
vn -0.6711 0.6691 -0.3193
vn -0.0108 0.8231 0.5678
vn -0.1061 0.7587 0.6427
vn -0.0959 0.9160 -0.3896
vn -0.0904 0.9053 0.4150
vn 0.7487 0.3455 -0.5658
vn 0.2408 0.5826 -0.7763
vn 0.7895 0.4823 0.3795
vn 0.7413 0.5410 0.3972
vn -0.0356 0.6911 -0.7219
vn 0.2648 0.9643 -0.0039
vn -0.1012 0.9843 -0.1447
vn -0.0447 0.9740 -0.2219
vn 0.4717 0.8043 0.3615
vn 0.1371 0.7246 -0.6754
vn 0.4675 0.8402 -0.2747
vn -0.4420 0.7687 0.4623
vn -0.1640 0.8214 0.5463
vn -0.2359 0.9464 -0.2207
vn -0.0939 0.7667 0.6351
vn 0.2445 0.4647 -0.8510
vn 0.4358 0.3958 0.8084
vn 0.7981 0.4962 0.3416
vn 0.6380 0.7198 0.2734
vn 0.6919 0.7015 0.1708
vn -0.5187 0.7669 -0.3779
vn 0.2866 0.9568 0.0489
vn 0.2294 0.2634 -0.9370
vn 0.6428 0.6754 0.3614
vn -0.0461 0.8986 -0.4364
vn -0.1460 0.9874 -0.0615
vn -0.5370 0.8136 -0.2228
vn -0.4505 0.5497 0.7035
vn -0.4073 0.8518 0.3295
vn 0.0954 0.9799 0.1751
vn -0.1382 0.6249 -0.7684
vn 0.0110 0.9658 0.2589
vn 0.4665 0.8197 -0.3323
vn 0.7649 0.3953 -0.5086
vn 0.3804 0.2968 -0.8759
vn 0.9196 0.3673 -0.1394
vn 0.7304 0.6113 0.3047
vn 0.2833 0.9520 0.1158
vn 0.3814 0.8021 0.4596
vn 0.1159 0.9301 -0.3486
vn -0.3330 0.9425 0.0272
vn 0.1544 0.9464 0.2836
vn -0.1750 0.8354 -0.5211
vn 0.9255 0.3459 -0.1542
vn 0.6759 0.5234 0.5188
vn 0.4368 0.4396 0.7849
vn 0.1752 0.5481 0.8178
vn 0.1433 0.4375 0.8877
vn -0.0332 0.5606 0.8274
vn 0.4453 0.7328 0.5145
vn 0.6575 0.5744 -0.4876
vn -0.0721 0.9429 -0.3252
vn -0.1492 0.7730 -0.6166
vn 0.1288 0.9909 0.0399
vn -0.0432 0.5008 -0.8645
vn -0.2025 0.9634 -0.1759
vn 0.4920 0.6873 0.5344
vn -0.0289 0.9995 -0.0082
vn -0.3172 0.8379 0.4442
vn 0.5250 0.4039 -0.7492
vn -0.7261 0.5638 0.3936
vn -0.7952 0.5443 0.2673
vn -0.7018 0.6043 0.3772
vn -0.7554 0.5148 -0.4055
vn 0.3681 0.5930 -0.7161
vn 0.0083 0.9983 -0.0571
vn 0.4814 0.8171 0.3173
vn -0.2388 0.9698 0.0496
vn 0.0257 0.9997 0.0032
vn -0.6924 0.6765 0.2510
vn 0.0192 0.9995 0.0253
vn 0.0040 0.9845 0.1751
vn 0.0146 0.9931 -0.1161
vn 0.7813 0.4178 0.4637
vn 0.2211 0.4705 -0.8542
vn 0.6897 0.5640 0.4541
vn 0.0303 0.6391 0.7686
vn 0.5724 0.7924 -0.2109
vn 0.2368 0.8413 -0.4860
vn -0.0580 0.7094 -0.7024
vn -0.6243 0.6552 0.4255
vn -0.4924 0.8290 0.2650
vn -0.5342 0.8080 -0.2486
vn -0.7137 0.6969 0.0703
vn -0.6992 0.6249 0.3472
vn 0.3121 0.5936 0.7418
vn 0.6836 0.2315 0.6921
vn 0.7686 0.4712 0.4327
vn 0.6998 0.6647 0.2616
vn 0.6175 0.6624 0.4242
vn 0.4407 0.7046 0.5561
vn -0.0329 0.9994 0.0074
vn -0.4991 0.8292 -0.2518
vn -0.5641 0.8024 0.1951
vn -0.6391 0.7349 -0.2271
vn -0.3054 0.8793 0.3656
vn -0.2251 0.9723 0.0636
vn -0.6828 0.6653 0.3020
vn -0.3228 0.8233 0.4668
vn 0.2386 0.4204 -0.8754
vn 0.5426 0.2990 0.7850
vn 0.6066 0.2893 0.7405
vn -0.2956 0.9468 0.1270
vn 0.1784 0.9793 -0.0955
vn 0.1461 0.3382 -0.9297
vn 0.4180 0.2850 -0.8625
vn 0.4205 0.3358 -0.8429
vn 0.7773 0.5466 -0.3113
vn 0.4136 0.7462 0.5217
vn 0.2868 0.9578 -0.0207
vn -0.0281 0.8279 0.5602
vn 0.6663 0.5076 -0.5462
vn 0.5585 0.6611 0.5010
vn 0.0163 0.9998 -0.0076
vn 0.0788 0.9961 -0.0408
vn -0.4585 0.8703 -0.1797
vn 0.0376 0.8612 -0.5068
vn -0.5346 0.8298 0.1603
vn 0.1957 0.9575 0.2121
vn -0.0199 0.5484 -0.8360
vn -0.0395 0.7383 0.6733
vn 0.7824 0.2890 0.5517
vn 0.8196 0.2923 0.4928
vn 0.3577 0.4343 0.8267
vn -0.0148 0.7759 0.6306
vn 0.2940 0.6417 0.7084
vn 0.3240 0.3746 -0.8687
vn 0.7422 0.6476 0.1726
vn 0.8775 0.4221 -0.2275
vn 0.5549 0.6503 0.5188
vn 0.7983 0.5475 -0.2510
vn 0.2739 0.9555 0.1096
vn -0.3021 0.7396 -0.6014
vn -0.3854 0.8884 0.2496
vn 0.0558 0.9981 -0.0258
vn -0.0412 0.6485 0.7601
vn -0.5473 0.8075 -0.2200
vn -0.0459 0.9138 0.4036
vn -0.2005 0.9710 0.1304
vn 0.6894 0.3521 -0.6330
vn 0.0589 0.5088 -0.8588
vn -0.0160 0.9903 0.1381
vn 0.1056 0.3406 -0.9343
vn 0.6532 0.7566 -0.0284
vn 0.6021 0.7785 0.1773
vn -0.0167 0.9998 0.0106
vn -0.0469 0.9987 0.0190
vn 0.7053 0.6506 -0.2815
vn 0.7824 0.5059 -0.3631
vn 0.6138 0.6022 -0.5104
vn -0.2127 0.9724 -0.0962
vn -0.4219 0.6482 -0.6339
vn -0.7342 0.5059 -0.4528
vn -0.2666 0.8230 -0.5015
vn 0.1703 0.5182 0.8381
vn 0.6190 0.4217 -0.6626
vn 0.5761 0.8067 -0.1318
vn 0.5213 0.7896 0.3235
vn -0.3884 0.8836 0.2613
vn -0.6773 0.6738 -0.2954
vn -0.8105 0.5481 0.2067
vn -0.4857 0.8741 -0.0052
vn -0.5062 0.8504 0.1432
vn 0.7018 0.2988 0.6467
vn 0.5023 0.5656 0.6540
vn 0.7211 0.4810 -0.4987
vn 0.7415 0.3171 -0.5912
vn 0.8019 0.3026 0.5151
vn 0.7737 0.5635 0.2898
vn 0.7986 0.5845 0.1436
vn 0.0915 0.9957 -0.0150
vn -0.5327 0.8135 0.2335
vn -0.7670 0.5234 0.3712
vn -0.8004 0.4705 0.3715
vn 0.1355 0.9882 -0.0709
vn -0.0684 0.8566 0.5115
vn 0.3737 0.4101 -0.8320
vn 0.3271 0.3565 -0.8752
vn 0.2618 0.3313 -0.9065
vn -0.6091 0.3459 -0.7137
vn 0.6135 0.2280 0.7560
vn 0.2959 0.3382 0.8934
vn -0.1728 0.5342 0.8275
vn 0.8267 0.3043 0.4733
vn 0.9307 0.3657 0.0017
vn 0.5570 0.6509 0.5158
vn 0.0503 0.9985 -0.0222
vn 0.5146 0.7724 0.3722
vn -0.2857 0.7423 -0.6062
vn -0.2672 0.9436 0.1957
vn -0.2499 0.9645 -0.0860
vn -0.5109 0.8492 -0.1334
vn -0.0537 0.7138 -0.6983
vn -0.7343 0.6491 -0.1987
vn 0.2429 0.7670 0.5939
vn -0.0745 0.3912 -0.9173
vn -0.4258 0.8138 0.3954
vn 0.7878 0.5858 0.1899
vn 0.3623 0.2816 0.8885
vn 0.5767 0.3223 0.7507
vn -0.3799 0.7844 -0.4903
vn -0.4458 0.8740 0.1934
vn 0.0009 0.9999 0.0111
vn -0.1340 0.3406 -0.9306
vn 0.3155 0.8487 -0.4244
vn 0.2727 0.4281 0.8616
vn -0.0598 0.6555 -0.7528
vn -0.3421 0.7817 -0.5215
vn -0.1321 0.9212 0.3659
vn 0.0516 0.9982 -0.0310
vn -0.5641 0.8175 -0.1162
vn -0.6334 0.7172 0.2905
vn -0.0970 0.9605 0.2608
vn -0.2304 0.8842 0.4063
vn -0.0062 0.9989 -0.0460
vn -0.3291 0.9389 -0.1011
vn 0.5251 0.6252 -0.5773
vn 0.5857 0.7970 0.1475
vn -0.0114 0.8813 0.4724
vn -0.1540 0.9225 0.3541
vn -0.1118 0.8727 -0.4753
vn 0.7313 0.4420 -0.5194
vn 0.0105 0.9279 0.3726
vn 0.5167 0.8380 0.1757
vn 0.0189 0.9998 -0.0083
vn 0.0584 0.7007 -0.7111
vn 0.7091 0.3733 0.5982
vn 0.1727 0.8589 -0.4822
vn -0.5140 0.6766 0.5274
vn -0.1885 0.9786 -0.0828
vn 0.0690 0.9268 0.3692
vn -0.6236 0.7657 -0.1576
vn -0.2186 0.9446 0.2449
vn -0.4571 0.8860 0.0774
vn -0.7690 0.5847 -0.2585
vn -0.1013 0.9883 -0.1140
vn 0.0870 0.4908 0.8669
vn 0.2918 0.4408 0.8488
vn -0.1177 0.3797 0.9176
vn 0.4744 0.6751 0.5649
vn 0.5094 0.8570 0.0776
vn 0.5185 0.8357 0.1807
vn 0.8774 0.3294 -0.3489
vn 0.1085 0.9828 -0.1493
vn -0.2817 0.9041 0.3213
vn -0.5474 0.8269 -0.1291
vn -0.3275 0.7807 -0.5323
vn -0.5492 0.5135 -0.6593
vn -0.6226 0.7780 0.0842
vn -0.6391 0.6235 0.4503
vn -0.0725 0.9961 -0.0495
vn 0.0038 0.9830 -0.1834
vn -0.5788 0.8152 0.0207
vn -0.5318 0.8346 -0.1436
vn -0.6903 0.3682 -0.6228
vn 0.5008 0.7231 0.4757
vn 0.0530 0.9972 -0.0534
vn 0.0157 0.7565 -0.6538
vn -0.0001 0.9979 -0.0645
vn -0.0337 0.9990 -0.0290
vn 0.6971 0.4801 0.5325
vn 0.2908 0.9176 -0.2710
vn 0.3877 0.6501 0.6535
vn 0.1065 0.3388 -0.9348
vn -0.6882 0.7099 -0.1498
vn -0.3767 0.3998 -0.8356
vn -0.0211 0.7773 0.6288
vn 0.5807 0.8076 -0.1032
vn 0.2423 0.8371 -0.4905
vn 0.4875 0.3759 0.7881
vn -0.4735 0.8543 0.2146
vn 0.1008 0.8797 -0.4648
vn -0.6600 0.7083 0.2503
vn -0.1727 0.9310 0.3215
vn -0.4893 0.8374 0.2438
vn 0.1296 0.2649 0.9555
vn -0.4651 0.6136 -0.6381
vn -0.4921 0.3532 -0.7957
vn -0.1932 0.3859 0.9021
vn 0.5477 0.8362 0.0288
vn 0.4904 0.8446 0.2147
vn 0.2424 0.9162 -0.3192
vn -0.1694 0.6566 0.7349
vn 0.8867 0.3736 -0.2724
vn -0.4123 0.6851 -0.6005
vn -0.3222 0.9132 -0.2494
vn -0.3885 0.9105 0.1415
vn 0.0035 0.9996 0.0282
vn -0.6839 0.6785 -0.2680
vn -0.8534 0.5115 0.1006
vn 0.0659 0.5482 0.8338
vn -0.6848 0.6928 0.2261
vn 0.6263 0.5947 -0.5041
vn 0.1964 0.4206 -0.8857
vn -0.1646 0.4438 0.8809
vn -0.0018 0.9893 -0.1459
vn 0.6016 0.7490 -0.2777
vn 0.8622 0.3277 -0.3862
vn -0.3194 0.9425 -0.0986
vn -0.2669 0.9636 0.0172
vn -0.4452 0.8947 0.0364
vn -0.1207 0.9560 -0.2673
vn -0.4067 0.6067 0.6831
vn 0.0057 0.9996 -0.0291
vn -0.3273 0.9437 -0.0478
vn -0.1763 0.9481 -0.2645
vn -0.0496 0.9987 0.0098
vn -0.7621 0.3056 -0.5708
vn -0.5178 0.3794 -0.7668
vn 0.1817 0.5475 0.8168
vn 0.1276 0.3368 -0.9329
vn 0.1310 0.3622 -0.9228
vn 0.2994 0.5412 0.7858
vn 0.3944 0.7373 0.5485
vn 0.4830 0.8528 0.1986
vn 0.3986 0.7044 -0.5873
vn 0.0615 0.5981 -0.7991
vn -0.0192 0.5972 0.8019
vn 0.8188 0.4754 -0.3218
vn -0.3078 0.9501 -0.0504
vn -0.3887 0.9196 -0.0570
vn 0.0331 0.8942 0.4465
vn 0.0639 0.9090 0.4118
vn -0.1072 0.9800 0.1678
vn -0.8763 0.3115 -0.3674
vn -0.9201 0.3221 -0.2227
vn -0.8541 0.5189 0.0350
vn -0.6783 0.6353 0.3691
vn 0.4956 0.3667 0.7873
vn -0.2139 0.4962 0.8414
vn -0.2488 0.2824 -0.9265
vn 0.5419 0.6160 0.5717
vn 0.3164 0.5813 0.7496
vn 0.0825 0.9956 0.0441
vn -0.2627 0.7179 -0.6447
vn 0.8137 0.3306 -0.4782
vn 0.9394 0.3344 0.0757
vn 0.1124 0.8922 0.4374
vn -0.3798 0.6911 -0.6149
vn -0.3661 0.9271 0.0807
vn -0.0400 0.9992 0.0068
vn -0.8428 0.3371 -0.4195
vn -0.8621 0.5035 0.0570
vn -0.8233 0.5625 -0.0759
vn -0.5496 0.4985 0.6704
vn 0.6126 0.5650 -0.5528
vn 0.8228 0.5304 0.2041
vn -0.4105 0.9068 0.0965
vn -0.2508 0.8290 0.4999
vn 0.0630 0.9910 0.1179
vn -0.9385 0.2319 0.2556
vn -0.9389 0.2646 -0.2201
vn -0.7642 0.2026 -0.6124
vn -0.7076 0.2396 0.6647
vn -0.1743 0.5775 0.7976
vn 0.1918 0.4529 -0.8707
vn 0.0084 0.3867 0.9222
vn -0.3042 0.3641 0.8803
vn 0.1779 0.9616 0.2089
vn 0.1160 0.8964 -0.4278
vn -0.2209 0.4761 0.8512
vn -0.3077 0.9272 0.2133
vn -0.0310 0.9015 -0.4316
vn -0.7680 0.3748 -0.5194
vn -0.9339 0.3557 0.0376
vn -0.7646 0.6363 0.1025
vn -0.8879 0.4587 0.0332
vn -0.3499 0.9368 0.0054
vn 0.0636 0.4919 0.8683
vn 0.0399 0.9992 0.0070
vn 0.0491 0.9887 0.1416
vn -0.0603 0.7840 0.6178
vn 0.3496 0.9161 -0.1964
vn 0.8442 0.4152 -0.3390
vn -0.5557 0.1468 0.8183
vn -0.3019 0.8100 0.5027
vn -0.5684 0.7610 0.3128
vn -0.0331 0.9992 -0.0242
vn 0.0059 0.9840 -0.1781
vn -0.2523 0.6499 -0.7169
vn 0.4495 0.7133 0.5377
vn -0.0197 0.3194 0.9474
vn 0.0860 0.8057 0.5860
vn 0.7737 0.5881 -0.2356
vn 0.6383 0.7560 -0.1450
vn -0.4370 0.8993 -0.0156
vn -0.2503 0.9131 -0.3217
vn -0.7167 0.6962 -0.0403
vn 0.0079 0.9834 -0.1810
vn -0.0937 0.9932 0.0686
vn -0.3197 0.2445 0.9154
vn 0.3888 0.5210 -0.7599
vn 0.2040 0.3016 -0.9313
vn -0.1981 0.6788 -0.7071
vn 0.1243 0.3600 -0.9246
vn 0.8109 0.5782 -0.0904
vn 0.4423 0.4624 0.7685
vn 0.2716 0.9346 0.2297
vn 0.6057 0.7797 -0.1588
vn 0.5071 0.5981 -0.6206
vn 0.5460 0.3469 0.7626
vn -0.6596 0.5422 -0.5206
vn -0.9658 0.2593 0.0058
vn -0.7413 0.6710 -0.0179
vn -0.9294 0.3547 0.1020
vn -0.6351 0.3821 0.6713
vn -0.9117 0.4108 -0.0023
vn 0.1143 0.5178 0.8479
vn 0.6500 0.5683 0.5045
vn 0.0267 0.5298 -0.8477
vn 0.3042 0.9480 0.0938
vn 0.6121 0.7782 -0.1409
vn 0.6194 0.7489 -0.2356
vn 0.4324 0.4169 -0.7995
vn 0.4961 0.5860 -0.6407
vn 0.8284 0.3471 0.4396
vn -0.0785 0.9959 -0.0450
vn -0.0744 0.9953 0.0618
vn 0.1543 0.9297 0.3343
vn 0.2792 0.9500 0.1401
vn -0.6027 0.7798 0.1693
vn -0.0151 0.9988 -0.0462
vn -0.9289 0.3174 -0.1910
vn -0.8551 0.3083 -0.4169
vn -0.3398 0.3273 0.8817
vn 0.7787 0.5643 -0.2743
vn -0.2632 0.5393 -0.7999
vn -0.3040 0.3405 0.8897
vn 0.1283 0.4777 0.8691
vn -0.2226 0.7912 0.5696
vn 0.6259 0.7035 0.3368
vn 0.6402 0.3854 -0.6646
vn -0.0833 0.9965 -0.0042
vn -0.0247 0.9284 0.3708
vn -0.0440 0.9989 0.0164
vn -0.6773 0.4332 -0.5947
vn -0.7710 0.3358 0.5411
vn -0.7183 0.2024 -0.6657
vn 0.0183 0.3055 0.9520
vn -0.5703 0.6074 0.5529
vn 0.4886 0.5843 -0.6480
vn 0.5945 0.3727 -0.7125
vn 0.6341 0.4893 -0.5988
vn 0.2298 0.5243 0.8200
vn -0.0680 0.4580 0.8863
vn 0.0946 0.9860 -0.1375
vn 0.0360 0.4715 -0.8811
vn 0.0016 0.9786 0.2056
vn -0.8848 0.4540 -0.1048
vn -0.5209 0.4036 -0.7522
vn -0.6751 0.7178 0.1703
vn -0.4418 0.8880 0.1273
vn 0.0014 0.8200 0.5724
vn -0.1702 0.7602 0.6270
vn 0.7735 0.6289 0.0791
vn 0.0029 0.3680 0.9298
vn 0.2044 0.9205 0.3330
vn -0.0640 0.9707 -0.2317
vn -0.8141 0.4188 -0.4024
vn -0.9288 0.3535 0.1116
vn 0.7132 0.6466 -0.2706
vn 0.6117 0.4253 -0.6670
vn 0.3216 0.6033 0.7298
vn 0.7095 0.6156 -0.3429
vn 0.1733 0.9843 0.0319
vn 0.2434 0.9360 0.2542
vn -0.2429 0.9150 -0.3221
vn -0.7349 0.5304 -0.4225
vn -0.6913 0.4721 -0.5471
vn 0.5657 0.7493 -0.3444
vn 0.0426 0.3642 -0.9303
vn 0.5653 0.2639 0.7815
vn -0.0357 0.6447 0.7636
vn -0.1678 0.9369 0.3067
vn -0.0777 0.7248 -0.6846
vn 0.5125 0.4548 0.7284
vn 0.1235 0.9538 0.2739
vn 0.1833 0.8584 -0.4791
vn 0.8421 0.4442 -0.3060
vn 0.6176 0.2182 0.7556
vn -0.3786 0.7560 0.5340
vn -0.5015 0.8652 -0.0062
vn -0.0096 0.9367 0.3501
vn 0.0070 1.0000 -0.0026
vn -0.0030 1.0000 -0.0064
vn -0.9465 0.3227 0.0095
vn -0.9659 0.2587 0.0039
vn -0.4754 0.8201 -0.3185
vn 0.2201 0.6418 0.7346
vn 0.8888 0.4346 0.1456
vn 0.7427 0.6580 -0.1241
vn 0.7060 0.7049 -0.0679
vn 0.4959 0.8617 -0.1079
vn 0.4059 0.7473 -0.5262
vn 0.3634 0.5427 0.7572
vn 0.8255 0.3585 -0.4359
vn 0.5204 0.4078 0.7503
vn -0.0330 0.9821 -0.1854
vn -0.1998 0.9763 0.0827
vn -0.5780 0.3153 -0.7526
vn -0.7537 0.3440 0.5601
vn 0.1924 0.8516 0.4877
vn 0.1610 0.4997 -0.8511
vn -0.0242 0.4065 -0.9133
vn -0.7881 0.4273 0.4431
vn -0.8126 0.4267 0.3969
vn 0.0260 0.7187 -0.6948
vn 0.8697 0.4278 0.2460
vn 0.2496 0.7513 0.6110
vn -0.0374 0.3797 0.9243
vn 0.0580 0.8788 0.4737
vn -0.1224 0.9870 -0.1046
vn -0.4958 0.8617 -0.1082
vn -0.6805 0.4426 -0.5839
vn -0.4995 0.3447 -0.7948
vn 0.4463 0.6212 0.6442
vn -0.3936 0.8123 -0.4304
vn 0.6621 0.7207 0.2055
vn -0.5177 0.8506 -0.0919
vn 0.6109 0.6779 -0.4089
vn 0.9259 0.3163 -0.2066
vn 0.5607 0.3857 -0.7327
vn 0.5694 0.3475 -0.7450
vn 0.8093 0.4429 -0.3859
vn 0.0299 0.9525 -0.3030
vn -0.0875 0.9210 0.3795
vn -0.6738 0.6016 -0.4291
vn -0.5064 0.8410 0.1906
vn -0.7999 0.5947 0.0806
vn -0.1388 0.9752 -0.1721
vn 0.7323 0.6397 -0.2334
vn 0.3375 0.9147 -0.2221
vn 0.9253 0.3162 -0.2095
vn 0.6298 0.2859 0.7222
vn 0.4356 0.8870 -0.1531
vn -0.3631 0.8729 -0.3260
vn -0.0218 0.7923 0.6097
vn 0.5435 0.8307 -0.1207
vn 0.6214 0.7677 0.1562
vn 0.5539 0.6804 -0.4798
vn -0.1081 0.9539 0.2799
vn -0.3756 0.8578 0.3509
vn -0.9039 0.4046 0.1385
vn -0.7093 0.6421 -0.2907
vn -0.0304 0.4642 -0.8852
vn -0.1034 0.4614 0.8811
vn -0.0847 0.3990 0.9130
vn -0.3869 0.6416 0.6624
vn 0.8527 0.5180 -0.0680
vn -0.0774 0.9925 -0.0945
vn 0.3247 0.8492 0.4166
vn 0.4489 0.7984 -0.4013
vn -0.1959 0.9713 0.1347
vn -0.6253 -0.7717 -0.1165
vn -0.3776 0.8519 0.3629
vn -0.0243 0.9738 -0.2260
vn 0.3392 0.7575 0.5578
vn 0.4371 0.7654 -0.4723
vn 0.7356 0.3112 -0.6017
vn 0.9016 0.3562 0.2453
vn 0.9536 0.2967 -0.0505
vn 0.9103 0.3923 -0.1318
vn -0.2299 0.9313 -0.2824
vn 0.1652 0.4115 0.8963
vn -0.0605 0.7882 0.6125
vn 0.4775 0.7110 -0.5162
vn 0.7021 0.5907 0.3976
vn -0.4510 0.7098 0.5411
vn -0.7932 0.5197 -0.3175
vn -0.3910 0.9199 -0.0289
vn -0.1442 0.7284 -0.6699
vn 0.8280 0.5569 -0.0651
vn 0.6973 0.7083 0.1098
vn 0.8039 0.4898 0.3374
vn 0.4351 0.3900 -0.8116
vn -0.7582 0.4135 0.5042
vn 0.1868 0.3750 -0.9080
vn -0.2389 0.9539 -0.1816
vn -0.1004 0.8310 -0.5471
vn -0.7263 0.5483 0.4146
vn -0.3684 0.9028 0.2217
vn -0.1035 0.8446 0.5253
vn -0.9107 0.2919 -0.2923
vn -0.5071 0.3613 -0.7825
vn -0.4277 0.2535 0.8677
vn 0.1197 0.2379 0.9639
vn 0.7257 0.6671 -0.1684
vn 0.2077 0.9122 -0.3531
vn -0.2280 0.9712 0.0688
vn 0.6999 0.6681 -0.2523
vn 0.4328 0.3899 -0.8128
vn -0.0433 0.9777 -0.2056
vn 0.5485 0.8123 0.1983
vn 0.4095 0.2753 0.8698
vn -0.0050 0.9842 0.1772
vn -0.0244 0.9993 0.0289
vn -0.7600 0.3109 -0.5708
vn -0.7044 0.4270 0.5670
vn -0.9277 0.3107 -0.2071
vn -0.8101 0.4155 -0.4137
vn -0.3828 0.6542 -0.6523
vn -0.4518 0.3398 -0.8249
vn -0.5668 0.3003 0.7672
vn 0.6907 0.5232 -0.4992
vn 0.5775 0.6088 0.5440
vn 0.8192 0.5246 0.2317
vn 0.2812 0.8266 0.4876
vn 0.8027 0.5962 -0.0160
vn 0.0560 0.9981 -0.0244
vn -0.3355 0.7815 -0.5261
vn -0.3564 0.9265 0.1206
vn 0.0170 0.9998 -0.0092
vn -0.6759 0.3009 -0.6728
vn -0.7528 0.6254 -0.2055
vn -0.0733 0.7909 -0.6075
vn -0.5222 0.3093 -0.7947
vn -0.7048 0.6335 -0.3192
vn -0.1469 0.7045 0.6943
vn 0.7117 0.6625 -0.2338
vn -0.2172 0.9569 0.1929
vn 0.4477 0.4156 -0.7917
vn 0.8976 0.4183 -0.1393
vn 0.7722 0.4306 -0.4672
vn 0.0861 0.7936 0.6023
vn -0.0450 0.5828 0.8114
vn 0.8001 0.5568 0.2233
vn 0.7172 0.6328 0.2918
vn 0.0744 0.9844 -0.1597
vn -0.4261 0.5832 0.6916
vn -0.3552 0.6552 0.6667
vn -0.7700 0.4542 -0.4481
vn -0.6408 0.6869 0.3429
vn -0.3760 0.6040 -0.7027
vn -0.5352 0.8447 0.0103
vn 0.3434 0.7740 -0.5319
vn -0.8157 0.5037 -0.2844
vn 0.1782 0.6840 0.7074
vn -0.2676 0.9415 0.2048
vn -0.5329 0.6676 -0.5199
vn 0.5482 0.8179 0.1746
vn 0.5988 0.6062 -0.5234
vn -0.4888 0.2923 -0.8219
vn 0.6721 0.7242 0.1544
vn 0.4827 0.6823 -0.5491
vn 0.0773 0.9357 0.3441
vn 0.4516 0.8917 -0.0317
vn -0.5254 0.3824 -0.7601
vn -0.8803 0.3927 0.2663
vn -0.5193 0.5987 0.6098
vn 0.7120 0.6120 0.3442
vn 0.6160 0.7829 -0.0874
vn 0.3671 0.6771 -0.6378
vn -0.0969 0.7388 0.6670
vn -0.4474 0.7464 -0.4927
vn -0.0996 0.9900 0.0999
vn 0.4756 0.8791 0.0327
vn 0.7156 0.6814 -0.1536
vn -0.3458 0.7469 0.5680
vn -0.0081 0.6952 0.7187
vn 0.7062 0.6902 0.1580
vn -0.4710 0.3834 0.7944
vn -0.4280 0.7459 -0.5103
vn 0.6746 0.3122 0.6689
vn 0.6402 0.7491 0.1702
vn 0.4764 0.4045 -0.7807
vn -0.2382 0.7899 0.5651
vn -0.2638 0.9640 -0.0340
vn -0.9561 0.2885 -0.0514
vn 0.0581 0.7744 0.6301
vn 0.3601 0.9288 0.0872
vn 0.1413 0.9627 0.2309
vn 0.0096 1.0000 -0.0002
vn -0.4757 0.8489 -0.2305
vn -0.5269 0.5600 -0.6394
vn -0.5280 0.8492 -0.0075
vn 0.3816 0.7764 0.5017
vn 0.5016 0.3471 0.7924
vn -0.1573 0.8569 0.4909
vn 0.2956 0.9174 0.2663
vn 0.4910 0.4274 -0.7591
vn 0.5969 0.6716 -0.4389
vn -0.7755 0.5454 -0.3182
vn 0.6026 0.5671 -0.5615
vn 0.8042 0.5733 -0.1568
vn 0.0477 0.9925 -0.1124
vn -0.0184 0.9998 -0.0046
vn -0.3943 0.5850 -0.7087
vn -0.7323 0.5958 0.3298
vn -0.3958 0.8750 -0.2788
vn -0.5118 0.8591 -0.0040
vn -0.6378 0.6952 -0.3315
vn -0.6984 0.7060 -0.1175
vn -0.7005 0.5541 -0.4497
vn 0.3237 0.5726 0.7532
vn 0.8251 0.3494 0.4439
vn 0.8097 0.3441 0.4754
vn -0.1342 0.9284 -0.3464
vn -0.1148 0.6331 -0.7655
vn 0.5170 0.5988 0.6116
vn 0.2198 0.9097 -0.3524
vn 0.2878 0.9330 -0.2159
vn -0.1537 0.9032 0.4009
vn 0.7672 0.5506 0.3291
vn 0.0961 0.9513 0.2929
vn 0.0550 0.9980 -0.0319
vn 0.0046 1.0000 -0.0021
vn -0.0012 1.0000 -0.0016
vn -0.7379 0.6354 -0.2275
vn -0.4536 0.6893 -0.5649
vn -0.1778 0.2959 -0.9385
vn -0.2424 0.9216 -0.3031
vn 0.3937 0.9105 -0.1268
vn 0.2357 0.9515 0.1977
vn 0.8845 0.4290 0.1836
vn 0.8638 0.4593 0.2069
vn -0.2528 0.7940 0.5528
vn -0.8409 0.3804 -0.3850
vn -0.6281 0.4206 0.6546
vn -0.7322 0.5840 0.3505
vn 0.1579 0.5585 0.8144
vn 0.5603 0.6289 0.5391
vn 0.4127 0.5510 0.7253
vn -0.0774 0.9961 -0.0431
vn 0.1848 0.8412 -0.5082
vn -0.3287 0.3682 -0.8697
vn -0.3923 0.8627 -0.3192
vn 0.8574 0.3448 -0.3821
vn -0.5531 0.6973 0.4559
vn 0.7984 0.5919 -0.1108
vn 0.1551 0.9583 0.2399
vn -0.0846 0.9127 0.3999
vn -0.0023 0.9999 0.0100
vn -0.6369 0.7691 0.0533
vn -0.4912 0.8472 -0.2027
vn 0.1963 0.8412 -0.5038
vn -0.3259 0.3720 -0.8691
vn -0.1728 0.7741 0.6090
vn 0.0321 0.7147 -0.6987
vn -0.3410 0.8589 -0.3820
vn 0.2498 0.6267 0.7381
vn 0.6255 0.7076 -0.3287
vn -0.6136 0.4679 0.6360
vn -0.3221 0.9101 -0.2607
vn 0.0414 0.8015 0.5966
vn 0.5340 0.6034 -0.5922
vn 0.2349 0.9417 0.2408
vn -0.0285 0.9994 -0.0209
vn 0.3492 0.7633 0.5436
vn 0.8469 0.3697 0.3822
vn 0.7734 0.3474 0.5303
vn -0.0040 0.5810 -0.8139
vn 0.6773 0.4777 -0.5596
vn -0.8097 0.4867 -0.3279
vn -0.8858 0.4609 -0.0540
vn 0.0999 0.9810 0.1664
vn -0.0045 1.0000 -0.0075
vn -0.0207 0.9321 -0.3617
vn -0.5566 0.7865 -0.2677
vn 0.1218 0.6013 -0.7897
vn 0.8457 0.2922 0.4465
vn -0.2974 0.9076 -0.2962
vn -0.2201 0.9528 -0.2092
vn 0.8480 0.5189 0.1077
vn 0.6412 0.2841 -0.7129
vn 0.8186 0.5022 0.2787
vn 0.8907 0.4541 0.0198
vn 0.8816 0.3826 0.2764
vn 0.6266 0.6201 -0.4720
vn -0.7494 0.6589 0.0650
vn -0.6048 0.4717 0.6417
vn -0.3057 0.8274 0.4712
vn -0.0756 0.5042 0.8603
vn 0.2860 0.9108 0.2976
vn 0.5399 0.7372 0.4063
vn 0.4303 0.8229 0.3710
vn 0.1561 0.9874 -0.0255
vn 0.3241 0.8037 0.4991
vn -0.1592 0.7802 0.6049
vn 0.0109 0.9996 0.0252
vn -0.2479 0.9688 0.0037
vn -0.1694 0.5430 -0.8224
vn 0.6889 0.4588 0.5612
vn -0.3701 0.7620 0.5315
vn -0.7173 0.4848 -0.5005
vn -0.4448 0.8527 0.2740
vn 0.5952 0.2936 -0.7481
vn 0.7611 0.3922 0.5166
vn -0.3605 0.3331 0.8712
vn -0.3294 0.8327 0.4451
vn -0.3383 0.7838 0.5208
vn -0.6928 0.4900 -0.5291
vn 0.6420 0.2713 0.7171
vn 0.2970 0.6711 0.6793
vn 0.4610 0.8866 -0.0372
vn 0.3599 0.9264 0.1109
vn 0.6121 0.7724 -0.1695
vn 0.5429 0.8052 0.2386
vn -0.5248 0.5933 -0.6104
vn -0.4142 0.3411 -0.8439
vn 0.6627 0.6875 -0.2969
vn 0.8093 0.5441 0.2212
vn 0.8021 0.4789 -0.3568
vn -0.1939 0.8568 -0.4778
vn 0.3482 0.7079 0.6145
vn 0.1545 0.6250 -0.7652
vn -0.8909 0.4528 0.0346
vn -0.3415 0.9009 -0.2678
vn 0.4418 0.8269 0.3479
vn -0.6845 0.7238 -0.0865
vn -0.5374 0.6683 -0.5144
vn -0.7675 0.5093 -0.3893
vn -0.8018 0.5790 -0.1478
vn -0.7261 0.6174 -0.3026
vn 0.0712 0.8371 0.5424
vn 0.6431 0.4768 0.5993
vn 0.6350 0.2844 0.7183
vn 0.7681 0.5563 -0.3171
vn -0.5974 0.7602 0.2553
vn -0.2969 0.3365 -0.8937
vn 0.8882 0.4592 -0.0128
vn 0.0353 0.7294 0.6831
vn 0.8177 0.5564 -0.1477
vn 0.4373 0.8766 0.2008
vn 0.5021 0.8588 0.1022
vn -0.3324 0.9354 0.1210
vn -0.5409 0.6736 -0.5037
vn -0.2370 0.9571 -0.1665
vn 0.7774 0.5684 -0.2695
vn -0.4851 0.8470 0.2173
vn -0.7703 0.5937 -0.2330
vn -0.9010 0.4338 -0.0068
vn -0.7314 0.3494 -0.5856
vn 0.2765 0.9463 0.1674
vn 0.7952 0.4308 -0.4266
vn 0.7933 0.4861 -0.3666
vn 0.1651 0.9855 -0.0384
vn 0.0683 0.9968 -0.0409
vn -0.4201 0.8793 0.2243
vn -0.7392 0.4432 0.5072
vn -0.7415 0.4467 0.5007
vn -0.6805 0.4497 0.5786
vn -0.6886 0.6258 -0.3664
vn 0.5489 0.7374 -0.3937
vn 0.8498 0.5219 0.0735
vn 0.8820 0.2373 0.4071
vn 0.1624 0.9165 0.3655
vn 0.7647 0.6257 0.1544
vn -0.3445 0.6271 0.6986
vn -0.3719 0.9173 -0.1421
vn -0.4686 0.7293 -0.4985
vn -0.3845 0.7243 -0.5723
vn -0.5387 0.3470 -0.7677
vn -0.6430 0.3903 -0.6590
vn 0.1457 0.7877 0.5985
vn 0.1479 0.8988 0.4126
vn 0.0707 0.7087 0.7020
vn 0.3442 0.6014 -0.7210
vn 0.7083 0.3835 0.5927
vn 0.0799 0.9727 0.2177
vn -0.4123 0.7536 -0.5120
vn 0.3289 0.9327 0.1481
vn -0.3433 0.9278 -0.1458
vn -0.8118 0.3613 -0.4588
vn 0.8988 0.3862 0.2072
vn 0.5464 0.2748 0.7912
vn 0.0679 0.8363 0.5440
vn -0.0907 0.5927 0.8003
vn 0.5067 0.8003 0.3207
vn -0.2008 0.3300 -0.9224
vn 0.4298 0.4660 -0.7734
vn -0.1761 0.8262 0.5351
vn -0.0609 0.2843 0.9568
vn -0.8387 0.3088 0.4486
vn -0.8627 0.4027 0.3059
vn 0.5210 0.3700 0.7692
vn 0.7487 0.4387 0.4970
vn 0.1090 0.9766 -0.1852
vn -0.3748 0.8919 0.2530
vn -0.5568 0.6653 -0.4973
vn 0.3013 0.7335 -0.6092
vn 0.2799 0.8757 -0.3935
vn 0.1737 0.4029 -0.8986
vn 0.0551 0.6595 0.7496
vn -0.4319 0.5649 -0.7031
vn 0.6368 0.6006 -0.4835
vn -0.8579 0.4013 0.3209
vn -0.8629 0.4936 0.1086
vn -0.5666 0.4219 -0.7078
vn 0.3656 0.7214 -0.5882
vn 0.2543 0.7006 -0.6667
vn 0.2644 0.9404 0.2138
vn 0.1461 0.9666 0.2105
vn -0.0557 0.3944 -0.9172
vn 0.5879 0.2705 0.7624
vn -0.0298 0.6096 0.7922
vn 0.2287 0.9326 0.2793
vn 0.2376 0.4614 -0.8548
vn -0.3124 0.8450 0.4341
vn -0.8536 0.4871 0.1846
vn 0.4737 0.7511 -0.4598
vn 0.2587 0.9259 0.2753
vn -0.6117 0.7425 0.2731
vn -0.5595 0.7904 -0.2496
vn -0.3922 0.7252 -0.5659
vn -0.0600 0.2373 -0.9696
vn -0.7543 0.6317 0.1790
vn 0.2081 0.4270 0.8800
vn 0.2568 0.4304 0.8653
vn 0.0965 0.9950 -0.0250
vn 0.3135 0.8946 0.3186
vn -0.4233 0.7646 -0.4860
vn 0.2429 0.9313 0.2714
vn 0.6911 0.3904 -0.6082
vn 0.8343 0.4967 -0.2393
vn -0.5981 0.6650 -0.4474
vn -0.3370 0.5334 0.7758
vn 0.4594 0.8810 0.1133
vn 0.4856 0.3817 -0.7864
vn 0.1021 0.4730 -0.8751
vn -0.4379 0.3444 -0.8304
vn 0.3426 0.6021 -0.7212
vn 0.7295 0.5928 -0.3412
vn 0.2362 0.5379 0.8093
vn 0.4657 0.7932 -0.3922
vn 0.8362 0.3493 0.4228
vn 0.9163 0.3108 0.2526
vn 0.0910 0.9342 0.3449
vn -0.0752 0.9525 -0.2950
vn -0.6741 0.7166 -0.1792
vn -0.8403 0.3999 -0.3661
vn 0.2277 0.5590 0.7973
vn 0.5179 0.8316 0.2004
vn 0.0113 0.9884 -0.1517
vn -0.0689 0.9921 0.1051
vn -0.6278 0.6908 -0.3587
vn -0.6248 0.5709 -0.5326
vn -0.6349 0.7638 -0.1158
vn 0.6762 0.2583 0.6900
vn 0.1704 0.2238 0.9596
vn 0.5354 0.5030 -0.6784
vn 0.3908 0.5122 0.7648
vn 0.6020 0.4491 0.6602
vn -0.1432 0.2556 -0.9561
vn 0.6862 0.3707 -0.6258
vn 0.7874 0.3190 0.5276
vn 0.0792 0.6585 -0.7484
vn 0.7865 0.6089 0.1031
vn 0.6184 0.7119 0.3329
vn 0.4460 0.4135 -0.7938
vn 0.4910 0.5020 -0.7120
vn 0.8351 0.3280 0.4416
vn 0.0260 0.3248 0.9454
vn 0.3907 0.5467 0.7406
vn 0.6596 0.6417 0.3914
vn -0.5823 0.2982 -0.7563
vn -0.3701 0.8244 0.4283
vn 0.0680 0.9970 0.0359
vn 0.0003 1.0000 0.0006
vn -0.2968 0.9327 -0.2048
vn -0.7381 0.5386 -0.4063
vn 0.8143 0.5408 -0.2107
vn 0.3542 0.2355 -0.9050
vn 0.7021 0.2603 0.6628
vn -0.2017 0.9138 0.3525
vn 0.3646 0.4881 0.7930
vn 0.8105 0.5676 -0.1447
vn -0.0038 0.5520 -0.8338
vn 0.5311 0.8395 -0.1150
vn 0.5455 0.3367 0.7675
vn 0.4767 0.8188 0.3198
vn 0.6405 0.7241 0.2558
vn -0.3206 0.9098 0.2635
vn -0.0989 0.8736 -0.4765
vn 0.0854 0.9935 -0.0747
vn -0.0016 0.9592 -0.2826
vn 0.3573 0.4885 0.7961
vn 0.4851 0.2987 -0.8219
vn 0.7922 0.4760 -0.3819
vn 0.6336 0.5549 0.5391
vn -0.3366 0.5233 -0.7829
vn 0.8834 0.4256 0.1960
vn 0.3322 0.4889 0.8066
vn -0.1100 0.4086 0.9061
vn 0.5481 0.6891 -0.4741
vn -0.7357 0.6096 0.2952
vn 0.4717 0.7868 0.3981
vn -0.3833 0.6348 0.6709
vn -0.2325 0.9306 0.2826
vn -0.4806 0.7578 -0.4414
vn -0.0659 0.2589 -0.9637
vn 0.6641 0.4902 -0.5645
vn 0.4287 0.2624 -0.8645
vn 0.5129 0.3686 0.7753
vn 0.7573 0.2590 0.5995
vn 0.2968 0.6073 0.7370
vn 0.8375 0.5403 -0.0814
vn -0.1588 0.6659 0.7289
vn 0.4568 0.5822 0.6726
vn 0.5495 0.1840 0.8150
vn -0.3873 0.5238 -0.7587
vn -0.4290 0.7334 0.5273
vn -0.2257 0.9430 -0.2444
vn 0.0416 0.9616 0.2713
vn -0.1077 0.8251 0.5546
vn -0.1161 0.9909 -0.0683
vn -0.5183 0.8357 0.1815
vn -0.2552 0.9650 0.0599
vn 0.6930 0.4845 -0.5339
vn 0.8921 0.3131 0.3257
vn -0.1320 0.9619 -0.2393
vn 0.7027 0.3438 0.6229
vn 0.1922 0.2738 -0.9424
vn -0.4804 0.5926 -0.6465
vn -0.3064 0.5699 0.7624
vn 0.9174 0.3039 0.2568
vn 0.4865 0.6754 -0.5542
vn 0.2351 0.6339 -0.7368
vn 0.3085 0.5861 0.7492
vn -0.6730 0.6370 -0.3759
vn 0.3687 0.5149 -0.7739
vn -0.3889 0.7257 0.5675
vn 0.4075 0.8599 0.3074
vn -0.1108 0.8910 -0.4403
vn -0.3569 0.4759 -0.8038
vn 0.4332 0.2561 -0.8642
vn -0.6759 0.6727 0.3010
vn 0.2414 0.5483 0.8007
vn -0.6551 0.6533 0.3794
vn 0.5613 0.7342 -0.3820
vn -0.0142 0.9563 0.2920
vn 0.4382 0.7907 -0.4276
vn 0.6253 0.7421 0.2417
vn 0.6798 0.6057 -0.4136
vn 0.0730 0.9281 0.3651
vn -0.6366 0.7116 -0.2972
vn 0.2761 0.4053 0.8715
vn 0.5288 0.4048 -0.7460
vn -0.4081 0.3549 -0.8411
vn 0.2363 0.2712 -0.9331
vn 0.1273 0.5601 -0.8186
vn 0.2839 0.5995 -0.7483
vn 0.6301 0.7764 0.0141
vn 0.6575 0.2129 -0.7228
vn 0.5974 0.7510 0.2814
vn 0.8637 0.3553 0.3575
vn 0.2191 0.3032 0.9274
vn -0.1356 0.8291 -0.5424
vn -0.0158 0.7523 -0.6586
vn -0.8855 0.4594 -0.0702
vn 0.1385 0.2862 -0.9481
vn -0.1662 0.5712 0.8038
vn 0.6559 0.5160 0.5509
vn -0.0969 0.9892 0.1098
vn 0.2096 0.5939 0.7768
vn -0.6045 0.6574 0.4499
vn 0.1387 0.8194 -0.5562
vn 0.4448 0.5437 -0.7118
vn 0.5794 0.3725 0.7249
vn -0.0017 0.7935 -0.6086
vn 0.5383 0.7269 -0.4264
vn 0.7038 0.5641 0.4319
vn 0.7427 0.6693 -0.0215
vn 0.7486 0.5982 -0.2861
vn 0.8273 0.3506 0.4389
vn -0.5971 0.7215 0.3506
vn -0.4622 0.8164 0.3463
vn -0.4819 0.8748 0.0510
vn 0.0012 1.0000 -0.0033
vn -0.1849 0.6824 -0.7072
vn 0.6948 0.3090 0.6495
vn 0.4090 0.7796 0.4743
vn 0.7385 0.6582 -0.1461
vn 0.8193 0.5121 0.2580
vn 0.6298 0.5293 -0.5685
vn 0.7450 0.6625 0.0775
vn 0.7898 0.5052 -0.3478
vn 0.2243 0.2779 -0.9340
vn 0.4129 0.3454 0.8428
vn 0.4391 0.3655 0.8207
vn 0.4748 0.3800 0.7938
vn -0.2362 0.8292 0.5066
vn -0.2142 0.9738 -0.0765
vn -0.0044 0.1553 -0.9879
vn 0.6977 0.5786 -0.4225
vn 0.9354 0.3308 -0.1247
vn 0.3525 0.4150 0.8387
vn 0.1597 0.7911 -0.5904
vn 0.5951 0.2712 0.7565
vn 0.8915 0.3083 0.3319
vn 0.3474 0.3569 -0.8672
vn 0.8976 0.4206 0.1320
vn 0.4905 0.1824 0.8521
vn 0.7403 0.6542 0.1549
vn -0.3682 0.6333 -0.6807
vn 0.4452 0.3662 0.8171
vn -0.3988 0.7250 0.5615
vn -0.4530 0.8806 0.1388
vn -0.0014 1.0000 0.0014
vn -0.0383 0.7316 -0.6807
vn 0.7395 0.5994 -0.3063
vn 0.4175 0.3377 -0.8436
vn 0.4165 0.1947 -0.8881
vn 0.0780 0.4192 -0.9045
vn 0.3264 0.4022 0.8554
vn 0.8097 0.3290 0.4859
vn 0.5648 0.5095 0.6492
vn -0.2772 0.9547 0.1080
vn -0.2785 0.9591 0.0502
vn -0.3773 0.5159 -0.7691
vn 0.0113 0.2706 -0.9626
vn 0.1108 0.2978 0.9482
vn -0.3923 0.6384 -0.6622
vn -0.4625 0.8854 0.0461
vn -0.2907 0.9562 -0.0330
vn 0.4513 0.3559 -0.8183
vn 0.8457 0.2515 -0.4708
vn -0.4454 0.8944 -0.0419
vn 0.8101 0.3288 0.4855
vn 0.7224 0.6338 -0.2765
vn 0.2618 0.6244 0.7359
vn -0.4846 0.8545 0.1872
vn -0.3936 0.7598 0.5174
vn -0.6741 0.6717 0.3073
vn -0.4504 0.8831 0.1313
vn -0.0023 1.0000 0.0028
vn -0.3901 0.7897 -0.4735
vn -0.3342 0.7712 -0.5418
vn 0.6980 0.3081 0.6464
vn 0.8575 0.4694 -0.2107
vn 0.9079 0.4192 0.0030
vn 0.8947 0.4364 0.0953
vn -0.4552 0.6521 0.6062
vn -0.1079 0.6689 -0.7354
vn -0.4182 0.8757 0.2413
vn 0.0193 0.8734 0.4865
vn 0.8488 0.4424 -0.2895
vn 0.9532 0.2494 0.1709
vn 0.7454 0.1810 0.6416
vn 0.8488 0.4308 0.3066
vn 0.5343 0.5231 0.6641
vn 0.6986 0.5185 -0.4931
vn 0.1376 0.9282 -0.3458
vn 0.3625 0.3626 -0.8586
vn -0.3650 0.9260 0.0961
vn 0.1936 0.9496 -0.2466
vn 0.3402 0.3740 0.8628
vn 0.8559 0.5164 -0.0274
vn 0.4021 0.3754 0.8351
vn 0.1836 0.9483 0.2589
vn 0.8469 0.3461 0.4037
vn 0.5421 0.2665 0.7969
vn 0.7635 0.2725 0.5855
vn 0.8235 0.5122 0.2439
vn -0.1671 0.2924 -0.9416
vn -0.0324 0.2874 0.9573
vn -0.7058 0.7083 -0.0105
vn -0.4163 0.9015 0.1181
vn 0.0048 1.0000 0.0048
vn 0.8553 0.4410 -0.2720
vn 0.5930 0.7822 0.1910
vn 0.4235 0.8459 -0.3241
vn 0.1301 0.9847 0.1161
vn 0.3092 0.4274 -0.8495
vn 0.4999 0.6576 -0.5636
vn -0.0875 0.2745 -0.9576
vn 0.8116 0.5017 0.2992
vn -0.1119 0.5253 -0.8435
vn -0.2921 0.3196 -0.9014
vn -0.4446 0.3220 -0.8358
vn -0.2711 0.9621 -0.0306
vn -0.2856 0.2979 -0.9109
vn 0.8868 0.4495 0.1079
vn 0.8025 0.5260 0.2815
vn 0.3460 0.2752 0.8970
vn 0.7582 0.2708 0.5932
vn -0.3481 0.8240 0.4470
vn -0.1804 0.9835 -0.0093
vn -0.1239 0.9846 0.1236
vn -0.2608 0.7787 -0.5707
vn -0.2599 0.5208 -0.8132
vn 0.3787 0.3204 -0.8683
vn 0.6558 0.7546 0.0227
vn -0.8698 0.3620 -0.3353
vn 0.0885 0.1733 0.9809
vn 0.4751 0.3582 0.8037
vn 0.5898 0.7789 0.2134
vn 0.8984 0.4391 -0.0086
vn 0.3651 0.5360 0.7612
vn -0.3212 0.5304 -0.7845
vn 0.7149 0.3282 0.6174
vn -0.6696 0.3947 -0.6292
vn -0.6902 0.6407 0.3362
vn -0.4500 0.8809 0.1467
vn -0.4195 0.8751 0.2414
vn -0.1170 0.2059 -0.9715
vn -0.1655 0.3913 0.9053
vn 0.4235 0.6805 -0.5980
vn 0.0054 0.6084 0.7936
vn 0.2221 0.9475 0.2300
vn 0.6203 0.4133 -0.6666
vn 0.5394 0.3911 -0.7457
vn -0.0541 0.5370 -0.8419
vn 0.3486 0.3447 0.8716
vn 0.7238 0.5496 0.4173
vn -0.5701 0.8176 -0.0806
vn 0.0145 0.8266 0.5626
vn -0.2231 0.9740 0.0400
vn 0.9202 0.2725 -0.2811
vn -0.0343 0.9091 -0.4151
vn 0.7474 0.6592 -0.0822
vn 0.3832 0.9192 -0.0909
vn 0.5960 0.6714 -0.4404
vn 0.6113 0.7230 0.3220
vn 0.8611 0.3787 0.3393
vn -0.6829 0.3586 0.6364
vn -0.3173 0.3139 0.8949
vn -0.7215 0.6894 0.0650
vn -0.1986 0.4768 -0.8563
vn 0.4964 0.3500 -0.7944
vn -0.9295 0.2266 0.2912
vn 0.1692 0.2917 0.9414
vn 0.6468 0.7606 -0.0550
vn 0.2911 0.9162 0.2755
vn -0.0360 0.4306 -0.9018
vn -0.8213 0.3389 -0.4590
vn -0.7196 0.3730 0.5857
vn -0.6849 0.3638 0.6313
vn -0.3515 0.7276 0.5891
vn -0.1040 0.9851 -0.1372
vn -0.4671 0.2450 -0.8496
vn -0.2640 0.5635 0.7828
vn -0.1895 0.7158 -0.6721
vn 0.2162 0.7642 0.6076
vn -0.8374 0.4705 0.2783
vn -0.8206 0.5248 -0.2265
vn -0.1249 0.3982 0.9088
vn 0.0926 0.3311 0.9390
vn -0.1622 0.3683 -0.9155
vn -0.2065 0.4776 -0.8540
vn -0.4185 0.5606 -0.7146
vn 0.3167 0.4686 -0.8247
vn -0.5477 0.4795 0.6856
vn -0.7219 0.6142 0.3186
vn -0.0308 0.5570 0.8299
vn -0.5924 0.5316 -0.6054
vn -0.1715 0.3933 -0.9033
vn -0.6701 0.3790 0.6382
vn -0.7307 0.6709 0.1264
vn -0.1635 0.9760 0.1437
vn -0.0064 1.0000 0.0009
vn -0.5557 0.7996 -0.2276
vn -0.4373 0.3517 0.8277
vn 0.1781 0.4975 0.8490
vn -0.7272 0.6473 0.2285
vn -0.1671 0.4195 -0.8922
vn 0.4382 0.4580 0.7735
vn 0.5185 0.5085 0.6874
vn 0.3015 0.7637 0.5708
vn 0.5857 0.4591 -0.6679
vn 0.0433 0.3996 -0.9157
vn 0.1297 0.9905 -0.0454
vn -0.7740 0.4912 0.3996
vn -0.2695 0.4844 0.8323
vn -0.2016 0.2570 -0.9451
vn -0.6253 0.3744 0.6847
vn -0.5900 0.3454 0.7298
vn -0.7220 0.6365 0.2711
vn -0.1225 0.8749 0.4685
vn 0.4972 0.8076 -0.3170
vn -0.7403 0.6721 -0.0147
vn 0.1808 0.6673 0.7225
vn -0.3241 0.7513 0.5749
vn -0.9221 0.3695 0.1145
vn -0.9194 0.3634 0.1503
vn -0.9235 0.3439 0.1702
vn 0.2788 0.3922 0.8766
vn -0.1498 0.6061 0.7811
vn 0.3829 0.6472 0.6592
vn -0.7460 0.6658 -0.0121
vn -0.8100 0.5801 -0.0863
vn -0.7847 0.5007 0.3654
vn -0.8390 0.5343 0.1031
vn -0.5910 0.7974 -0.1224
vn -0.6032 0.7974 0.0179
vn -0.2781 0.5909 -0.7573
vn -0.7226 0.3356 -0.6044
vn -0.7816 0.2135 0.5861
vn -0.1242 0.6206 0.7742
vn -0.6188 0.7357 0.2753
vn -0.3160 0.8347 -0.4511
vn -0.0082 0.9766 0.2148
vn -0.4316 0.2005 -0.8795
vn -0.4007 0.3303 -0.8546
vn -0.9120 0.3166 0.2607
vn -0.8461 0.4883 0.2138
vn -0.2441 0.7510 0.6135
vn -0.4436 0.4424 -0.7794
vn -0.4726 0.3828 -0.7938
vn -0.4296 0.3389 -0.8370
vn 0.4951 0.5161 0.6989
vn -0.7765 0.5229 0.3514
vn -0.1534 0.9844 0.0867
vn -0.1369 0.4882 0.8619
vn -0.8685 0.4953 0.0225
vn -0.8357 0.5352 0.1229
vn 0.3338 0.9138 -0.2315
vn -0.8808 0.4021 -0.2499
vn 0.1660 0.3378 0.9265
vn -0.8104 0.3617 0.4609
vn -0.0739 0.9939 -0.0819
vn -0.0190 0.6138 0.7892
vn -0.1610 0.5096 0.8452
vn 0.0881 0.4510 0.8882
vn -0.7167 0.5810 0.3857
vn 0.3648 0.3947 -0.8433
vn -0.8608 0.3814 0.3369
vn 0.3264 0.4591 0.8262
vn 0.3025 0.6729 0.6751
vn -0.7644 0.5988 -0.2390
vn -0.4924 0.6040 -0.6267
vn 0.3005 0.2932 -0.9076
vn -0.4910 0.3631 -0.7919
vn -0.4155 0.8963 -0.1552
vn -0.5739 0.5552 0.6021
vn -0.4660 0.4560 -0.7582
vn -0.9208 0.3882 -0.0368
vn -0.4213 0.8176 0.3924
vn -0.4428 0.5447 -0.7122
vn 0.7731 0.5818 0.2527
vn -0.7581 0.6268 0.1798
vn -0.4768 0.7501 -0.4583
vn -0.8835 0.3997 0.2442
vn -0.0314 0.9985 0.0448
vn 0.0978 0.9431 0.3178
vn -0.8047 0.5356 -0.2561
vn -0.9276 0.2381 -0.2878
vn 0.8833 0.4622 0.0782
vn 0.1494 0.9434 -0.2962
vn -0.1045 0.4250 -0.8991
vn -0.8228 0.4236 0.3790
vn -0.5725 0.5311 -0.6247
vn -0.5482 0.5085 -0.6640
vn -0.9056 0.2377 -0.3512
vn -0.9219 0.3220 0.2155
vn -0.2411 0.4114 0.8790
vn 0.8605 0.5018 -0.0882
vn 0.3958 0.7699 -0.5006
vn 0.2981 0.3422 -0.8911
vn 0.8973 0.4346 0.0770
vn 0.8227 0.4729 0.3156
vn -0.6332 0.3167 0.7063
vn -0.8512 0.3977 0.3426
vn -0.4557 0.3859 0.8021
vn -0.1429 0.9870 0.0736
vn -0.0397 0.9987 0.0327
vn 0.2829 0.6666 -0.6896
vn 0.0981 0.3169 -0.9434
vn -0.4082 0.6567 -0.6341
vn 0.2558 0.4220 0.8698
vn -0.0105 0.7903 0.6126
vn -0.2144 0.3803 0.8997
vn -0.0049 1.0000 -0.0035
vn -0.6574 0.3729 -0.6549
vn -0.5717 0.3423 -0.7456
vn -0.8955 0.4447 -0.0163
vn -0.6961 0.2669 0.6665
vn 0.6350 0.5982 0.4887
vn 0.4475 0.5914 0.6708
vn 0.6511 0.6346 0.4165
vn 0.2892 0.5419 -0.7891
vn -0.1425 0.5475 -0.8246
vn -0.8656 0.4982 0.0493
vn 0.0512 0.5549 0.8304
vn -0.2257 0.6821 0.6956
vn -0.5627 0.3868 0.7306
vn -0.4563 0.8840 0.1017
vn -0.7980 0.6015 0.0381
vn 0.1027 0.9579 -0.2682
vn -0.0822 0.9720 -0.2201
vn -0.1875 0.9786 -0.0841
vn -0.7585 0.2863 0.5854
vn -0.2645 0.2178 -0.9395
vn 0.1661 0.5474 0.8202
vn 0.2830 0.4564 0.8436
vn -0.1597 0.8914 0.4241
vn -0.2569 0.3950 -0.8820
vn -0.9193 0.3929 -0.0223
vn -0.8873 0.3715 0.2733
vn -0.1602 0.4704 0.8678
vn -0.8138 0.5618 -0.1487
vn -0.9730 0.1825 0.1412
vn 0.7929 0.5737 -0.2053
vn -0.1939 0.3908 0.8998
vn 0.7819 0.6154 0.0997
vn -0.7348 0.6765 0.0491
vn -0.5190 0.8265 0.2180
vn -0.8428 0.1961 -0.5013
vn -0.9795 0.1987 -0.0334
vn -0.7272 0.6545 0.2071
vn -0.3693 0.8771 0.3072
vn -0.7146 0.6788 -0.1691
vn -0.1977 0.5678 -0.7991
vn -0.8457 0.2525 0.4702
vn 0.5016 0.7496 -0.4319
vn 0.5907 0.7583 -0.2757
vn -0.0987 0.8933 -0.4385
vn -0.1876 0.9818 -0.0305
vn -0.8280 0.4814 0.2876
vn -0.0815 0.5855 -0.8065
vn -0.9504 0.3032 -0.0692
vn 0.8268 0.4067 0.3886
vn 0.2149 0.9765 0.0176
vn -0.1187 0.7549 0.6449
vn 0.0677 0.9961 -0.0565
vn -0.8811 0.3051 -0.3613
vn -0.1517 0.4921 -0.8572
vn -0.8915 0.4430 0.0952
vn -0.4552 0.4117 0.7895
vn -0.9452 0.2663 0.1887
vn -0.2656 0.7275 -0.6326
vn 0.1047 0.7648 0.6357
vn 0.7600 0.5031 0.4115
vn -0.0149 0.9998 0.0092
vn 0.0783 0.7176 -0.6920
vn -0.8966 0.3715 -0.2409
vn -0.8365 0.3633 -0.4102
vn -0.7602 0.2664 0.5926
vn -0.7547 0.6298 0.1838
vn -0.6417 0.6858 0.3433
vn 0.3722 0.8691 -0.3257
vn -0.6388 0.5763 -0.5097
vn -0.3815 0.5029 -0.7756
vn -0.8741 0.4287 0.2284
vn -0.8416 0.3711 0.3923
vn -0.6771 0.5969 -0.4305
vn 0.4473 0.4817 0.7536
vn -0.0600 0.7117 0.6999
vn -0.7133 0.4142 0.5654
vn -0.7578 0.2956 -0.5817
vn -0.5882 0.5260 -0.6142
vn -0.3967 0.9147 -0.0772
vn -0.8733 0.4485 0.1901
vn -0.8924 0.4492 0.0426
vn -0.2689 0.7284 -0.6302
vn -0.4586 0.8712 0.1750
vn -0.2117 0.4749 0.8542
vn 0.0595 0.4651 -0.8833
vn -0.7796 0.2700 -0.5651
vn -0.5180 0.7701 0.3723
vn -0.7564 0.4647 -0.4604
vn -0.0323 0.5575 0.8295
vn -0.0153 0.9999 0.0045
vn -0.5662 0.8050 -0.1772
vn -0.5341 0.7052 -0.4663
vn -0.9430 0.2717 -0.1923
vn -0.8224 0.5420 -0.1729
vn 0.6579 0.5771 -0.4839
vn 0.5639 0.8120 0.1506
vn -0.6285 0.6314 0.4542
vn -0.9018 0.3297 0.2794
vn -0.8917 0.3595 0.2749
vn -0.9202 0.3662 -0.1385
vn -0.7975 0.6032 0.0121
vn 0.1631 0.7756 0.6097
vn -0.0357 0.9814 0.1886
vn -0.8385 0.5295 0.1289
vn -0.2963 0.7310 -0.6147
vn -0.4363 0.4056 -0.8032
vn -0.6684 0.7343 -0.1181
vn -0.8007 0.5990 0.0025
vn -0.5261 0.3850 0.7583
vn -0.6201 0.7521 -0.2233
vn 0.1618 0.5335 -0.8302
vn -0.7318 0.5980 -0.3268
vn -0.9300 0.3311 0.1596
vn -0.8634 0.3693 0.3437
vn 0.0132 0.9990 0.0429
vn -0.2464 0.4078 -0.8792
vn -0.2027 0.3622 -0.9098
vn -0.5576 0.6321 0.5381
vn -0.6707 0.3754 0.6397
vn -0.8357 0.5486 0.0236
vn -0.7109 0.4831 -0.5111
vn -0.7764 0.5925 0.2147
vn -0.3007 0.5536 -0.7766
vn -0.5077 0.5532 0.6605
vn -0.4334 0.5410 -0.7207
vn -0.7666 0.3568 0.5338
vn -0.5010 0.7489 0.4337
vn -0.6913 0.5906 -0.4163
vn 0.2316 0.5131 0.8265
vn -0.0160 0.6034 0.7973
vn 0.4131 0.9091 0.0539
vn -0.0137 0.9999 0.0034
vn -0.7302 0.6095 -0.3088
vn 0.4355 0.6646 -0.6072
vn -0.6957 0.5172 0.4984
vn -0.6790 0.6336 0.3709
vn -0.7084 0.5034 0.4948
vn -0.4736 0.8351 0.2798
vn -0.4502 0.8652 -0.2207
vn -0.0184 0.9214 0.3882
vn 0.0094 0.9995 -0.0289
vn -0.3712 0.8137 0.4473
vn 0.1654 0.5879 0.7918
vn -0.6294 0.6633 -0.4048
vn -0.6976 0.6766 -0.2358
vn -0.4608 0.7831 -0.4177
vn -0.3966 0.9115 0.1088
vn -0.8393 0.2857 -0.4626
vn -0.0111 0.9870 0.1606
vn 0.2433 0.9649 0.0985
vn 0.3423 0.9235 0.1732
vn -0.8813 0.2937 -0.3702
vn -0.9409 0.3349 0.0508
vn -0.8161 0.4852 0.3138
vn -0.8949 0.4432 -0.0526
vn -0.0999 0.9550 0.2793
vn -0.5613 0.6046 0.5652
vn 0.1158 0.9876 0.1063
vn -0.8090 0.5842 0.0658
vn -0.5288 0.6275 0.5715
vn -0.6277 0.4921 0.6032
vn -0.8070 0.5903 -0.0188
vn -0.4460 0.8941 -0.0415
vn -0.3365 0.8785 0.3391
vn -0.9543 0.2912 -0.0676
vn -0.8382 0.4318 -0.3330
vn -0.2249 0.9744 -0.0079
vn 0.3729 0.7429 0.5558
vn -0.7130 0.5115 0.4797
vn -0.7392 0.6595 0.1366
vn -0.3229 0.7089 -0.6271
vn 0.3525 0.9358 0.0011
vn -0.2805 0.8999 -0.3339
vn -0.0590 0.9978 0.0292
vn -0.8362 0.4502 -0.3133
vn -0.6289 0.4046 -0.6639
vn -0.7318 0.5456 -0.4083
vn -0.3219 0.7101 -0.6263
vn 0.3487 0.6360 0.6885
vn -0.7056 0.4557 -0.5426
vn 0.1242 0.3452 -0.9303
vn -0.0445 0.5604 -0.8270
vn -0.3058 0.7614 0.5716
vn -0.0204 0.5140 0.8576
vn 0.4582 0.6057 -0.6505
vn -0.6508 0.7590 0.0196
vn -0.0405 0.9991 -0.0118
vn -0.6993 0.2640 -0.6643
vn -0.8145 0.4582 0.3557
vn -0.2374 0.5919 0.7703
vn -0.8595 0.4728 0.1941
vn -0.8055 0.5403 -0.2432
vn -0.8095 0.4717 0.3497
vn -0.8706 0.4551 0.1872
vn 0.3636 0.5065 0.7818
vn -0.5663 0.8233 0.0389
vn -0.5040 0.8259 -0.2529
vn 0.1479 0.4866 0.8610
vn 0.5207 0.7374 0.4303
vn 0.2292 0.5573 0.7981
vn 0.0187 0.9998 0.0068
vn -0.7048 0.6485 0.2875
vn -0.6814 0.7247 0.1024
vn -0.8563 0.4550 0.2443
vn -0.2288 0.6445 -0.7296
vn 0.4055 0.9000 -0.1597
vn 0.5096 0.6108 -0.6061
vn 0.1413 0.6096 0.7801
vn -0.0610 0.9677 0.2445
vn 0.0004 1.0000 -0.0012
vn -0.5699 0.6777 -0.4647
vn -0.3948 0.8998 0.1857
vn -0.2788 0.7974 0.5352
vn 0.5002 0.4667 -0.7294
vn -0.7373 0.5508 -0.3912
vn -0.4114 0.9074 0.0862
vn -0.4341 0.7385 -0.5159
vn -0.7151 0.6440 0.2719
vn -0.6967 0.4103 -0.5885
vn -0.6097 0.7535 0.2459
vn -0.3507 0.9110 0.2172
vn 0.2467 0.8866 -0.3913
vn 0.3484 0.6073 -0.7140
vn -0.2793 0.8606 -0.4259
vn 0.0092 0.9999 0.0045
vn -0.4294 0.4222 0.7983
vn -0.4540 0.7839 0.4236
vn -0.8006 0.5744 0.1708
vn 0.3391 0.9284 0.1518
vn -0.2230 0.7929 -0.5671
vn -0.0735 0.8256 -0.5595
vn -0.0300 0.8844 0.4658
vn -0.0001 1.0000 0.0002
vn 0.0453 0.5891 -0.8068
vn -0.1647 0.4690 -0.8677
vn -0.7390 0.5371 -0.4068
vn -0.7984 0.5648 -0.2085
vn -0.5043 0.8634 -0.0152
vn 0.2471 0.7294 0.6379
vn -0.6769 0.5996 0.4271
vn -0.5958 0.7278 0.3396
vn 0.0355 0.9659 -0.2565
vn 0.0677 0.5549 0.8292
vn 0.1961 0.9699 0.1442
vn 0.0494 0.5807 -0.8126
vn -0.7722 0.4454 -0.4531
vn -0.5856 0.8103 0.0222
vn 0.0420 0.9573 0.2861
vn -0.7523 0.5709 0.3287
vn -0.0253 0.8768 0.4802
vn -0.3589 0.4238 -0.8316
vn -0.8940 0.4480 0.0121
vn -0.8163 0.5268 0.2369
vn -0.7012 0.7117 -0.0418
vn -0.5300 0.8015 -0.2768
vn 0.4695 0.8399 0.2723
vn -0.0005 0.9909 0.1349
vn -0.0028 1.0000 -0.0009
vn -0.7251 0.6873 0.0430
vn -0.6117 0.4136 0.6743
vn -0.8433 0.4402 0.3084
vn -0.3530 0.7642 0.5399
vn -0.6236 0.6823 -0.3816
vn 0.8092 0.5293 -0.2551
vn -0.8763 0.4817 -0.0039
vn -0.5946 0.6174 -0.5150
vn -0.8170 0.5265 0.2352
vn -0.4127 0.8367 0.3600
vn -0.8159 0.4247 -0.3924
vn -0.8602 0.5072 0.0517
vn -0.7216 0.6749 -0.1543
vn -0.2194 0.9513 -0.2164
vn -0.2198 0.7281 0.6492
vn -0.3406 0.6065 -0.7185
vn -0.7648 0.4897 -0.4187
vn -0.5558 0.4288 0.7122
vn -0.3654 0.9290 -0.0582
vn -0.7350 0.6191 -0.2766
vn -0.8057 0.5649 0.1782
vn -0.2678 0.8237 0.4998
vn -0.3406 0.8742 0.3462
vn -0.7808 0.4868 -0.3917
vn -0.7315 0.5807 0.3572
vn -0.0287 0.9953 -0.0926
vn -0.0569 0.9015 0.4291
vn 0.2788 0.7093 -0.6474
vn -0.5430 0.6312 -0.5538
vn -0.3239 0.9297 0.1750
vn -0.7272 0.6420 0.2431
vn -0.5013 0.7427 -0.4439
vn -0.3681 0.9297 -0.0155
vn -0.8160 0.5744 0.0645
vn -0.7848 0.4756 0.3973
vn -0.0063 1.0000 0.0015
vn -0.1296 0.6055 -0.7852
vn -0.0574 0.4965 -0.8662
vn -0.2405 0.6543 0.7169
vn -0.6150 0.7884 -0.0137
vn -0.5947 0.8004 -0.0756
vn -0.5952 0.7546 -0.2762
vn -0.8007 0.5036 0.3244
vn 0.0035 0.9577 -0.2877
vn -0.2525 0.5330 0.8076
vn -0.7380 0.6462 -0.1943
vn -0.7868 0.6170 0.0150
vn 0.0120 0.8779 -0.4787
vn -0.8322 0.4841 -0.2706
vn -0.7716 0.5877 -0.2433
vn 0.2210 0.8507 0.4770
vn -0.2297 0.6570 0.7181
vn -0.7448 0.5502 0.3776
vn -0.5578 0.6937 -0.4557
vn -0.6813 0.5790 0.4478
vn -0.7336 0.6676 0.1274
vn 0.0409 0.9810 0.1898
vn -0.0916 0.9478 0.3054
vn -0.1761 0.5068 -0.8439
vn -0.5732 0.3885 0.7214
vn -0.3094 0.9021 0.3010
vn -0.3249 0.6647 -0.6728
vn -0.6367 0.6578 0.4024
vn -0.1796 0.8675 -0.4639
vn -0.6004 0.7926 0.1057
vn 0.4495 0.8912 0.0615
vn -0.5985 0.6840 -0.4170
vn -0.6936 0.7084 -0.1306
vn -0.4196 0.9022 0.0999
vn -0.3142 0.5295 -0.7880
vn -0.5103 0.7073 -0.4893
vn -0.3377 0.9197 0.2000
vn -0.7363 0.5719 0.3616
vn -0.1946 0.8917 0.4088
vn 0.5019 0.7447 -0.4398
vn -0.6270 0.6392 -0.4454
vn -0.3285 0.5084 0.7960
vn -0.4230 0.8765 0.2299
vn -0.5947 0.7771 -0.2062
vn -0.6729 0.6591 -0.3358
vn -0.7713 0.5879 -0.2437
vn -0.1598 0.7793 -0.6060
vn 0.5245 0.8467 0.0893
vn -0.0972 0.9415 -0.3227
vn -0.5767 0.6966 0.4268
vn -0.7392 0.6453 -0.1929
vn -0.2172 0.8749 0.4328
vn -0.2795 0.9586 -0.0545
vn -0.5434 0.6529 -0.5277
vn -0.3410 0.9187 -0.1990
vn -0.7166 0.5429 0.4379
vn -0.2548 0.9368 -0.2397
vn -0.2301 0.6622 0.7131
vn -0.3433 0.6002 -0.7224
vn -0.3827 0.9011 -0.2038
vn -0.3808 0.9181 -0.1101
vn 0.2482 0.8745 0.4167
vn 0.0152 0.9999 0.0056
vn -0.5745 0.6308 0.5216
vn -0.4715 0.8689 0.1505
vn -0.5775 0.8113 -0.0913
vn 0.1534 0.5579 0.8156
vn -0.5187 0.8548 0.0152
vn -0.0492 0.8573 -0.5125
vn -0.3789 0.9040 -0.1980
vn -0.5488 0.8252 0.1337
vn -0.5884 0.7793 -0.2154
vn -0.3924 0.8256 -0.4055
vn -0.4691 0.5780 -0.6677
vn 0.0317 0.9838 -0.1766
vn -0.3365 0.8697 0.3610
vn -0.3753 0.8697 0.3204
vn -0.0908 0.8281 -0.5532
vn -0.5416 0.8137 -0.2112
vn 0.1579 0.8086 -0.5668
vn -0.4251 0.8915 -0.1568
vn -0.2785 0.6018 0.7486
vn -0.2532 0.8975 0.3612
vn 0.0340 0.9994 -0.0107
vn -0.5497 0.6696 -0.4994
vn -0.3727 0.8378 0.3991
vn -0.1892 0.9511 0.2441
vn -0.0445 0.9990 -0.0064
vn -0.2019 0.8389 -0.5055
vn -0.3960 0.8262 0.4007
vn -0.4616 0.5226 0.7169
vn 0.0074 0.9932 0.1158
vn -0.4529 0.8577 0.2434
vn 0.2039 0.8739 0.4413
vn -0.2780 0.6354 0.7204
vn 0.0050 0.9931 0.1174
vn -0.2018 0.9746 -0.0972
vn -0.2138 0.9691 0.1233
vn -0.7287 0.6849 0.0044
vn -0.7178 0.6950 -0.0401
vn -0.3850 0.6209 -0.6829
vn -0.3676 0.8092 -0.4584
vn -0.7533 0.6201 -0.2190
vn -0.5370 0.8337 0.1288
vn 0.0367 0.9993 0.0055
vn -0.2917 0.9092 -0.2971
vn -0.3019 0.8701 -0.3896
vn -0.5979 0.7821 0.1753
vn -0.7470 0.6309 -0.2096
vn 0.1301 0.8380 0.5299
vn -0.3670 0.8749 -0.3159
vn -0.8053 0.5734 0.1508
vn -0.3794 0.9185 -0.1112
vn -0.5380 0.7405 0.4028
vn -0.7847 0.6193 -0.0272
vn -0.7634 0.6412 0.0777
vn -0.6341 0.7711 -0.0585
vn -0.0119 0.9999 0.0053
vn 0.0372 0.9993 -0.0022
vn -0.0087 1.0000 -0.0005
vn -0.3390 0.8708 0.3561
vn -0.4281 0.7511 -0.5025
vn -0.3942 0.9083 -0.1402
vn -0.3542 0.9344 -0.0375
vn -0.2458 0.9060 -0.3446
vn -0.2170 0.5965 -0.7727
vn -0.6766 0.7360 -0.0229
vn -0.3385 0.8493 0.4051
vn -0.0334 0.9984 0.0449
vn -0.4164 0.6740 -0.6102
vn -0.4746 0.8794 0.0373
vn -0.6573 0.7402 -0.1420
vn -0.2501 0.6410 0.7257
vn 0.0274 0.9996 -0.0075
vn 0.0076 1.0000 -0.0039
vn -0.6364 0.7578 -0.1444
vn -0.0017 1.0000 0.0001
vn -0.4355 0.8260 0.3578
vn -0.0511 0.9987 0.0063
vn -0.3113 0.6049 0.7329
vn -0.1648 0.9240 -0.3450
vn -0.0359 0.6498 0.7592
vn -0.0186 0.9994 -0.0279
vn 0.0920 0.9957 0.0106
vn -0.0388 0.9992 0.0027
vn 0.0116 0.9996 0.0274
vn -0.8080 0.5886 0.0260
vn 0.0163 0.9995 -0.0253
vn -0.4309 0.8190 -0.3789
vn 0.1342 0.6482 -0.7496
vn -0.7909 0.5601 0.2465
vn -0.0087 0.9999 -0.0130
vn 0.1633 0.9861 -0.0296
vn -0.7878 0.5846 -0.1940
vn -0.7862 0.5983 0.1548
vn -0.4651 0.7303 -0.5004
vn -0.5414 0.8394 -0.0474
vn -0.4611 0.7487 0.4763
vn 0.1112 0.9937 0.0125
vn -0.1764 0.9842 -0.0181
vn 0.0058 0.9999 0.0101
vn -0.0174 0.9998 0.0009
vn -0.7434 0.6676 -0.0395
vn -0.5235 0.8465 -0.0968
vn -0.0460 0.9989 0.0025
vn 0.0136 0.9999 0.0056
vn 0.0033 1.0000 0.0031
vn -0.0015 1.0000 -0.0014
vn -0.0024 1.0000 -0.0001
vn -0.0027 1.0000 -0.0000
vt 0.000000 0.000000
vt 0.353550 0.016081
vt 0.436530 0.000000
vt 0.398457 0.035871
vt 0.411261 0.028226
vt 0.428351 0.029206
vt 0.491661 0.025329
vt 0.522402 0.034597
vt 0.539591 0.017583
vt 0.600133 0.000597
vt 0.651643 0.011640
vt 1.000000 0.000000
vt 0.641168 0.002725
vt 0.580663 0.020094
vt 0.600177 0.026016
vt 0.674421 0.023557
vt 0.445731 0.032004
vt 0.650881 0.021096
vt 0.623519 0.019123
vt 0.288666 0.068655
vt 0.387761 0.033644
vt 0.462136 0.033796
vt 0.560498 0.025739
vt 0.366771 0.041444
vt 0.477116 0.041071
vt 0.558502 0.037479
vt 0.695107 0.034677
vt 0.537320 0.050110
vt 0.582155 0.042316
vt 0.618799 0.036027
vt 0.634463 0.044704
vt 0.671042 0.032154
vt 0.509328 0.038055
vt 0.714920 0.046984
vt 0.441197 0.043544
vt 0.675075 0.049736
vt 0.602296 0.059983
vt 0.340295 0.049994
vt 0.422231 0.050736
vt 0.465490 0.045458
vt 0.497878 0.047364
vt 0.327228 0.051385
vt 0.381961 0.052407
vt 0.617444 0.061309
vt 0.358383 0.053454
vt 0.650795 0.053043
vt 0.553614 0.056740
vt 0.569977 0.055232
vt 0.692561 0.055066
vt 0.398722 0.058937
vt 0.452332 0.054145
vt 0.320431 0.058756
vt 0.369753 0.055836
vt 0.433726 0.059624
vt 0.465243 0.059558
vt 0.502919 0.059237
vt 0.519317 0.060750
vt 0.741771 0.053406
vt 0.485760 0.059937
vt 0.588308 0.061562
vt 0.666120 0.062595
vt 0.677711 0.071686
vt 0.700960 0.068925
vt 0.347823 0.064644
vt 0.417228 0.068504
vt 0.721042 0.065421
vt 0.735754 0.071716
vt 0.760520 0.074455
vt 0.386419 0.069701
vt 0.444355 0.070664
vt 0.531691 0.069748
vt 0.642009 0.073178
vt 0.566463 0.068894
vt 0.363893 0.071621
vt 0.460601 0.073300
vt 0.552994 0.074530
vt 0.621077 0.072554
vt 0.433864 0.072225
vt 0.605288 0.071174
vt 0.660030 0.076590
vt 0.333670 0.071968
vt 0.321731 0.080643
vt 0.585192 0.079948
vt 0.272150 0.078050
vt 0.401754 0.080757
vt 0.486568 0.081452
vt 0.499415 0.084429
vt 0.553231 0.092567
vt 0.690074 0.078135
vt 0.729166 0.091200
vt 0.512663 0.082219
vt 0.631864 0.082228
vt 0.569146 0.084047
vt 0.289850 0.092899
vt 0.290096 0.075642
vt 0.305917 0.084161
vt 0.348338 0.091615
vt 0.442782 0.089409
vt 0.639915 0.086710
vt 0.710778 0.085373
vt 0.363294 0.083815
vt 0.391191 0.086625
vt 0.422503 0.093100
vt 0.454940 0.094209
vt 0.465961 0.088878
vt 0.528600 0.092181
vt 0.598791 0.094242
vt 0.654625 0.089949
vt 0.749162 0.088423
vt 0.250730 0.092816
vt 0.330869 0.094087
vt 0.409759 0.087815
vt 0.475909 0.088408
vt 0.618716 0.082457
vt 0.680300 0.094812
vt 0.373537 0.094875
vt 0.578245 0.094029
vt 0.360562 0.101962
vt 0.689689 0.096111
vt 0.739931 0.102273
vt 0.314496 0.096798
vt 0.397353 0.105613
vt 0.491822 0.095308
vt 0.621308 0.099532
vt 0.661506 0.100654
vt 0.210752 0.113361
vt 0.231211 0.102631
vt 0.510172 0.102263
vt 0.636793 0.096721
vt 0.758819 0.103151
vt 0.773462 0.101999
vt 0.337367 0.100703
vt 0.386259 0.103437
vt 0.719479 0.102534
vt 0.556834 0.104876
vt 0.705879 0.108924
vt 0.270750 0.104825
vt 0.296720 0.109246
vt 0.407699 0.110120
vt 0.434946 0.103991
vt 0.447099 0.107914
vt 0.465401 0.106435
vt 0.281423 0.106230
vt 0.322362 0.108468
vt 0.421820 0.106430
vt 0.523906 0.104473
vt 0.532638 0.114614
vt 0.597739 0.111008
vt 0.669843 0.107337
vt 0.345024 0.111391
vt 0.478528 0.108939
vt 0.486683 0.108482
vt 0.687374 0.108419
vt 0.252327 0.118406
vt 0.503446 0.112728
vt 0.616705 0.111786
vt 0.634699 0.121605
vt 0.371370 0.113352
vt 0.677077 0.110903
vt 0.781880 0.113088
vt 0.305863 0.114330
vt 0.566308 0.124256
vt 0.581902 0.115084
vt 0.231179 0.120295
vt 0.360811 0.116869
vt 0.414961 0.117555
vt 0.456924 0.118538
vt 0.691153 0.122302
vt 0.277394 0.120700
vt 0.546603 0.118568
vt 0.657903 0.119622
vt 0.766796 0.118523
vt 0.384753 0.121414
vt 0.465044 0.122477
vt 0.719926 0.122939
vt 0.743106 0.120830
vt 0.215587 0.121116
vt 0.238807 0.127485
vt 0.325715 0.119934
vt 0.404432 0.119846
vt 0.434397 0.120595
vt 0.443492 0.125482
vt 0.499335 0.124874
vt 0.520662 0.126757
vt 0.698873 0.126065
vt 0.292562 0.121025
vt 0.392130 0.125778
vt 0.422512 0.126508
vt 0.591435 0.125463
vt 0.611202 0.126420
vt 0.676671 0.122612
vt 0.749982 0.129339
vt 0.265534 0.131934
vt 0.342031 0.129636
vt 0.346251 0.122986
vt 0.781046 0.125282
vt 0.363932 0.128331
vt 0.554492 0.125960
vt 0.288963 0.127966
vt 0.404680 0.131070
vt 0.484368 0.133131
vt 0.580529 0.131689
vt 0.451539 0.134074
vt 0.535374 0.134362
vt 0.652563 0.131171
vt 0.705695 0.133999
vt 0.328115 0.136165
vt 0.469849 0.132635
vt 0.600849 0.136182
vt 0.775399 0.133144
vt 0.178775 0.138027
vt 0.196040 0.141205
vt 0.221462 0.135458
vt 0.428015 0.138336
vt 0.718377 0.135197
vt 0.757671 0.139920
vt 0.793357 0.139885
vt 0.378479 0.136402
vt 0.501186 0.136260
vt 0.640811 0.139538
vt 0.657713 0.139683
vt 0.676453 0.144360
vt 0.417910 0.136539
vt 0.556971 0.138408
vt 0.616170 0.139199
vt 0.625199 0.142065
vt 0.693354 0.137372
vt 0.360422 0.140967
vt 0.370569 0.138945
vt 0.511818 0.144687
vt 0.249190 0.139182
vt 0.268760 0.152323
vt 0.441257 0.147065
vt 0.463787 0.146396
vt 0.586128 0.143486
vt 0.280373 0.148066
vt 0.340525 0.146791
vt 0.489765 0.144725
vt 0.566442 0.152641
vt 0.706960 0.150408
vt 0.746486 0.145211
vt 0.179941 0.150383
vt 0.473295 0.149893
vt 0.595148 0.148361
vt 0.732486 0.147243
vt 0.783231 0.152469
vt 0.209396 0.148830
vt 0.232755 0.151063
vt 0.391283 0.148744
vt 0.500852 0.157892
vt 0.547249 0.149984
vt 0.614398 0.148391
vt 0.631693 0.149792
vt 0.693871 0.151640
vt 0.145156 0.162176
vt 0.346930 0.152639
vt 0.420637 0.153791
vt 0.452533 0.152022
vt 0.490016 0.159686
vt 0.528505 0.151663
vt 0.198875 0.153057
vt 0.246573 0.160414
vt 0.290609 0.160996
vt 0.366605 0.157862
vt 0.406105 0.157697
vt 0.660365 0.157067
vt 0.764634 0.159908
vt 0.316822 0.154327
vt 0.648284 0.155261
vt 0.164389 0.155710
vt 0.430850 0.156106
vt 0.602639 0.159598
vt 0.631117 0.158629
vt 0.730556 0.159026
vt 0.533139 0.162644
vt 0.672214 0.159060
vt 0.388745 0.160716
vt 0.460196 0.162778
vt 0.618102 0.161389
vt 0.719752 0.165794
vt 0.743448 0.172887
vt 0.794388 0.161509
vt 0.182822 0.162765
vt 0.257685 0.171060
vt 0.277153 0.163084
vt 0.335177 0.160746
vt 0.374981 0.164820
vt 0.443983 0.164116
vt 0.511980 0.160102
vt 0.542075 0.168084
vt 0.575112 0.172193
vt 0.639419 0.164732
vt 0.211522 0.164593
vt 0.352730 0.169773
vt 0.480374 0.162541
vt 0.707183 0.162360
vt 0.326655 0.163889
vt 0.392396 0.170505
vt 0.586387 0.166171
vt 0.679018 0.168645
vt 0.117368 0.184673
vt 0.307211 0.167680
vt 0.515348 0.172620
vt 0.554384 0.173155
vt 0.562240 0.178092
vt 0.778527 0.170656
vt 0.153365 0.179588
vt 0.193432 0.176635
vt 0.412914 0.168561
vt 0.429383 0.169764
vt 0.621546 0.171831
vt 0.138587 0.175783
vt 0.216067 0.173591
vt 0.320432 0.171661
vt 0.365715 0.176027
vt 0.379241 0.173618
vt 0.443844 0.174483
vt 0.468528 0.175123
vt 0.505734 0.175628
vt 0.600751 0.174865
vt 0.649583 0.175792
vt 0.696615 0.171958
vt 0.296174 0.171975
vt 0.455983 0.174981
vt 0.491107 0.172415
vt 0.723475 0.177598
vt 0.278966 0.178689
vt 0.341520 0.174952
vt 0.670160 0.181696
vt 0.710122 0.178557
vt 0.242125 0.175382
vt 0.310868 0.177188
vt 0.354215 0.179128
vt 0.527412 0.180546
vt 0.599373 0.185152
vt 0.632218 0.179755
vt 0.797177 0.179107
vt 0.164576 0.187888
vt 0.537125 0.181588
vt 0.586540 0.180047
vt 0.787785 0.184551
vt 0.400266 0.189200
vt 0.416046 0.180237
vt 0.438731 0.184847
vt 0.482829 0.182764
vt 0.658031 0.190422
vt 0.749013 0.189474
vt 0.768371 0.187789
vt 0.221968 0.184194
vt 0.286114 0.187812
vt 0.298166 0.186213
vt 0.321594 0.187212
vt 0.383953 0.184208
vt 0.458043 0.185002
vt 0.496504 0.186402
vt 0.508368 0.191043
vt 0.618840 0.187295
vt 0.682178 0.183845
vt 0.696938 0.182866
vt 0.250379 0.188162
vt 0.270353 0.185592
vt 0.368792 0.185207
vt 0.412992 0.193520
vt 0.430173 0.186946
vt 0.558664 0.189998
vt 0.239797 0.184729
vt 0.340857 0.189031
vt 0.352474 0.193248
vt 0.520547 0.192585
vt 0.547329 0.186151
vt 0.576288 0.193605
vt 0.141150 0.189133
vt 0.206239 0.194589
vt 0.308144 0.186408
vt 0.469304 0.196671
vt 0.631317 0.191618
vt 0.700931 0.194442
vt 0.725575 0.194591
vt 0.804143 0.192812
vt 0.193583 0.199907
vt 0.444711 0.195614
vt 0.646338 0.191314
vt 0.666728 0.200919
vt 0.175801 0.194927
vt 0.426154 0.196153
vt 0.459486 0.194974
vt 0.479414 0.197742
vt 0.491483 0.197559
vt 0.534848 0.191900
vt 0.225997 0.192565
vt 0.561606 0.206972
vt 0.115427 0.197211
vt 0.144742 0.204731
vt 0.240134 0.198583
vt 0.275059 0.199154
vt 0.297338 0.200198
vt 0.363926 0.199506
vt 0.392882 0.202895
vt 0.584164 0.198847
vt 0.612702 0.197853
vt 0.714032 0.199406
vt 0.259155 0.198695
vt 0.376470 0.198454
vt 0.680727 0.205903
vt 0.743169 0.199491
vt 0.778649 0.202784
vt 0.102224 0.219350
vt 0.133399 0.201776
vt 0.211959 0.199324
vt 0.283622 0.206232
vt 0.311634 0.197462
vt 0.325315 0.205673
vt 0.503688 0.208802
vt 0.542571 0.202050
vt 0.552363 0.202507
vt 0.597210 0.202376
vt 0.753283 0.206744
vt 0.349604 0.201682
vt 0.535757 0.200830
vt 0.632042 0.201272
vt 0.409441 0.205869
vt 0.437894 0.207613
vt 0.452354 0.209061
vt 0.527001 0.204584
vt 0.575344 0.205942
vt 0.181421 0.207240
vt 0.230549 0.212206
vt 0.248622 0.205599
vt 0.640724 0.208296
vt 0.654304 0.209068
vt 0.768389 0.215247
vt 0.803058 0.210518
vt 0.114882 0.212850
vt 0.154327 0.212144
vt 0.333698 0.209711
vt 0.362227 0.210866
vt 0.381366 0.212306
vt 0.424282 0.212956
vt 0.491488 0.207841
vt 0.706890 0.210162
vt 0.724340 0.212666
vt 0.263853 0.211994
vt 0.308651 0.212356
vt 0.343225 0.216981
vt 0.470187 0.209518
vt 0.585829 0.212416
vt 0.690202 0.214040
vt 0.183845 0.225275
vt 0.196040 0.223664
vt 0.240856 0.212643
vt 0.319057 0.215485
vt 0.481120 0.213896
vt 0.518432 0.212068
vt 0.212843 0.211899
vt 0.291581 0.216602
vt 0.300695 0.219624
vt 0.412506 0.216035
vt 0.534959 0.216333
vt 0.550017 0.214851
vt 0.573370 0.216304
vt 0.605426 0.211194
vt 0.611178 0.218514
vt 0.660558 0.219375
vt 0.123985 0.226549
vt 0.142470 0.219361
vt 0.488089 0.220638
vt 0.564171 0.216667
vt 0.731799 0.225485
vt 0.784056 0.217567
vt 0.237017 0.222200
vt 0.333987 0.217786
vt 0.591983 0.224342
vt 0.646001 0.220222
vt 0.712118 0.229303
vt 0.151356 0.226139
vt 0.278746 0.222811
vt 0.391190 0.220853
vt 0.459616 0.223553
vt 0.677016 0.227737
vt 0.747269 0.229002
vt 0.792580 0.230120
vt 0.809171 0.225078
vt 0.248931 0.226896
vt 0.260005 0.222579
vt 0.311716 0.229311
vt 0.448681 0.228255
vt 0.504845 0.224921
vt 0.622762 0.227181
vt 0.696262 0.224863
vt 0.760234 0.223093
vt 0.421646 0.229027
vt 0.471973 0.229132
vt 0.545445 0.223791
vt 0.227898 0.230272
vt 0.287743 0.230910
vt 0.515738 0.229668
vt 0.576733 0.237466
vt 0.330169 0.226628
vt 0.350691 0.226365
vt 0.363415 0.231466
vt 0.399324 0.228115
vt 0.410760 0.226973
vt 0.434346 0.232851
vt 0.533478 0.228733
vt 0.550927 0.232001
vt 0.850542 0.245841
vt 0.106558 0.237973
vt 0.172229 0.231973
vt 0.379534 0.232588
vt 0.699339 0.235430
vt 0.091706 0.235385
vt 0.268566 0.232091
vt 0.300772 0.231170
vt 0.525581 0.237610
vt 0.566218 0.238633
vt 0.610926 0.234636
vt 0.655800 0.235427
vt 0.756632 0.240364
vt 0.214102 0.240952
vt 0.236087 0.235211
vt 0.493933 0.238620
vt 0.666286 0.233422
vt 0.150517 0.236528
vt 0.253071 0.241548
vt 0.344758 0.241030
vt 0.476700 0.239034
vt 0.621740 0.241085
vt 0.804171 0.240099
vt 0.125002 0.246017
vt 0.191117 0.245376
vt 0.280966 0.238701
vt 0.320164 0.242291
vt 0.331018 0.239510
vt 0.511628 0.242756
vt 0.589803 0.237916
vt 0.737468 0.239672
vt 0.768569 0.236931
vt 0.777546 0.240309
vt 0.112796 0.251473
vt 0.292642 0.239783
vt 0.383069 0.242901
vt 0.417470 0.243258
vt 0.641364 0.243680
vt 0.679347 0.244782
vt 0.706954 0.247549
vt 0.815403 0.242534
vt 0.406107 0.241951
vt 0.429779 0.248609
vt 0.450184 0.244793
vt 0.531964 0.245013
vt 0.172228 0.242386
vt 0.204336 0.246223
vt 0.232019 0.242045
vt 0.260397 0.251884
vt 0.305875 0.244445
vt 0.369410 0.244638
vt 0.554722 0.243085
vt 0.726085 0.243342
vt 0.868445 0.248862
vt 0.466576 0.246119
vt 0.663101 0.247780
vt 0.746986 0.248290
vt 0.769840 0.253021
vt 0.142789 0.257756
vt 0.158491 0.253988
vt 0.274860 0.247449
vt 0.394160 0.252020
vt 0.674188 0.252330
vt 0.691471 0.247173
vt 0.718017 0.251647
vt 0.086549 0.251808
vt 0.221211 0.249259
vt 0.245938 0.250223
vt 0.356852 0.254008
vt 0.493731 0.250037
vt 0.550292 0.250230
vt 0.574527 0.248893
vt 0.601813 0.253415
vt 0.860421 0.257964
vt 0.180339 0.249999
vt 0.230092 0.253074
vt 0.479609 0.249570
vt 0.634033 0.256604
vt 0.170829 0.253604
vt 0.273362 0.256118
vt 0.298992 0.254821
vt 0.316597 0.253096
vt 0.336325 0.258625
vt 0.450541 0.253100
vt 0.513240 0.254174
vt 0.582201 0.256700
vt 0.648352 0.264629
vt 0.755778 0.256702
vt 0.788365 0.258506
vt 0.830841 0.254432
vt 0.098104 0.262052
vt 0.192922 0.257629
vt 0.380369 0.254686
vt 0.466078 0.264376
vt 0.530974 0.256795
vt 0.568131 0.255239
vt 0.618935 0.251060
vt 0.623067 0.261565
vt 0.736179 0.256839
vt 0.796595 0.260062
vt 0.808164 0.255017
vt 0.287352 0.258493
vt 0.540372 0.262101
vt 0.666710 0.258320
vt 0.695718 0.256230
vt 0.128074 0.267762
vt 0.309599 0.261179
vt 0.373654 0.260627
vt 0.407787 0.260801
vt 0.443690 0.259720
vt 0.492378 0.259096
vt 0.611313 0.262176
vt 0.682827 0.257843
vt 0.207625 0.264353
vt 0.361829 0.265149
vt 0.389725 0.264344
vt 0.427232 0.264236
vt 0.551824 0.265774
vt 0.704015 0.261734
vt 0.741746 0.261971
vt 0.171803 0.264281
vt 0.233740 0.264144
vt 0.251469 0.265796
vt 0.268613 0.265932
vt 0.905700 0.268691
vt 0.107820 0.269478
vt 0.318206 0.268038
vt 0.565863 0.267102
vt 0.670510 0.270377
vt 0.682991 0.276230
vt 0.821214 0.265968
vt 0.082659 0.264834
vt 0.219657 0.269434
vt 0.328011 0.267538
vt 0.346711 0.270565
vt 0.459416 0.268238
vt 0.480422 0.271720
vt 0.503314 0.266425
vt 0.585174 0.268931
vt 0.719757 0.268550
vt 0.770252 0.269914
vt 0.805718 0.266377
vt 0.849527 0.265913
vt 0.194935 0.267428
vt 0.523483 0.272961
vt 0.531387 0.280862
vt 0.664160 0.270145
vt 0.750782 0.272994
vt 0.087481 0.271915
vt 0.297653 0.269720
vt 0.431064 0.278250
vt 0.628303 0.271934
vt 0.709889 0.270563
vt 0.781088 0.274515
vt 0.154737 0.275948
vt 0.449343 0.277988
vt 0.492662 0.272182
vt 0.509211 0.275320
vt 0.731010 0.277941
vt 0.078837 0.278225
vt 0.123966 0.280153
vt 0.306894 0.274565
vt 0.371964 0.280248
vt 0.413773 0.278959
vt 0.584509 0.281082
vt 0.692608 0.276209
vt 0.704443 0.281167
vt 0.887672 0.272976
vt 0.922995 0.274770
vt 0.180011 0.280860
vt 0.207216 0.276560
vt 0.256277 0.277132
vt 0.281754 0.276937
vt 0.572144 0.281973
vt 0.598861 0.289679
vt 0.636059 0.292589
vt 0.169873 0.280369
vt 0.228767 0.279223
vt 0.241945 0.280750
vt 0.265931 0.284001
vt 0.322979 0.277608
vt 0.387764 0.278139
vt 0.399330 0.284765
vt 0.544264 0.281754
vt 0.620211 0.276922
vt 0.646283 0.280831
vt 0.660116 0.280030
vt 0.798476 0.281680
vt 0.822890 0.278816
vt 0.838685 0.278430
vt 0.842800 0.287304
vt 0.859339 0.289251
vt 0.941692 0.282512
vt 0.070079 0.287108
vt 0.139309 0.287738
vt 0.195515 0.277089
vt 0.295749 0.286659
vt 0.498963 0.290078
vt 0.668316 0.288322
vt 0.102038 0.279517
vt 0.355324 0.290637
vt 0.485075 0.282095
vt 0.608938 0.286550
vt 0.718799 0.288400
vt 0.755114 0.286780
vt 0.771231 0.283829
vt 0.923702 0.286772
vt 0.162901 0.286436
vt 0.208532 0.288248
vt 0.252016 0.288200
vt 0.338268 0.290952
vt 0.626762 0.286618
vt 0.741092 0.284520
vt 0.873461 0.295795
vt 0.933517 0.293438
vt 0.101357 0.293297
vt 0.565935 0.290358
vt 0.680056 0.289765
vt 0.900521 0.294113
vt 0.176420 0.295667
vt 0.191836 0.292959
vt 0.276150 0.290830
vt 0.320484 0.294090
vt 0.378368 0.290148
vt 0.440824 0.287248
vt 0.579968 0.296533
vt 0.824237 0.291311
vt 0.127692 0.290056
vt 0.423669 0.292972
vt 0.458844 0.295503
vt 0.549355 0.292822
vt 0.811762 0.291941
vt 0.109175 0.300009
vt 0.219847 0.297006
vt 0.238882 0.299891
vt 0.510481 0.297709
vt 0.774534 0.296225
vt 0.781748 0.302325
vt 0.796263 0.291563
vt 0.081796 0.296268
vt 0.148696 0.299776
vt 0.167551 0.295796
vt 0.368399 0.300031
vt 0.647804 0.295736
vt 0.698609 0.296943
vt 0.266403 0.300007
vt 0.714326 0.299160
vt 0.750213 0.303823
vt 0.828433 0.301943
vt 0.158245 0.297881
vt 0.230782 0.299225
vt 0.438666 0.300481
vt 0.471861 0.295724
vt 0.532586 0.298120
vt 0.680199 0.304026
vt 0.694968 0.302590
vt 0.847402 0.302489
vt 0.973278 0.299157
vt 0.205095 0.296607
vt 0.412190 0.308176
vt 0.609444 0.303167
vt 0.669852 0.313307
vt 0.738158 0.300469
vt 0.803347 0.303205
vt 0.070460 0.306171
vt 0.132665 0.312060
vt 0.193656 0.302143
vt 0.252322 0.300798
vt 0.310982 0.307257
vt 0.334990 0.304523
vt 0.397933 0.305287
vt 0.466096 0.318630
vt 0.487588 0.300969
vt 0.505675 0.311717
vt 0.588769 0.306940
vt 0.658662 0.305072
vt 0.705482 0.308579
vt 0.954411 0.306446
vt 0.282248 0.307698
vt 0.300859 0.308922
vt 0.541342 0.306493
vt 0.564680 0.311691
vt 0.622857 0.306420
vt 0.650828 0.307700
vt 0.731272 0.307247
vt 0.860436 0.307623
vt 0.890867 0.305904
vt 0.914619 0.308881
vt 0.095228 0.309748
vt 0.112336 0.308957
vt 0.354382 0.304106
vt 0.455412 0.308986
vt 0.643279 0.305100
vt 0.904506 0.313007
vt 0.931926 0.316330
vt 0.999947 0.408305
vt 0.717420 0.311390
vt 0.766814 0.315736
vt 0.793380 0.312094
vt 0.150295 0.307643
vt 0.201813 0.311053
vt 0.217962 0.310835
vt 0.262965 0.310669
vt 0.524975 0.311381
vt 0.584841 0.315730
vt 0.628592 0.312634
vt 0.877325 0.304824
vt 0.871516 0.315886
vt 0.043960 0.325240
vt 0.168510 0.315429
vt 0.184107 0.314777
vt 0.234403 0.310958
vt 0.242909 0.317026
vt 0.310716 0.371959
vt 0.815612 0.315925
vt 0.833425 0.313688
vt 0.970789 0.323939
vt 0.067073 0.322917
vt 0.320830 0.316495
vt 0.331020 0.320399
vt 0.412646 0.320928
vt 0.686860 0.315628
vt 0.749036 0.313784
vt 0.785470 0.314118
vt 0.895149 0.316256
vt 0.958095 0.320107
vt 0.090866 0.316588
vt 0.294894 0.318855
vt 0.514240 0.321544
vt 0.546917 0.319725
vt 0.604864 0.315309
vt 0.803725 0.317003
vt 0.055339 0.316487
vt 0.219238 0.324195
vt 0.607751 0.330795
vt 0.846252 0.327264
vt 0.121490 0.317930
vt 0.141888 0.327613
vt 0.201977 0.328306
vt 0.255739 0.329829
vt 0.307450 0.323926
vt 0.636917 0.322309
vt 0.650546 0.329544
vt 0.698281 0.327849
vt 0.726208 0.326107
vt 0.192809 0.327276
vt 0.269172 0.329748
vt 0.621115 0.330981
vt 0.670287 0.329458
vt 0.713572 0.330478
vt 0.735204 0.321220
vt 0.757454 0.325634
vt 0.231975 0.327115
vt 0.564960 0.330531
vt 0.788499 0.321641
vt 0.083546 0.331018
vt 0.107690 0.327560
vt 0.118176 0.329163
vt 0.284025 0.327878
vt 0.577724 0.326345
vt 0.685685 0.333529
vt 0.805300 0.326692
vt 0.834486 0.329017
vt 0.947290 0.334328
vt 0.149559 0.331977
vt 0.585006 0.331387
vt 0.661543 0.330992
vt 0.766518 0.330961
vt 0.825628 0.332001
vt 0.884043 0.327134
vt 0.904387 0.333229
vt 0.917906 0.324457
vt 0.063013 0.331893
vt 0.040169 0.360008
vt 0.175545 0.334224
vt 0.240416 0.333466
vt 0.745831 0.333493
vt 0.791706 0.330183
vt 0.813595 0.331947
vt 0.858640 0.330767
vt 0.866201 0.340518
vt 0.922906 0.336595
vt 0.774002 0.335615
vt 0.958787 0.340938
vt 0.163153 0.335173
vt 0.210463 0.338718
vt 0.698599 0.339808
vt 0.733417 0.333494
vt 0.840865 0.341911
vt 0.051639 0.336337
vt 0.100080 0.346361
vt 0.219480 0.336521
vt 0.633172 0.337734
vt 0.669618 0.339436
vt 0.758518 0.340026
vt 0.799833 0.343285
vt 0.257392 0.348448
vt 0.274478 0.346580
vt 0.288640 0.365364
vt 0.595662 0.340537
vt 0.653973 0.342695
vt 0.710138 0.339077
vt 0.044573 0.349640
vt 0.088432 0.347563
vt 0.138021 0.350926
vt 0.150100 0.346846
vt 0.578685 0.347191
vt 0.854893 0.339814
vt 0.882016 0.342535
vt 0.112184 0.352328
vt 0.140483 0.341920
vt 0.191038 0.344857
vt 0.243752 0.348228
vt 0.638391 0.345982
vt 0.779892 0.345363
vt 0.898869 0.344564
vt 0.170143 0.345094
vt 0.205519 0.349647
vt 0.678383 0.344120
vt 0.746493 0.351028
vt 0.813170 0.352129
vt 0.230927 0.346561
vt 0.690740 0.351508
vt 0.721491 0.365829
vt 0.916007 0.352123
vt 0.925357 0.347206
vt 0.060612 0.350369
vt 0.165859 0.352972
vt 0.615295 0.356544
vt 0.764947 0.349979
vt 0.973354 0.352297
vt 0.578648 0.381985
vt 0.667777 0.351003
vt 0.700039 0.357681
vt 0.849535 0.351774
vt 0.882986 0.351742
vt 0.070396 0.355120
vt 0.652761 0.355957
vt 0.782091 0.357037
vt 0.183793 0.360274
vt 0.219689 0.355510
vt 0.590049 0.354544
vt 0.635992 0.358643
vt 0.683138 0.359905
vt 0.767816 0.355924
vt 0.861568 0.354475
vt 0.128447 0.360593
vt 0.952887 0.356804
vt 0.086310 0.362518
vt 0.094130 0.370588
vt 0.157737 0.358029
vt 0.276466 0.358719
vt 0.668604 0.363567
vt 0.749725 0.361981
vt 0.794884 0.357268
vt 0.902776 0.360004
vt 0.930142 0.365085
vt 0.141325 0.364273
vt 0.234261 0.363000
vt 0.818057 0.357808
vt 0.839207 0.359990
vt 0.876746 0.359538
vt 0.109945 0.365967
vt 0.199210 0.362622
vt 0.209596 0.367454
vt 0.258436 0.365012
vt 0.610196 0.366364
vt 0.759836 0.367249
vt 0.803621 0.363386
vt 0.053899 0.371738
vt 0.170449 0.362978
vt 0.826895 0.365783
vt 0.864596 0.366812
vt 0.889132 0.365318
vt 0.622547 0.371336
vt 0.643112 0.372724
vt 0.713512 0.377291
vt 0.772288 0.372022
vt 0.787501 0.369758
vt 0.812098 0.370084
vt 0.838334 0.377133
vt 0.914954 0.368245
vt 0.951709 0.366672
vt 0.129200 0.367165
vt 0.185859 0.375118
vt 0.243500 0.381083
vt 0.272437 0.375878
vt 0.879584 0.373171
vt 0.038476 0.374461
vt 0.075112 0.383523
vt 0.143455 0.375965
vt 0.653716 0.376284
vt 0.671492 0.375917
vt 0.690956 0.373849
vt 0.861381 0.379224
vt 0.933471 0.382499
vt 0.114534 0.379021
vt 0.168512 0.376252
vt 0.197366 0.377607
vt 0.731180 0.380195
vt 0.798659 0.378580
vt 0.100558 0.379158
vt 0.156777 0.380685
vt 0.231486 0.376591
vt 0.625800 0.388509
vt 0.699278 0.376256
vt 0.895320 0.379388
vt 0.965142 0.387602
vt 0.212760 0.380375
vt 0.816855 0.376681
vt 0.907487 0.383071
vt 0.126389 0.385492
vt 0.946688 0.385189
vt 0.043460 0.388410
vt 0.248510 0.389017
vt 0.283359 0.386814
vt 0.749883 0.386048
vt 0.846749 0.388580
vt 0.063385 0.388562
vt 0.825991 0.391013
vt 0.083486 0.391662
vt 0.107441 0.393658
vt 0.174745 0.391113
vt 0.306363 0.395885
vt 0.687507 0.390303
vt 0.917844 0.385011
vt 0.182149 0.391301
vt 0.609711 0.391712
vt 0.650729 0.386253
vt 0.669640 0.388840
vt 0.869346 0.391617
vt 0.891141 0.391323
vt 0.267760 0.398708
vt 0.636286 0.391035
vt 0.701533 0.389117
vt 0.763895 0.384530
vt 0.035271 0.394862
vt 0.143723 0.389820
vt 0.166902 0.391464
vt 0.194970 0.395073
vt 0.211566 0.393704
vt 0.659043 0.392957
vt 0.715271 0.400201
vt 0.768625 0.396304
vt 0.805622 0.397475
vt 0.860308 0.401613
vt 0.937605 0.402025
vt 0.951337 0.401670
vt 0.113501 0.401897
vt 0.130063 0.396583
vt 0.227609 0.396020
vt 0.648649 0.414709
vt 0.054248 0.399316
vt 0.676186 0.399378
vt 0.781745 0.407134
vt 0.919308 0.397194
vt 0.974741 0.401852
vt 0.066719 0.408026
vt 0.098510 0.403962
vt 0.148360 0.401329
vt 0.626121 0.402124
vt 0.751069 0.403593
vt 0.905481 0.403654
vt 0.160251 0.409088
vt 0.185561 0.402670
vt 0.240836 0.402316
vt 0.291380 0.412233
vt 0.610214 0.442014
vt 0.691354 0.400408
vt 0.702535 0.412120
vt 0.877217 0.401822
vt 0.209998 0.407975
vt 0.616282 0.413312
vt 0.800963 0.404349
vt 0.830428 0.411940
vt 0.924348 0.408974
vt 0.042215 0.411546
vt 0.079838 0.412194
vt 0.172215 0.408282
vt 0.770846 0.406907
vt 0.892434 0.409088
vt 0.130970 0.410589
vt 0.684889 0.413171
vt 0.030469 0.417889
vt 0.052442 0.410484
vt 0.186000 0.420348
vt 0.310956 0.419635
vt 0.671826 0.410830
vt 0.726838 0.413565
vt 0.815373 0.427456
vt 0.868971 0.417505
vt 0.882026 0.414493
vt 0.950654 0.418082
vt 1.000087 0.415706
vt 0.195119 0.412772
vt 0.220706 0.412378
vt 0.263150 0.417083
vt 0.804534 0.423614
vt 0.861469 0.411609
vt 0.967498 0.410183
vt 0.114620 0.423786
vt 0.238329 0.412830
vt 0.712477 0.421881
vt 0.771462 0.417506
vt 0.909362 0.415385
vt 0.937902 0.419370
vt 0.145344 0.419363
vt 0.738520 0.420739
vt 0.755426 0.416372
vt 0.789629 0.420415
vt 0.846511 0.419343
vt 0.975230 0.436856
vt 0.055588 0.424931
vt 0.085669 0.420033
vt 0.100626 0.427298
vt 0.205706 0.423524
vt 0.287886 0.427126
vt 0.838333 0.425393
vt 0.925435 0.426273
vt 0.040469 0.426627
vt 0.156616 0.425580
vt 0.175068 0.421357
vt 0.234042 0.423964
vt 0.668769 0.427960
vt 0.876129 0.427304
vt 0.128349 0.426029
vt 0.625392 0.434633
vt 0.721211 0.432137
vt 0.895258 0.425704
vt 0.133990 0.433553
vt 0.215776 0.428425
vt 0.265831 0.444075
vt 0.770973 0.431198
vt 0.828232 0.435471
vt 0.857616 0.429352
vt 0.065142 0.438417
vt 0.246059 0.432763
vt 0.935374 0.436823
vt 0.198846 0.434431
vt 0.653277 0.431922
vt 0.686807 0.438305
vt 0.703961 0.435296
vt 0.746956 0.433143
vt 0.089599 0.452397
vt 0.840252 0.441135
vt 0.955267 0.433959
vt 0.110726 0.438346
vt 0.121907 0.435775
vt 0.176544 0.432997
vt 0.907630 0.446103
vt 0.031451 0.439824
vt 0.145353 0.442685
vt 0.229802 0.442988
vt 0.663801 0.443366
vt 0.758786 0.442875
vt 0.889086 0.437957
vt 0.039073 0.443707
vt 0.153674 0.442212
vt 0.204065 0.450280
vt 0.782824 0.447396
vt 0.822814 0.446017
vt 0.852249 0.453089
vt 0.868231 0.442338
vt 0.189149 0.444507
vt 0.721799 0.442816
vt 0.746382 0.442702
vt 0.802395 0.443200
vt 0.170279 0.443944
vt 0.635516 0.453213
vt 0.680099 0.448463
vt 0.696818 0.444570
vt 0.773199 0.444204
vt 0.881745 0.448651
vt 0.218961 0.449546
vt 0.657827 0.457134
vt 0.919492 0.452556
vt 0.968249 0.452334
vt 0.132399 0.450568
vt 0.948799 0.448227
vt 0.051533 0.447462
vt 0.999541 0.455655
vt 0.119899 0.456038
vt 0.936084 0.453887
vt 0.000044 0.549076
vt 0.029460 0.457365
vt 0.061893 0.463426
vt 0.094179 0.462057
vt 0.108539 0.445347
vt 0.711434 0.452367
vt 0.805862 0.454574
vt 0.838621 0.455515
vt 0.168506 0.453407
vt 0.722133 0.458447
vt 0.760786 0.453002
vt 0.867490 0.457697
vt 0.146584 0.457313
vt 0.178325 0.461675
vt 0.191703 0.460778
vt 0.792422 0.458419
vt 0.043475 0.465684
vt 0.213025 0.465396
vt 0.231163 0.464001
vt 0.692421 0.460649
vt 0.847085 0.467776
vt 0.752644 0.461525
vt 0.776583 0.459045
vt 0.909489 0.462915
vt 0.984006 0.464467
vt 0.244598 0.468311
vt 0.625742 0.466493
vt 0.675690 0.459868
vt 0.706182 0.464835
vt 0.737672 0.467847
vt 0.815060 0.478721
vt 0.967414 0.481610
vt 0.029048 0.477294
vt 0.128009 0.471242
vt 0.149352 0.472061
vt 0.643749 0.468625
vt 0.764611 0.470671
vt 0.921803 0.470959
vt 0.933900 0.469696
vt 0.950886 0.464733
vt 0.191987 0.483679
vt 0.776435 0.470255
vt 0.110123 0.468962
vt 0.263931 0.480986
vt 0.722924 0.473016
vt 0.808253 0.475983
vt 0.885311 0.469041
vt 0.180833 0.476352
vt 0.656078 0.469617
vt 0.865319 0.476761
vt 0.901245 0.484316
vt 0.939119 0.485077
vt 0.062188 0.494709
vt 0.160361 0.476066
vt 0.673955 0.473475
vt 0.693178 0.480149
vt 0.745568 0.476693
vt 0.832735 0.476272
vt 0.051852 0.482758
vt 0.103952 0.478830
vt 0.657876 0.483915
vt 0.829645 0.482689
vt 0.215515 0.479096
vt 0.229010 0.480085
vt 0.997893 0.493813
vt 0.119662 0.484844
vt 0.247045 0.488679
vt 0.612936 0.483394
vt 0.737950 0.481745
vt 0.023784 0.501345
vt 0.085094 0.494376
vt 0.630268 0.488866
vt 0.645333 0.491671
vt 0.704203 0.486542
vt 0.752079 0.481917
vt 0.770360 0.481272
vt 0.786284 0.481422
vt 0.888372 0.488838
vt 0.168643 0.485243
vt 0.289647 0.489651
vt 0.109168 0.492231
vt 0.138093 0.489297
vt 0.234054 0.491264
vt 0.437193 0.651812
vt 0.843641 0.488224
vt 0.152696 0.491349
vt 0.728745 0.490748
vt 0.761367 0.490040
vt 0.796232 0.489678
vt 0.040238 0.496809
vt 0.199877 0.495105
vt 0.589284 0.493735
vt 0.673236 0.489032
vt 0.979182 0.513482
vt 0.181112 0.499878
vt 0.868704 0.494249
vt 0.102467 0.495129
vt 0.215001 0.495364
vt 0.683193 0.500306
vt 0.698652 0.497610
vt 0.736531 0.490678
vt 0.739848 0.496954
vt 0.773275 0.497016
vt 0.784791 0.497760
vt 0.817420 0.494409
vt 0.712530 0.502869
vt 0.833292 0.500241
vt 0.167398 0.496448
vt 0.277381 0.495553
vt 0.605845 0.498092
vt 0.120200 0.505038
vt 0.245115 0.515581
vt 0.761886 0.504024
vt 0.860089 0.500877
vt 0.658015 0.499003
vt 0.626356 0.509194
vt 0.667849 0.517655
vt 0.727861 0.501548
vt 0.736868 0.508068
vt 0.779646 0.507021
vt 0.844781 0.505988
vt 0.871789 0.508781
vt 0.099221 0.506587
vt 0.133166 0.513976
vt 0.816692 0.505490
vt 0.030556 0.506066
vt 0.066954 0.510709
vt 0.147176 0.517271
vt 0.167262 0.510166
vt 0.220504 0.512227
vt 0.643270 0.510301
vt 0.657893 0.517842
vt 0.748687 0.513779
vt 0.052520 0.515234
vt 0.228301 0.519743
vt 0.262258 0.525390
vt 0.281585 0.521619
vt 0.804980 0.511864
vt 0.912895 0.532978
vt 0.944873 0.507634
vt 0.041898 0.512777
vt 0.076330 0.518141
vt 0.208541 0.508710
vt 0.697865 0.512005
vt 0.724146 0.518399
vt 0.791590 0.521059
vt 0.025516 0.531455
vt 0.603558 0.514641
vt 0.839425 0.516853
vt 0.881231 0.514145
vt 0.190895 0.523644
vt 0.682155 0.522304
vt 0.772701 0.516785
vt 0.100922 0.515993
vt 0.818338 0.524294
vt 0.896436 0.522802
vt 0.999764 0.532484
vt 0.118322 0.518533
vt 0.155511 0.521837
vt 0.209788 0.528579
vt 0.606047 0.529792
vt 0.858096 0.523459
vt 0.066641 0.528727
vt 0.091562 0.521529
vt 0.109438 0.524351
vt 0.176627 0.531079
vt 0.735947 0.524858
vt 0.760013 0.519186
vt 0.937637 0.540516
vt 0.627961 0.526296
vt 0.776755 0.527024
vt 0.046138 0.530440
vt 0.163948 0.526822
vt 0.585109 0.543100
vt 0.643331 0.536559
vt 0.708895 0.525184
vt 0.744694 0.529387
vt 0.884544 0.524328
vt 0.037148 0.526165
vt 0.078707 0.529250
vt 0.138484 0.532041
vt 0.699436 0.536121
vt 0.807952 0.536244
vt 0.830379 0.531248
vt 0.844858 0.533535
vt 0.241548 0.534972
vt 0.279649 0.533493
vt 0.657161 0.537772
vt 0.754409 0.530286
vt 0.094480 0.533352
vt 0.122105 0.537176
vt 0.669418 0.538023
vt 0.722618 0.539475
vt 0.870113 0.534717
vt 0.902701 0.541390
vt 0.085368 0.536090
vt 0.138121 0.542847
vt 0.158285 0.540481
vt 0.190457 0.539889
vt 0.689158 0.536726
vt 0.712610 0.539836
vt 0.766570 0.539265
vt 0.977037 0.548749
vt 0.980722 0.556757
vt 0.108449 0.542275
vt 0.225563 0.540679
vt 0.680317 0.537060
vt 0.796828 0.539015
vt 0.850596 0.542764
vt 0.049018 0.539836
vt 0.734273 0.543184
vt 0.882287 0.546859
vt 0.953771 0.544673
vt 0.201239 0.541251
vt 0.244040 0.560149
vt 0.624534 0.543770
vt 0.816855 0.553964
vt 0.034353 0.549003
vt 0.066093 0.541217
vt 0.171675 0.546335
vt 0.216000 0.545175
vt 0.235455 0.549029
vt 0.264786 0.544103
vt 0.608087 0.544535
vt 0.017541 0.547359
vt 0.077425 0.552008
vt 0.095312 0.547735
vt 0.774120 0.550336
vt 0.784499 0.546957
vt 0.830174 0.555904
vt 0.865376 0.552455
vt 0.916132 0.550677
vt 0.148367 0.554258
vt 0.641083 0.548151
vt 0.697385 0.549627
vt 0.749125 0.545771
vt 0.050735 0.549261
vt 0.068031 0.553895
vt 0.196004 0.554077
vt 0.651332 0.554223
vt 0.674467 0.553888
vt 0.716840 0.551306
vt 0.906947 0.553936
vt 0.110389 0.554542
vt 0.125150 0.557790
vt 0.138834 0.552119
vt 0.619418 0.557035
vt 0.794024 0.553943
vt 0.800744 0.557735
vt 0.085418 0.560832
vt 0.592026 0.560125
vt 0.657439 0.561956
vt 0.684024 0.559437
vt 0.734973 0.563735
vt 0.760727 0.555627
vt 0.854556 0.560966
vt 0.027091 0.558912
vt 0.842718 0.554995
vt 0.877447 0.561336
vt 0.895324 0.564450
vt 1.000000 1.000000
vt 0.175217 0.566738
vt 0.198826 0.568284
vt 0.224295 0.563245
vt 0.716918 0.565764
vt 0.782333 0.572745
vt 0.934995 0.565112
vt 0.161476 0.563310
vt 0.604489 0.575993
vt 0.634799 0.560467
vt 0.745774 0.560793
vt 0.950434 0.567094
vt 0.040017 0.568051
vt 0.213662 0.570701
vt 0.588476 0.571304
vt 0.053386 0.565608
vt 0.074669 0.568802
vt 0.249141 0.575713
vt 0.573041 0.566267
vt 0.703864 0.560035
vt 0.805599 0.569005
vt 0.000079 0.563284
vt 0.096703 0.570978
vt 0.139855 0.570812
vt 0.770888 0.577531
vt 0.107534 0.570210
vt 0.568134 0.608346
vt 0.697407 0.578841
vt 0.821264 0.573736
vt 0.907005 0.577426
vt 0.064005 0.574590
vt 0.670139 0.572345
vt 0.753374 0.575232
vt 0.653324 0.572586
vt 0.836133 0.574665
vt 0.862891 0.567810
vt 0.018209 0.578156
vt 0.119287 0.578679
vt 0.159216 0.576638
vt 0.793752 0.583059
vt 0.847302 0.574970
vt 0.891585 0.581193
vt 0.716835 0.578769
vt 0.052167 0.579382
vt 0.087116 0.582211
vt 0.225075 0.582883
vt 0.614407 0.588622
vt 0.685785 0.584295
vt 0.873540 0.578074
vt 0.929380 0.583130
vt 0.031148 0.582251
vt 0.267247 0.612164
vt 0.641295 0.582734
vt 0.704913 0.587215
vt 0.732009 0.580569
vt 0.846979 0.586214
vt 0.916043 0.583814
vt 0.000010 0.576363
vt 0.073511 0.583137
vt 0.142711 0.584531
vt 0.173159 0.579724
vt 0.200573 0.584916
vt 0.240376 0.584629
vt 0.661969 0.583268
vt 0.044777 0.590457
vt 0.124806 0.589036
vt 0.582215 0.589975
vt 0.943047 0.595681
vt 0.000341 0.591479
vt 0.095942 0.588792
vt 0.111316 0.585013
vt 0.216964 0.592865
vt 0.806688 0.583889
vt 0.066757 0.589395
vt 0.253828 0.594577
vt 0.752637 0.597411
vt 0.777939 0.589978
vt 0.832489 0.587766
vt 0.059167 0.593781
vt 0.077734 0.595245
vt 0.625278 0.591889
vt 0.763429 0.590760
vt 0.816626 0.590870
vt 0.886011 0.598774
vt 0.900512 0.592950
vt 0.019579 0.594859
vt 0.135760 0.593005
vt 0.174148 0.589560
vt 0.191380 0.592174
vt 0.675213 0.591321
vt 0.872656 0.587981
vt 0.103667 0.598260
vt 0.154080 0.593373
vt 0.609683 0.600827
vt 0.651080 0.596040
vt 0.852839 0.596147
vt 0.808760 0.598987
vt 0.917785 0.599062
vt 0.124777 0.596906
vt 0.203839 0.597103
vt 0.241064 0.602105
vt 0.640049 0.598641
vt 0.732043 0.595302
vt 0.788813 0.608033
vt 0.827796 0.598357
vt 0.095358 0.604916
vt 0.695059 0.601059
vt 0.708309 0.606371
vt 0.869725 0.603111
vt 0.897403 0.606998
vt 0.950837 0.603927
vt 0.000185 0.599814
vt 0.036799 0.613270
vt 0.042911 0.603593
vt 0.156117 0.600731
vt 0.180139 0.601627
vt 0.764423 0.603550
vt 0.018566 0.609898
vt 0.064920 0.605903
vt 0.660908 0.607450
vt 0.739920 0.600992
vt 0.773583 0.603651
vt 0.086130 0.604983
vt 0.119410 0.610812
vt 0.129199 0.613215
vt 0.213596 0.610166
vt 0.587808 0.605737
vt 0.672950 0.603005
vt 0.054878 0.606354
vt 0.143810 0.604987
vt 0.169682 0.609026
vt 0.201702 0.608201
vt 0.236629 0.609685
vt 0.254542 0.612544
vt 0.599017 0.610249
vt 0.634400 0.607997
vt 0.826200 0.606609
vt 0.074388 0.613836
vt 0.103047 0.615475
vt 0.287367 0.618252
vt 0.621878 0.616840
vt 0.721843 0.615578
vt 0.737179 0.611745
vt 0.756631 0.612104
vt 0.800850 0.614049
vt 0.834791 0.613768
vt 0.851180 0.616999
vt 0.938735 0.615584
vt 0.134188 0.624398
vt 0.154482 0.613599
vt 0.182555 0.610304
vt 0.606715 0.614157
vt 0.645009 0.618685
vt 0.663996 0.619952
vt 0.686570 0.615913
vt 0.000051 0.609192
vt 0.047835 0.619123
vt 0.871397 0.614912
vt 0.906773 0.627793
vt 0.923274 0.615195
vt 0.767512 0.623773
vt 0.008195 0.633179
vt 0.065582 0.622190
vt 0.080376 0.623834
vt 0.197582 0.618305
vt 0.227335 0.624715
vt 0.547520 0.620309
vt 0.586272 0.618133
vt 0.701138 0.620571
vt 0.750880 0.619678
vt 0.813603 0.615440
vt 0.948681 0.625969
vt 0.093137 0.625405
vt 0.167513 0.625821
vt 0.179633 0.622018
vt 0.241271 0.620183
vt 0.610393 0.624281
vt 0.632082 0.620713
vt 0.790556 0.622548
vt 0.901541 0.617408
vt 0.211172 0.627101
vt 0.710319 0.624732
vt -0.000011 0.620993
vt 0.571435 0.630916
vt 0.834737 0.624867
vt 0.889400 0.627989
vt 0.041410 0.625495
vt 0.105866 0.628891
vt 0.119971 0.627023
vt 0.145906 0.628827
vt 0.539921 0.665849
vt 0.548420 0.637962
vt 0.652235 0.627521
vt 0.691219 0.629363
vt 0.804031 0.627586
vt 0.859634 0.628549
vt 0.923139 0.627013
vt 0.964304 0.637424
vt 0.967289 0.677135
vt 0.186935 0.631561
vt 0.721985 0.629114
vt 0.740018 0.629484
vt 0.824585 0.633925
vt 0.201153 0.630139
vt 0.218357 0.633611
vt 0.248664 0.629114
vt 0.275014 0.633079
vt 0.703658 0.634901
vt 0.031257 0.636455
vt 0.052418 0.633511
vt 0.174562 0.630711
vt 0.231923 0.636735
vt 0.585001 0.638508
vt 0.621751 0.632161
vt 0.751179 0.637902
vt 0.775212 0.634491
vt 0.000085 0.642831
vt 0.670509 0.632139
vt 0.761170 0.634344
vt 0.813986 0.640560
vt 0.879186 0.634194
vt 0.007713 0.652841
vt 0.072466 0.639501
vt 0.094834 0.640407
vt 0.115830 0.639074
vt 0.128234 0.639699
vt 0.655847 0.642168
vt 0.738688 0.643639
vt 0.790924 0.644113
vt 0.834436 0.639657
vt 0.846921 0.638727
vt 0.909180 0.638846
vt 0.083314 0.641667
vt 0.157381 0.640216
vt 0.206657 0.638229
vt 0.251822 0.639366
vt 0.301294 0.636517
vt 0.603521 0.646553
vt 0.677014 0.640811
vt 0.948901 0.643860
vt 0.064767 0.639236
vt 0.110388 0.641596
vt 0.237699 0.652468
vt 0.555786 0.660223
vt 0.173893 0.642063
vt 0.191166 0.643543
vt 0.636954 0.642335
vt 0.691875 0.644328
vt 0.721838 0.643762
vt 0.875595 0.645136
vt 0.036569 0.644408
vt 0.145607 0.642872
vt 0.269200 0.642690
vt 0.623049 0.640667
vt 0.757508 0.645292
vt 0.863897 0.649457
vt 0.888075 0.646857
vt 0.933052 0.650117
vt 0.065100 0.647413
vt 0.213754 0.649764
vt 0.283273 0.648676
vt 0.296282 0.652688
vt 0.807938 0.648876
vt 0.050216 0.646977
vt 0.180924 0.648232
vt 0.700933 0.651851
vt 0.711357 0.653190
vt 0.819307 0.654639
vt 0.915800 0.654701
vt 0.227443 0.654850
vt 0.257921 0.653106
vt 0.650521 0.656410
vt 0.779912 0.653802
vt 0.073500 0.651686
vt 0.131893 0.650770
vt 0.572805 0.663784
vt 0.614833 0.652826
vt 0.636290 0.661626
vt 0.664509 0.653532
vt 0.679619 0.650316
vt 0.017316 0.653555
vt 0.084511 0.654265
vt 0.101597 0.660869
vt 0.113202 0.653314
vt 0.120287 0.651163
vt 0.745584 0.658441
vt 0.767582 0.660880
vt 0.835532 0.654366
vt 0.854630 0.660010
vt 0.902674 0.668030
vt 0.032754 0.655504
vt 0.141497 0.659339
vt 0.155752 0.664154
vt 0.166742 0.657999
vt 0.191360 0.655542
vt 0.204017 0.661596
vt 0.269748 0.656189
vt 0.627391 0.658348
vt 0.868823 0.665592
vt 0.249851 0.661552
vt 0.694399 0.659153
vt 0.731443 0.657452
vt 0.795884 0.658199
vt 0.947055 0.666447
vt 0.046000 0.657608
vt 0.054255 0.666197
vt 0.068429 0.661413
vt 0.129488 0.665045
vt 0.225962 0.664813
vt 0.300324 0.663996
vt 0.593481 0.663020
vt 0.623803 0.666815
vt 0.884831 0.670803
vt 0.087340 0.663250
vt 0.217958 0.663923
vt 0.680482 0.663396
vt -0.000019 0.665859
vt 0.025209 0.668601
vt 0.581395 0.672431
vt 0.801235 0.667435
vt 0.119764 0.664558
vt 0.240389 0.666398
vt 0.611350 0.675396
vt 0.666586 0.666871
vt 0.070914 0.669058
vt 0.268338 0.667238
vt 0.282318 0.668012
vt 0.417790 0.665256
vt 0.434427 0.676816
vt 0.699378 0.669723
vt 0.756310 0.667223
vt 0.828166 0.681619
vt 0.924991 0.671447
vt 0.045472 0.669281
vt 0.174754 0.667737
vt 0.192124 0.669711
vt 0.312635 0.672736
vt 0.454215 0.669881
vt 0.718998 0.675322
vt 0.733582 0.668058
vt 0.817969 0.676842
vt 0.094994 0.675412
vt 0.147939 0.669992
vt 0.746369 0.674686
vt 0.781810 0.675362
vt 0.083389 0.675442
vt 0.134872 0.674175
vt 0.289867 0.680434
vt 0.478177 0.674591
vt 0.567710 0.675167
vt 0.595923 0.678541
vt 0.644194 0.673312
vt 0.105530 0.678778
vt 0.249747 0.682631
vt 0.673896 0.681861
vt 0.869100 0.681449
vt 0.060394 0.675686
vt 0.156910 0.680781
vt 0.169412 0.683722
vt 0.176159 0.677306
vt 0.186929 0.678124
vt 0.217142 0.683583
vt 0.304158 0.687014
vt 0.343824 0.689368
vt 0.387898 0.679254
vt 0.730708 0.683598
vt 0.000110 0.682891
vt 0.071742 0.679100
vt 0.113406 0.682191
vt 0.412440 0.686239
vt 0.556199 0.679633
vt 0.624474 0.685755
vt 0.652275 0.682684
vt 0.806989 0.683783
vt 0.942505 0.684540
vt 0.953722 0.686613
vt 0.049279 0.682150
vt 0.145707 0.679524
vt 0.207022 0.689103
vt 0.278010 0.689555
vt 0.323847 0.682871
vt 0.394390 0.681791
vt 0.516186 0.683683
vt 0.535906 0.676502
vt 0.691061 0.682769
vt 0.710081 0.683254
vt 0.894941 0.680913
vt 0.195400 0.693147
vt 0.423603 0.691502
vt 0.539370 0.690288
vt 0.757017 0.683385
vt 0.908966 0.685740
vt 0.183584 0.689407
vt 0.229711 0.689386
vt 0.456968 0.689653
vt 0.764082 0.686195
vt 0.026305 0.693987
vt 0.037679 0.689644
vt 0.065010 0.692524
vt 0.123694 0.692583
vt 0.140799 0.690947
vt 0.238934 0.691197
vt 0.493992 0.688073
vt 0.576754 0.684755
vt 0.662924 0.696825
vt 0.784213 0.686314
vt 0.081841 0.686588
vt 0.103811 0.693991
vt 0.253398 0.689481
vt 0.924865 0.699471
vt 0.000280 0.697469
vt 0.398616 0.697634
vt 0.586797 0.693354
vt 0.672320 0.694012
vt 0.740151 0.692222
vt 0.850586 0.706137
vt 0.873910 0.688948
vt 0.094320 0.693383
vt 0.115330 0.693120
vt 0.174305 0.697092
vt 0.288742 0.698663
vt 0.326239 0.698246
vt 0.368902 0.701102
vt 0.386543 0.697221
vt 0.562298 0.699922
vt 0.605390 0.695195
vt 0.774070 0.693166
vt 0.806415 0.700037
vt 0.079903 0.696434
vt 0.161817 0.696329
vt 0.270355 0.700025
vt 0.434335 0.705708
vt 0.688405 0.691046
vt 0.703759 0.699592
vt 0.722955 0.699305
vt 0.834805 0.697340
vt 0.891842 0.695132
vt 0.145142 0.700759
vt 0.474389 0.707560
vt 0.486825 0.705208
vt 0.573339 0.702820
vt 0.714700 0.696305
vt 0.000005 0.707787
vt 0.051955 0.698595
vt 0.512824 0.700675
vt 0.618090 0.697904
vt 0.746447 0.700853
vt 0.131417 0.704739
vt 0.181656 0.704909
vt 0.190550 0.701675
vt 0.250148 0.704338
vt 0.303217 0.698978
vt 0.352004 0.699987
vt 0.414195 0.710012
vt 0.535949 0.708955
vt 0.903309 0.704761
vt 0.108502 0.705088
vt 0.202844 0.704889
vt 0.222279 0.716837
vt 0.499036 0.702575
vt 0.631562 0.705887
vt 0.647094 0.715252
vt 0.658012 0.712447
vt 0.678847 0.710564
vt 0.763052 0.712659
vt 0.780702 0.710982
vt 0.913049 0.715790
vt 0.066211 0.711533
vt 0.092374 0.702304
vt 0.213091 0.703419
vt 0.277079 0.709072
vt 0.392491 0.710399
vt 0.453968 0.712139
vt 0.525768 0.706594
vt 0.736360 0.708862
vt 0.812458 0.726422
vt 0.024238 0.711239
vt 0.124742 0.709020
vt 0.156609 0.711446
vt 0.231015 0.706756
vt 0.304563 0.713990
vt 0.712357 0.709681
vt 0.896779 0.726203
vt 0.585676 0.716763
vt 0.875692 0.715072
vt 0.045973 0.709543
vt 0.081628 0.718505
vt 0.142151 0.708748
vt 0.268979 0.712186
vt 0.332895 0.715545
vt 0.420946 0.718837
vt 0.596696 0.707747
vt 0.604887 0.712841
vt 0.104783 0.712853
vt 0.287492 0.714267
vt 0.494588 0.714125
vt 0.550021 0.721027
vt 0.000132 0.712664
vt 0.164915 0.717826
vt 0.267410 0.723053
vt 0.402739 0.719264
vt 0.487863 0.720550
vt 0.698843 0.715360
vt 0.754671 0.714297
vt 0.854819 0.738409
vt 0.138922 0.728453
vt 0.191871 0.720822
vt 0.208486 0.714313
vt 0.319190 0.722742
vt 0.350526 0.718388
vt 0.375994 0.717626
vt 0.513157 0.721193
vt 0.010787 0.721522
vt 0.056263 0.724381
vt 0.122167 0.726884
vt 0.148527 0.719942
vt 0.178307 0.720551
vt 0.228908 0.715573
vt 0.618966 0.718225
vt 0.633177 0.723966
vt 0.707355 0.728440
vt 0.068452 0.723014
vt 0.102965 0.727139
vt 0.245689 0.723558
vt 0.446739 0.726969
vt 0.532206 0.720427
vt 0.671825 0.728703
vt 0.725386 0.725637
vt 0.031999 0.725154
vt 0.042948 0.734112
vt 0.279396 0.725000
vt 0.580770 0.729408
vt 0.603034 0.727859
vt 0.226630 0.724720
vt 0.299666 0.725210
vt 0.408767 0.728001
vt 0.428377 0.729168
vt 0.475787 0.726779
vt 0.387895 0.731712
vt 0.466240 0.725065
vt 0.002342 0.727401
vt 0.028638 0.736224
vt 0.176021 0.728843
vt 0.213435 0.735018
vt 0.253302 0.730467
vt 0.329972 0.734656
vt 0.557362 0.729866
vt 0.568054 0.733235
vt 0.646662 0.724599
vt 0.779400 0.733959
vt 0.114009 0.734673
vt 0.156984 0.729903
vt 0.224183 0.730243
vt 0.350639 0.732420
vt 0.362465 0.729316
vt 0.366531 0.734362
vt 0.455748 0.729808
vt 0.541825 0.733540
vt 0.754874 0.733808
vt 0.861003 0.743121
vt 0.063738 0.736113
vt 0.239391 0.735319
vt 0.317894 0.735246
vt 0.435624 0.738609
vt 0.078338 0.738631
vt 0.288900 0.736341
vt 0.447577 0.737905
vt 0.491869 0.734363
vt 0.519628 0.735131
vt 0.187774 0.738939
vt 0.401971 0.745436
vt 0.586809 0.741370
vt 0.615641 0.737781
vt 0.637060 0.736111
vt 0.651727 0.741232
vt 0.673375 0.736167
vt 0.710404 0.740285
vt 0.046865 0.752329
vt 0.132831 0.746718
vt 0.164821 0.739785
vt 0.229263 0.748947
vt 0.274360 0.738313
vt 0.414743 0.743175
vt 0.690880 0.740904
vt 0.839407 0.735038
vt 0.247593 0.746637
vt 0.299146 0.743229
vt 0.456358 0.738239
vt 0.548687 0.737270
vt 0.577992 0.747129
vt 0.668851 0.744100
vt 0.740341 0.736604
vt 0.143834 0.744570
vt 0.155829 0.742612
vt 0.343050 0.741951
vt 0.466499 0.745058
vt 0.536422 0.742086
vt 0.065634 0.749436
vt 0.179200 0.745258
vt 0.200742 0.743996
vt 0.220855 0.747648
vt 0.259449 0.742958
vt 0.312468 0.746291
vt 0.389260 0.745091
vt 0.498833 0.743564
vt 0.516633 0.745260
vt 0.601384 0.750227
vt 0.728243 0.746603
vt 0.092387 0.746571
vt 0.104353 0.754996
vt 0.375838 0.745547
vt 0.484020 0.749927
vt 0.753376 0.746817
vt 0.116860 0.749366
vt 0.164908 0.751099
vt 0.211146 0.750432
vt 0.281452 0.745941
vt 0.358564 0.755243
vt 0.438196 0.750543
vt 0.456099 0.753169
vt 0.564042 0.746779
vt 0.618568 0.748436
vt 0.704831 0.753107
vt 0.736064 0.750510
vt 0.290017 0.751082
vt 0.339122 0.748916
vt 0.544129 0.750153
vt 0.631207 0.754580
vt 0.197985 0.753425
vt 0.324512 0.754733
vt 0.427267 0.753915
vt 0.518198 0.757705
vt 0.584549 0.753192
vt 0.686449 0.758531
vt 0.744335 0.761297
vt 0.081339 0.757534
vt 0.096115 0.765745
vt 0.337372 0.760839
vt 0.442154 0.762186
vt 0.491178 0.756041
vt 0.501608 0.760358
vt 0.659833 0.758244
vt 0.716491 0.762217
vt 0.147641 0.760241
vt 0.241174 0.759181
vt 0.260944 0.765638
vt 0.377947 0.758523
vt 0.414161 0.759072
vt 0.478221 0.756091
vt 0.563497 0.760244
vt 0.676860 0.760425
vt 0.080843 0.774033
vt 0.119451 0.766448
vt 0.163426 0.763543
vt 0.176497 0.765123
vt 0.184929 0.757418
vt 0.279325 0.760667
vt 0.298675 0.759695
vt 0.400398 0.762716
vt 0.602995 0.759588
vt 0.761030 0.763238
vt 0.789346 0.771086
vt 0.129951 0.767348
vt 0.213904 0.760936
vt 0.458524 0.767096
vt 0.547048 0.762885
vt 0.576550 0.761293
vt 0.588100 0.764818
vt 0.615731 0.761276
vt 0.234513 0.767920
vt 0.367197 0.766818
vt 0.647913 0.765262
vt 0.730740 0.768158
vt 0.198846 0.764143
vt 0.315871 0.768143
vt 0.329251 0.767457
vt 0.352806 0.769490
vt 0.419056 0.764868
vt 0.670598 0.776943
vt 0.431043 0.772414
vt 0.532137 0.771734
vt 0.700309 0.767433
vt 0.181628 0.776655
vt 0.292704 0.771950
vt 0.393057 0.772393
vt 0.465743 0.774077
vt 0.482536 0.771786
vt 0.656808 0.773723
vt 0.383267 0.778513
vt 0.570293 0.772970
vt 0.617769 0.767898
vt 0.633834 0.772212
vt 0.690387 0.771324
vt 0.708604 0.778332
vt 0.164834 0.776661
vt 0.247537 0.774869
vt 0.335242 0.776830
vt 0.409020 0.773190
vt 0.441760 0.778055
vt 0.495318 0.774579
vt 0.514942 0.772682
vt 0.560211 0.772222
vt 0.605656 0.779492
vt 0.768481 0.776832
vt 0.102498 0.780539
vt 0.214528 0.781990
vt 0.277696 0.774100
vt 0.302331 0.776104
vt 0.745337 0.778759
vt 0.147287 0.778232
vt 0.201797 0.774723
vt 0.271204 0.777656
vt 0.315086 0.777822
vt 0.373734 0.785232
vt 0.415443 0.779514
vt 0.594701 0.782247
vt 0.121658 0.785970
vt 0.545416 0.782910
vt 0.567315 0.781378
vt 0.587127 0.775353
vt 0.648241 0.782438
vt 0.795817 0.781098
vt 0.347302 0.781874
vt 0.363350 0.781573
vt 0.454449 0.783940
vt 0.716771 0.782909
vt 0.133870 0.787085
vt 0.187919 0.788414
vt 0.226579 0.788025
vt 0.285490 0.782426
vt 0.359245 0.790469
vt 0.635641 0.781412
vt 0.690511 0.785863
vt 0.115246 0.790667
vt 0.174344 0.782710
vt 0.205031 0.786765
vt 0.236875 0.786936
vt 0.255503 0.785561
vt 0.323216 0.785918
vt 0.428411 0.785236
vt 0.483250 0.789609
vt 0.504184 0.788602
vt 0.516484 0.790641
vt 0.627835 0.788292
vt 0.167814 0.791736
vt 0.300657 0.788004
vt 0.382892 0.791193
vt 0.404658 0.789507
vt 0.463640 0.784984
vt 0.533684 0.791415
vt 0.556949 0.795661
vt 0.584930 0.791123
vt 0.667953 0.788449
vt 0.756288 0.802896
vt 0.250651 0.790351
vt 0.269318 0.797321
vt 0.474722 0.787049
vt 0.650635 0.797691
vt 0.726267 0.788645
vt 0.311350 0.790504
vt 0.338375 0.796587
vt 0.738222 0.796375
vt 0.214651 0.795971
vt 0.320622 0.796996
vt 0.413468 0.796001
vt 0.441734 0.794052
vt 0.597415 0.798582
vt 0.612791 0.789399
vt 0.276034 0.798567
vt 0.393118 0.800318
vt 0.542595 0.801986
vt 0.565428 0.798290
vt 0.687541 0.797778
vt 0.698532 0.794195
vt 0.795488 0.802346
vt 0.156257 0.798626
vt 0.474024 0.799421
vt 0.505409 0.801062
vt 0.622951 0.799535
vt 0.201499 0.795740
vt 0.225781 0.801737
vt 0.289394 0.800457
vt 0.367572 0.800408
vt 0.426558 0.800040
vt 0.521961 0.803824
vt 0.706450 0.805592
vt 0.190313 0.801385
vt 0.254864 0.808658
vt 0.329572 0.807791
vt 0.466328 0.802223
vt 0.607547 0.804488
vt 0.640651 0.799064
vt 0.669675 0.798740
vt 0.128633 0.805989
vt 0.141006 0.803445
vt 0.178861 0.803026
vt 0.355035 0.805772
vt 0.455476 0.805817
vt 0.678185 0.804397
vt 0.725502 0.808432
vt 0.210380 0.808535
vt 0.235164 0.807200
vt 0.299123 0.804632
vt 0.322450 0.808096
vt 0.376289 0.804803
vt 0.489916 0.811665
vt 0.550302 0.807533
vt 0.780788 0.813991
vt 0.146112 0.813287
vt 0.585007 0.810794
vt 0.296001 0.809878
vt 0.437772 0.808357
vt 0.710132 0.814031
vt 0.153970 0.820242
vt 0.335479 0.815998
vt 0.408743 0.808633
vt 0.478683 0.810476
vt 0.599387 0.809104
vt 0.645267 0.812921
vt 0.277400 0.813355
vt 0.421441 0.810961
vt 0.559433 0.814486
vt 0.180211 0.814874
vt 0.237518 0.821107
vt 0.309054 0.812078
vt 0.386711 0.813215
vt 0.454161 0.818849
vt 0.465860 0.813246
vt 0.532789 0.815406
vt 0.660493 0.819347
vt 0.721388 0.822910
vt 0.204389 0.822421
vt 0.346731 0.817009
vt 0.365081 0.817018
vt 0.374106 0.820890
vt 0.507313 0.820322
vt 0.675064 0.824568
vt 0.691099 0.827190
vt 0.000000 1.000000
vt 0.248575 0.822351
vt 0.258873 0.817984
vt 0.387219 0.827704
vt 0.397120 0.818913
vt 0.545905 0.820921
vt 0.620445 0.818985
vt 0.633699 0.821727
vt 0.175196 0.828308
vt 0.194014 0.824033
vt 0.230835 0.829958
vt 0.293548 0.818642
vt 0.299879 0.821429
vt 0.316290 0.820842
vt 0.425485 0.818623
vt 0.485171 0.819760
vt 0.587467 0.823583
vt 0.762404 0.823602
vt 0.214535 0.826130
vt 0.408192 0.823319
vt 0.433673 0.823126
vt 0.601289 0.829574
vt 0.745163 0.825189
vt 0.323580 0.824023
vt 0.462936 0.822171
vt 0.608554 0.825625
vt 0.649870 0.827316
vt 0.159100 0.830207
vt 0.263856 0.824065
vt 0.307070 0.826134
vt 0.471341 0.828405
vt 0.704930 0.822957
vt 0.795057 0.827206
vt 0.242086 0.827536
vt 0.275934 0.827757
vt 0.340402 0.830129
vt 0.350768 0.835511
vt 0.410487 0.837609
vt 0.560047 0.825627
vt 0.331795 0.834445
vt 0.399909 0.829352
vt 0.512975 0.835407
vt 0.531765 0.832437
vt 0.544806 0.832869
vt 0.564065 0.836125
vt 0.316335 0.834388
vt 0.376436 0.833859
vt 0.425247 0.830963
vt 0.450163 0.836934
vt 0.582169 0.839523
vt 0.729266 0.837260
vt 0.187197 0.838630
vt 0.357658 0.836796
vt 0.482518 0.832289
vt 0.491427 0.838936
vt 0.671697 0.837351
vt 0.707833 0.835984
vt 0.163922 0.842183
vt 0.258124 0.834763
vt 0.271901 0.835377
vt 0.285451 0.838562
vt 0.503247 0.835234
vt 0.651490 0.837904
vt 0.748824 0.838439
vt 0.212130 0.843953
vt 0.304100 0.839714
vt 0.439881 0.837533
vt 0.462878 0.839285
vt 0.235756 0.838780
vt 0.248217 0.842301
vt 0.388045 0.837736
vt 0.626630 0.839884
vt 0.683684 0.839433
vt 0.295357 0.841992
vt 0.398342 0.843995
vt 0.592813 0.843922
vt 0.756218 0.859924
vt 0.325551 0.847868
vt 0.378484 0.848553
vt 0.467265 0.847862
vt 0.511472 0.852860
vt 0.530256 0.848811
vt 0.173601 0.845603
vt 0.199173 0.844455
vt 0.271082 0.847480
vt 0.312776 0.841598
vt 0.367799 0.843695
vt 0.413086 0.847854
vt 0.428841 0.847027
vt 0.605474 0.849585
vt 0.337292 0.852730
vt 0.358815 0.848250
vt 0.543477 0.849902
vt 0.559609 0.848386
vt 0.582215 0.847413
vt 0.640589 0.849291
vt 0.230992 0.851045
vt 0.286055 0.845519
vt 0.476414 0.846680
vt 0.487517 0.852724
vt 0.499293 0.845732
vt 0.659063 0.850056
vt 0.667601 0.846817
vt 0.315856 0.853059
vt 0.385429 0.852619
vt 0.570057 0.858036
vt 0.620621 0.848933
vt 0.676372 0.850455
vt 0.690697 0.856816
vt 0.220677 0.860948
vt 0.255571 0.861383
vt 0.304790 0.855344
vt 0.361625 0.856101
vt 0.435668 0.856085
vt 0.453594 0.859602
vt 0.556970 0.856539
vt 0.279376 0.854425
vt 0.288905 0.853864
vt 0.648400 0.859286
vt 0.170768 0.857690
vt 0.404684 0.856928
vt 0.424998 0.859334
vt 0.491587 0.858435
vt 0.521859 0.860437
vt 0.532738 0.861526
vt 0.583401 0.858989
vt 0.601061 0.863455
vt 0.184314 0.864384
vt 0.390933 0.861955
vt 0.465462 0.861603
vt 0.629351 0.863569
vt 0.745265 0.866102
vt 0.235448 0.874951
vt 0.330475 0.860246
vt 0.478118 0.866424
vt 0.213042 0.864609
vt 0.310963 0.862264
vt 0.322463 0.867830
vt 0.369053 0.864869
vt 0.508813 0.867286
vt 0.640181 0.866958
vt 0.698900 0.881553
vt 0.407798 0.868193
vt 0.417000 0.872065
vt 0.544412 0.865785
vt 0.197961 0.869591
vt 0.293125 0.868984
vt 0.353705 0.871418
vt 0.398233 0.867457
vt 0.446608 0.865956
vt 0.559882 0.865937
vt 0.666634 0.878938
vt 0.714178 0.888662
vt 0.733531 0.878841
vt 0.303789 0.872443
vt 0.384198 0.872488
vt 0.457122 0.868973
vt 0.492789 0.871007
vt 0.616619 0.871131
vt 0.273176 0.876342
vt 0.420755 0.878363
vt 0.365295 0.875292
vt 0.464221 0.881133
vt 0.577405 0.871447
vt 0.595094 0.875912
vt 0.340101 0.873320
vt 0.552016 0.871679
vt 0.581640 0.883295
vt 0.644628 0.877224
vt 0.315186 0.875445
vt 0.565538 0.881457
vt 0.182684 0.880562
vt 0.214473 0.879236
vt 0.258173 0.884192
vt 0.290773 0.882373
vt 0.328328 0.880488
vt 0.442321 0.883362
vt 0.515904 0.883861
vt 0.537671 0.878434
vt 0.617889 0.882894
vt 0.393914 0.877785
vt 0.481184 0.881871
vt 0.601830 0.880256
vt 0.228405 0.883767
vt 0.245487 0.888053
vt 0.427296 0.886020
vt 0.199425 0.886708
vt 0.336176 0.881232
vt 0.398510 0.885099
vt 0.491825 0.882884
vt 0.507318 0.887212
vt 0.548995 0.888306
vt 0.628375 0.893443
vt 0.274492 0.882171
vt 0.301373 0.891142
vt 0.314704 0.887673
vt 0.362456 0.888126
vt 0.380873 0.885158
vt 0.213422 0.892046
vt 0.352751 0.889805
vt 0.450889 0.889756
vt 0.333146 0.891911
vt 0.439159 0.889550
vt 0.475940 0.890285
vt 0.605182 0.896251
vt 0.657344 0.890802
vt 0.322315 0.893055
vt 0.487760 0.894656
vt 0.503723 0.897180
vt 0.531731 0.889981
vt 0.565435 0.896646
vt 0.593806 0.890875
vt 0.678186 0.887839
vt 0.370425 0.894696
vt 0.415133 0.895786
vt 0.556322 0.894020
vt 0.225425 0.896794
vt 0.241466 0.901600
vt 0.256671 0.902285
vt 0.287889 0.897986
vt 0.350468 0.903241
vt 0.406304 0.895028
vt 0.462423 0.899033
vt 0.515951 0.899197
vt 0.580090 0.894999
vt 0.713825 0.895829
vt 0.382188 0.898795
vt 0.396409 0.903525
vt 0.537711 0.898375
vt 0.643961 0.901244
vt 0.272750 0.902719
vt 0.430561 0.903368
vt 0.607791 0.907002
vt 0.310743 0.901413
vt 0.339910 0.905640
vt 0.363636 0.911526
vt 0.448322 0.906845
vt 0.504368 0.904846
vt 0.591542 0.905148
vt 0.635217 0.904545
vt 0.326773 0.905139
vt 0.379008 0.910246
vt 0.562798 0.905352
vt 0.575208 0.905849
vt 0.622183 0.911762
vt 0.661370 0.916965
vt 0.229957 0.908489
vt 0.264366 0.908637
vt 0.317825 0.911480
vt 0.418792 0.907172
vt 0.438115 0.912565
vt 0.477541 0.909730
vt 0.541276 0.908906
vt 0.466118 0.905999
vt 0.497704 0.909838
vt 0.519488 0.910944
vt 0.283018 0.916036
vt 0.301996 0.910333
vt 0.644284 0.916567
vt 0.584036 0.919130
vt 0.253473 0.922629
vt 0.406990 0.916513
vt 0.511055 0.920501
vt 0.548357 0.917007
vt 0.673519 0.933314
vt 0.489247 0.916505
vt 0.604568 0.923350
vt 0.312067 0.917861
vt 0.333916 0.925256
vt 0.389164 0.920214
vt 0.429070 0.917477
vt 0.450657 0.923186
vt 0.531805 0.920896
vt 0.287567 0.926111
vt 0.343253 0.931688
vt 0.454194 0.939613
vt 0.501511 0.924099
vt 0.567577 0.922495
vt 0.237375 0.935067
vt 0.265548 0.926550
vt 0.359631 0.927159
vt 0.364697 0.930252
vt 0.398722 0.929845
vt 0.466277 0.930484
vt 0.618403 0.923420
vt 0.315844 0.928491
vt 0.420015 0.928445
vt 0.438580 0.928636
vt 0.496729 0.933436
vt 0.519967 0.929826
vt 0.591790 0.929330
vt 0.326054 0.934521
vt 0.374647 0.925361
vt 0.551972 0.935590
vt 0.622612 0.937282
vt 0.297548 0.939704
vt 0.413084 0.942681
vt 0.477607 0.941617
vt 0.578518 0.937196
vt 0.647375 0.942763
vt 0.266909 0.941806
vt 0.386439 0.942766
vt 0.287415 0.937886
vt 0.354377 0.942465
vt 0.370117 0.939482
vt 0.602720 0.939028
vt 0.253093 0.939639
vt 0.433514 0.940741
vt 0.636971 0.948820
vt 0.313655 0.945732
vt 0.530813 0.946374
vt 0.569978 0.941728
vt 0.402653 0.946546
vt 0.435787 0.955303
vt 0.506727 0.944659
vt 0.585215 0.950120
vt 0.292097 0.948926
vt 0.369640 0.955566
vt 0.474471 0.957679
vt 0.496524 0.948444
vt 0.626727 0.962443
vt 0.250907 0.955524
vt 0.329198 0.953111
vt 0.607316 0.976111
vt 0.350839 0.956691
vt 0.381340 0.964137
vt 0.394222 0.965819
vt 0.563588 0.953048
vt 0.273205 0.962892
vt 0.290777 0.965069
vt 0.521522 0.955587
vt 0.417056 0.961117
vt 0.650723 0.959423
vt 0.258796 0.962124
vt 0.304802 0.967037
vt 0.540333 0.962829
vt 0.354757 0.964911
vt 0.429563 0.986749
vt 0.397224 0.980078
vt 0.539644 0.973277
vt 0.592406 0.964982
vt 0.331329 0.966054
vt 0.316075 0.974291
vt 0.267152 0.976295
vt 0.352392 0.977578
vt 0.331476 0.983982
vt 0.289889 0.984391
vt 0.304008 0.998103
vt 0.316302 0.999996
vt 0.443764 1.000000
s 0
f 1/1/1 5/2/1 2/3/1
f 5/2/2 6/4/2 2/3/2
f 6/4/3 26/5/3 2/3/3
f 26/5/4 7/6/4 2/3/4
f 7/6/5 8/7/5 2/3/5
f 8/7/6 9/8/6 2/3/6
f 9/8/7 10/9/7 2/3/7
f 2/3/8 10/9/8 3/10/8
f 11/11/9 12/12/9 4/13/9
f 3/10/10 16/14/10 13/15/10
f 11/11/11 17/16/11 12/12/11
f 7/6/12 22/17/12 8/7/12
f 10/9/13 16/14/13 3/10/13
f 4/13/14 15/18/14 11/11/14
f 3/10/15 18/19/15 4/13/15
f 13/15/16 18/19/16 3/10/16
f 11/11/17 15/18/17 17/16/17
f 1/1/18 80/20/18 5/2/18
f 5/2/19 19/21/19 6/4/19
f 22/17/20 24/22/20 8/7/20
f 20/23/21 16/14/21 10/9/21
f 18/19/22 15/18/22 4/13/22
f 5/2/23 14/24/23 19/21/23
f 24/22/24 25/25/24 8/7/24
f 10/9/25 27/26/25 20/23/25
f 17/16/26 23/27/26 12/12/26
f 9/8/27 29/28/27 10/9/27
f 20/23/28 30/29/28 16/14/28
f 16/14/29 30/29/29 13/15/29
f 13/15/30 32/30/30 18/19/30
f 18/19/31 32/30/31 15/18/31
f 21/31/32 28/32/32 15/18/32
f 15/18/33 28/32/33 17/16/33
f 8/7/34 34/33/34 9/8/34
f 32/30/35 21/31/35 15/18/35
f 23/27/36 35/34/36 12/12/36
f 22/17/37 38/35/37 24/22/37
f 27/26/38 30/29/38 20/23/38
f 28/32/39 37/36/39 17/16/39
f 13/15/40 30/29/40 31/37/40
f 37/36/41 23/27/41 17/16/41
f 5/2/42 39/38/42 14/24/42
f 43/39/43 38/35/43 7/6/43
f 7/6/44 38/35/44 22/17/44
f 24/22/45 33/40/45 25/25/45
f 36/41/46 34/33/46 8/7/46
f 10/9/47 29/28/47 27/26/47
f 80/20/48 42/42/48 5/2/48
f 13/15/49 31/37/49 32/30/49
f 45/43/50 6/4/50 19/21/50
f 36/41/51 9/8/51 34/33/51
f 32/30/52 44/44/52 21/31/52
f 5/2/53 42/42/53 39/38/53
f 39/38/54 40/45/54 14/24/54
f 26/5/55 6/4/55 7/6/55
f 25/25/56 36/41/56 8/7/56
f 31/37/57 44/44/57 32/30/57
f 21/31/58 48/46/58 28/32/58
f 14/24/59 45/43/59 19/21/59
f 24/22/60 38/35/60 33/40/60
f 27/26/61 29/28/61 41/47/61
f 27/26/62 47/48/62 30/29/62
f 23/27/63 51/49/63 35/34/63
f 6/4/64 46/50/64 7/6/64
f 46/50/65 43/39/65 7/6/65
f 38/35/66 54/51/66 33/40/66
f 54/51/67 25/25/67 33/40/67
f 41/47/68 47/48/68 27/26/68
f 48/46/69 37/36/69 28/32/69
f 80/20/70 53/52/70 42/42/70
f 40/45/71 55/53/71 14/24/71
f 43/39/72 49/54/72 38/35/72
f 25/25/73 56/55/73 36/41/73
f 57/56/74 9/8/74 36/41/74
f 9/8/75 50/57/75 29/28/75
f 37/36/76 51/49/76 23/27/76
f 55/53/77 45/43/77 14/24/77
f 6/4/78 45/43/78 46/50/78
f 38/35/79 49/54/79 54/51/79
f 54/51/80 56/55/80 25/25/80
f 57/56/81 50/57/81 9/8/81
f 35/34/82 52/58/82 12/12/82
f 56/55/83 61/59/83 36/41/83
f 47/48/84 58/60/84 30/29/84
f 48/46/85 62/61/85 37/36/85
f 37/36/86 69/62/86 51/49/86
f 51/49/87 70/63/87 35/34/87
f 39/38/88 64/64/88 40/45/88
f 43/39/89 63/65/89 49/54/89
f 61/59/90 57/56/90 36/41/90
f 58/60/91 31/37/91 30/29/91
f 35/34/92 59/66/92 52/58/92
f 52/58/93 71/67/93 12/12/93
f 71/67/94 60/68/94 12/12/94
f 55/53/95 65/69/95 45/43/95
f 65/69/96 46/50/96 45/43/96
f 46/50/97 63/65/97 43/39/97
f 49/54/98 66/70/98 54/51/98
f 29/28/99 67/71/99 41/47/99
f 21/31/100 74/72/100 48/46/100
f 39/38/101 42/42/101 64/64/101
f 50/57/102 67/71/102 29/28/102
f 47/48/103 68/73/103 58/60/103
f 62/61/104 69/62/104 37/36/104
f 35/34/105 70/63/105 59/66/105
f 55/53/106 78/74/106 65/69/106
f 54/51/107 82/75/107 56/55/107
f 72/76/108 47/48/108 41/47/108
f 44/44/109 73/77/109 21/31/109
f 73/77/110 74/72/110 21/31/110
f 59/66/111 71/67/111 52/58/111
f 40/45/112 78/74/112 55/53/112
f 85/78/113 66/70/113 49/54/113
f 31/37/114 75/79/114 44/44/114
f 48/46/115 76/80/115 62/61/115
f 69/62/116 70/63/116 51/49/116
f 53/52/117 77/81/117 42/42/117
f 42/42/118 77/81/118 64/64/118
f 64/64/119 78/74/119 40/45/119
f 54/51/120 66/70/120 82/75/120
f 72/76/121 68/73/121 47/48/121
f 53/52/122 81/82/122 77/81/122
f 41/47/123 67/71/123 72/76/123
f 65/69/124 63/65/124 46/50/124
f 56/55/125 82/75/125 61/59/125
f 68/73/126 83/83/126 58/60/126
f 75/79/127 73/77/127 44/44/127
f 1/1/128 84/84/128 80/20/128
f 93/85/129 63/65/129 65/69/129
f 63/65/130 85/78/130 49/54/130
f 82/75/131 79/86/131 61/59/131
f 61/59/132 86/87/132 57/56/132
f 67/71/133 88/88/133 72/76/133
f 76/80/134 69/62/134 62/61/134
f 69/62/135 89/89/135 70/63/135
f 59/66/136 97/90/136 71/67/136
f 64/64/137 77/81/137 78/74/137
f 57/56/138 87/91/138 50/57/138
f 50/57/139 87/91/139 67/71/139
f 73/77/140 94/92/140 74/72/140
f 48/46/141 74/72/141 76/80/141
f 80/20/142 81/82/142 53/52/142
f 61/59/143 79/86/143 86/87/143
f 72/76/144 96/93/144 68/73/144
f 84/84/145 98/94/145 80/20/145
f 80/20/146 98/94/146 90/95/146
f 90/95/147 91/96/147 80/20/147
f 78/74/148 77/81/148 109/97/148
f 66/70/149 85/78/149 95/98/149
f 86/87/150 87/91/150 57/56/150
f 68/73/151 96/93/151 83/83/151
f 58/60/152 83/83/152 31/37/152
f 31/37/153 83/83/153 75/79/153
f 94/92/154 101/99/154 74/72/154
f 70/63/155 105/100/155 59/66/155
f 80/20/156 91/96/156 81/82/156
f 78/74/157 109/97/157 92/101/157
f 99/102/158 93/85/158 65/69/158
f 63/65/159 102/103/159 85/78/159
f 100/104/160 103/105/160 82/75/160
f 87/91/161 119/106/161 67/71/161
f 83/83/162 104/107/162 75/79/162
f 75/79/163 104/107/163 73/77/163
f 76/80/164 116/108/164 69/62/164
f 89/89/165 105/100/165 70/63/165
f 106/109/166 60/68/166 71/67/166
f 107/110/167 84/84/167 1/1/167
f 81/82/168 108/111/168 77/81/168
f 92/101/169 65/69/169 78/74/169
f 93/85/170 112/112/170 63/65/170
f 112/112/171 102/103/171 63/65/171
f 102/103/172 95/98/172 85/78/172
f 66/70/173 100/104/173 82/75/173
f 82/75/174 110/113/174 79/86/174
f 67/71/175 119/106/175 88/88/175
f 73/77/176 111/114/176 94/92/176
f 69/62/177 113/115/177 89/89/177
f 59/66/178 105/100/178 97/90/178
f 77/81/179 108/111/179 109/97/179
f 66/70/180 95/98/180 100/104/180
f 103/105/181 110/113/181 82/75/181
f 74/72/182 101/99/182 76/80/182
f 97/90/183 106/109/183 71/67/183
f 106/109/184 12/12/184 60/68/184
f 118/116/185 65/69/185 92/101/185
f 72/76/186 88/88/186 96/93/186
f 96/93/187 124/117/187 83/83/187
f 73/77/188 104/107/188 111/114/188
f 101/99/189 116/108/189 76/80/189
f 90/95/190 98/94/190 91/96/190
f 128/118/191 118/116/191 92/101/191
f 118/116/192 99/102/192 65/69/192
f 99/102/193 112/112/193 93/85/193
f 116/108/194 113/115/194 69/62/194
f 89/89/195 114/119/195 105/100/195
f 106/109/196 97/90/196 117/120/196
f 98/94/197 115/121/197 91/96/197
f 91/96/198 115/121/198 81/82/198
f 122/122/199 112/112/199 99/102/199
f 79/86/200 123/123/200 86/87/200
f 96/93/201 88/88/201 124/117/201
f 124/117/202 104/107/202 83/83/202
f 120/124/203 94/92/203 111/114/203
f 116/108/204 135/125/204 113/115/204
f 113/115/205 114/119/205 89/89/205
f 1/1/206 132/126/206 121/127/206
f 110/113/207 123/123/207 79/86/207
f 86/87/208 123/123/208 87/91/208
f 123/123/209 125/128/209 87/91/209
f 87/91/210 125/128/210 119/106/210
f 94/92/211 130/129/211 101/99/211
f 106/109/212 126/130/212 12/12/212
f 126/130/213 127/131/213 12/12/213
f 81/82/214 115/121/214 108/111/214
f 108/111/215 133/132/215 109/97/215
f 109/97/216 128/118/216 92/101/216
f 118/116/217 129/133/217 99/102/217
f 99/102/218 129/133/218 122/122/218
f 114/119/219 131/134/219 105/100/219
f 105/100/220 131/134/220 97/90/220
f 121/127/221 107/110/221 1/1/221
f 88/88/222 146/135/222 124/117/222
f 104/107/223 120/124/223 111/114/223
f 94/92/224 120/124/224 130/129/224
f 130/129/225 116/108/225 101/99/225
f 136/136/226 131/134/226 114/119/226
f 107/110/227 137/137/227 84/84/227
f 84/84/228 137/137/228 98/94/228
f 98/94/229 139/138/229 115/121/229
f 140/139/230 102/103/230 112/112/230
f 102/103/231 134/140/231 95/98/231
f 134/140/232 141/141/232 95/98/232
f 95/98/233 141/141/233 100/104/233
f 100/104/234 142/142/234 103/105/234
f 137/137/235 138/143/235 98/94/235
f 115/121/236 149/144/236 108/111/236
f 122/122/237 140/139/237 112/112/237
f 140/139/238 144/145/238 102/103/238
f 103/105/239 142/142/239 110/113/239
f 125/128/240 143/146/240 119/106/240
f 145/147/241 88/88/241 119/106/241
f 124/117/242 155/148/242 104/107/242
f 147/149/243 113/115/243 135/125/243
f 117/120/244 126/130/244 106/109/244
f 109/97/245 150/150/245 128/118/245
f 110/113/246 151/151/246 123/123/246
f 123/123/247 153/152/247 125/128/247
f 113/115/248 148/153/248 114/119/248
f 114/119/249 148/153/249 136/136/249
f 97/90/250 131/134/250 117/120/250
f 121/127/251 152/154/251 107/110/251
f 138/143/252 139/138/252 98/94/252
f 133/132/253 150/150/253 109/97/253
f 102/103/254 144/145/254 134/140/254
f 110/113/255 142/142/255 151/151/255
f 151/151/256 153/152/256 123/123/256
f 153/152/257 154/155/257 125/128/257
f 143/146/258 145/147/258 119/106/258
f 104/107/259 156/156/259 120/124/259
f 116/108/260 157/157/260 135/125/260
f 118/116/261 158/158/261 129/133/261
f 100/104/262 141/141/262 142/142/262
f 125/128/263 154/155/263 143/146/263
f 120/124/264 157/157/264 130/129/264
f 130/129/265 157/157/265 116/108/265
f 113/115/266 163/159/266 148/153/266
f 127/131/267 175/160/267 12/12/267
f 139/138/268 168/161/268 115/121/268
f 115/121/269 168/161/269 149/144/269
f 108/111/270 149/144/270 133/132/270
f 88/88/271 145/147/271 146/135/271
f 146/135/272 162/162/272 124/117/272
f 124/117/273 159/163/273 155/148/273
f 147/149/274 163/159/274 113/115/274
f 121/127/275 171/164/275 152/154/275
f 149/144/276 150/150/276 133/132/276
f 164/165/277 158/158/277 128/118/277
f 128/118/278 158/158/278 118/116/278
f 144/145/279 140/139/279 161/166/279
f 141/141/280 165/167/280 142/142/280
f 104/107/281 155/148/281 156/156/281
f 120/124/282 156/156/282 157/157/282
f 148/153/283 166/168/283 136/136/283
f 152/154/284 137/137/284 107/110/284
f 137/137/285 167/169/285 138/143/285
f 128/118/286 150/150/286 164/165/286
f 173/170/287 162/162/287 146/135/287
f 124/117/288 162/162/288 159/163/288
f 135/125/289 174/171/289 147/149/289
f 127/131/290 169/172/290 175/160/290
f 158/158/291 172/173/291 129/133/291
f 129/133/292 172/173/292 122/122/292
f 142/142/293 181/174/293 151/151/293
f 136/136/294 185/175/294 131/134/294
f 185/175/295 117/120/295 131/134/295
f 117/120/296 160/176/296 126/130/296
f 126/130/297 169/172/297 127/131/297
f 170/177/298 121/127/298 132/126/298
f 171/164/299 176/178/299 152/154/299
f 138/143/300 167/169/300 139/138/300
f 149/144/301 193/179/301 150/150/301
f 122/122/302 177/180/302 140/139/302
f 134/140/303 144/145/303 178/181/303
f 134/140/304 178/181/304 141/141/304
f 141/141/305 208/182/305 165/167/305
f 153/152/306 194/183/306 154/155/306
f 154/155/307 179/184/307 143/146/307
f 179/184/308 145/147/308 143/146/308
f 145/147/309 173/170/309 146/135/309
f 166/168/310 199/185/310 136/136/310
f 117/120/311 185/175/311 160/176/311
f 170/177/312 171/164/312 121/127/312
f 139/138/313 188/186/313 168/161/313
f 172/173/314 200/187/314 122/122/314
f 177/180/315 161/166/315 140/139/315
f 180/188/316 178/181/316 144/145/316
f 159/163/317 182/189/317 155/148/317
f 155/148/318 183/190/318 156/156/318
f 147/149/319 184/191/319 163/159/319
f 148/153/320 163/159/320 184/191/320
f 160/176/321 186/192/321 126/130/321
f 152/154/322 187/193/322 137/137/322
f 137/137/323 187/193/323 167/169/323
f 167/169/324 188/186/324 139/138/324
f 168/161/325 193/179/325 149/144/325
f 193/179/326 189/194/326 150/150/326
f 150/150/327 190/195/327 164/165/327
f 122/122/328 200/187/328 177/180/328
f 161/166/329 180/188/329 144/145/329
f 165/167/330 181/174/330 142/142/330
f 157/157/331 174/171/331 135/125/331
f 174/171/332 184/191/332 147/149/332
f 184/191/333 166/168/333 148/153/333
f 186/192/334 169/172/334 126/130/334
f 169/172/335 192/196/335 175/160/335
f 164/165/336 196/197/336 158/158/336
f 178/181/337 208/182/337 141/141/337
f 151/151/338 194/183/338 153/152/338
f 191/198/339 162/162/339 173/170/339
f 183/190/340 157/157/340 156/156/340
f 199/185/341 185/175/341 136/136/341
f 175/160/342 192/196/342 12/12/342
f 195/199/343 168/161/343 188/186/343
f 150/150/344 189/194/344 190/195/344
f 190/195/345 196/197/345 164/165/345
f 196/197/346 172/173/346 158/158/346
f 177/180/347 197/200/347 161/166/347
f 198/201/348 194/183/348 151/151/348
f 162/162/349 203/202/349 159/163/349
f 167/169/350 195/199/350 188/186/350
f 195/199/351 193/179/351 168/161/351
f 197/200/352 180/188/352 161/166/352
f 208/182/353 201/203/353 165/167/353
f 181/174/354 198/201/354 151/151/354
f 194/183/355 179/184/355 154/155/355
f 145/147/356 179/184/356 173/170/356
f 179/184/357 202/204/357 173/170/357
f 159/163/358 203/202/358 182/189/358
f 204/205/359 174/171/359 157/157/359
f 199/185/360 205/206/360 185/175/360
f 193/179/361 207/207/361 189/194/361
f 215/208/362 198/201/362 181/174/362
f 182/189/363 210/209/363 155/148/363
f 169/172/364 211/210/364 192/196/364
f 1/1/365 212/211/365 132/126/365
f 213/212/366 170/177/366 132/126/366
f 170/177/367 206/213/367 171/164/367
f 190/195/368 189/194/368 196/197/368
f 200/187/369 197/200/369 177/180/369
f 219/214/370 178/181/370 180/188/370
f 201/203/371 181/174/371 165/167/371
f 202/204/372 191/198/372 173/170/372
f 155/148/373 210/209/373 183/190/373
f 205/206/374 216/215/374 185/175/374
f 186/192/375 217/216/375 169/172/375
f 192/196/376 218/217/376 12/12/376
f 212/211/377 213/212/377 132/126/377
f 171/164/378 206/213/378 176/178/378
f 167/169/379 187/193/379 195/199/379
f 207/207/380 193/179/380 195/199/380
f 172/173/381 214/218/381 200/187/381
f 219/214/382 208/182/382 178/181/382
f 181/174/383 201/203/383 215/208/383
f 198/201/384 209/219/384 194/183/384
f 220/220/385 204/205/385 157/157/385
f 204/205/386 221/221/386 174/171/386
f 174/171/387 221/221/387 184/191/387
f 184/191/388 222/222/388 166/168/388
f 185/175/389 216/215/389 160/176/389
f 176/178/390 187/193/390 152/154/390
f 196/197/391 214/218/391 172/173/391
f 197/200/392 243/223/392 180/188/392
f 243/223/393 219/214/393 180/188/393
f 191/198/394 224/224/394 162/162/394
f 162/162/395 224/224/395 203/202/395
f 182/189/396 203/202/396 210/209/396
f 183/190/397 225/225/397 157/157/397
f 225/225/398 226/226/398 157/157/398
f 157/157/399 226/226/399 220/220/399
f 166/168/400 222/222/400 199/185/400
f 222/222/401 227/227/401 199/185/401
f 216/215/402 186/192/402 160/176/402
f 211/210/403 218/217/403 192/196/403
f 189/194/404 228/228/404 196/197/404
f 196/197/405 231/229/405 214/218/405
f 209/219/406 229/230/406 194/183/406
f 194/183/407 229/230/407 179/184/407
f 229/230/408 202/204/408 179/184/408
f 184/191/409 221/221/409 222/222/409
f 169/172/410 217/216/410 211/210/410
f 170/177/411 213/212/411 206/213/411
f 176/178/412 223/231/412 187/193/412
f 187/193/413 241/232/413 195/199/413
f 219/214/414 232/233/414 208/182/414
f 232/233/415 201/203/415 208/182/415
f 201/203/416 233/234/416 215/208/416
f 224/224/417 191/198/417 202/204/417
f 203/202/418 239/235/418 210/209/418
f 199/185/419 227/227/419 205/206/419
f 251/236/420 207/207/420 195/199/420
f 237/237/421 228/228/421 189/194/421
f 228/228/422 231/229/422 196/197/422
f 198/201/423 238/238/423 209/219/423
f 224/224/424 245/239/424 203/202/424
f 210/209/425 225/225/425 183/190/425
f 220/220/426 221/221/426 204/205/426
f 205/206/427 240/240/427 216/215/427
f 186/192/428 234/241/428 217/216/428
f 230/242/429 213/212/429 212/211/429
f 223/231/430 241/232/430 187/193/430
f 207/207/431 237/237/431 189/194/431
f 233/234/432 244/243/432 215/208/432
f 215/208/433 244/243/433 198/201/433
f 210/209/434 246/244/434 225/225/434
f 216/215/435 247/245/435 186/192/435
f 211/210/436 248/246/436 218/217/436
f 250/247/437 206/213/437 213/212/437
f 236/248/438 176/178/438 206/213/438
f 176/178/439 236/248/439 223/231/439
f 241/232/440 251/236/440 195/199/440
f 214/218/441 268/249/441 200/187/441
f 200/187/442 268/249/442 197/200/442
f 209/219/443 252/250/443 229/230/443
f 202/204/444 253/251/444 224/224/444
f 245/239/445 239/235/445 203/202/445
f 246/244/446 254/252/446 225/225/446
f 226/226/447 255/253/447 220/220/447
f 222/222/448 256/254/448 227/227/448
f 227/227/449 240/240/449 205/206/449
f 247/245/450 234/241/450 186/192/450
f 1/1/451 275/255/451 212/211/451
f 237/237/452 259/256/452 228/228/452
f 197/200/453 268/249/453 243/223/453
f 243/223/454 266/257/454 219/214/454
f 219/214/455 266/257/455 232/233/455
f 232/233/456 260/258/456 201/203/456
f 201/203/457 260/258/457 233/234/457
f 244/243/458 261/259/458 198/201/458
f 261/259/459 238/238/459 198/201/459
f 229/230/460 262/260/460 202/204/460
f 239/235/461 246/244/461 210/209/461
f 256/254/462 240/240/462 227/227/462
f 240/240/463 247/245/463 216/215/463
f 217/216/464 248/246/464 211/210/464
f 249/261/465 250/247/465 213/212/465
f 236/248/466 257/262/466 223/231/466
f 258/263/467 207/207/467 251/236/467
f 228/228/468 264/264/468 231/229/468
f 268/249/469 265/265/469 243/223/469
f 262/260/470 253/251/470 202/204/470
f 225/225/471 254/252/471 226/226/471
f 221/221/472 267/266/472 222/222/472
f 263/267/473 248/246/473 217/216/473
f 207/207/474 242/268/474 237/237/474
f 209/219/475 238/238/475 252/250/475
f 253/251/476 245/239/476 224/224/476
f 220/220/477 269/269/477 221/221/477
f 235/270/478 230/242/478 212/211/478
f 250/247/479 236/248/479 206/213/479
f 223/231/480 257/262/480 241/232/480
f 265/265/481 266/257/481 243/223/481
f 270/271/482 232/233/482 266/257/482
f 246/244/483 271/272/483 254/252/483
f 255/253/484 272/273/484 220/220/484
f 221/221/485 269/269/485 267/266/485
f 240/240/486 273/274/486 247/245/486
f 230/242/487 249/261/487 213/212/487
f 262/260/488 278/275/488 253/251/488
f 272/273/489 269/269/489 220/220/489
f 267/266/490 281/276/490 222/222/490
f 275/255/491 235/270/491 212/211/491
f 258/263/492 242/268/492 207/207/492
f 231/229/493 264/264/493 214/218/493
f 276/277/494 265/265/494 268/249/494
f 260/258/495 288/278/495 233/234/495
f 238/238/496 261/259/496 252/250/496
f 254/252/497 280/279/497 226/226/497
f 280/279/498 255/253/498 226/226/498
f 222/222/499 281/276/499 256/254/499
f 240/240/500 282/280/500 273/274/500
f 247/245/501 273/274/501 234/241/501
f 234/241/502 291/281/502 217/216/502
f 304/282/503 12/12/503 218/217/503
f 230/242/504 283/283/504 249/261/504
f 241/232/505 257/262/505 279/284/505
f 241/232/506 297/285/506 251/236/506
f 251/236/507 297/285/507 258/263/507
f 242/268/508 284/286/508 237/237/508
f 264/264/509 286/287/509 214/218/509
f 214/218/510 286/287/510 268/249/510
f 270/271/511 287/288/511 232/233/511
f 233/234/512 288/278/512 244/243/512
f 229/230/513 277/289/513 262/260/513
f 294/290/514 245/239/514 253/251/514
f 245/239/515 295/291/515 239/235/515
f 280/279/516 272/273/516 255/253/516
f 272/273/517 290/292/517 269/269/517
f 273/274/518 291/281/518 234/241/518
f 248/246/519 304/282/519 218/217/519
f 249/261/520 292/293/520 250/247/520
f 250/247/521 292/293/521 236/248/521
f 237/237/522 284/286/522 259/256/522
f 259/256/523 285/294/523 228/228/523
f 285/294/524 264/264/524 228/228/524
f 286/287/525 276/277/525 268/249/525
f 244/243/526 289/295/526 261/259/526
f 252/250/527 277/289/527 229/230/527
f 295/291/528 246/244/528 239/235/528
f 256/254/529 296/296/529 240/240/529
f 296/296/530 282/280/530 240/240/530
f 291/281/531 263/267/531 217/216/531
f 242/268/532 299/297/532 284/286/532
f 276/277/533 300/298/533 265/265/533
f 244/243/534 288/278/534 289/295/534
f 246/244/535 302/299/535 271/272/535
f 271/272/536 280/279/536 254/252/536
f 307/300/537 296/296/537 256/254/537
f 1/1/538 274/301/538 275/255/538
f 258/263/539 305/302/539 242/268/539
f 242/268/540 305/302/540 299/297/540
f 232/233/541 287/288/541 260/258/541
f 262/260/542 322/303/542 278/275/542
f 278/275/543 294/290/543 253/251/543
f 294/290/544 301/304/544 245/239/544
f 306/305/545 295/291/545 245/239/545
f 295/291/546 302/299/546 246/244/546
f 281/276/547 307/300/547 256/254/547
f 263/267/548 303/306/548 248/246/548
f 313/307/549 230/242/549 235/270/549
f 283/283/550 308/308/550 249/261/550
f 308/308/551 292/293/551 249/261/551
f 241/232/552 279/284/552 297/285/552
f 309/309/553 266/257/553 265/265/553
f 266/257/554 309/309/554 270/271/554
f 309/309/555 293/310/555 270/271/555
f 301/304/556 306/305/556 245/239/556
f 280/279/557 311/311/557 272/273/557
f 248/246/558 303/306/558 304/282/558
f 274/301/559 312/312/559 275/255/559
f 292/293/560 314/313/560 236/248/560
f 305/302/561 315/314/561 299/297/561
f 284/286/562 285/294/562 259/256/562
f 285/294/563 316/315/563 264/264/563
f 334/316/564 276/277/564 286/287/564
f 300/298/565 309/309/565 265/265/565
f 270/271/566 293/310/566 287/288/566
f 293/310/567 310/317/567 287/288/567
f 287/288/568 288/278/568 260/258/568
f 288/278/569 329/318/569 289/295/569
f 252/250/570 317/319/570 277/289/570
f 277/289/571 322/303/571 262/260/571
f 271/272/572 323/320/572 280/279/572
f 269/269/573 324/321/573 267/266/573
f 307/300/574 325/322/574 296/296/574
f 275/255/575 313/307/575 235/270/575
f 298/323/576 305/302/576 258/263/576
f 334/316/577 300/298/577 276/277/577
f 287/288/578 320/324/578 288/278/578
f 289/295/579 321/325/579 261/259/579
f 261/259/580 321/325/580 252/250/580
f 317/319/581 322/303/581 277/289/581
f 302/299/582 323/320/582 271/272/582
f 290/292/583 324/321/583 269/269/583
f 282/280/584 326/326/584 273/274/584
f 313/307/585 283/283/585 230/242/585
f 292/293/586 308/308/586 314/313/586
f 314/313/587 257/262/587 236/248/587
f 279/284/588 318/327/588 297/285/588
f 299/297/589 319/328/589 284/286/589
f 319/328/590 285/294/590 284/286/590
f 264/264/591 316/315/591 286/287/591
f 316/315/592 334/316/592 286/287/592
f 323/320/593 311/311/593 280/279/593
f 311/311/594 290/292/594 272/273/594
f 281/276/595 331/329/595 307/300/595
f 337/330/596 282/280/596 296/296/596
f 257/262/597 328/331/597 279/284/597
f 297/285/598 318/327/598 258/263/598
f 298/323/599 332/332/599 305/302/599
f 305/302/600 332/332/600 315/314/600
f 285/294/601 333/333/601 316/315/601
f 320/324/602 329/318/602 288/278/602
f 321/325/603 317/319/603 252/250/603
f 322/303/604 330/334/604 278/275/604
f 336/335/605 323/320/605 302/299/605
f 290/292/606 346/336/606 324/321/606
f 325/322/607 337/330/607 296/296/607
f 273/274/608 326/326/608 291/281/608
f 304/282/609 327/337/609 12/12/609
f 283/283/610 361/338/610 308/308/610
f 314/313/611 328/331/611 257/262/611
f 318/327/612 298/323/612 258/263/612
f 287/288/613 310/317/613 320/324/613
f 278/275/614 330/334/614 294/290/614
f 294/290/615 345/339/615 301/304/615
f 302/299/616 335/340/616 336/335/616
f 267/266/617 324/321/617 281/276/617
f 337/330/618 326/326/618 282/280/618
f 303/306/619 339/341/619 304/282/619
f 304/282/620 339/341/620 327/337/620
f 312/312/621 313/307/621 275/255/621
f 319/328/622 333/333/622 285/294/622
f 342/342/623 309/309/623 300/298/623
f 338/343/624 293/310/624 309/309/624
f 293/310/625 343/344/625 310/317/625
f 289/295/626 344/345/626 321/325/626
f 330/334/627 345/339/627 294/290/627
f 295/291/628 335/340/628 302/299/628
f 311/311/629 346/336/629 290/292/629
f 281/276/630 347/346/630 331/329/630
f 291/281/631 348/347/631 263/267/631
f 348/347/632 349/348/632 263/267/632
f 314/313/633 354/349/633 328/331/633
f 318/327/634 364/350/634 298/323/634
f 298/323/635 350/351/635 332/332/635
f 315/314/636 366/352/636 299/297/636
f 334/316/637 341/353/637 300/298/637
f 320/324/638 373/354/638 329/318/638
f 329/318/639 344/345/639 289/295/639
f 321/325/640 359/355/640 317/319/640
f 317/319/641 351/356/641 322/303/641
f 311/311/642 370/357/642 346/336/642
f 324/321/643 347/346/643 281/276/643
f 307/300/644 352/358/644 325/322/644
f 325/322/645 353/359/645 337/330/645
f 263/267/646 349/348/646 303/306/646
f 313/307/647 361/338/647 283/283/647
f 328/331/648 363/360/648 279/284/648
f 279/284/649 355/361/649 318/327/649
f 364/350/650 350/351/650 298/323/650
f 299/297/651 366/352/651 319/328/651
f 316/315/652 356/362/652 334/316/652
f 309/309/653 357/363/653 338/343/653
f 358/364/654 343/344/654 293/310/654
f 344/345/655 359/355/655 321/325/655
f 345/339/656 306/305/656 301/304/656
f 306/305/657 360/365/657 295/291/657
f 307/300/658 331/329/658 352/358/658
f 354/349/659 340/366/659 328/331/659
f 340/366/660 363/360/660 328/331/660
f 332/332/661 366/352/661 315/314/661
f 377/367/662 333/333/662 319/328/662
f 333/333/663 383/368/663 316/315/663
f 359/355/664 351/356/664 317/319/664
f 322/303/665 367/369/665 330/334/665
f 345/339/666 368/370/666 306/305/666
f 369/371/667 335/340/667 295/291/667
f 336/335/668 370/357/668 323/320/668
f 323/320/669 370/357/669 311/311/669
f 325/322/670 352/358/670 353/359/670
f 312/312/671 371/372/671 313/307/671
f 308/308/672 362/373/672 314/313/672
f 363/360/673 355/361/673 279/284/673
f 350/351/674 365/374/674 332/332/674
f 365/374/675 366/352/675 332/332/675
f 383/368/676 356/362/676 316/315/676
f 356/362/677 341/353/677 334/316/677
f 341/353/678 342/342/678 300/298/678
f 338/343/679 358/364/679 293/310/679
f 310/317/680 373/354/680 320/324/680
f 329/318/681 374/375/681 344/345/681
f 351/356/682 367/369/682 322/303/682
f 360/365/683 369/371/683 295/291/683
f 346/336/684 375/376/684 324/321/684
f 353/359/685 376/377/685 337/330/685
f 326/326/686 380/378/686 291/281/686
f 349/348/687 339/341/687 303/306/687
f 381/379/688 12/12/688 327/337/688
f 274/301/689 371/372/689 312/312/689
f 372/380/690 362/373/690 308/308/690
f 366/352/691 377/367/691 319/328/691
f 342/342/692 357/363/692 309/309/692
f 310/317/693 389/381/693 373/354/693
f 373/354/694 374/375/694 329/318/694
f 324/321/695 378/382/695 347/346/695
f 347/346/696 379/383/696 331/329/696
f 337/330/697 380/378/697 326/326/697
f 382/384/698 308/308/698 361/338/698
f 314/313/699 362/373/699 354/349/699
f 318/327/700 355/361/700 364/350/700
f 338/343/701 384/385/701 358/364/701
f 343/344/702 389/381/702 310/317/702
f 373/354/703 393/386/703 374/375/703
f 374/375/704 385/387/704 344/345/704
f 344/345/705 386/388/705 359/355/705
f 390/389/706 368/370/706 345/339/706
f 368/370/707 360/365/707 306/305/707
f 375/376/708 378/382/708 324/321/708
f 313/307/709 371/372/709 361/338/709
f 362/373/710 387/390/710 354/349/710
f 354/349/711 387/390/711 340/366/711
f 377/367/712 383/368/712 333/333/712
f 385/387/713 386/388/713 344/345/713
f 367/369/714 390/389/714 330/334/714
f 330/334/715 390/389/715 345/339/715
f 360/365/716 413/391/716 369/371/716
f 370/357/717 375/376/717 346/336/717
f 291/281/718 380/378/718 348/347/718
f 274/301/719 391/392/719 371/372/719
f 371/372/720 431/393/720 361/338/720
f 340/366/721 400/394/721 363/360/721
f 355/361/722 363/360/722 388/395/722
f 388/395/723 364/350/723 355/361/723
f 350/351/724 406/396/724 365/374/724
f 392/397/725 356/362/725 383/368/725
f 341/353/726 408/398/726 342/342/726
f 390/389/727 360/365/727 368/370/727
f 369/371/728 394/399/728 335/340/728
f 335/340/729 394/399/729 336/335/729
f 336/335/730 395/400/730 370/357/730
f 352/358/731 376/377/731 353/359/731
f 337/330/732 397/401/732 380/378/732
f 327/337/733 339/341/733 381/379/733
f 387/390/734 400/394/734 340/366/734
f 363/360/735 404/402/735 388/395/735
f 364/350/736 406/396/736 350/351/736
f 356/362/737 401/403/737 341/353/737
f 338/343/738 357/363/738 384/385/738
f 384/385/739 343/344/739 358/364/739
f 370/357/740 395/400/740 375/376/740
f 352/358/741 396/404/741 376/377/741
f 337/330/742 376/377/742 397/401/742
f 380/378/743 402/405/743 348/347/743
f 349/348/744 416/406/744 339/341/744
f 1/1/745 403/407/745 274/301/745
f 391/392/746 398/408/746 371/372/746
f 382/384/747 372/380/747 308/308/747
f 362/373/748 399/409/748 387/390/748
f 405/410/749 406/396/749 364/350/749
f 406/396/750 407/411/750 365/374/750
f 365/374/751 407/411/751 366/352/751
f 407/411/752 417/412/752 366/352/752
f 392/397/753 401/403/753 356/362/753
f 384/385/754 389/381/754 343/344/754
f 389/381/755 393/386/755 373/354/755
f 359/355/756 386/388/756 351/356/756
f 351/356/757 409/413/757 367/369/757
f 411/414/758 412/415/758 390/389/758
f 390/389/759 412/415/759 360/365/759
f 336/335/760 414/416/760 395/400/760
f 331/329/761 379/383/761 352/358/761
f 348/347/762 415/417/762 349/348/762
f 274/301/763 403/407/763 391/392/763
f 366/352/764 417/412/764 377/367/764
f 377/367/765 418/418/765 383/368/765
f 383/368/766 418/418/766 392/397/766
f 341/353/767 401/403/767 408/398/767
f 342/342/768 408/398/768 357/363/768
f 367/369/769 410/419/769 390/389/769
f 390/389/770 410/419/770 411/414/770
f 412/415/771 413/391/771 360/365/771
f 336/335/772 394/399/772 414/416/772
f 395/400/773 420/420/773 375/376/773
f 375/376/774 420/420/774 378/382/774
f 379/383/775 396/404/775 352/358/775
f 416/406/776 381/379/776 339/341/776
f 398/408/777 431/393/777 371/372/777
f 364/350/778 388/395/778 405/410/778
f 377/367/779 417/412/779 418/418/779
f 408/398/780 422/421/780 357/363/780
f 357/363/781 422/421/781 384/385/781
f 384/385/782 423/422/782 389/381/782
f 389/381/783 424/423/783 393/386/783
f 424/423/784 374/375/784 393/386/784
f 425/424/785 410/419/785 367/369/785
f 369/371/786 413/391/786 419/425/786
f 402/405/787 415/417/787 348/347/787
f 382/384/788 449/426/788 372/380/788
f 427/427/789 400/394/789 387/390/789
f 363/360/790 428/428/790 404/402/790
f 409/413/791 351/356/791 386/388/791
f 378/382/792 429/429/792 347/346/792
f 347/346/793 430/430/793 379/383/793
f 415/417/794 441/431/794 349/348/794
f 416/406/795 426/432/795 381/379/795
f 421/433/796 398/408/796 391/392/796
f 431/393/797 432/434/797 361/338/797
f 361/338/798 432/434/798 382/384/798
f 372/380/799 399/409/799 362/373/799
f 400/394/800 428/428/800 363/360/800
f 417/412/801 435/435/801 418/418/801
f 445/436/802 401/403/802 392/397/802
f 436/437/803 408/398/803 401/403/803
f 422/421/804 474/438/804 384/385/804
f 384/385/805 474/438/805 423/422/805
f 385/387/806 438/439/806 386/388/806
f 409/413/807 425/424/807 367/369/807
f 419/425/808 394/399/808 369/371/808
f 378/382/809 420/420/809 429/429/809
f 396/404/810 439/440/810 376/377/810
f 376/377/811 439/440/811 397/401/811
f 380/378/812 459/441/812 402/405/812
f 441/431/813 416/406/813 349/348/813
f 387/390/814 399/409/814 427/427/814
f 444/442/815 388/395/815 404/402/815
f 434/443/816 417/412/816 407/411/816
f 435/435/817 440/444/817 418/418/817
f 389/381/818 423/422/818 424/423/818
f 374/375/819 437/445/819 385/387/819
f 386/388/820 438/439/820 409/413/820
f 394/399/821 455/446/821 414/416/821
f 429/429/822 430/430/822 347/346/822
f 396/404/823 448/447/823 439/440/823
f 403/407/824 421/433/824 391/392/824
f 449/426/825 488/448/825 372/380/825
f 372/380/826 442/449/826 399/409/826
f 400/394/827 427/427/827 433/450/827
f 433/450/828 428/428/828 400/394/828
f 444/442/829 405/410/829 388/395/829
f 406/396/830 434/443/830 407/411/830
f 434/443/831 451/451/831 417/412/831
f 418/418/832 445/436/832 392/397/832
f 424/423/833 437/445/833 374/375/833
f 385/387/834 437/445/834 438/439/834
f 437/445/835 446/452/835 438/439/835
f 409/413/836 447/453/836 425/424/836
f 397/401/837 459/441/837 380/378/837
f 459/441/838 415/417/838 402/405/838
f 381/379/839 426/432/839 12/12/839
f 432/434/840 449/426/840 382/384/840
f 442/449/841 443/454/841 399/409/841
f 443/454/842 427/427/842 399/409/842
f 428/428/843 444/442/843 404/402/843
f 405/410/844 450/455/844 406/396/844
f 462/456/845 434/443/845 406/396/845
f 452/457/846 474/438/846 422/421/846
f 425/424/847 483/458/847 410/419/847
f 483/458/848 411/414/848 410/419/848
f 411/414/849 453/459/849 412/415/849
f 413/391/850 454/460/850 419/425/850
f 419/425/851 455/446/851 394/399/851
f 414/416/852 456/461/852 395/400/852
f 395/400/853 457/462/853 420/420/853
f 430/430/854 458/463/854 379/383/854
f 439/440/855 459/441/855 397/401/855
f 398/408/856 460/464/856 431/393/856
f 431/393/857 461/465/857 432/434/857
f 450/455/858 462/456/858 406/396/858
f 445/436/859 436/437/859 401/403/859
f 463/466/860 409/413/860 438/439/860
f 447/453/861 483/458/861 425/424/861
f 464/467/862 454/460/862 413/391/862
f 456/461/863 457/462/863 395/400/863
f 459/441/864 501/468/864 415/417/864
f 466/469/865 426/432/865 416/406/865
f 427/427/866 467/470/866 433/450/866
f 433/450/867 444/442/867 428/428/867
f 451/451/868 435/435/868 417/412/868
f 468/471/869 440/444/869 435/435/869
f 411/414/870 483/458/870 453/459/870
f 412/415/871 453/459/871 413/391/871
f 454/460/872 455/446/872 419/425/872
f 455/446/873 465/472/873 414/416/873
f 465/472/874 456/461/874 414/416/874
f 457/462/875 429/429/875 420/420/875
f 429/429/876 469/473/876 430/430/876
f 471/474/877 459/441/877 439/440/877
f 460/464/878 461/465/878 431/393/878
f 432/434/879 487/475/879 449/426/879
f 488/448/880 442/449/880 372/380/880
f 444/442/881 478/476/881 405/410/881
f 440/444/882 445/436/882 418/418/882
f 436/437/883 473/477/883 408/398/883
f 408/398/884 473/477/884 422/421/884
f 424/423/885 481/478/885 437/445/885
f 453/459/886 464/467/886 413/391/886
f 379/383/887 470/479/887 396/404/887
f 396/404/888 470/479/888 448/447/888
f 501/468/889 475/480/889 415/417/889
f 441/431/890 466/469/890 416/406/890
f 466/469/891 476/481/891 426/432/891
f 426/432/892 486/482/892 12/12/892
f 433/450/893 477/483/893 444/442/893
f 472/484/894 478/476/894 444/442/894
f 405/410/895 478/476/895 450/455/895
f 434/443/896 498/485/896 451/451/896
f 451/451/897 468/471/897 435/435/897
f 473/477/898 452/457/898 422/421/898
f 423/422/899 480/486/899 424/423/899
f 446/452/900 463/466/900 438/439/900
f 463/466/901 482/487/901 409/413/901
f 409/413/902 482/487/902 447/453/902
f 429/429/903 495/488/903 469/473/903
f 458/463/904 470/479/904 379/383/904
f 448/447/905 484/489/905 439/440/905
f 475/480/906 485/490/906 415/417/906
f 415/417/907 485/490/907 441/431/907
f 487/475/908 488/448/908 449/426/908
f 452/457/909 490/491/909 474/438/909
f 480/486/910 481/478/910 424/423/910
f 481/478/911 491/492/911 437/445/911
f 437/445/912 491/492/912 446/452/912
f 482/487/913 483/458/913 447/453/913
f 483/458/914 493/493/914 453/459/914
f 457/462/915 495/488/915 429/429/915
f 469/473/916 458/463/916 430/430/916
f 484/489/917 471/474/917 439/440/917
f 476/481/918 486/482/918 426/432/918
f 432/434/919 461/465/919 487/475/919
f 443/454/920 489/494/920 427/427/920
f 427/427/921 489/494/921 467/470/921
f 477/483/922 472/484/922 444/442/922
f 478/476/923 497/495/923 450/455/923
f 462/456/924 498/485/924 434/443/924
f 482/487/925 500/496/925 483/458/925
f 494/497/926 465/472/926 455/446/926
f 421/433/927 460/464/927 398/408/927
f 451/451/928 508/498/928 468/471/928
f 468/471/929 508/498/929 440/444/929
f 440/444/930 509/499/930 445/436/930
f 509/499/931 479/500/931 445/436/931
f 445/436/932 479/500/932 436/437/932
f 473/477/933 502/501/933 452/457/933
f 452/457/934 499/502/934 490/491/934
f 474/438/935 503/503/935 423/422/935
f 503/503/936 480/486/936 423/422/936
f 492/504/937 493/493/937 483/458/937
f 493/493/938 504/505/938 453/459/938
f 453/459/939 504/505/939 464/467/939
f 486/482/940 496/506/940 12/12/940
f 510/507/941 460/464/941 421/433/941
f 487/475/942 507/508/942 488/448/942
f 467/470/943 477/483/943 433/450/943
f 508/498/944 509/499/944 440/444/944
f 479/500/945 519/509/945 436/437/945
f 436/437/946 519/509/946 473/477/946
f 502/501/947 499/502/947 452/457/947
f 490/491/948 503/503/948 474/438/948
f 446/452/949 491/492/949 463/466/949
f 454/460/950 494/497/950 455/446/950
f 484/489/951 534/510/951 471/474/951
f 459/441/952 471/474/952 501/468/952
f 485/490/953 466/469/953 441/431/953
f 506/511/954 510/507/954 403/407/954
f 403/407/955 510/507/955 421/433/955
f 443/454/956 442/449/956 489/494/956
f 472/484/957 511/512/957 478/476/957
f 497/495/958 512/513/958 450/455/958
f 450/455/959 512/513/959 462/456/959
f 462/456/960 512/513/960 498/485/960
f 451/451/961 498/485/961 508/498/961
f 519/509/962 502/501/962 473/477/962
f 483/458/963 513/514/963 492/504/963
f 514/515/964 454/460/964 464/467/964
f 457/462/965 515/516/965 495/488/965
f 469/473/966 521/517/966 458/463/966
f 470/479/967 484/489/967 448/447/967
f 475/480/968 505/518/968 485/490/968
f 442/449/969 516/519/969 489/494/969
f 489/494/970 517/520/970 467/470/970
f 511/512/971 497/495/971 478/476/971
f 463/466/972 520/521/972 482/487/972
f 500/496/973 513/514/973 483/458/973
f 465/472/974 457/462/974 456/461/974
f 521/517/975 522/522/975 458/463/975
f 458/463/976 522/522/976 470/479/976
f 487/475/977 524/523/977 507/508/977
f 467/470/978 517/520/978 477/483/978
f 477/483/979 526/524/979 472/484/979
f 472/484/980 526/524/980 511/512/980
f 508/498/981 531/525/981 509/499/981
f 532/526/982 520/521/982 463/466/982
f 464/467/983 504/505/983 514/515/983
f 542/527/984 469/473/984 495/488/984
f 476/481/985 557/528/985 486/482/985
f 1/1/986 506/511/986 403/407/986
f 528/529/987 487/475/987 461/465/987
f 488/448/988 525/530/988 442/449/988
f 511/512/989 529/531/989 497/495/989
f 498/485/990 530/532/990 508/498/990
f 518/533/991 531/525/991 508/498/991
f 481/478/992 532/526/992 491/492/992
f 520/521/993 533/534/993 482/487/993
f 482/487/994 533/534/994 500/496/994
f 492/504/995 504/505/995 493/493/995
f 465/472/996 541/535/996 457/462/996
f 541/535/997 515/516/997 457/462/997
f 501/468/998 527/536/998 475/480/998
f 485/490/999 535/537/999 466/469/999
f 535/537/1000 523/538/1000 466/469/1000
f 523/538/1001 476/481/1001 466/469/1001
f 510/507/1002 537/539/1002 460/464/1002
f 497/495/1003 538/540/1003 512/513/1003
f 530/532/1004 518/533/1004 508/498/1004
f 519/509/1005 552/541/1005 502/501/1005
f 499/502/1006 539/542/1006 490/491/1006
f 491/492/1007 532/526/1007 463/466/1007
f 514/515/1008 494/497/1008 454/460/1008
f 494/497/1009 541/535/1009 465/472/1009
f 515/516/1010 542/527/1010 495/488/1010
f 542/527/1011 543/543/1011 469/473/1011
f 522/522/1012 544/544/1012 470/479/1012
f 534/510/1013 545/545/1013 471/474/1013
f 505/518/1014 535/537/1014 485/490/1014
f 557/528/1015 536/546/1015 486/482/1015
f 486/482/1016 536/546/1016 496/506/1016
f 461/465/1017 460/464/1017 528/529/1017
f 517/520/1018 526/524/1018 477/483/1018
f 552/541/1019 499/502/1019 502/501/1019
f 499/502/1020 546/547/1020 539/542/1020
f 490/491/1021 547/548/1021 503/503/1021
f 480/486/1022 540/549/1022 481/478/1022
f 492/504/1023 553/550/1023 504/505/1023
f 469/473/1024 543/543/1024 521/517/1024
f 537/539/1025 528/529/1025 460/464/1025
f 524/523/1026 548/551/1026 507/508/1026
f 548/551/1027 525/530/1027 507/508/1027
f 507/508/1028 525/530/1028 488/448/1028
f 525/530/1029 549/552/1029 442/449/1029
f 442/449/1030 549/552/1030 516/519/1030
f 516/519/1031 550/553/1031 489/494/1031
f 489/494/1032 550/553/1032 517/520/1032
f 574/554/1033 529/531/1033 511/512/1033
f 497/495/1034 529/531/1034 538/540/1034
f 538/540/1035 566/555/1035 512/513/1035
f 512/513/1036 566/555/1036 498/485/1036
f 531/525/1037 479/500/1037 509/499/1037
f 479/500/1038 551/556/1038 519/509/1038
f 554/557/1039 514/515/1039 504/505/1039
f 544/544/1040 534/510/1040 470/479/1040
f 470/479/1041 534/510/1041 484/489/1041
f 471/474/1042 556/558/1042 501/468/1042
f 556/558/1043 527/536/1043 501/468/1043
f 496/506/1044 558/559/1044 12/12/1044
f 517/520/1045 550/553/1045 526/524/1045
f 526/524/1046 574/554/1046 511/512/1046
f 566/555/1047 530/532/1047 498/485/1047
f 551/556/1048 552/541/1048 519/509/1048
f 503/503/1049 540/549/1049 480/486/1049
f 481/478/1050 559/560/1050 532/526/1050
f 500/496/1051 533/534/1051 513/514/1051
f 513/514/1052 553/550/1052 492/504/1052
f 522/522/1053 521/517/1053 555/561/1053
f 527/536/1054 560/562/1054 475/480/1054
f 475/480/1055 560/562/1055 505/518/1055
f 505/518/1056 561/563/1056 535/537/1056
f 528/529/1057 562/564/1057 487/475/1057
f 487/475/1058 562/564/1058 524/523/1058
f 563/565/1059 548/551/1059 524/523/1059
f 574/554/1060 565/566/1060 529/531/1060
f 552/541/1061 589/567/1061 499/502/1061
f 490/491/1062 539/542/1062 547/548/1062
f 540/549/1063 559/560/1063 481/478/1063
f 504/505/1064 553/550/1064 554/557/1064
f 522/522/1065 569/568/1065 544/544/1065
f 544/544/1066 592/569/1066 534/510/1066
f 545/545/1067 570/570/1067 471/474/1067
f 523/538/1068 557/528/1068 476/481/1068
f 585/571/1069 510/507/1069 506/511/1069
f 562/564/1070 563/565/1070 524/523/1070
f 516/519/1071 572/572/1071 550/553/1071
f 550/553/1072 573/573/1072 526/524/1072
f 567/574/1073 551/556/1073 479/500/1073
f 499/502/1074 589/567/1074 546/547/1074
f 547/548/1075 540/549/1075 503/503/1075
f 532/526/1076 575/575/1076 520/521/1076
f 533/534/1077 553/550/1077 513/514/1077
f 553/550/1078 576/576/1078 554/557/1078
f 514/515/1079 577/577/1079 494/497/1079
f 494/497/1080 577/577/1080 541/535/1080
f 541/535/1081 578/578/1081 515/516/1081
f 471/474/1082 570/570/1082 556/558/1082
f 580/579/1083 558/559/1083 496/506/1083
f 548/551/1084 571/580/1084 525/530/1084
f 550/553/1085 572/572/1085 564/581/1085
f 565/566/1086 538/540/1086 529/531/1086
f 479/500/1087 531/525/1087 567/574/1087
f 532/526/1088 559/560/1088 568/582/1088
f 532/526/1089 568/582/1089 575/575/1089
f 542/527/1090 584/583/1090 543/543/1090
f 522/522/1091 555/561/1091 569/568/1091
f 534/510/1092 592/569/1092 545/545/1092
f 535/537/1093 561/563/1093 523/538/1093
f 1/1/1094 585/571/1094 506/511/1094
f 581/584/1095 571/580/1095 548/551/1095
f 586/585/1096 565/566/1096 574/554/1096
f 538/540/1097 587/586/1097 566/555/1097
f 588/587/1098 530/532/1098 566/555/1098
f 518/533/1099 596/588/1099 531/525/1099
f 540/549/1100 582/589/1100 559/560/1100
f 520/521/1101 575/575/1101 533/534/1101
f 575/575/1102 583/590/1102 533/534/1102
f 583/590/1103 553/550/1103 533/534/1103
f 554/557/1104 577/577/1104 514/515/1104
f 590/591/1105 578/578/1105 541/535/1105
f 543/543/1106 591/592/1106 521/517/1106
f 521/517/1107 591/592/1107 555/561/1107
f 560/562/1108 593/593/1108 505/518/1108
f 593/593/1109 561/563/1109 505/518/1109
f 523/538/1110 594/594/1110 557/528/1110
f 536/546/1111 605/595/1111 496/506/1111
f 585/571/1112 606/596/1112 510/507/1112
f 525/530/1113 607/597/1113 549/552/1113
f 587/586/1114 588/587/1114 566/555/1114
f 530/532/1115 596/588/1115 518/533/1115
f 551/556/1116 597/598/1116 552/541/1116
f 546/547/1117 589/567/1117 539/542/1117
f 582/589/1118 598/599/1118 559/560/1118
f 599/600/1119 576/576/1119 553/550/1119
f 576/576/1120 601/601/1120 554/557/1120
f 601/601/1121 577/577/1121 554/557/1121
f 577/577/1122 590/591/1122 541/535/1122
f 578/578/1123 579/602/1123 515/516/1123
f 515/516/1124 579/602/1124 542/527/1124
f 579/602/1125 602/603/1125 542/527/1125
f 556/558/1126 603/604/1126 527/536/1126
f 527/536/1127 603/604/1127 560/562/1127
f 594/594/1128 604/605/1128 557/528/1128
f 604/605/1129 595/606/1129 557/528/1129
f 557/528/1130 595/606/1130 536/546/1130
f 595/606/1131 605/595/1131 536/546/1131
f 549/552/1132 572/572/1132 516/519/1132
f 564/581/1133 573/573/1133 550/553/1133
f 573/573/1134 574/554/1134 526/524/1134
f 565/566/1135 610/607/1135 538/540/1135
f 538/540/1136 610/607/1136 587/586/1136
f 597/598/1137 589/567/1137 552/541/1137
f 540/549/1138 547/548/1138 582/589/1138
f 599/600/1139 600/608/1139 576/576/1139
f 601/601/1140 590/591/1140 577/577/1140
f 602/603/1141 584/583/1141 542/527/1141
f 555/561/1142 616/609/1142 569/568/1142
f 592/569/1143 618/610/1143 545/545/1143
f 606/596/1144 537/539/1144 510/507/1144
f 537/539/1145 609/611/1145 528/529/1145
f 563/565/1146 581/584/1146 548/551/1146
f 571/580/1147 607/597/1147 525/530/1147
f 587/586/1148 611/612/1148 588/587/1148
f 588/587/1149 596/588/1149 530/532/1149
f 596/588/1150 567/574/1150 531/525/1150
f 551/556/1151 612/613/1151 597/598/1151
f 589/567/1152 614/614/1152 539/542/1152
f 539/542/1153 614/614/1153 547/548/1153
f 547/548/1154 631/615/1154 582/589/1154
f 568/582/1155 615/616/1155 575/575/1155
f 583/590/1156 599/600/1156 553/550/1156
f 578/578/1157 644/617/1157 579/602/1157
f 569/568/1158 617/618/1158 544/544/1158
f 544/544/1159 617/618/1159 592/569/1159
f 561/563/1160 594/594/1160 523/538/1160
f 549/552/1161 621/619/1161 572/572/1161
f 567/574/1162 642/620/1162 551/556/1162
f 551/556/1163 642/620/1163 612/613/1163
f 597/598/1164 613/621/1164 589/567/1164
f 614/614/1165 608/622/1165 547/548/1165
f 598/599/1166 568/582/1166 559/560/1166
f 615/616/1167 583/590/1167 575/575/1167
f 576/576/1168 632/623/1168 601/601/1168
f 584/583/1169 591/592/1169 543/543/1169
f 591/592/1170 616/609/1170 555/561/1170
f 617/618/1171 618/610/1171 592/569/1171
f 618/610/1172 622/624/1172 545/545/1172
f 560/562/1173 603/604/1173 619/625/1173
f 560/562/1174 619/625/1174 593/593/1174
f 528/529/1175 609/611/1175 562/564/1175
f 563/565/1176 623/626/1176 581/584/1176
f 623/626/1177 607/597/1177 571/580/1177
f 607/597/1178 621/619/1178 549/552/1178
f 564/581/1179 624/627/1179 573/573/1179
f 573/573/1180 625/628/1180 574/554/1180
f 574/554/1181 626/629/1181 586/585/1181
f 565/566/1182 586/585/1182 610/607/1182
f 613/621/1183 614/614/1183 589/567/1183
f 556/558/1184 570/570/1184 603/604/1184
f 558/559/1185 620/630/1185 12/12/1185
f 537/539/1186 647/631/1186 609/611/1186
f 581/584/1187 623/626/1187 571/580/1187
f 621/619/1188 564/581/1188 572/572/1188
f 611/612/1189 629/632/1189 588/587/1189
f 547/548/1190 608/622/1190 631/615/1190
f 600/608/1191 632/623/1191 576/576/1191
f 632/623/1192 628/633/1192 601/601/1192
f 601/601/1193 628/633/1193 590/591/1193
f 616/609/1194 634/634/1194 569/568/1194
f 617/618/1195 635/635/1195 618/610/1195
f 545/545/1196 622/624/1196 570/570/1196
f 595/606/1197 638/636/1197 605/595/1197
f 1/1/1198 639/637/1198 585/571/1198
f 621/619/1199 641/638/1199 564/581/1199
f 629/632/1200 630/639/1200 588/587/1200
f 588/587/1201 630/639/1201 596/588/1201
f 596/588/1202 648/640/1202 567/574/1202
f 582/589/1203 651/641/1203 598/599/1203
f 568/582/1204 643/642/1204 615/616/1204
f 615/616/1205 627/643/1205 583/590/1205
f 628/633/1206 633/644/1206 590/591/1206
f 590/591/1207 633/644/1207 578/578/1207
f 644/617/1208 602/603/1208 579/602/1208
f 622/624/1209 645/645/1209 570/570/1209
f 570/570/1210 645/645/1210 603/604/1210
f 593/593/1211 636/646/1211 561/563/1211
f 604/605/1212 637/647/1212 595/606/1212
f 637/647/1213 638/636/1213 595/606/1213
f 605/595/1214 646/648/1214 496/506/1214
f 496/506/1215 646/648/1215 580/579/1215
f 639/637/1216 606/596/1216 585/571/1216
f 606/596/1217 647/631/1217 537/539/1217
f 623/626/1218 640/649/1218 607/597/1218
f 641/638/1219 624/627/1219 564/581/1219
f 574/554/1220 625/628/1220 626/629/1220
f 586/585/1221 626/629/1221 610/607/1221
f 648/640/1222 642/620/1222 567/574/1222
f 631/615/1223 651/641/1223 582/589/1223
f 627/643/1224 653/650/1224 583/590/1224
f 583/590/1225 653/650/1225 599/600/1225
f 653/650/1226 654/651/1226 599/600/1226
f 654/651/1227 600/608/1227 599/600/1227
f 591/592/1228 655/652/1228 616/609/1228
f 569/568/1229 634/634/1229 617/618/1229
f 635/635/1230 622/624/1230 618/610/1230
f 619/625/1231 665/653/1231 593/593/1231
f 636/646/1232 594/594/1232 561/563/1232
f 638/636/1233 646/648/1233 605/595/1233
f 558/559/1234 580/579/1234 620/630/1234
f 639/637/1235 661/654/1235 606/596/1235
f 607/597/1236 640/649/1236 621/619/1236
f 624/627/1237 625/628/1237 573/573/1237
f 610/607/1238 656/655/1238 587/586/1238
f 587/586/1239 656/655/1239 611/612/1239
f 631/615/1240 608/622/1240 650/656/1240
f 578/578/1241 633/644/1241 644/617/1241
f 602/603/1242 658/657/1242 584/583/1242
f 616/609/1243 655/652/1243 634/634/1243
f 622/624/1244 659/658/1244 645/645/1244
f 645/645/1245 619/625/1245 603/604/1245
f 665/653/1246 636/646/1246 593/593/1246
f 636/646/1247 660/659/1247 594/594/1247
f 661/654/1248 647/631/1248 606/596/1248
f 662/660/1249 623/626/1249 563/565/1249
f 610/607/1250 626/629/1250 656/655/1250
f 630/639/1251 648/640/1251 596/588/1251
f 631/615/1252 687/661/1252 651/641/1252
f 598/599/1253 643/642/1253 568/582/1253
f 643/642/1254 652/662/1254 615/616/1254
f 627/643/1255 657/663/1255 653/650/1255
f 645/645/1256 664/664/1256 619/625/1256
f 660/659/1257 604/605/1257 594/594/1257
f 1/1/1258 667/665/1258 639/637/1258
f 609/611/1259 701/666/1259 562/564/1259
f 562/564/1260 701/666/1260 563/565/1260
f 701/666/1261 662/660/1261 563/565/1261
f 611/612/1262 685/667/1262 629/632/1262
f 642/620/1263 670/668/1263 612/613/1263
f 612/613/1264 613/621/1264 597/598/1264
f 614/614/1265 649/669/1265 608/622/1265
f 650/656/1266 687/661/1266 631/615/1266
f 615/616/1267 652/662/1267 627/643/1267
f 628/633/1268 671/670/1268 633/644/1268
f 617/618/1269 634/634/1269 635/635/1269
f 635/635/1270 674/671/1270 622/624/1270
f 622/624/1271 675/672/1271 659/658/1271
f 580/579/1272 666/673/1272 620/630/1272
f 620/630/1273 676/674/1273 12/12/1273
f 639/637/1274 667/665/1274 661/654/1274
f 678/675/1275 640/649/1275 623/626/1275
f 640/649/1276 679/676/1276 621/619/1276
f 679/676/1277 641/638/1277 621/619/1277
f 625/628/1278 669/677/1278 626/629/1278
f 626/629/1279 680/678/1279 656/655/1279
f 656/655/1280 685/667/1280 611/612/1280
f 628/633/1281 699/679/1281 671/670/1281
f 633/644/1282 672/680/1282 644/617/1282
f 658/657/1283 681/681/1283 584/583/1283
f 664/664/1284 665/653/1284 619/625/1284
f 623/626/1285 682/682/1285 678/675/1285
f 641/638/1286 683/683/1286 624/627/1286
f 624/627/1287 683/683/1287 625/628/1287
f 683/683/1288 684/684/1288 625/628/1288
f 626/629/1289 726/685/1289 680/678/1289
f 629/632/1290 686/686/1290 630/639/1290
f 612/613/1291 670/668/1291 613/621/1291
f 670/668/1292 663/687/1292 613/621/1292
f 613/621/1293 663/687/1293 614/614/1293
f 614/614/1294 702/688/1294 649/669/1294
f 649/669/1295 650/656/1295 608/622/1295
f 654/651/1296 689/689/1296 600/608/1296
f 600/608/1297 689/689/1297 632/623/1297
f 673/690/1298 658/657/1298 602/603/1298
f 584/583/1299 681/681/1299 591/592/1299
f 591/592/1300 705/691/1300 655/652/1300
f 705/691/1301 690/692/1301 655/652/1301
f 674/671/1302 675/672/1302 622/624/1302
f 660/659/1303 691/693/1303 604/605/1303
f 604/605/1304 691/693/1304 637/647/1304
f 692/694/1305 638/636/1305 637/647/1305
f 638/636/1306 693/695/1306 646/648/1306
f 709/696/1307 694/697/1307 646/648/1307
f 676/674/1308 677/698/1308 12/12/1308
f 1/1/1309 695/699/1309 667/665/1309
f 647/631/1310 701/666/1310 609/611/1310
f 701/666/1311 696/700/1311 662/660/1311
f 640/649/1312 678/675/1312 668/701/1312
f 668/701/1313 679/676/1313 640/649/1313
f 669/677/1314 726/685/1314 626/629/1314
f 656/655/1315 697/702/1315 685/667/1315
f 686/686/1316 648/640/1316 630/639/1316
f 663/687/1317 702/688/1317 614/614/1317
f 652/662/1318 698/703/1318 627/643/1318
f 644/617/1319 673/690/1319 602/603/1319
f 681/681/1320 705/691/1320 591/592/1320
f 634/634/1321 706/704/1321 635/635/1321
f 692/694/1322 693/695/1322 638/636/1322
f 661/654/1323 700/705/1323 647/631/1323
f 662/660/1324 682/682/1324 623/626/1324
f 684/684/1325 669/677/1325 625/628/1325
f 656/655/1326 680/678/1326 697/702/1326
f 629/632/1327 685/667/1327 686/686/1327
f 648/640/1328 727/706/1328 642/620/1328
f 651/641/1329 687/661/1329 598/599/1329
f 598/599/1330 688/707/1330 643/642/1330
f 643/642/1331 688/707/1331 652/662/1331
f 689/689/1332 628/633/1332 632/623/1332
f 671/670/1333 672/680/1333 633/644/1333
f 672/680/1334 703/708/1334 644/617/1334
f 703/708/1335 673/690/1335 644/617/1335
f 690/692/1336 634/634/1336 655/652/1336
f 707/709/1337 645/645/1337 659/658/1337
f 645/645/1338 707/709/1338 664/664/1338
f 665/653/1339 708/710/1339 636/646/1339
f 636/646/1340 722/711/1340 660/659/1340
f 691/693/1341 692/694/1341 637/647/1341
f 693/695/1342 709/696/1342 646/648/1342
f 646/648/1343 694/697/1343 580/579/1343
f 580/579/1344 694/697/1344 666/673/1344
f 676/674/1345 710/712/1345 677/698/1345
f 647/631/1346 700/705/1346 701/666/1346
f 662/660/1347 711/713/1347 682/682/1347
f 668/701/1348 712/714/1348 679/676/1348
f 679/676/1349 683/683/1349 641/638/1349
f 684/684/1350 713/715/1350 669/677/1350
f 686/686/1351 714/716/1351 648/640/1351
f 698/703/1352 657/663/1352 627/643/1352
f 673/690/1353 704/717/1353 658/657/1353
f 704/717/1354 681/681/1354 658/657/1354
f 664/664/1355 733/718/1355 665/653/1355
f 694/697/1356 716/719/1356 666/673/1356
f 710/712/1357 717/720/1357 677/698/1357
f 661/654/1358 718/721/1358 700/705/1358
f 628/633/1359 715/722/1359 699/679/1359
f 690/692/1360 706/704/1360 634/634/1360
f 706/704/1361 721/723/1361 635/635/1361
f 675/672/1362 707/709/1362 659/658/1362
f 666/673/1363 724/724/1363 620/630/1363
f 667/665/1364 718/721/1364 661/654/1364
f 738/725/1365 725/726/1365 678/675/1365
f 678/675/1366 725/726/1366 668/701/1366
f 679/676/1367 712/714/1367 683/683/1367
f 680/678/1368 726/685/1368 719/727/1368
f 680/678/1369 719/727/1369 697/702/1369
f 697/702/1370 686/686/1370 685/667/1370
f 720/728/1371 714/716/1371 686/686/1371
f 642/620/1372 727/706/1372 670/668/1372
f 670/668/1373 728/729/1373 663/687/1373
f 663/687/1374 728/729/1374 702/688/1374
f 650/656/1375 729/730/1375 687/661/1375
f 652/662/1376 688/707/1376 698/703/1376
f 730/731/1377 671/670/1377 699/679/1377
f 733/718/1378 708/710/1378 665/653/1378
f 692/694/1379 735/732/1379 693/695/1379
f 736/733/1380 696/700/1380 701/666/1380
f 713/715/1381 726/685/1381 669/677/1381
f 649/669/1382 731/734/1382 650/656/1382
f 745/735/1383 688/707/1383 598/599/1383
f 654/651/1384 732/736/1384 689/689/1384
f 689/689/1385 715/722/1385 628/633/1385
f 703/708/1386 704/717/1386 673/690/1386
f 708/710/1387 722/711/1387 636/646/1387
f 691/693/1388 760/737/1388 692/694/1388
f 735/732/1389 709/696/1389 693/695/1389
f 700/705/1390 764/738/1390 701/666/1390
f 682/682/1391 738/725/1391 678/675/1391
f 668/701/1392 725/726/1392 712/714/1392
f 712/714/1393 739/739/1393 683/683/1393
f 740/740/1394 713/715/1394 684/684/1394
f 697/702/1395 720/728/1395 686/686/1395
f 714/716/1396 727/706/1396 648/640/1396
f 650/656/1397 731/734/1397 729/730/1397
f 698/703/1398 741/741/1398 657/663/1398
f 689/689/1399 732/736/1399 715/722/1399
f 664/664/1400 707/709/1400 733/718/1400
f 722/711/1401 742/742/1401 660/659/1401
f 660/659/1402 742/742/1402 723/743/1402
f 660/659/1403 734/744/1403 691/693/1403
f 667/665/1404 747/745/1404 718/721/1404
f 718/721/1405 764/738/1405 700/705/1405
f 662/660/1406 737/746/1406 711/713/1406
f 711/713/1407 743/747/1407 682/682/1407
f 682/682/1408 743/747/1408 738/725/1408
f 670/668/1409 744/748/1409 728/729/1409
f 687/661/1410 745/735/1410 598/599/1410
f 657/663/1411 741/741/1411 653/650/1411
f 705/691/1412 751/749/1412 690/692/1412
f 751/749/1413 706/704/1413 690/692/1413
f 635/635/1414 721/723/1414 674/671/1414
f 674/671/1415 746/750/1415 675/672/1415
f 734/744/1416 760/737/1416 691/693/1416
f 620/630/1417 724/724/1417 676/674/1417
f 724/724/1418 710/712/1418 676/674/1418
f 695/699/1419 747/745/1419 667/665/1419
f 764/738/1420 736/733/1420 701/666/1420
f 696/700/1421 737/746/1421 662/660/1421
f 683/683/1422 739/739/1422 684/684/1422
f 749/751/1423 719/727/1423 726/685/1423
f 729/730/1424 745/735/1424 687/661/1424
f 730/731/1425 672/680/1425 671/670/1425
f 758/752/1426 707/709/1426 675/672/1426
f 707/709/1427 758/752/1427 733/718/1427
f 733/718/1428 759/753/1428 708/710/1428
f 660/659/1429 723/743/1429 734/744/1429
f 760/737/1430 735/732/1430 692/694/1430
f 735/732/1431 752/754/1431 709/696/1431
f 737/746/1432 753/755/1432 711/713/1432
f 739/739/1433 767/756/1433 684/684/1433
f 767/756/1434 740/740/1434 684/684/1434
f 713/715/1435 749/751/1435 726/685/1435
f 783/757/1436 745/735/1436 729/730/1436
f 745/735/1437 750/758/1437 688/707/1437
f 750/758/1438 698/703/1438 688/707/1438
f 654/651/1439 755/759/1439 732/736/1439
f 681/681/1440 751/749/1440 705/691/1440
f 721/723/1441 756/760/1441 674/671/1441
f 674/671/1442 757/761/1442 746/750/1442
f 746/750/1443 758/752/1443 675/672/1443
f 778/762/1444 694/697/1444 709/696/1444
f 677/698/1445 763/763/1445 12/12/1445
f 748/764/1446 739/739/1446 712/714/1446
f 727/706/1447 744/748/1447 670/668/1447
f 649/669/1448 754/765/1448 731/734/1448
f 729/730/1449 731/734/1449 783/757/1449
f 653/650/1450 741/741/1450 654/651/1450
f 715/722/1451 730/731/1451 699/679/1451
f 703/708/1452 672/680/1452 792/766/1452
f 706/704/1453 762/767/1453 721/723/1453
f 674/671/1454 756/760/1454 757/761/1454
f 733/718/1455 777/768/1455 759/753/1455
f 722/711/1456 708/710/1456 742/742/1456
f 788/769/1457 760/737/1457 734/744/1457
f 716/719/1458 724/724/1458 666/673/1458
f 1/1/1459 761/770/1459 695/699/1459
f 736/733/1460 765/771/1460 696/700/1460
f 753/755/1461 743/747/1461 711/713/1461
f 766/772/1462 712/714/1462 725/726/1462
f 740/740/1463 768/773/1463 713/715/1463
f 768/773/1464 749/751/1464 713/715/1464
f 697/702/1465 770/774/1465 720/728/1465
f 720/728/1466 771/775/1466 714/716/1466
f 728/729/1467 772/776/1467 702/688/1467
f 702/688/1468 754/765/1468 649/669/1468
f 745/735/1469 773/777/1469 750/758/1469
f 750/758/1470 784/778/1470 698/703/1470
f 741/741/1471 816/779/1471 654/651/1471
f 654/651/1472 816/779/1472 755/759/1472
f 730/731/1473 774/780/1473 672/680/1473
f 703/708/1474 792/766/1474 704/717/1474
f 751/749/1475 775/781/1475 706/704/1475
f 746/750/1476 776/782/1476 758/752/1476
f 758/752/1477 777/768/1477 733/718/1477
f 752/754/1478 778/762/1478 709/696/1478
f 677/698/1479 781/783/1479 763/763/1479
f 712/714/1480 766/772/1480 748/764/1480
f 719/727/1481 809/784/1481 697/702/1481
f 697/702/1482 769/785/1482 770/774/1482
f 732/736/1483 799/786/1483 715/722/1483
f 715/722/1484 791/787/1484 730/731/1484
f 792/766/1485 785/788/1485 704/717/1485
f 786/789/1486 775/781/1486 751/749/1486
f 758/752/1487 787/790/1487 777/768/1487
f 788/769/1488 752/754/1488 760/737/1488
f 760/737/1489 752/754/1489 735/732/1489
f 778/762/1490 789/791/1490 694/697/1490
f 694/697/1491 789/791/1491 716/719/1491
f 716/719/1492 780/792/1492 724/724/1492
f 795/793/1493 717/720/1493 710/712/1493
f 717/720/1494 781/783/1494 677/698/1494
f 695/699/1495 761/770/1495 747/745/1495
f 747/745/1496 797/794/1496 718/721/1496
f 764/738/1497 805/795/1497 736/733/1497
f 809/784/1498 769/785/1498 697/702/1498
f 727/706/1499 798/796/1499 744/748/1499
f 744/748/1500 772/776/1500 728/729/1500
f 702/688/1501 772/776/1501 754/765/1501
f 783/757/1502 790/797/1502 745/735/1502
f 773/777/1503 784/778/1503 750/758/1503
f 784/778/1504 741/741/1504 698/703/1504
f 799/786/1505 791/787/1505 715/722/1505
f 774/780/1506 792/766/1506 672/680/1506
f 704/717/1507 785/788/1507 681/681/1507
f 681/681/1508 793/798/1508 751/749/1508
f 775/781/1509 762/767/1509 706/704/1509
f 762/767/1510 756/760/1510 721/723/1510
f 708/710/1511 759/753/1511 742/742/1511
f 724/724/1512 830/799/1512 710/712/1512
f 830/799/1513 795/793/1513 710/712/1513
f 795/793/1514 796/800/1514 717/720/1514
f 763/763/1515 782/801/1515 12/12/1515
f 738/725/1516 766/772/1516 725/726/1516
f 770/774/1517 771/775/1517 720/728/1517
f 754/765/1518 783/757/1518 731/734/1518
f 799/786/1519 732/736/1519 755/759/1519
f 751/749/1520 793/798/1520 786/789/1520
f 757/761/1521 776/782/1521 746/750/1521
f 758/752/1522 794/802/1522 787/790/1522
f 759/753/1523 801/803/1523 742/742/1523
f 723/743/1524 802/804/1524 734/744/1524
f 734/744/1525 802/804/1525 788/769/1525
f 780/792/1526 830/799/1526 724/724/1526
f 718/721/1527 797/794/1527 764/738/1527
f 765/771/1528 737/746/1528 696/700/1528
f 737/746/1529 812/805/1529 753/755/1529
f 748/764/1530 806/806/1530 739/739/1530
f 807/807/1531 767/756/1531 739/739/1531
f 749/751/1532 808/808/1532 719/727/1532
f 808/808/1533 809/784/1533 719/727/1533
f 714/716/1534 771/775/1534 727/706/1534
f 727/706/1535 771/775/1535 798/796/1535
f 745/735/1536 790/797/1536 773/777/1536
f 784/778/1537 816/779/1537 741/741/1537
f 816/779/1538 811/809/1538 755/759/1538
f 791/787/1539 821/810/1539 730/731/1539
f 730/731/1540 821/810/1540 774/780/1540
f 785/788/1541 800/811/1541 681/681/1541
f 681/681/1542 800/811/1542 793/798/1542
f 787/790/1543 759/753/1543 777/768/1543
f 716/719/1544 789/791/1544 779/812/1544
f 789/791/1545 839/813/1545 779/812/1545
f 779/812/1546 780/792/1546 716/719/1546
f 1/1/1547 804/814/1547 761/770/1547
f 805/795/1548 765/771/1548 736/733/1548
f 753/755/1549 813/815/1549 743/747/1549
f 743/747/1550 813/815/1550 738/725/1550
f 766/772/1551 819/816/1551 806/806/1551
f 766/772/1552 806/806/1552 748/764/1552
f 806/806/1553 807/807/1553 739/739/1553
f 807/807/1554 814/817/1554 767/756/1554
f 767/756/1555 814/817/1555 740/740/1555
f 814/817/1556 815/818/1556 740/740/1556
f 740/740/1557 815/818/1557 768/773/1557
f 768/773/1558 808/808/1558 749/751/1558
f 744/748/1559 987/819/1559 772/776/1559
f 801/803/1560 723/743/1560 742/742/1560
f 788/769/1561 817/820/1561 752/754/1561
f 817/820/1562 803/821/1562 752/754/1562
f 752/754/1563 803/821/1563 778/762/1563
f 796/800/1564 781/783/1564 717/720/1564
f 818/822/1565 782/801/1565 763/763/1565
f 761/770/1566 840/823/1566 747/745/1566
f 797/794/1567 805/795/1567 764/738/1567
f 738/725/1568 813/815/1568 766/772/1568
f 813/815/1569 819/816/1569 766/772/1569
f 815/818/1570 808/808/1570 768/773/1570
f 810/824/1571 826/825/1571 771/775/1571
f 772/776/1572 820/826/1572 754/765/1572
f 811/809/1573 799/786/1573 755/759/1573
f 756/760/1574 822/827/1574 757/761/1574
f 787/790/1575 836/828/1575 759/753/1575
f 836/828/1576 801/803/1576 759/753/1576
f 723/743/1577 837/829/1577 802/804/1577
f 823/830/1578 830/799/1578 780/792/1578
f 781/783/1579 831/831/1579 763/763/1579
f 824/832/1580 797/794/1580 747/745/1580
f 809/784/1581 825/833/1581 769/785/1581
f 771/775/1582 770/774/1582 810/824/1582
f 771/775/1583 826/825/1583 798/796/1583
f 798/796/1584 987/819/1584 744/748/1584
f 773/777/1585 816/779/1585 784/778/1585
f 827/834/1586 811/809/1586 816/779/1586
f 799/786/1587 828/835/1587 791/787/1587
f 792/766/1588 834/836/1588 785/788/1588
f 776/782/1589 794/802/1589 758/752/1589
f 801/803/1590 837/829/1590 723/743/1590
f 829/837/1591 817/820/1591 788/769/1591
f 804/814/1592 832/838/1592 761/770/1592
f 840/823/1593 824/832/1593 747/745/1593
f 737/746/1594 765/771/1594 812/805/1594
f 753/755/1595 812/805/1595 813/815/1595
f 807/807/1596 833/839/1596 814/817/1596
f 811/809/1597 828/835/1597 799/786/1597
f 774/780/1598 834/836/1598 792/766/1598
f 846/840/1599 800/811/1599 785/788/1599
f 757/761/1600 822/827/1600 776/782/1600
f 803/821/1601 838/841/1601 778/762/1601
f 763/763/1602 831/831/1602 818/822/1602
f 832/838/1603 840/823/1603 761/770/1603
f 841/842/1604 765/771/1604 805/795/1604
f 765/771/1605 842/843/1605 812/805/1605
f 806/806/1606 885/844/1606 807/807/1606
f 808/808/1607 856/845/1607 809/784/1607
f 769/785/1608 844/846/1608 770/774/1608
f 834/836/1609 846/840/1609 785/788/1609
f 800/811/1610 847/847/1610 793/798/1610
f 775/781/1611 786/789/1611 835/848/1611
f 822/827/1612 848/849/1612 776/782/1612
f 794/802/1613 849/850/1613 787/790/1613
f 787/790/1614 849/850/1614 836/828/1614
f 788/769/1615 802/804/1615 829/837/1615
f 778/762/1616 838/841/1616 789/791/1616
f 797/794/1617 824/832/1617 805/795/1617
f 819/816/1618 850/851/1618 806/806/1618
f 806/806/1619 850/851/1619 885/844/1619
f 815/818/1620 856/845/1620 808/808/1620
f 809/784/1621 856/845/1621 843/852/1621
f 754/765/1622 820/826/1622 783/757/1622
f 774/780/1623 821/810/1623 834/836/1623
f 865/853/1624 847/847/1624 800/811/1624
f 793/798/1625 847/847/1625 786/789/1625
f 762/767/1626 851/854/1626 756/760/1626
f 756/760/1627 851/854/1627 822/827/1627
f 852/855/1628 849/850/1628 794/802/1628
f 849/850/1629 853/856/1629 836/828/1629
f 836/828/1630 854/857/1630 801/803/1630
f 839/813/1631 823/830/1631 779/812/1631
f 779/812/1632 823/830/1632 780/792/1632
f 796/800/1633 831/831/1633 781/783/1633
f 842/843/1634 813/815/1634 812/805/1634
f 855/858/1635 815/818/1635 814/817/1635
f 825/833/1636 844/846/1636 769/785/1636
f 844/846/1637 810/824/1637 770/774/1637
f 826/825/1638 987/819/1638 798/796/1638
f 791/787/1639 857/859/1639 821/810/1639
f 835/848/1640 762/767/1640 775/781/1640
f 776/782/1641 848/849/1641 794/802/1641
f 837/829/1642 858/860/1642 802/804/1642
f 838/841/1643 839/813/1643 789/791/1643
f 830/799/1644 796/800/1644 795/793/1644
f 840/823/1645 859/861/1645 824/832/1645
f 805/795/1646 863/862/1646 841/842/1646
f 765/771/1647 872/863/1647 842/843/1647
f 833/839/1648 855/858/1648 814/817/1648
f 843/852/1649 881/864/1649 809/784/1649
f 809/784/1650 881/864/1650 825/833/1650
f 987/819/1651 820/826/1651 772/776/1651
f 783/757/1652 820/826/1652 790/797/1652
f 790/797/1653 820/826/1653 773/777/1653
f 773/777/1654 827/834/1654 816/779/1654
f 857/859/1655 845/865/1655 821/810/1655
f 851/854/1656 886/866/1656 822/827/1656
f 858/860/1657 829/837/1657 802/804/1657
f 829/837/1658 860/867/1658 817/820/1658
f 861/868/1659 838/841/1659 803/821/1659
f 796/800/1660 862/869/1660 831/831/1660
f 824/832/1661 863/862/1661 805/795/1661
f 842/843/1662 864/870/1662 813/815/1662
f 885/844/1663 833/839/1663 807/807/1663
f 828/835/1664 857/859/1664 791/787/1664
f 821/810/1665 873/871/1665 834/836/1665
f 846/840/1666 865/853/1666 800/811/1666
f 835/848/1667 874/872/1667 762/767/1667
f 837/829/1668 866/873/1668 858/860/1668
f 867/874/1669 861/868/1669 803/821/1669
f 839/813/1670 868/875/1670 823/830/1670
f 823/830/1671 869/876/1671 830/799/1671
f 869/876/1672 870/877/1672 830/799/1672
f 830/799/1673 870/877/1673 796/800/1673
f 832/838/1674 877/878/1674 840/823/1674
f 863/862/1675 872/863/1675 841/842/1675
f 841/842/1676 872/863/1676 765/771/1676
f 827/834/1677 828/835/1677 811/809/1677
f 847/847/1678 835/848/1678 786/789/1678
f 762/767/1679 874/872/1679 851/854/1679
f 886/866/1680 848/849/1680 822/827/1680
f 848/849/1681 852/855/1681 794/802/1681
f 801/803/1682 866/873/1682 837/829/1682
f 1/1/1683 871/879/1683 804/814/1683
f 878/880/1684 850/851/1684 813/815/1684
f 813/815/1685 850/851/1685 819/816/1685
f 855/858/1686 880/881/1686 815/818/1686
f 881/864/1687 844/846/1687 825/833/1687
f 853/856/1688 882/882/1688 836/828/1688
f 854/857/1689 866/873/1689 801/803/1689
f 858/860/1690 875/883/1690 829/837/1690
f 860/867/1691 888/884/1691 817/820/1691
f 817/820/1692 867/874/1692 803/821/1692
f 839/813/1693 838/841/1693 876/885/1693
f 839/813/1694 889/886/1694 868/875/1694
f 870/877/1695 883/887/1695 796/800/1695
f 877/878/1696 859/861/1696 840/823/1696
f 834/836/1697 873/871/1697 846/840/1697
f 865/853/1698 835/848/1698 847/847/1698
f 882/882/1699 854/857/1699 836/828/1699
f 866/873/1700 887/888/1700 858/860/1700
f 858/860/1701 887/888/1701 875/883/1701
f 829/837/1702 875/883/1702 860/867/1702
f 888/884/1703 867/874/1703 817/820/1703
f 876/885/1704 889/886/1704 839/813/1704
f 868/875/1705 869/876/1705 823/830/1705
f 883/887/1706 862/869/1706 796/800/1706
f 862/869/1707 890/889/1707 831/831/1707
f 864/870/1708 884/890/1708 813/815/1708
f 884/890/1709 878/880/1709 813/815/1709
f 885/844/1710 892/891/1710 833/839/1710
f 880/881/1711 856/845/1711 815/818/1711
f 810/824/1712 987/819/1712 826/825/1712
f 845/865/1713 873/871/1713 821/810/1713
f 848/849/1714 909/892/1714 852/855/1714
f 849/850/1715 893/893/1715 853/856/1715
f 893/893/1716 882/882/1716 853/856/1716
f 861/868/1717 894/894/1717 838/841/1717
f 832/838/1718 891/895/1718 877/878/1718
f 824/832/1719 896/896/1719 863/862/1719
f 892/891/1720 879/897/1720 833/839/1720
f 833/839/1721 879/897/1721 855/858/1721
f 865/853/1722 902/898/1722 835/848/1722
f 851/854/1723 904/899/1723 886/866/1723
f 852/855/1724 893/893/1724 849/850/1724
f 882/882/1725 897/900/1725 854/857/1725
f 875/883/1726 898/901/1726 860/867/1726
f 869/876/1727 883/887/1727 870/877/1727
f 831/831/1728 890/889/1728 818/822/1728
f 832/838/1729 804/814/1729 891/895/1729
f 856/845/1730 924/902/1730 843/852/1730
f 844/846/1731 901/903/1731 986/904/1731
f 844/846/1732 986/904/1732 810/824/1732
f 873/871/1733 908/905/1733 846/840/1733
f 835/848/1734 903/906/1734 874/872/1734
f 910/907/1735 893/893/1735 852/855/1735
f 854/857/1736 897/900/1736 866/873/1736
f 804/814/1737 871/879/1737 895/908/1737
f 859/861/1738 900/909/1738 824/832/1738
f 824/832/1739 900/909/1739 896/896/1739
f 872/863/1740 906/910/1740 842/843/1740
f 864/870/1741 907/911/1741 884/890/1741
f 810/824/1742 986/904/1742 987/819/1742
f 773/777/1743 820/826/1743 827/834/1743
f 845/865/1744 917/912/1744 873/871/1744
f 902/898/1745 903/906/1745 835/848/1745
f 886/866/1746 909/892/1746 848/849/1746
f 909/892/1747 910/907/1747 852/855/1747
f 866/873/1748 897/900/1748 887/888/1748
f 898/901/1749 888/884/1749 860/867/1749
f 838/841/1750 899/913/1750 876/885/1750
f 899/913/1751 889/886/1751 876/885/1751
f 889/886/1752 905/914/1752 868/875/1752
f 896/896/1753 913/915/1753 863/862/1753
f 863/862/1754 913/915/1754 872/863/1754
f 906/910/1755 914/916/1755 842/843/1755
f 842/843/1756 914/916/1756 864/870/1756
f 914/916/1757 907/911/1757 864/870/1757
f 850/851/1758 916/917/1758 885/844/1758
f 880/881/1759 923/918/1759 856/845/1759
f 924/902/1760 901/903/1760 843/852/1760
f 843/852/1761 901/903/1761 881/864/1761
f 873/871/1762 917/912/1762 908/905/1762
f 902/898/1763 932/919/1763 903/906/1763
f 874/872/1764 903/906/1764 851/854/1764
f 903/906/1765 904/899/1765 851/854/1765
f 887/888/1766 915/920/1766 875/883/1766
f 868/875/1767 905/914/1767 869/876/1767
f 905/914/1768 911/921/1768 869/876/1768
f 877/878/1769 900/909/1769 859/861/1769
f 884/890/1770 921/922/1770 878/880/1770
f 878/880/1771 916/917/1771 850/851/1771
f 916/917/1772 937/923/1772 885/844/1772
f 885/844/1773 937/923/1773 892/891/1773
f 881/864/1774 901/903/1774 844/846/1774
f 904/899/1775 918/924/1775 886/866/1775
f 893/893/1776 919/925/1776 882/882/1776
f 920/926/1777 861/868/1777 867/874/1777
f 911/921/1778 883/887/1778 869/876/1778
f 804/814/1779 895/908/1779 891/895/1779
f 913/915/1780 906/910/1780 872/863/1780
f 879/897/1781 922/927/1781 855/858/1781
f 855/858/1782 922/927/1782 880/881/1782
f 857/859/1783 917/912/1783 845/865/1783
f 886/866/1784 925/928/1784 909/892/1784
f 910/907/1785 926/929/1785 893/893/1785
f 894/894/1786 899/913/1786 838/841/1786
f 911/921/1787 927/930/1787 883/887/1787
f 883/887/1788 912/931/1788 862/869/1788
f 891/895/1789 948/932/1789 877/878/1789
f 907/911/1790 928/933/1790 884/890/1790
f 884/890/1791 928/933/1791 921/922/1791
f 922/927/1792 923/918/1792 880/881/1792
f 846/840/1793 931/934/1793 865/853/1793
f 886/866/1794 918/924/1794 925/928/1794
f 897/900/1795 935/935/1795 887/888/1795
f 935/935/1796 915/920/1796 887/888/1796
f 888/884/1797 920/926/1797 867/874/1797
f 920/926/1798 894/894/1798 861/868/1798
f 862/869/1799 912/931/1799 890/889/1799
f 890/889/1800 929/936/1800 818/822/1800
f 818/822/1801 929/936/1801 782/801/1801
f 878/880/1802 921/922/1802 916/917/1802
f 923/918/1803 924/902/1803 856/845/1803
f 857/859/1804 993/937/1804 917/912/1804
f 908/905/1805 931/934/1805 846/840/1805
f 904/899/1806 933/938/1806 918/924/1806
f 909/892/1807 934/939/1807 910/907/1807
f 882/882/1808 919/925/1808 897/900/1808
f 915/920/1809 898/901/1809 875/883/1809
f 894/894/1810 939/940/1810 899/913/1810
f 889/886/1811 936/941/1811 905/914/1811
f 905/914/1812 936/941/1812 911/921/1812
f 927/930/1813 912/931/1813 883/887/1813
f 877/878/1814 948/932/1814 930/942/1814
f 877/878/1815 930/942/1815 900/909/1815
f 828/835/1816 993/937/1816 857/859/1816
f 865/853/1817 931/934/1817 902/898/1817
f 932/919/1818 938/943/1818 903/906/1818
f 897/900/1819 919/925/1819 935/935/1819
f 915/920/1820 946/944/1820 898/901/1820
f 899/913/1821 939/940/1821 889/886/1821
f 928/933/1822 941/945/1822 921/922/1822
f 921/922/1823 941/945/1823 916/917/1823
f 892/891/1824 942/946/1824 879/897/1824
f 879/897/1825 942/946/1825 922/927/1825
f 828/835/1826 827/834/1826 993/937/1826
f 943/947/1827 908/905/1827 917/912/1827
f 943/947/1828 931/934/1828 908/905/1828
f 944/948/1829 938/943/1829 932/919/1829
f 903/906/1830 933/938/1830 904/899/1830
f 918/924/1831 945/949/1831 925/928/1831
f 925/928/1832 934/939/1832 909/892/1832
f 934/939/1833 926/929/1833 910/907/1833
f 935/935/1834 958/950/1834 915/920/1834
f 898/901/1835 920/926/1835 888/884/1835
f 939/940/1836 940/951/1836 889/886/1836
f 889/886/1837 940/951/1837 936/941/1837
f 895/908/1838 948/932/1838 891/895/1838
f 913/915/1839 949/952/1839 906/910/1839
f 906/910/1840 907/911/1840 914/916/1840
f 937/923/1841 942/946/1841 892/891/1841
f 903/906/1842 938/943/1842 933/938/1842
f 958/950/1843 946/944/1843 915/920/1843
f 965/953/1844 929/936/1844 890/889/1844
f 930/942/1845 951/954/1845 900/909/1845
f 900/909/1846 952/955/1846 896/896/1846
f 896/896/1847 952/955/1847 913/915/1847
f 907/911/1848 954/956/1848 928/933/1848
f 901/903/1849 955/957/1849 986/904/1849
f 931/934/1850 932/919/1850 902/898/1850
f 933/938/1851 956/958/1851 918/924/1851
f 956/958/1852 945/949/1852 918/924/1852
f 919/925/1853 957/959/1853 935/935/1853
f 946/944/1854 959/960/1854 898/901/1854
f 936/941/1855 960/961/1855 911/921/1855
f 911/921/1856 960/961/1856 927/930/1856
f 927/930/1857 947/962/1857 912/931/1857
f 900/909/1858 951/954/1858 952/955/1858
f 906/910/1859 953/963/1859 907/911/1859
f 907/911/1860 953/963/1860 954/956/1860
f 916/917/1861 941/945/1861 937/923/1861
f 922/927/1862 974/964/1862 923/918/1862
f 917/912/1863 993/937/1863 943/947/1863
f 893/893/1864 926/929/1864 919/925/1864
f 898/901/1865 959/960/1865 920/926/1865
f 950/965/1866 963/966/1866 920/926/1866
f 920/926/1867 963/966/1867 894/894/1867
f 894/894/1868 963/966/1868 939/940/1868
f 940/951/1869 964/967/1869 936/941/1869
f 912/931/1870 965/953/1870 890/889/1870
f 952/955/1871 966/968/1871 913/915/1871
f 913/915/1872 966/968/1872 949/952/1872
f 941/945/1873 961/969/1873 937/923/1873
f 937/923/1874 967/970/1874 942/946/1874
f 924/902/1875 962/971/1875 901/903/1875
f 943/947/1876 968/972/1876 931/934/1876
f 957/959/1877 969/973/1877 935/935/1877
f 935/935/1878 969/973/1878 958/950/1878
f 959/960/1879 979/974/1879 920/926/1879
f 871/879/1880 948/932/1880 895/908/1880
f 948/932/1881 970/975/1881 930/942/1881
f 906/910/1882 949/952/1882 953/963/1882
f 928/933/1883 971/976/1883 941/945/1883
f 961/969/1884 967/970/1884 937/923/1884
f 942/946/1885 974/964/1885 922/927/1885
f 962/971/1886 955/957/1886 901/903/1886
f 938/943/1887 956/958/1887 933/938/1887
f 950/965/1888 980/977/1888 963/966/1888
f 939/940/1889 963/966/1889 940/951/1889
f 976/978/1890 964/967/1890 940/951/1890
f 936/941/1891 973/979/1891 960/961/1891
f 912/931/1892 947/962/1892 965/953/1892
f 954/956/1893 971/976/1893 928/933/1893
f 974/964/1894 924/902/1894 923/918/1894
f 932/919/1895 975/980/1895 944/948/1895
f 944/948/1896 972/981/1896 938/943/1896
f 934/939/1897 1004/982/1897 926/929/1897
f 926/929/1898 957/959/1898 919/925/1898
f 920/926/1899 979/974/1899 950/965/1899
f 963/966/1900 976/978/1900 940/951/1900
f 964/967/1901 973/979/1901 936/941/1901
f 967/970/1902 974/964/1902 942/946/1902
f 925/928/1903 945/949/1903 934/939/1903
f 958/950/1904 1012/983/1904 946/944/1904
f 978/984/1905 959/960/1905 946/944/1905
f 979/974/1906 1001/985/1906 950/965/1906
f 1001/985/1907 980/977/1907 950/965/1907
f 989/986/1908 976/978/1908 963/966/1908
f 960/961/1909 977/987/1909 927/930/1909
f 965/953/1910 981/988/1910 929/936/1910
f 949/952/1911 982/989/1911 953/963/1911
f 941/945/1912 992/990/1912 961/969/1912
f 974/964/1913 984/991/1913 924/902/1913
f 924/902/1914 984/991/1914 962/971/1914
f 985/992/1915 986/904/1915 955/957/1915
f 943/947/1916 993/937/1916 968/972/1916
f 946/944/1917 1012/983/1917 978/984/1917
f 964/967/1918 976/978/1918 990/993/1918
f 990/993/1919 973/979/1919 964/967/1919
f 997/994/1920 970/975/1920 871/879/1920
f 871/879/1921 970/975/1921 948/932/1921
f 970/975/1922 991/995/1922 930/942/1922
f 953/963/1923 983/996/1923 954/956/1923
f 962/971/1924 985/992/1924 955/957/1924
f 988/997/1925 956/958/1925 938/943/1925
f 956/958/1926 994/998/1926 945/949/1926
f 945/949/1927 995/999/1927 934/939/1927
f 969/973/1928 1012/983/1928 958/950/1928
f 978/984/1929 979/974/1929 959/960/1929
f 989/986/1930 996/1000/1930 976/978/1930
f 947/962/1931 1015/1001/1931 965/953/1931
f 1015/1001/1932 981/988/1932 965/953/1932
f 930/942/1933 991/995/1933 951/954/1933
f 966/968/1934 998/1002/1934 949/952/1934
f 998/1002/1935 982/989/1935 949/952/1935
f 971/976/1936 1009/1003/1936 941/945/1936
f 961/969/1937 999/1004/1937 967/970/1937
f 968/972/1938 975/980/1938 931/934/1938
f 931/934/1939 975/980/1939 932/919/1939
f 972/981/1940 988/997/1940 938/943/1940
f 994/998/1941 995/999/1941 945/949/1941
f 926/929/1942 1024/1005/1942 957/959/1942
f 979/974/1943 1005/1006/1943 1001/985/1943
f 980/977/1944 989/986/1944 963/966/1944
f 927/930/1945 977/987/1945 947/962/1945
f 952/955/1946 1002/1007/1946 966/968/1946
f 954/956/1947 1008/1008/1947 971/976/1947
f 1009/1003/1948 992/990/1948 941/945/1948
f 974/964/1949 1000/1009/1949 984/991/1949
f 820/826/1950 993/937/1950 827/834/1950
f 944/948/1951 1018/1010/1951 972/981/1951
f 995/999/1952 1003/1011/1952 934/939/1952
f 978/984/1953 1005/1006/1953 979/974/1953
f 973/979/1954 1006/1012/1954 960/961/1954
f 960/961/1955 1006/1012/1955 977/987/1955
f 929/936/1956 1007/1013/1956 782/801/1956
f 982/989/1957 983/996/1957 953/963/1957
f 983/996/1958 1008/1008/1958 954/956/1958
f 1008/1008/1959 1009/1003/1959 971/976/1959
f 967/970/1960 1010/1014/1960 974/964/1960
f 975/980/1961 1018/1010/1961 944/948/1961
f 1013/1015/1962 980/977/1962 1001/985/1962
f 1006/1012/1963 1014/1016/1963 977/987/1963
f 982/989/1964 1017/1017/1964 983/996/1964
f 967/970/1965 999/1004/1965 1010/1014/1965
f 974/964/1966 1010/1014/1966 1000/1009/1966
f 988/997/1967 994/998/1967 956/958/1967
f 1013/1015/1968 989/986/1968 980/977/1968
f 976/978/1969 996/1000/1969 990/993/1969
f 981/988/1970 1015/1001/1970 1016/1018/1970
f 981/988/1971 1016/1018/1971 929/936/1971
f 970/975/1972 1032/1019/1972 991/995/1972
f 951/954/1973 991/995/1973 952/955/1973
f 998/1002/1974 1017/1017/1974 982/989/1974
f 1011/1020/1975 985/992/1975 962/971/1975
f 986/904/1976 1022/1021/1976 987/819/1976
f 993/937/1977 975/980/1977 968/972/1977
f 934/939/1978 1003/1011/1978 1004/982/1978
f 957/959/1979 1019/1022/1979 969/973/1979
f 969/973/1980 1019/1022/1980 1012/983/1980
f 989/986/1981 1027/1023/1981 996/1000/1981
f 990/993/1982 1006/1012/1982 973/979/1982
f 1016/1018/1983 1007/1013/1983 929/936/1983
f 1032/1019/1984 1020/1024/1984 991/995/1984
f 966/968/1985 1002/1007/1985 998/1002/1985
f 992/990/1986 999/1004/1986 961/969/1986
f 984/991/1987 1011/1020/1987 962/971/1987
f 985/992/1988 1022/1021/1988 986/904/1988
f 1004/982/1989 1024/1005/1989 926/929/1989
f 1024/1005/1990 1019/1022/1990 957/959/1990
f 1013/1015/1991 1026/1025/1991 989/986/1991
f 977/987/1992 1015/1001/1992 947/962/1992
f 991/995/1993 1028/1026/1993 952/955/1993
f 1029/1027/1994 998/1002/1994 1002/1007/1994
f 1009/1003/1995 1021/1028/1995 992/990/1995
f 1023/1029/1996 820/826/1996 987/819/1996
f 994/998/1997 1030/1030/1997 995/999/1997
f 1005/1006/1998 1013/1015/1998 1001/985/1998
f 1014/1016/1999 1031/1031/1999 977/987/1999
f 977/987/2000 1031/1031/2000 1015/1001/2000
f 992/990/2001 1033/1032/2001 999/1004/2001
f 993/937/2002 1034/1033/2002 975/980/2002
f 972/981/2003 1036/1034/2003 988/997/2003
f 988/997/2004 1036/1034/2004 994/998/2004
f 1036/1034/2005 1037/1035/2005 994/998/2005
f 1037/1035/2006 1030/1030/2006 994/998/2006
f 995/999/2007 1030/1030/2007 1003/1011/2007
f 1041/1036/2008 1038/1037/2008 990/993/2008
f 1038/1037/2009 1006/1012/2009 990/993/2009
f 1032/1019/2010 970/975/2010 997/994/2010
f 1021/1028/2011 1033/1032/2011 992/990/2011
f 1046/1038/2012 1022/1021/2012 985/992/2012
f 975/980/2013 1034/1033/2013 1018/1010/2013
f 1035/1039/2014 1036/1034/2014 972/981/2014
f 1030/1030/2015 1040/1040/2015 1003/1011/2015
f 1003/1011/2016 1040/1040/2016 1004/982/2016
f 1012/983/2017 1019/1022/2017 1025/1041/2017
f 996/1000/2018 1041/1036/2018 990/993/2018
f 871/879/2019 1042/1042/2019 997/994/2019
f 1028/1026/2020 1002/1007/2020 952/955/2020
f 1017/1017/2021 1039/1043/2021 983/996/2021
f 1008/1008/2022 1043/1044/2022 1009/1003/2022
f 1033/1032/2023 1044/1045/2023 999/1004/2023
f 1044/1045/2024 1045/1046/2024 999/1004/2024
f 999/1004/2025 1045/1046/2025 1010/1014/2025
f 1011/1020/2026 1046/1038/2026 985/992/2026
f 1018/1010/2027 1035/1039/2027 972/981/2027
f 1047/1047/2028 1037/1035/2028 1036/1034/2028
f 1004/982/2029 1050/1048/2029 1024/1005/2029
f 1025/1041/2030 1048/1049/2030 1012/983/2030
f 1012/983/2031 1048/1049/2031 978/984/2031
f 1055/1050/2032 1026/1025/2032 1013/1015/2032
f 1060/1051/2033 1041/1036/2033 996/1000/2033
f 1006/1012/2034 1038/1037/2034 1014/1016/2034
f 1015/1001/2035 1049/1052/2035 1016/1018/2035
f 997/994/2036 1042/1042/2036 1032/1019/2036
f 983/996/2037 1039/1043/2037 1008/1008/2037
f 1043/1044/2038 1021/1028/2038 1009/1003/2038
f 1022/1021/2039 1023/1029/2039 987/819/2039
f 1040/1040/2040 1050/1048/2040 1004/982/2040
f 1005/1006/2041 1055/1050/2041 1013/1015/2041
f 1051/1053/2042 1007/1013/2042 1016/1018/2042
f 1029/1027/2043 1052/1054/2043 998/1002/2043
f 998/1002/2044 1052/1054/2044 1017/1017/2044
f 1017/1017/2045 1058/1055/2045 1039/1043/2045
f 1010/1014/2046 1053/1056/2046 1000/1009/2046
f 1000/1009/2047 1053/1056/2047 984/991/2047
f 1035/1039/2048 1054/1057/2048 1036/1034/2048
f 1024/1005/2049 1050/1048/2049 1019/1022/2049
f 1032/1019/2050 1057/1058/2050 1020/1024/2050
f 1045/1046/2051 1053/1056/2051 1010/1014/2051
f 984/991/2052 1053/1056/2052 1011/1020/2052
f 1037/1035/2053 1069/1059/2053 1030/1030/2053
f 1048/1049/2054 1005/1006/2054 978/984/2054
f 1005/1006/2055 1059/1060/2055 1055/1050/2055
f 1027/1023/2056 1060/1051/2056 996/1000/2056
f 1056/1061/2057 1015/1001/2057 1031/1031/2057
f 1007/1013/2058 1071/1062/2058 782/801/2058
f 1020/1024/2059 1061/1063/2059 991/995/2059
f 1002/1007/2060 1076/1064/2060 1029/1027/2060
f 1052/1054/2061 1058/1055/2061 1017/1017/2061
f 1039/1043/2062 1062/1065/2062 1008/1008/2062
f 1062/1065/2063 1043/1044/2063 1008/1008/2063
f 1018/1010/2064 1068/1066/2064 1035/1039/2064
f 1050/1048/2065 1078/1067/2065 1019/1022/2065
f 1019/1022/2066 1078/1067/2066 1025/1041/2066
f 1038/1037/2067 1075/1068/2067 1014/1016/2067
f 1014/1016/2068 1056/1061/2068 1031/1031/2068
f 1057/1058/2069 1061/1063/2069 1020/1024/2069
f 1028/1026/2070 1076/1064/2070 1002/1007/2070
f 1072/1069/2071 1021/1028/2071 1043/1044/2071
f 1033/1032/2072 1066/1070/2072 1044/1045/2072
f 1011/1020/2073 1073/1071/2073 1046/1038/2073
f 1022/1021/2074 1063/1072/2074 1023/1029/2074
f 993/937/2075 1141/1073/2075 1034/1033/2075
f 1034/1033/2076 1068/1066/2076 1018/1010/2076
f 1054/1057/2077 1047/1047/2077 1036/1034/2077
f 1069/1059/2078 1070/1074/2078 1030/1030/2078
f 1064/1075/2079 1050/1048/2079 1040/1040/2079
f 1078/1067/2080 1048/1049/2080 1025/1041/2080
f 1048/1049/2081 1059/1060/2081 1005/1006/2081
f 989/986/2082 1026/1025/2082 1027/1023/2082
f 1041/1036/2083 1065/1076/2083 1038/1037/2083
f 1014/1016/2084 1075/1068/2084 1056/1061/2084
f 1015/1001/2085 1056/1061/2085 1049/1052/2085
f 1042/1042/2086 1057/1058/2086 1032/1019/2086
f 1058/1055/2087 1062/1065/2087 1039/1043/2087
f 1044/1045/2088 1067/1077/2088 1045/1046/2088
f 1045/1046/2089 1067/1077/2089 1053/1056/2089
f 1047/1047/2090 1069/1059/2090 1037/1035/2090
f 1030/1030/2091 1070/1074/2091 1040/1040/2091
f 1070/1074/2092 1064/1075/2092 1040/1040/2092
f 1049/1052/2093 1051/1053/2093 1016/1018/2093
f 1076/1064/2094 1052/1054/2094 1029/1027/2094
f 1062/1065/2095 1072/1069/2095 1043/1044/2095
f 1021/1028/2096 1066/1070/2096 1033/1032/2096
f 1053/1056/2097 1073/1071/2097 1011/1020/2097
f 1034/1033/2098 1077/1078/2098 1068/1066/2098
f 1059/1060/2099 1074/1079/2099 1055/1050/2099
f 1026/1025/2100 1089/1080/2100 1027/1023/2100
f 1060/1051/2101 1065/1076/2101 1041/1036/2101
f 1056/1061/2102 1085/1081/2102 1049/1052/2102
f 1042/1042/2103 1079/1082/2103 1057/1058/2103
f 991/995/2104 1086/1083/2104 1028/1026/2104
f 1072/1069/2105 1081/1084/2105 1021/1028/2105
f 1046/1038/2106 1063/1072/2106 1022/1021/2106
f 1035/1039/2107 1068/1066/2107 1054/1057/2107
f 1083/1085/2108 1059/1060/2108 1048/1049/2108
f 1065/1076/2109 1084/1086/2109 1038/1037/2109
f 1038/1037/2110 1084/1086/2110 1075/1068/2110
f 1051/1053/2111 1071/1062/2111 1007/1013/2111
f 1061/1063/2112 1086/1083/2112 991/995/2112
f 1052/1054/2113 1087/1087/2113 1058/1055/2113
f 1058/1055/2114 1087/1087/2114 1062/1065/2114
f 1021/1028/2115 1081/1084/2115 1066/1070/2115
f 1069/1059/2116 1088/1088/2116 1070/1074/2116
f 1078/1067/2117 1083/1085/2117 1048/1049/2117
f 1089/1080/2118 1060/1051/2118 1027/1023/2118
f 871/879/2119 1091/1089/2119 1042/1042/2119
f 1079/1082/2120 1080/1090/2120 1057/1058/2120
f 1028/1026/2121 1086/1083/2121 1076/1064/2121
f 1081/1084/2122 1106/1091/2122 1066/1070/2122
f 1023/1029/2123 1095/1092/2123 820/826/2123
f 1047/1047/2124 1082/1093/2124 1069/1059/2124
f 1102/1094/2125 1078/1067/2125 1050/1048/2125
f 1055/1050/2126 1096/1095/2126 1026/1025/2126
f 1060/1051/2127 1090/1096/2127 1065/1076/2127
f 1065/1076/2128 1109/1097/2128 1084/1086/2128
f 1075/1068/2129 1085/1081/2129 1056/1061/2129
f 1098/1098/2130 1071/1062/2130 1051/1053/2130
f 1071/1062/2131 1100/1099/2131 782/801/2131
f 1091/1089/2132 1079/1082/2132 1042/1042/2132
f 1066/1070/2133 1101/1100/2133 1044/1045/2133
f 1044/1045/2134 1101/1100/2134 1067/1077/2134
f 1067/1077/2135 1092/1101/2135 1053/1056/2135
f 1073/1071/2136 1094/1102/2136 1046/1038/2136
f 1063/1072/2137 1095/1092/2137 1023/1029/2137
f 1141/1073/2138 1077/1078/2138 1034/1033/2138
f 1082/1093/2139 1088/1088/2139 1069/1059/2139
f 1070/1074/2140 1088/1088/2140 1064/1075/2140
f 1074/1079/2141 1103/1103/2141 1055/1050/2141
f 1103/1103/2142 1096/1095/2142 1055/1050/2142
f 1089/1080/2143 1097/1104/2143 1060/1051/2143
f 1049/1052/2144 1098/1098/2144 1051/1053/2144
f 1098/1098/2145 1099/1105/2145 1071/1062/2145
f 1057/1058/2146 1080/1090/2146 1061/1063/2146
f 1052/1054/2147 1105/1106/2147 1087/1087/2147
f 1092/1101/2148 1093/1107/2148 1053/1056/2148
f 1053/1056/2149 1093/1107/2149 1073/1071/2149
f 1046/1038/2150 1094/1102/2150 1063/1072/2150
f 1064/1075/2151 1107/1108/2151 1050/1048/2151
f 1083/1085/2152 1108/1109/2152 1059/1060/2152
f 1090/1096/2153 1109/1097/2153 1065/1076/2153
f 1075/1068/2154 1113/1110/2154 1085/1081/2154
f 1121/1111/2155 1098/1098/2155 1049/1052/2155
f 1087/1087/2156 1110/1112/2156 1062/1065/2156
f 1062/1065/2157 1110/1112/2157 1072/1069/2157
f 1054/1057/2158 1082/1093/2158 1047/1047/2158
f 1050/1048/2159 1107/1108/2159 1102/1094/2159
f 1102/1094/2160 1111/1113/2160 1078/1067/2160
f 1078/1067/2161 1118/1114/2161 1083/1085/2161
f 1112/1115/2162 1074/1079/2162 1059/1060/2162
f 1096/1095/2163 1089/1080/2163 1026/1025/2163
f 1089/1080/2164 1120/1116/2164 1097/1104/2164
f 1084/1086/2165 1113/1110/2165 1075/1068/2165
f 1099/1105/2166 1114/1117/2166 1071/1062/2166
f 1071/1062/2167 1114/1117/2167 1100/1099/2167
f 1080/1090/2168 1115/1118/2168 1061/1063/2168
f 1086/1083/2169 1104/1119/2169 1076/1064/2169
f 1076/1064/2170 1123/1120/2170 1052/1054/2170
f 1123/1120/2171 1105/1106/2171 1052/1054/2171
f 1106/1091/2172 1101/1100/2172 1066/1070/2172
f 1101/1100/2173 1117/1121/2173 1067/1077/2173
f 1093/1107/2174 1094/1102/2174 1073/1071/2174
f 1111/1113/2175 1118/1114/2175 1078/1067/2175
f 1060/1051/2176 1097/1104/2176 1090/1096/2176
f 1085/1081/2177 1121/1111/2177 1049/1052/2177
f 1104/1119/2178 1123/1120/2178 1076/1064/2178
f 1067/1077/2179 1117/1121/2179 1092/1101/2179
f 1094/1102/2180 1124/1122/2180 1063/1072/2180
f 1108/1109/2181 1112/1115/2181 1059/1060/2181
f 1074/1079/2182 1112/1115/2182 1103/1103/2182
f 1089/1080/2183 1119/1123/2183 1120/1116/2183
f 1085/1081/2184 1125/1124/2184 1121/1111/2184
f 1/1/2185 1091/1089/2185 871/879/2185
f 1122/1125/2186 1080/1090/2186 1079/1082/2186
f 1072/1069/2187 1130/1126/2187 1081/1084/2187
f 1081/1084/2188 1116/1127/2188 1106/1091/2188
f 1092/1101/2189 1126/1128/2189 1093/1107/2189
f 1054/1057/2190 1128/1129/2190 1082/1093/2190
f 1097/1104/2191 1120/1116/2191 1090/1096/2191
f 1090/1096/2192 1143/1130/2192 1109/1097/2192
f 1091/1089/2193 1122/1125/2193 1079/1082/2193
f 1122/1125/2194 1115/1118/2194 1080/1090/2194
f 1105/1106/2195 1129/1131/2195 1087/1087/2195
f 1110/1112/2196 1130/1126/2196 1072/1069/2196
f 1124/1122/2197 1095/1092/2197 1063/1072/2197
f 1077/1078/2198 1127/1132/2198 1068/1066/2198
f 1128/1129/2199 1088/1088/2199 1082/1093/2199
f 1132/1133/2200 1111/1113/2200 1102/1094/2200
f 1118/1114/2201 1108/1109/2201 1083/1085/2201
f 1109/1097/2202 1138/1134/2202 1084/1086/2202
f 1138/1134/2203 1113/1110/2203 1084/1086/2203
f 1113/1110/2204 1125/1124/2204 1085/1081/2204
f 1061/1063/2205 1104/1119/2205 1086/1083/2205
f 1129/1131/2206 1133/1135/2206 1087/1087/2206
f 1133/1135/2207 1110/1112/2207 1087/1087/2207
f 1130/1126/2208 1116/1127/2208 1081/1084/2208
f 1117/1121/2209 1134/1136/2209 1092/1101/2209
f 1134/1136/2210 1126/1128/2210 1092/1101/2210
f 1131/1137/2211 1124/1122/2211 1094/1102/2211
f 1068/1066/2212 1127/1132/2212 1054/1057/2212
f 1107/1108/2213 1132/1133/2213 1102/1094/2213
f 1135/1138/2214 1112/1115/2214 1108/1109/2214
f 1096/1095/2215 1136/1139/2215 1089/1080/2215
f 1120/1116/2216 1137/1140/2216 1090/1096/2216
f 1115/1118/2217 1139/1141/2217 1061/1063/2217
f 1106/1091/2218 1117/1121/2218 1101/1100/2218
f 1126/1128/2219 1140/1142/2219 1093/1107/2219
f 1093/1107/2220 1140/1142/2220 1094/1102/2220
f 1089/1080/2221 1136/1139/2221 1119/1123/2221
f 1125/1124/2222 1144/1143/2222 1121/1111/2222
f 1106/1091/2223 1145/1144/2223 1117/1121/2223
f 1146/1145/2224 1128/1129/2224 1054/1057/2224
f 1088/1088/2225 1164/1146/2225 1064/1075/2225
f 1064/1075/2226 1142/1147/2226 1107/1108/2226
f 1118/1114/2227 1147/1148/2227 1108/1109/2227
f 1137/1140/2228 1143/1130/2228 1090/1096/2228
f 1143/1130/2229 1138/1134/2229 1109/1097/2229
f 1061/1063/2230 1139/1141/2230 1104/1119/2230
f 1104/1119/2231 1149/1149/2231 1123/1120/2231
f 1094/1102/2232 1140/1142/2232 1131/1137/2232
f 1127/1132/2233 1146/1145/2233 1054/1057/2233
f 1164/1146/2234 1142/1147/2234 1064/1075/2234
f 1147/1148/2235 1118/1114/2235 1111/1113/2235
f 1147/1148/2236 1135/1138/2236 1108/1109/2236
f 1120/1116/2237 1151/1150/2237 1137/1140/2237
f 1098/1098/2238 1148/1151/2238 1099/1105/2238
f 1123/1120/2239 1152/1152/2239 1105/1106/2239
f 1105/1106/2240 1150/1153/2240 1129/1131/2240
f 1130/1126/2241 1153/1154/2241 1116/1127/2241
f 1116/1127/2242 1153/1154/2242 1106/1091/2242
f 1119/1123/2243 1151/1150/2243 1120/1116/2243
f 1138/1134/2244 1155/1155/2244 1113/1110/2244
f 1121/1111/2245 1144/1143/2245 1098/1098/2245
f 1091/1089/2246 1156/1156/2246 1122/1125/2246
f 1152/1152/2247 1150/1153/2247 1105/1106/2247
f 1110/1112/2248 1157/1157/2248 1130/1126/2248
f 1106/1091/2249 1153/1154/2249 1145/1144/2249
f 1126/1128/2250 1158/1158/2250 1140/1142/2250
f 1141/1073/2251 1127/1132/2251 1077/1078/2251
f 1146/1145/2252 1159/1159/2252 1128/1129/2252
f 1128/1129/2253 1164/1146/2253 1088/1088/2253
f 1166/1160/2254 1135/1138/2254 1147/1148/2254
f 1154/1161/2255 1138/1134/2255 1143/1130/2255
f 1113/1110/2256 1155/1155/2256 1125/1124/2256
f 1144/1143/2257 1148/1151/2257 1098/1098/2257
f 1122/1125/2258 1181/1162/2258 1115/1118/2258
f 1133/1135/2259 1157/1157/2259 1110/1112/2259
f 1157/1157/2260 1161/1163/2260 1130/1126/2260
f 1117/1121/2261 1163/1164/2261 1134/1136/2261
f 1134/1136/2262 1158/1158/2262 1126/1128/2262
f 1142/1147/2263 1132/1133/2263 1107/1108/2263
f 1160/1165/2264 1103/1103/2264 1112/1115/2264
f 1096/1095/2265 1176/1166/2265 1136/1139/2265
f 1136/1139/2266 1151/1150/2266 1119/1123/2266
f 1151/1150/2267 1168/1167/2267 1137/1140/2267
f 1137/1140/2268 1169/1168/2268 1143/1130/2268
f 1156/1156/2269 1181/1162/2269 1122/1125/2269
f 1130/1126/2270 1161/1163/2270 1153/1154/2270
f 1153/1154/2271 1162/1169/2271 1145/1144/2271
f 1117/1121/2272 1145/1144/2272 1163/1164/2272
f 1132/1133/2273 1178/1170/2273 1111/1113/2273
f 1165/1171/2274 1166/1160/2274 1147/1148/2274
f 1135/1138/2275 1160/1165/2275 1112/1115/2275
f 1103/1103/2276 1167/1172/2276 1096/1095/2276
f 1181/1162/2277 1139/1141/2277 1115/1118/2277
f 1149/1149/2278 1152/1152/2278 1123/1120/2278
f 1150/1153/2279 1133/1135/2279 1129/1131/2279
f 1171/1173/2280 1162/1169/2280 1153/1154/2280
f 1127/1132/2281 1173/1174/2281 1146/1145/2281
f 1159/1159/2282 1174/1175/2282 1128/1129/2282
f 1128/1129/2283 1174/1175/2283 1164/1146/2283
f 1164/1146/2284 1175/1176/2284 1142/1147/2284
f 1178/1170/2285 1147/1148/2285 1111/1113/2285
f 1135/1138/2286 1172/1177/2286 1160/1165/2286
f 1160/1165/2287 1167/1172/2287 1103/1103/2287
f 1137/1140/2288 1168/1167/2288 1169/1168/2288
f 1143/1130/2289 1177/1178/2289 1154/1161/2289
f 1138/1134/2290 1154/1161/2290 1155/1155/2290
f 1104/1119/2291 1139/1141/2291 1149/1149/2291
f 1163/1164/2292 1186/1179/2292 1134/1136/2292
f 1146/1145/2293 1182/1180/2293 1159/1159/2293
f 1142/1147/2294 1178/1170/2294 1132/1133/2294
f 1167/1172/2295 1176/1166/2295 1096/1095/2295
f 1169/1168/2296 1177/1178/2296 1143/1130/2296
f 1179/1181/2297 1144/1143/2297 1125/1124/2297
f 1099/1105/2298 1180/1182/2298 1114/1117/2298
f 1133/1135/2299 1185/1183/2299 1157/1157/2299
f 1161/1163/2300 1171/1173/2300 1153/1154/2300
f 1173/1174/2301 1182/1180/2301 1146/1145/2301
f 1175/1176/2302 1178/1170/2302 1142/1147/2302
f 1155/1155/2303 1179/1181/2303 1125/1124/2303
f 1144/1143/2304 1187/1184/2304 1148/1151/2304
f 1181/1162/2305 1183/1185/2305 1139/1141/2305
f 1134/1136/2306 1186/1179/2306 1158/1158/2306
f 1127/1132/2307 1141/1073/2307 1173/1174/2307
f 1135/1138/2308 1166/1160/2308 1172/1177/2308
f 1148/1151/2309 1180/1182/2309 1099/1105/2309
f 1114/1117/2310 1188/1186/2310 1100/1099/2310
f 1152/1152/2311 1184/1187/2311 1150/1153/2311
f 1150/1153/2312 1184/1187/2312 1133/1135/2312
f 1184/1187/2313 1185/1183/2313 1133/1135/2313
f 1162/1169/2314 1163/1164/2314 1145/1144/2314
f 1131/1137/2315 1095/1092/2315 1124/1122/2315
f 1177/1178/2316 1155/1155/2316 1154/1161/2316
f 1179/1181/2317 1189/1188/2317 1144/1143/2317
f 1144/1143/2318 1189/1188/2318 1187/1184/2318
f 1187/1184/2319 1180/1182/2319 1148/1151/2319
f 1/1/2320 1190/1189/2320 1091/1089/2320
f 1091/1089/2321 1209/1190/2321 1156/1156/2321
f 1139/1141/2322 1191/1191/2322 1149/1149/2322
f 1152/1152/2323 1193/1192/2323 1170/1193/2323
f 1170/1193/2324 1184/1187/2324 1152/1152/2324
f 1158/1158/2325 1131/1137/2325 1140/1142/2325
f 1175/1176/2326 1203/1194/2326 1178/1170/2326
f 1167/1172/2327 1192/1195/2327 1176/1166/2327
f 1151/1150/2328 1207/1196/2328 1168/1167/2328
f 1190/1189/2329 1209/1190/2329 1091/1089/2329
f 1149/1149/2330 1193/1192/2330 1152/1152/2330
f 1171/1173/2331 1200/1197/2331 1162/1169/2331
f 1164/1146/2332 1174/1175/2332 1175/1176/2332
f 1178/1170/2333 1195/1198/2333 1147/1148/2333
f 1165/1171/2334 1196/1199/2334 1166/1160/2334
f 1166/1160/2335 1196/1199/2335 1172/1177/2335
f 1169/1168/2336 1198/1200/2336 1177/1178/2336
f 1185/1183/2337 1199/1201/2337 1157/1157/2337
f 1161/1163/2338 1199/1201/2338 1171/1173/2338
f 1199/1201/2339 1200/1197/2339 1171/1173/2339
f 1200/1197/2340 1201/1202/2340 1162/1169/2340
f 1162/1169/2341 1194/1203/2341 1163/1164/2341
f 1160/1165/2342 1197/1204/2342 1167/1172/2342
f 1176/1166/2343 1151/1150/2343 1136/1139/2343
f 1204/1205/2344 1139/1141/2344 1183/1185/2344
f 1157/1157/2345 1199/1201/2345 1161/1163/2345
f 1163/1164/2346 1213/1206/2346 1186/1179/2346
f 1186/1179/2347 1205/1207/2347 1158/1158/2347
f 1182/1180/2348 1174/1175/2348 1159/1159/2348
f 1174/1175/2349 1216/1208/2349 1175/1176/2349
f 1175/1176/2350 1216/1208/2350 1203/1194/2350
f 1203/1194/2351 1195/1198/2351 1178/1170/2351
f 1195/1198/2352 1165/1171/2352 1147/1148/2352
f 1167/1172/2353 1197/1204/2353 1192/1195/2353
f 1176/1166/2354 1207/1196/2354 1151/1150/2354
f 1207/1196/2355 1208/1209/2355 1168/1167/2355
f 1168/1167/2356 1198/1200/2356 1169/1168/2356
f 1156/1156/2357 1209/1190/2357 1181/1162/2357
f 1181/1162/2358 1204/1205/2358 1183/1185/2358
f 1158/1158/2359 1205/1207/2359 1131/1137/2359
f 1165/1171/2360 1210/1210/2360 1196/1199/2360
f 1196/1199/2361 1211/1211/2361 1172/1177/2361
f 1172/1177/2362 1211/1211/2362 1160/1165/2362
f 1160/1165/2363 1211/1211/2363 1197/1204/2363
f 1179/1181/2364 1220/1212/2364 1189/1188/2364
f 1180/1182/2365 1212/1213/2365 1114/1117/2365
f 1212/1213/2366 1188/1186/2366 1114/1117/2366
f 1209/1190/2367 1204/1205/2367 1181/1162/2367
f 1204/1205/2368 1191/1191/2368 1139/1141/2368
f 1213/1206/2369 1205/1207/2369 1186/1179/2369
f 1205/1207/2370 1214/1214/2370 1131/1137/2370
f 1141/1073/2371 1202/1215/2371 1173/1174/2371
f 1206/1216/2372 1216/1208/2372 1174/1175/2372
f 1170/1193/2373 1193/1192/2373 1184/1187/2373
f 1162/1169/2374 1201/1202/2374 1194/1203/2374
f 1174/1175/2375 1182/1180/2375 1206/1216/2375
f 1216/1208/2376 1218/1217/2376 1203/1194/2376
f 1203/1194/2377 1218/1217/2377 1195/1198/2377
f 1217/1218/2378 1210/1210/2378 1165/1171/2378
f 1192/1195/2379 1219/1219/2379 1176/1166/2379
f 1177/1178/2380 1220/1212/2380 1155/1155/2380
f 1155/1155/2381 1220/1212/2381 1179/1181/2381
f 1243/1220/2382 1212/1213/2382 1180/1182/2382
f 1190/1189/2383 1227/1221/2383 1209/1190/2383
f 1185/1183/2384 1222/1222/2384 1199/1201/2384
f 1223/1223/2385 1200/1197/2385 1199/1201/2385
f 1173/1174/2386 1215/1224/2386 1182/1180/2386
f 1165/1171/2387 1195/1198/2387 1217/1218/2387
f 1196/1199/2388 1224/1225/2388 1211/1211/2388
f 1220/1212/2389 1225/1226/2389 1189/1188/2389
f 1221/1227/2390 1187/1184/2390 1189/1188/2390
f 1187/1184/2391 1226/1228/2391 1180/1182/2391
f 1184/1187/2392 1222/1222/2392 1185/1183/2392
f 1228/1229/2393 1213/1206/2393 1163/1164/2393
f 1210/1210/2394 1224/1225/2394 1196/1199/2394
f 1229/1230/2395 1197/1204/2395 1211/1211/2395
f 1189/1188/2396 1225/1226/2396 1221/1227/2396
f 1193/1192/2397 1234/1231/2397 1184/1187/2397
f 1234/1231/2398 1222/1222/2398 1184/1187/2398
f 1131/1137/2399 1230/1232/2399 1095/1092/2399
f 1218/1217/2400 1231/1233/2400 1195/1198/2400
f 1197/1204/2401 1232/1234/2401 1192/1195/2401
f 1176/1166/2402 1219/1219/2402 1207/1196/2402
f 1198/1200/2403 1233/1235/2403 1177/1178/2403
f 1177/1178/2404 1233/1235/2404 1220/1212/2404
f 1221/1227/2405 1226/1228/2405 1187/1184/2405
f 1226/1228/2406 1243/1220/2406 1180/1182/2406
f 1209/1190/2407 1227/1221/2407 1204/1205/2407
f 1223/1223/2408 1201/1202/2408 1200/1197/2408
f 1201/1202/2409 1238/1236/2409 1194/1203/2409
f 1194/1203/2410 1228/1229/2410 1163/1164/2410
f 1215/1224/2411 1236/1237/2411 1182/1180/2411
f 1182/1180/2412 1236/1237/2412 1206/1216/2412
f 1231/1233/2413 1217/1218/2413 1195/1198/2413
f 1198/1200/2414 1168/1167/2414 1247/1238/2414
f 1233/1235/2415 1248/1239/2415 1220/1212/2415
f 1221/1227/2416 1237/1240/2416 1226/1228/2416
f 1251/1241/2417 1149/1149/2417 1191/1191/2417
f 1223/1223/2418 1235/1242/2418 1201/1202/2418
f 1202/1215/2419 1215/1224/2419 1173/1174/2419
f 1236/1237/2420 1239/1243/2420 1206/1216/2420
f 1239/1243/2421 1216/1208/2421 1206/1216/2421
f 1240/1244/2422 1218/1217/2422 1216/1208/2422
f 1210/1210/2423 1241/1245/2423 1224/1225/2423
f 1224/1225/2424 1229/1230/2424 1211/1211/2424
f 1219/1219/2425 1242/1246/2425 1207/1196/2425
f 1204/1205/2426 1244/1247/2426 1191/1191/2426
f 1193/1192/2427 1245/1248/2427 1234/1231/2427
f 1214/1214/2428 1230/1232/2428 1131/1137/2428
f 1236/1237/2429 1256/1249/2429 1239/1243/2429
f 1217/1218/2430 1241/1245/2430 1210/1210/2430
f 1246/1250/2431 1242/1246/2431 1219/1219/2431
f 1168/1167/2432 1208/1209/2432 1247/1238/2432
f 1198/1200/2433 1247/1238/2433 1233/1235/2433
f 1235/1242/2434 1238/1236/2434 1201/1202/2434
f 1213/1206/2435 1253/1251/2435 1205/1207/2435
f 1205/1207/2436 1253/1251/2436 1260/1252/2436
f 1192/1195/2437 1232/1234/2437 1219/1219/2437
f 1207/1196/2438 1242/1246/2438 1208/1209/2438
f 1226/1228/2439 1237/1240/2439 1243/1220/2439
f 1212/1213/2440 1250/1253/2440 1188/1186/2440
f 1245/1248/2441 1252/1254/2441 1234/1231/2441
f 1234/1231/2442 1252/1254/2442 1222/1222/2442
f 1199/1201/2443 1222/1222/2443 1223/1223/2443
f 1260/1252/2444 1214/1214/2444 1205/1207/2444
f 1214/1214/2445 1254/1255/2445 1230/1232/2445
f 1141/1073/2446 1255/1256/2446 1202/1215/2446
f 1239/1243/2447 1240/1244/2447 1216/1208/2447
f 1231/1233/2448 1257/1257/2448 1217/1218/2448
f 1220/1212/2449 1248/1239/2449 1225/1226/2449
f 1190/1189/2450 1258/1258/2450 1227/1221/2450
f 1149/1149/2451 1259/1259/2451 1193/1192/2451
f 1213/1206/2452 1228/1229/2452 1253/1251/2452
f 1202/1215/2453 1282/1260/2453 1215/1224/2453
f 1215/1224/2454 1249/1261/2454 1236/1237/2454
f 1218/1217/2455 1261/1262/2455 1231/1233/2455
f 1257/1257/2456 1241/1245/2456 1217/1218/2456
f 1241/1245/2457 1262/1263/2457 1224/1225/2457
f 1224/1225/2458 1263/1264/2458 1229/1230/2458
f 1229/1230/2459 1264/1265/2459 1197/1204/2459
f 1197/1204/2460 1264/1265/2460 1232/1234/2460
f 1233/1235/2461 1271/1266/2461 1248/1239/2461
f 1227/1221/2462 1244/1247/2462 1204/1205/2462
f 1244/1247/2463 1251/1241/2463 1191/1191/2463
f 1251/1241/2464 1259/1259/2464 1149/1149/2464
f 1266/1267/2465 1238/1236/2465 1235/1242/2465
f 1095/1092/2123 1269/1268/2123 820/826/2123
f 1249/1261/2466 1256/1249/2466 1236/1237/2466
f 1264/1265/2467 1219/1219/2467 1232/1234/2467
f 1193/1192/2468 1259/1259/2468 1245/1248/2468
f 1245/1248/2469 1272/1269/2469 1252/1254/2469
f 1265/1270/2470 1223/1223/2470 1222/1222/2470
f 1238/1236/2471 1228/1229/2471 1194/1203/2471
f 1214/1214/2472 1268/1271/2472 1254/1255/2472
f 1230/1232/2473 1269/1268/2473 1095/1092/2473
f 993/937/1 1351/1272/1 1141/1073/1
f 1240/1244/2474 1261/1262/2474 1218/1217/2474
f 1279/1273/2475 1247/1238/2475 1208/1209/2475
f 1247/1238/2476 1271/1266/2476 1233/1235/2476
f 1223/1223/2477 1273/1274/2477 1235/1242/2477
f 1215/1224/2478 1282/1260/2478 1249/1261/2478
f 1274/1275/2479 1257/1257/2479 1231/1233/2479
f 1241/1245/2480 1257/1257/2480 1262/1263/2480
f 1262/1263/2481 1275/1276/2481 1224/1225/2481
f 1224/1225/2482 1275/1276/2482 1263/1264/2482
f 1263/1264/2483 1264/1265/2483 1229/1230/2483
f 1264/1265/2484 1276/1277/2484 1219/1219/2484
f 1242/1246/2485 1279/1273/2485 1208/1209/2485
f 1303/1278/2486 1244/1247/2486 1227/1221/2486
f 1228/1229/2487 1277/1279/2487 1253/1251/2487
f 1214/1214/2488 1260/1252/2488 1268/1271/2488
f 1267/1280/2489 1255/1256/2489 1141/1073/2489
f 1256/1249/2490 1278/1281/2490 1239/1243/2490
f 1261/1262/2491 1274/1275/2491 1231/1233/2491
f 1246/1250/2492 1279/1273/2492 1242/1246/2492
f 1225/1226/2493 1248/1239/2493 1221/1227/2493
f 1243/1220/2494 1280/1282/2494 1212/1213/2494
f 1252/1254/2495 1265/1270/2495 1222/1222/2495
f 1273/1274/2496 1266/1267/2496 1235/1242/2496
f 1266/1267/2497 1281/1283/2497 1238/1236/2497
f 1238/1236/2498 1281/1283/2498 1228/1229/2498
f 1351/1272/2499 1267/1280/2499 1141/1073/2499
f 1279/1273/2500 1270/1284/2500 1247/1238/2500
f 1258/1258/2501 1303/1278/2501 1227/1221/2501
f 1283/1285/2502 1272/1269/2502 1245/1248/2502
f 1253/1251/2503 1292/1286/2503 1260/1252/2503
f 1255/1256/2504 1282/1260/2504 1202/1215/2504
f 1239/1243/2505 1299/1287/2505 1240/1244/2505
f 1240/1244/2506 1300/1288/2506 1261/1262/2506
f 1274/1275/2507 1285/1289/2507 1257/1257/2507
f 1262/1263/2508 1290/1290/2508 1275/1276/2508
f 1275/1276/2509 1286/1291/2509 1263/1264/2509
f 1263/1264/2510 1286/1291/2510 1264/1265/2510
f 1264/1265/2511 1287/1292/2511 1276/1277/2511
f 1219/1219/2512 1288/1293/2512 1246/1250/2512
f 1247/1238/2513 1270/1284/2513 1271/1266/2513
f 1248/1239/2514 1237/1240/2514 1221/1227/2514
f 1265/1270/2515 1273/1274/2515 1223/1223/2515
f 1277/1279/2516 1292/1286/2516 1253/1251/2516
f 1292/1286/2517 1268/1271/2517 1260/1252/2517
f 1278/1281/2518 1299/1287/2518 1239/1243/2518
f 1299/1287/2519 1300/1288/2519 1240/1244/2519
f 1284/1294/2520 1274/1275/2520 1261/1262/2520
f 1285/1289/2521 1290/1290/2521 1257/1257/2521
f 1257/1257/2522 1290/1290/2522 1262/1263/2522
f 1286/1291/2523 1287/1292/2523 1264/1265/2523
f 1276/1277/2524 1288/1293/2524 1219/1219/2524
f 1288/1293/2525 1291/1295/2525 1246/1250/2525
f 1266/1267/2526 1298/1296/2526 1281/1283/2526
f 1230/1232/2527 1289/1297/2527 1269/1268/2527
f 1267/1280/2528 1293/1298/2528 1255/1256/2528
f 1293/1298/2529 1282/1260/2529 1255/1256/2529
f 1245/1248/2530 1259/1259/2530 1283/1285/2530
f 1272/1269/2531 1297/1299/2531 1252/1254/2531
f 1252/1254/2532 1297/1299/2532 1265/1270/2532
f 1273/1274/2533 1298/1296/2533 1266/1267/2533
f 1228/1229/2534 1281/1283/2534 1277/1279/2534
f 1254/1255/2535 1306/1300/2535 1230/1232/2535
f 1256/1249/2536 1249/1261/2536 1278/1281/2536
f 1300/1288/2537 1284/1294/2537 1261/1262/2537
f 1274/1275/2538 1290/1290/2538 1285/1289/2538
f 1275/1276/2539 1301/1301/2539 1286/1291/2539
f 1279/1273/2540 1302/1302/2540 1270/1284/2540
f 1243/1220/2541 1237/1240/2541 1280/1282/2541
f 1249/1261/2542 1294/1303/2542 1278/1281/2542
f 1287/1292/2543 1288/1293/2543 1276/1277/2543
f 1246/1250/2544 1291/1295/2544 1279/1273/2544
f 1244/1247/2545 1303/1278/2545 1251/1241/2545
f 1293/1298/2546 1307/1304/2546 1282/1260/2546
f 1282/1260/2547 1307/1304/2547 1249/1261/2547
f 1278/1281/2548 1308/1305/2548 1299/1287/2548
f 1284/1294/2549 1304/1306/2549 1274/1275/2549
f 1304/1306/2550 1290/1290/2550 1274/1275/2550
f 1290/1290/2551 1309/1307/2551 1275/1276/2551
f 1286/1291/2552 1310/1308/2552 1287/1292/2552
f 1279/1273/2553 1291/1295/2553 1295/1309/2553
f 1270/1284/2554 1341/1310/2554 1271/1266/2554
f 1259/1259/2555 1312/1311/2555 1283/1285/2555
f 1297/1299/2556 1305/1312/2556 1265/1270/2556
f 1288/1293/2557 1287/1292/2557 1321/1313/2557
f 1258/1258/2558 1313/1314/2558 1303/1278/2558
f 1251/1241/2559 1311/1315/2559 1259/1259/2559
f 1312/1311/2560 1272/1269/2560 1283/1285/2560
f 1273/1274/2561 1324/1316/2561 1298/1296/2561
f 1298/1296/2562 1314/1317/2562 1281/1283/2562
f 1292/1286/2563 1316/1318/2563 1268/1271/2563
f 1268/1271/2564 1306/1300/2564 1254/1255/2564
f 1318/1319/2565 1294/1303/2565 1249/1261/2565
f 1294/1303/2566 1319/1320/2566 1278/1281/2566
f 1319/1320/2567 1308/1305/2567 1278/1281/2567
f 1275/1276/2568 1327/1321/2568 1301/1301/2568
f 1288/1293/2569 1321/1313/2569 1291/1295/2569
f 1295/1309/2570 1302/1302/2570 1279/1273/2570
f 1303/1278/2571 1322/1322/2571 1251/1241/2571
f 1272/1269/2572 1312/1311/2572 1297/1299/2572
f 1265/1270/2573 1324/1316/2573 1273/1274/2573
f 1316/1318/2574 1317/1323/2574 1268/1271/2574
f 1306/1300/2575 1325/1324/2575 1230/1232/2575
f 1230/1232/2576 1325/1324/2576 1289/1297/2576
f 1289/1297/2577 1346/1325/2577 1269/1268/2577
f 1307/1304/2578 1318/1319/2578 1249/1261/2578
f 1304/1306/2579 1309/1307/2579 1290/1290/2579
f 1309/1307/2580 1327/1321/2580 1275/1276/2580
f 1287/1292/2581 1320/1326/2581 1321/1313/2581
f 1341/1310/2582 1270/1284/2582 1302/1302/2582
f 1248/1239/2583 1404/1327/2583 1237/1240/2583
f 1237/1240/2584 1404/1327/2584 1296/1328/2584
f 1212/1213/2585 1280/1282/2585 1250/1253/2585
f 1313/1314/2586 1330/1329/2586 1303/1278/2586
f 1303/1278/2587 1330/1329/2587 1322/1322/2587
f 1251/1241/2588 1322/1322/2588 1311/1315/2588
f 1259/1259/2589 1311/1315/2589 1323/1330/2589
f 1305/1312/2590 1324/1316/2590 1265/1270/2590
f 1277/1279/2591 1315/1331/2591 1292/1286/2591
f 1315/1331/2592 1316/1318/2592 1292/1286/2592
f 1268/1271/2593 1317/1323/2593 1306/1300/2593
f 1299/1287/2594 1326/1332/2594 1300/1288/2594
f 1326/1332/2595 1284/1294/2595 1300/1288/2595
f 1284/1294/2596 1353/1333/2596 1304/1306/2596
f 1332/1334/2597 1320/1326/2597 1287/1292/2597
f 1190/1189/2598 1329/1335/2598 1258/1258/2598
f 1259/1259/2599 1323/1330/2599 1312/1311/2599
f 1289/1297/2600 1325/1324/2600 1346/1325/2600
f 1267/1280/2601 1334/1336/2601 1293/1298/2601
f 1294/1303/2602 1318/1319/2602 1319/1320/2602
f 1301/1301/2603 1310/1308/2603 1286/1291/2603
f 1321/1313/2604 1336/1337/2604 1291/1295/2604
f 1341/1310/2605 1328/1338/2605 1271/1266/2605
f 1324/1316/2606 1314/1317/2606 1298/1296/2606
f 1281/1283/2607 1337/1339/2607 1277/1279/2607
f 1337/1339/2608 1315/1331/2608 1277/1279/2608
f 1331/1340/2609 1326/1332/2609 1299/1287/2609
f 1304/1306/2610 1353/1333/2610 1309/1307/2610
f 1301/1301/2611 1335/1341/2611 1310/1308/2611
f 1287/1292/2612 1310/1308/2612 1332/1334/2612
f 1312/1311/2613 1339/1342/2613 1297/1299/2613
f 1346/1325/2614 820/826/2614 1269/1268/2614
f 1321/1313/2615 1340/1343/2615 1336/1337/2615
f 1291/1295/2616 1336/1337/2616 1295/1309/2616
f 1295/1309/2617 1336/1337/2617 1302/1302/2617
f 1328/1338/2618 1338/1344/2618 1271/1266/2618
f 1338/1344/2619 1248/1239/2619 1271/1266/2619
f 1296/1328/2620 1280/1282/2620 1237/1240/2620
f 1250/1253/2621 1280/1282/2621 1333/1345/2621
f 1339/1342/2622 1343/1346/2622 1297/1299/2622
f 1297/1299/2623 1343/1346/2623 1305/1312/2623
f 1324/1316/2624 1344/1347/2624 1314/1317/2624
f 1314/1317/2625 1337/1339/2625 1281/1283/2625
f 1345/1348/2626 1316/1318/2626 1315/1331/2626
f 1293/1298/2627 1352/1349/2627 1307/1304/2627
f 1308/1305/2628 1331/1340/2628 1299/1287/2628
f 1320/1326/2629 1340/1343/2629 1321/1313/2629
f 1336/1337/2630 1347/1350/2630 1302/1302/2630
f 1302/1302/2631 1347/1350/2631 1341/1310/2631
f 1313/1314/2632 1329/1335/2632 1330/1329/2632
f 1322/1322/2633 1342/1351/2633 1311/1315/2633
f 1356/1352/2634 1339/1342/2634 1312/1311/2634
f 1339/1342/2635 1349/1353/2635 1343/1346/2635
f 1314/1317/2636 1350/1354/2636 1337/1339/2636
f 1334/1336/2637 1352/1349/2637 1293/1298/2637
f 1309/1307/2638 1364/1355/2638 1327/1321/2638
f 1301/1301/2639 1354/1356/2639 1335/1341/2639
f 1404/1327/2640 1384/1357/2640 1296/1328/2640
f 1258/1258/2641 1329/1335/2641 1313/1314/2641
f 1356/1352/2642 1312/1311/2642 1323/1330/2642
f 1357/1358/2643 1318/1319/2643 1307/1304/2643
f 1326/1332/2644 1353/1333/2644 1284/1294/2644
f 1327/1321/2645 1354/1356/2645 1301/1301/2645
f 1335/1341/2646 1369/1359/2646 1310/1308/2646
f 1330/1329/2647 1358/1360/2647 1322/1322/2647
f 1359/1361/2648 1314/1317/2648 1344/1347/2648
f 1267/1280/2649 1360/1362/2649 1334/1336/2649
f 1357/1358/2650 1361/1363/2650 1318/1319/2650
f 1326/1332/2651 1363/1364/2651 1353/1333/2651
f 1353/1333/2652 1364/1355/2652 1309/1307/2652
f 1364/1355/2653 1365/1365/2653 1327/1321/2653
f 1310/1308/2654 1369/1359/2654 1332/1334/2654
f 1347/1350/2655 1328/1338/2655 1341/1310/2655
f 1328/1338/2656 1355/1366/2656 1338/1344/2656
f 1338/1344/2657 1404/1327/2657 1248/1239/2657
f 1330/1329/2658 1348/1367/2658 1358/1360/2658
f 1323/1330/2659 1367/1368/2659 1356/1352/2659
f 1305/1312/2660 1368/1369/2660 1324/1316/2660
f 1345/1348/2661 1317/1323/2661 1316/1318/2661
f 1361/1363/2662 1319/1320/2662 1318/1319/2662
f 1326/1332/2663 1362/1370/2663 1363/1364/2663
f 1354/1356/2664 1369/1359/2664 1335/1341/2664
f 1332/1334/2665 1370/1371/2665 1320/1326/2665
f 1336/1337/2666 1340/1343/2666 1366/1372/2666
f 1329/1335/2667 1348/1367/2667 1330/1329/2667
f 1359/1361/2668 1350/1354/2668 1314/1317/2668
f 1351/1272/2669 1360/1362/2669 1267/1280/2669
f 1365/1365/2670 1354/1356/2670 1327/1321/2670
f 1366/1372/2671 1371/1373/2671 1336/1337/2671
f 1311/1315/2672 1342/1351/2672 1323/1330/2672
f 1368/1369/2673 1344/1347/2673 1324/1316/2673
f 1337/1339/2674 1345/1348/2674 1315/1331/2674
f 1306/1300/2675 1373/1374/2675 1325/1324/2675
f 1325/1324/2676 1391/1375/2676 1346/1325/2676
f 1352/1349/2677 1357/1358/2677 1307/1304/2677
f 1319/1320/2678 1374/1376/2678 1308/1305/2678
f 1326/1332/2679 1331/1340/2679 1362/1370/2679
f 1365/1365/2680 1375/1377/2680 1354/1356/2680
f 1375/1377/2681 1369/1359/2681 1354/1356/2681
f 1370/1371/2682 1340/1343/2682 1320/1326/2682
f 1296/1328/2683 1384/1357/2683 1280/1282/2683
f 1356/1352/2684 1378/1378/2684 1339/1342/2684
f 1343/1346/2685 1379/1379/2685 1305/1312/2685
f 1317/1323/2686 1373/1374/2686 1306/1300/2686
f 820/826/2687 1351/1272/2687 993/937/2687
f 1361/1363/2688 1374/1376/2688 1319/1320/2688
f 1308/1305/2689 1380/1380/2689 1331/1340/2689
f 1353/1333/2690 1383/1381/2690 1364/1355/2690
f 1347/1350/2691 1372/1382/2691 1328/1338/2691
f 1376/1383/2692 1404/1327/2692 1338/1344/2692
f 1322/1322/2693 1358/1360/2693 1342/1351/2693
f 1367/1368/2694 1385/1384/2694 1356/1352/2694
f 1349/1353/2695 1379/1379/2695 1343/1346/2695
f 1368/1369/2696 1413/1385/2696 1344/1347/2696
f 1344/1347/2697 1386/1386/2697 1359/1361/2697
f 1337/1339/2698 1414/1387/2698 1345/1348/2698
f 1331/1340/2699 1387/1388/2699 1362/1370/2699
f 1363/1364/2700 1382/1389/2700 1353/1333/2700
f 1353/1333/2701 1382/1389/2701 1383/1381/2701
f 1375/1377/2702 1388/1390/2702 1369/1359/2702
f 1336/1337/2703 1371/1373/2703 1347/1350/2703
f 1384/1357/2704 1377/1391/2704 1280/1282/2704
f 1280/1282/2705 1389/1392/2705 1333/1345/2705
f 1342/1351/2706 1367/1368/2706 1323/1330/2706
f 1385/1384/2707 1378/1378/2707 1356/1352/2707
f 1339/1342/2708 1378/1378/2708 1349/1353/2708
f 1378/1378/2709 1390/1393/2709 1349/1353/2709
f 1379/1379/2710 1368/1369/2710 1305/1312/2710
f 1317/1323/2711 1396/1394/2711 1373/1374/2711
f 1373/1374/2712 1391/1375/2712 1325/1324/2712
f 1360/1362/2713 1352/1349/2713 1334/1336/2713
f 1331/1340/2714 1380/1380/2714 1381/1395/2714
f 1362/1370/2715 1382/1389/2715 1363/1364/2715
f 1332/1334/2716 1392/1396/2716 1370/1371/2716
f 1371/1373/2717 1393/1397/2717 1347/1350/2717
f 1328/1338/2718 1372/1382/2718 1355/1366/2718
f 1358/1360/2719 1405/1398/2719 1342/1351/2719
f 1413/1385/2720 1386/1386/2720 1344/1347/2720
f 1337/1339/2721 1350/1354/2721 1414/1387/2721
f 1308/1305/2722 1374/1376/2722 1380/1380/2722
f 1364/1355/2723 1398/1399/2723 1365/1365/2723
f 1372/1382/2724 1399/1400/2724 1355/1366/2724
f 1394/1401/2725 1377/1391/2725 1384/1357/2725
f 1400/1402/2726 1345/1348/2726 1414/1387/2726
f 1345/1348/2727 1396/1394/2727 1317/1323/2727
f 1373/1374/2728 1401/1403/2728 1391/1375/2728
f 1346/1325/2729 1351/1272/2729 820/826/2729
f 1352/1349/2730 1402/1404/2730 1357/1358/2730
f 1331/1340/2731 1381/1395/2731 1387/1388/2731
f 1383/1381/2732 1398/1399/2732 1364/1355/2732
f 1340/1343/2733 1403/1405/2733 1366/1372/2733
f 1347/1350/2734 1393/1397/2734 1372/1382/2734
f 1355/1366/2735 1399/1400/2735 1338/1344/2735
f 1329/1335/2736 1395/1406/2736 1348/1367/2736
f 1348/1367/2737 1405/1398/2737 1358/1360/2737
f 1405/1398/2738 1406/1407/2738 1342/1351/2738
f 1390/1393/2739 1379/1379/2739 1349/1353/2739
f 1359/1361/2740 1386/1386/2740 1350/1354/2740
f 1386/1386/2741 1407/1408/2741 1350/1354/2741
f 1377/1391/2742 1389/1392/2742 1280/1282/2742
f 1348/1367/2743 1395/1406/2743 1405/1398/2743
f 1342/1351/2744 1406/1407/2744 1367/1368/2744
f 1406/1407/2745 1385/1384/2745 1367/1368/2745
f 1400/1402/2746 1409/1409/2746 1345/1348/2746
f 1345/1348/2747 1409/1409/2747 1396/1394/2747
f 1396/1394/2748 1410/1410/2748 1373/1374/2748
f 1391/1375/2749 1401/1403/2749 1397/1411/2749
f 1352/1349/2750 1408/1412/2750 1402/1404/2750
f 1402/1404/2751 1361/1363/2751 1357/1358/2751
f 1370/1371/2752 1403/1405/2752 1340/1343/2752
f 1329/1335/2753 1421/1413/2753 1395/1406/2753
f 1406/1407/2754 1411/1414/2754 1385/1384/2754
f 1378/1378/2755 1412/1415/2755 1390/1393/2755
f 1379/1379/2756 1413/1385/2756 1368/1369/2756
f 1407/1408/2757 1414/1387/2757 1350/1354/2757
f 1397/1411/2758 1346/1325/2758 1391/1375/2758
f 1360/1362/2759 1408/1412/2759 1352/1349/2759
f 1388/1390/2760 1425/1416/2760 1369/1359/2760
f 1425/1416/2761 1415/1417/2761 1369/1359/2761
f 1369/1359/2762 1415/1417/2762 1332/1334/2762
f 1332/1334/2763 1415/1417/2763 1392/1396/2763
f 1416/1418/2764 1371/1373/2764 1366/1372/2764
f 1393/1397/2765 1417/1419/2765 1372/1382/2765
f 1376/1383/2766 1428/1420/2766 1404/1327/2766
f 1404/1327/2767 1428/1420/2767 1384/1357/2767
f 1413/1385/2768 1423/1421/2768 1386/1386/2768
f 1402/1404/2769 1419/1422/2769 1361/1363/2769
f 1362/1370/2770 1424/1423/2770 1382/1389/2770
f 1398/1399/2771 1420/1424/2771 1365/1365/2771
f 1365/1365/2772 1420/1424/2772 1375/1377/2772
f 1375/1377/2773 1420/1424/2773 1388/1390/2773
f 1416/1418/2774 1393/1397/2774 1371/1373/2774
f 1190/1189/2775 1421/1413/2775 1329/1335/2775
f 1418/1425/2776 1422/1426/2776 1405/1398/2776
f 1405/1398/2777 1422/1426/2777 1406/1407/2777
f 1406/1407/2778 1422/1426/2778 1411/1414/2778
f 1385/1384/2779 1412/1415/2779 1378/1378/2779
f 1414/1387/2780 1444/1427/2780 1400/1402/2780
f 1361/1363/2781 1419/1422/2781 1374/1376/2781
f 1374/1376/2782 1433/1428/2782 1380/1380/2782
f 1380/1380/2783 1445/1429/2783 1381/1395/2783
f 1381/1395/2784 1445/1429/2784 1387/1388/2784
f 1387/1388/2785 1424/1423/2785 1362/1370/2785
f 1382/1389/2786 1434/1430/2786 1383/1381/2786
f 1383/1381/2787 1434/1430/2787 1398/1399/2787
f 1417/1419/2788 1399/1400/2788 1372/1382/2788
f 1427/1431/2789 1428/1420/2789 1376/1383/2789
f 1412/1415/2790 1436/1432/2790 1390/1393/2790
f 1379/1379/2791 1429/1433/2791 1413/1385/2791
f 1429/1433/2792 1430/1434/2792 1413/1385/2792
f 1444/1427/2793 1409/1409/2793 1400/1402/2793
f 1397/1411/2794 1351/1272/2794 1346/1325/2794
f 1408/1412/2795 1432/1435/2795 1402/1404/2795
f 1419/1422/2796 1433/1428/2796 1374/1376/2796
f 1424/1423/2797 1434/1430/2797 1382/1389/2797
f 1447/1436/2798 1370/1371/2798 1392/1396/2798
f 1370/1371/2799 1441/1437/2799 1403/1405/2799
f 1403/1405/2800 1416/1418/2800 1366/1372/2800
f 1405/1398/2801 1395/1406/2801 1418/1425/2801
f 1411/1414/2802 1435/1438/2802 1385/1384/2802
f 1385/1384/2803 1435/1438/2803 1412/1415/2803
f 1379/1379/2804 1390/1393/2804 1429/1433/2804
f 1430/1434/2805 1423/1421/2805 1413/1385/2805
f 1360/1362/2806 1467/1439/2806 1408/1412/2806
f 1433/1428/2807 1437/1440/2807 1380/1380/2807
f 1387/1388/2808 1438/1441/2808 1424/1423/2808
f 1398/1399/2809 1439/1442/2809 1420/1424/2809
f 1420/1424/2810 1440/1443/2810 1388/1390/2810
f 1440/1443/2811 1425/1416/2811 1388/1390/2811
f 1415/1417/2812 1447/1436/2812 1392/1396/2812
f 1447/1436/2813 1441/1437/2813 1370/1371/2813
f 1442/1444/2814 1417/1419/2814 1393/1397/2814
f 1421/1413/2815 1443/1445/2815 1395/1406/2815
f 1410/1410/2816 1401/1403/2816 1373/1374/2816
f 1445/1429/2817 1438/1441/2817 1387/1388/2817
f 1416/1418/2818 1448/1446/2818 1393/1397/2818
f 1448/1446/2819 1442/1444/2819 1393/1397/2819
f 1417/1419/2820 1426/1447/2820 1399/1400/2820
f 1399/1400/2821 1465/1448/2821 1338/1344/2821
f 1338/1344/2822 1465/1448/2822 1376/1383/2822
f 1428/1420/2823 1394/1401/2823 1384/1357/2823
f 1394/1401/2824 1389/1392/2824 1377/1391/2824
f 1333/1345/2825 1389/1392/2825 2527/1449/2825
f 1407/1408/2826 1449/1450/2826 1414/1387/2826
f 1444/1427/2827 1450/1451/2827 1409/1409/2827
f 1396/1394/2828 1451/1452/2828 1410/1410/2828
f 1437/1440/2829 1445/1429/2829 1380/1380/2829
f 1434/1430/2830 1446/1453/2830 1398/1399/2830
f 1446/1453/2831 1439/1442/2831 1398/1399/2831
f 1454/1454/2832 1447/1436/2832 1415/1417/2832
f 1465/1448/2833 1427/1431/2833 1376/1383/2833
f 1428/1420/2834 1472/1455/2834 1394/1401/2834
f 1436/1432/2835 1429/1433/2835 1390/1393/2835
f 1386/1386/2836 1456/1456/2836 1407/1408/2836
f 1408/1412/2837 1459/1457/2837 1432/1435/2837
f 1463/1458/2838 1433/1428/2838 1419/1422/2838
f 1439/1442/2839 1453/1459/2839 1420/1424/2839
f 1420/1424/2840 1453/1459/2840 1440/1443/2840
f 1472/1455/2841 1460/1460/2841 1394/1401/2841
f 1394/1401/2842 1460/1460/2842 1389/1392/2842
f 1421/1413/2843 1190/1189/2843 1443/1445/2843
f 1395/1406/2844 1461/1461/2844 1418/1425/2844
f 1423/1421/2845 1456/1456/2845 1386/1386/2845
f 1449/1450/2846 1444/1427/2846 1414/1387/2846
f 1450/1451/2847 1457/1462/2847 1409/1409/2847
f 1409/1409/2848 1451/1452/2848 1396/1394/2848
f 1467/1439/2849 1481/1463/2849 1408/1412/2849
f 1402/1404/2850 1463/1458/2850 1419/1422/2850
f 1461/1461/2851 1462/1464/2851 1418/1425/2851
f 1462/1464/2852 1422/1426/2852 1418/1425/2852
f 1411/1414/2853 1466/1465/2853 1435/1438/2853
f 1456/1456/2854 1449/1450/2854 1407/1408/2854
f 1409/1409/2855 1457/1462/2855 1451/1452/2855
f 1451/1452/2856 1401/1403/2856 1410/1410/2856
f 1397/1411/2857 1401/1403/2857 1480/1466/2857
f 1397/1411/2858 1480/1466/2858 1351/1272/2858
f 1351/1272/2859 1458/1467/2859 1360/1362/2859
f 1458/1467/2860 1467/1439/2860 1360/1362/2860
f 1481/1463/2861 1459/1457/2861 1408/1412/2861
f 1432/1435/2862 1463/1458/2862 1402/1404/2862
f 1438/1441/2863 1452/1468/2863 1424/1423/2863
f 1424/1423/2864 1452/1468/2864 1434/1430/2864
f 1425/1416/2865 1454/1454/2865 1415/1417/2865
f 1441/1437/2866 1464/1469/2866 1403/1405/2866
f 1399/1400/2867 1426/1447/2867 1465/1448/2867
f 1455/1470/2868 1443/1445/2868 1190/1189/2868
f 1435/1438/2869 1469/1471/2869 1412/1415/2869
f 1412/1415/2870 1469/1471/2870 1436/1432/2870
f 1470/1472/2871 1423/1421/2871 1430/1434/2871
f 1440/1443/2872 1471/1473/2872 1425/1416/2872
f 1454/1454/2873 1441/1437/2873 1447/1436/2873
f 1443/1445/2874 1461/1461/2874 1395/1406/2874
f 1422/1426/2875 1466/1465/2875 1411/1414/2875
f 1469/1471/2876 1473/1474/2876 1436/1432/2876
f 1436/1432/2877 1473/1474/2877 1429/1433/2877
f 1470/1472/2878 1456/1456/2878 1423/1421/2878
f 1431/1475/2879 1458/1467/2879 1351/1272/2879
f 1438/1441/2880 1474/1476/2880 1452/1468/2880
f 1452/1468/2881 1446/1453/2881 1434/1430/2881
f 1403/1405/2882 1475/1477/2882 1416/1418/2882
f 1465/1448/2883 1477/1478/2883 1427/1431/2883
f 1477/1478/2884 1428/1420/2884 1427/1431/2884
f 1422/1426/2885 1462/1464/2885 1468/1479/2885
f 1429/1433/2886 1470/1472/2886 1430/1434/2886
f 1437/1440/2887 1485/1480/2887 1445/1429/2887
f 1445/1429/2888 1485/1480/2888 1438/1441/2888
f 1453/1459/2889 1478/1481/2889 1440/1443/2889
f 1468/1479/2890 1466/1465/2890 1422/1426/2890
f 1435/1438/2891 1466/1465/2891 1469/1471/2891
f 1449/1450/2892 1450/1451/2892 1444/1427/2892
f 1458/1467/2893 1481/1463/2893 1467/1439/2893
f 1433/1428/2894 1482/1482/2894 1437/1440/2894
f 1471/1473/2895 1454/1454/2895 1425/1416/2895
f 1416/1418/2896 1483/1483/2896 1448/1446/2896
f 1442/1444/2897 1476/1484/2897 1417/1419/2897
f 1476/1484/2898 1426/1447/2898 1417/1419/2898
f 1455/1470/2899 1479/1485/2899 1443/1445/2899
f 1429/1433/2900 1504/1486/2900 1470/1472/2900
f 1456/1456/2901 1487/1487/2901 1449/1450/2901
f 1482/1482/2902 1485/1480/2902 1437/1440/2902
f 1478/1481/2903 1471/1473/2903 1440/1443/2903
f 1454/1454/2904 1508/1488/2904 1441/1437/2904
f 1441/1437/2905 1508/1488/2905 1464/1469/2905
f 1475/1477/2906 1483/1483/2906 1416/1418/2906
f 1483/1483/2907 1491/1489/2907 1448/1446/2907
f 1448/1446/2908 1491/1489/2908 1442/1444/2908
f 1426/1447/2909 1486/1490/2909 1465/1448/2909
f 1470/1472/2910 1487/1487/2910 1456/1456/2910
f 1463/1458/2911 1482/1482/2911 1433/1428/2911
f 1446/1453/2912 1496/1491/2912 1439/1442/2912
f 1464/1469/2913 1475/1477/2913 1403/1405/2913
f 1442/1444/2914 1491/1489/2914 1476/1484/2914
f 1461/1461/2915 1492/1492/2915 1462/1464/2915
f 1466/1465/2916 1503/1493/2916 1469/1471/2916
f 1473/1474/2917 1504/1486/2917 1429/1433/2917
f 1457/1462/2918 1488/1494/2918 1451/1452/2918
f 1451/1452/2919 1488/1494/2919 1401/1403/2919
f 1459/1457/2920 1489/1495/2920 1432/1435/2920
f 1432/1435/2921 1489/1495/2921 1463/1458/2921
f 1485/1480/2922 1495/1496/2922 1438/1441/2922
f 1438/1441/2923 1495/1496/2923 1474/1476/2923
f 1476/1484/2924 1498/1497/2924 1426/1447/2924
f 1426/1447/2925 1498/1497/2925 1486/1490/2925
f 1465/1448/2926 1486/1490/2926 1477/1478/2926
f 1472/1455/2927 1500/1498/2927 1460/1460/2927
f 1479/1485/2928 1501/1499/2928 1443/1445/2928
f 1443/1445/2929 1501/1499/2929 1461/1461/2929
f 1488/1494/2930 1480/1466/2930 1401/1403/2930
f 1480/1466/2931 1505/1500/2931 1351/1272/2931
f 1463/1458/2932 1490/1501/2932 1482/1482/2932
f 1452/1468/2933 1507/1502/2933 1446/1453/2933
f 1439/1442/2934 1497/1503/2934 1453/1459/2934
f 1491/1489/2935 1510/1504/2935 1476/1484/2935
f 1428/1420/2936 1477/1478/2936 1499/1505/2936
f 1428/1420/2937 1499/1505/2937 1472/1455/2937
f 1472/1455/2938 1499/1505/2938 1500/1498/2938
f 1484/1506/2939 1479/1485/2939 1455/1470/2939
f 1462/1464/2940 1492/1492/2940 1468/1479/2940
f 1502/1507/2941 1503/1493/2941 1466/1465/2941
f 1470/1472/2942 1513/1508/2942 1487/1487/2942
f 1487/1487/2943 1493/1509/2943 1449/1450/2943
f 1450/1451/2944 1514/1510/2944 1457/1462/2944
f 1488/1494/2945 1519/1511/2945 1480/1466/2945
f 1489/1495/2946 1490/1501/2946 1463/1458/2946
f 1482/1482/2947 1506/1512/2947 1485/1480/2947
f 1474/1476/2948 1507/1502/2948 1452/1468/2948
f 1507/1502/2949 1496/1491/2949 1446/1453/2949
f 1496/1491/2950 1497/1503/2950 1439/1442/2950
f 1497/1503/2951 1478/1481/2951 1453/1459/2951
f 1510/1504/2952 1498/1497/2952 1476/1484/2952
f 1461/1461/2953 1511/1513/2953 1492/1492/2953
f 1468/1479/2954 1502/1507/2954 1466/1465/2954
f 1504/1486/2955 1512/1514/2955 1470/1472/2955
f 1493/1509/2956 1514/1510/2956 1449/1450/2956
f 1449/1450/2957 1514/1510/2957 1450/1451/2957
f 1458/1467/2958 1431/1475/2958 1494/1515/2958
f 1458/1467/2959 1494/1515/2959 1481/1463/2959
f 1482/1482/2960 1490/1501/2960 1506/1512/2960
f 1500/1498/2961 1515/1516/2961 1460/1460/2961
f 1484/1506/2962 1516/1517/2962 1479/1485/2962
f 1469/1471/2963 1517/1518/2963 1473/1474/2963
f 1473/1474/2964 1518/1519/2964 1504/1486/2964
f 1512/1514/2965 1513/1508/2965 1470/1472/2965
f 1457/1462/2966 1532/1520/2966 1488/1494/2966
f 1464/1469/2967 1508/1488/2967 1509/1521/2967
f 1509/1521/2968 1475/1477/2968 1464/1469/2968
f 1483/1483/2969 1510/1504/2969 1491/1489/2969
f 1501/1499/2970 1511/1513/2970 1461/1461/2970
f 1468/1479/2971 1523/1522/2971 1502/1507/2971
f 1469/1471/2972 1503/1493/2972 1517/1518/2972
f 1457/1462/2973 1514/1510/2973 1532/1520/2973
f 1533/1523/2974 1505/1500/2974 1480/1466/2974
f 1497/1503/2975 1525/1524/2975 1478/1481/2975
f 1471/1473/2976 1527/1525/2976 1454/1454/2976
f 1521/1526/2977 1510/1504/2977 1483/1483/2977
f 1492/1492/2978 1530/1527/2978 1468/1479/2978
f 1530/1527/2979 1523/1522/2979 1468/1479/2979
f 1502/1507/2980 1531/1528/2980 1503/1493/2980
f 1517/1518/2981 1518/1519/2981 1473/1474/2981
f 1519/1511/2982 1533/1523/2982 1480/1466/2982
f 1481/1463/2983 1494/1515/2983 1459/1457/2983
f 1489/1495/2984 1537/1529/2984 1490/1501/2984
f 1478/1481/2985 1526/1530/2985 1471/1473/2985
f 1475/1477/2986 1509/1521/2986 1520/1531/2986
f 1475/1477/2987 1521/1526/2987 1483/1483/2987
f 1549/1532/2988 1486/1490/2988 1498/1497/2988
f 1477/1478/2989 1528/1533/2989 1499/1505/2989
f 1529/1534/2990 1501/1499/2990 1479/1485/2990
f 1512/1514/2991 1535/1535/2991 1513/1508/2991
f 1487/1487/2992 1524/1536/2992 1493/1509/2992
f 1493/1509/2993 1536/1537/2993 1514/1510/2993
f 1506/1512/2994 1538/1538/2994 1485/1480/2994
f 1478/1481/2995 1525/1524/2995 1526/1530/2995
f 1526/1530/2996 1527/1525/2996 1471/1473/2996
f 1522/1539/2997 1549/1532/2997 1498/1497/2997
f 1515/1516/2998 1389/1392/2998 1460/1460/2998
f 1517/1518/2999 1539/1540/2999 1518/1519/2999
f 1513/1508/3000 1540/1541/3000 1487/1487/3000
f 1494/1515/3001 1541/1542/3001 1459/1457/3001
f 1490/1501/3002 1542/1543/3002 1506/1512/3002
f 1485/1480/3003 1538/1538/3003 1495/1496/3003
f 1474/1476/3004 1495/1496/3004 1507/1502/3004
f 1496/1491/3005 1507/1502/3005 1497/1503/3005
f 1454/1454/3006 1527/1525/3006 1508/1488/3006
f 1520/1531/3007 1521/1526/3007 1475/1477/3007
f 1510/1504/3008 1543/1544/3008 1498/1497/3008
f 1486/1490/3009 1528/1533/3009 1477/1478/3009
f 1511/1513/3010 1530/1527/3010 1492/1492/3010
f 1523/1522/3011 1531/1528/3011 1502/1507/3011
f 1503/1493/3012 1531/1528/3012 1517/1518/3012
f 1518/1519/3013 1512/1514/3013 1504/1486/3013
f 1540/1541/3014 1524/1536/3014 1487/1487/3014
f 1524/1536/3015 1536/1537/3015 1493/1509/3015
f 1459/1457/3016 1541/1542/3016 1489/1495/3016
f 1544/1545/3017 1509/1521/3017 1508/1488/3017
f 1543/1544/3018 1522/1539/3018 1498/1497/3018
f 1499/1505/3019 1557/1546/3019 1500/1498/3019
f 1516/1517/3020 1529/1534/3020 1479/1485/3020
f 1529/1534/3021 1511/1513/3021 1501/1499/3021
f 1551/1547/3022 1535/1535/3022 1512/1514/3022
f 1514/1510/3023 1552/1548/3023 1532/1520/3023
f 1519/1511/3024 1546/1549/3024 1533/1523/3024
f 1537/1529/3025 1547/1550/3025 1490/1501/3025
f 1497/1503/3026 1534/1551/3026 1525/1524/3026
f 1508/1488/3027 1555/1552/3027 1544/1545/3027
f 1509/1521/3028 1544/1545/3028 1520/1531/3028
f 1548/1553/3029 1521/1526/3029 1520/1531/3029
f 1549/1532/3030 1528/1533/3030 1486/1490/3030
f 1531/1528/3031 1550/1554/3031 1517/1518/3031
f 1535/1535/3032 1540/1541/3032 1513/1508/3032
f 1547/1550/3033 1542/1543/3033 1490/1501/3033
f 1495/1496/3034 1553/1555/3034 1507/1502/3034
f 1554/1556/3035 1534/1551/3035 1497/1503/3035
f 1527/1525/3036 1555/1552/3036 1508/1488/3036
f 1543/1544/3037 1556/1557/3037 1522/1539/3037
f 1560/1558/3038 1557/1546/3038 1528/1533/3038
f 1528/1533/3039 1557/1546/3039 1499/1505/3039
f 1557/1546/3040 1515/1516/3040 1500/1498/3040
f 1515/1516/3041 1579/1559/3041 1389/1392/3041
f 1516/1517/3042 1561/1560/3042 1529/1534/3042
f 1529/1534/3043 1558/1561/3043 1511/1513/3043
f 1566/1562/3044 1530/1527/3044 1511/1513/3044
f 1517/1518/3045 1550/1554/3045 1539/1540/3045
f 1518/1519/3046 1551/1547/3046 1512/1514/3046
f 1540/1541/3047 1563/1563/3047 1524/1536/3047
f 1524/1536/3048 1545/1564/3048 1536/1537/3048
f 1536/1537/3049 1552/1548/3049 1514/1510/3049
f 1506/1512/3050 1542/1543/3050 1538/1538/3050
f 1507/1502/3051 1554/1556/3051 1497/1503/3051
f 1525/1524/3052 1559/1565/3052 1526/1530/3052
f 1521/1526/3053 1548/1553/3053 1510/1504/3053
f 1606/1566/3054 1558/1561/3054 1529/1534/3054
f 1567/1567/3055 1523/1522/3055 1530/1527/3055
f 1539/1540/3056 1551/1547/3056 1518/1519/3056
f 1535/1535/3057 1563/1563/3057 1540/1541/3057
f 1545/1564/3058 1552/1548/3058 1536/1537/3058
f 1542/1543/3059 1603/1568/3059 1538/1538/3059
f 1538/1538/3060 1553/1555/3060 1495/1496/3060
f 1534/1551/3061 1564/1569/3061 1525/1524/3061
f 1559/1565/3062 1565/1570/3062 1526/1530/3062
f 1526/1530/3063 1565/1570/3063 1527/1525/3063
f 1556/1557/3064 1549/1532/3064 1522/1539/3064
f 1523/1522/3065 1567/1567/3065 1531/1528/3065
f 1562/1571/3066 1550/1554/3066 1531/1528/3066
f 1539/1540/3067 1568/1572/3067 1551/1547/3067
f 1551/1547/3068 1569/1573/3068 1535/1535/3068
f 1552/1548/3069 1571/1574/3069 1532/1520/3069
f 1519/1511/3070 1488/1494/3070 1546/1549/3070
f 1494/1515/3071 1572/1575/3071 1541/1542/3071
f 1489/1495/3072 1541/1542/3072 1537/1529/3072
f 1603/1568/3073 1573/1576/3073 1538/1538/3073
f 1538/1538/3074 1573/1576/3074 1553/1555/3074
f 1553/1555/3075 1554/1556/3075 1507/1502/3075
f 1548/1553/3076 1543/1544/3076 1510/1504/3076
f 1558/1561/3077 1566/1562/3077 1511/1513/3077
f 1575/1577/3078 1567/1567/3078 1530/1527/3078
f 1569/1573/3079 1577/1578/3079 1535/1535/3079
f 1535/1535/3080 1577/1578/3080 1563/1563/3080
f 1570/1579/3081 1545/1564/3081 1524/1536/3081
f 1544/1545/3082 1548/1553/3082 1520/1531/3082
f 1566/1562/3083 1575/1577/3083 1530/1527/3083
f 1563/1563/3084 1570/1579/3084 1524/1536/3084
f 1581/1580/3085 1552/1548/3085 1545/1564/3085
f 1488/1494/3086 1588/1581/3086 1546/1549/3086
f 1546/1549/3087 1582/1582/3087 1533/1523/3087
f 1572/1575/3088 1583/1583/3088 1541/1542/3088
f 1537/1529/3089 1585/1584/3089 1547/1550/3089
f 1527/1525/3090 1565/1570/3090 1555/1552/3090
f 1548/1553/3091 1544/1545/3091 1574/1585/3091
f 1549/1532/3092 1560/1558/3092 1528/1533/3092
f 1561/1560/3093 1606/1566/3093 1529/1534/3093
f 1567/1567/3094 1576/1586/3094 1531/1528/3094
f 1576/1586/3095 1562/1571/3095 1531/1528/3095
f 1539/1540/3096 1598/1587/3096 1568/1572/3096
f 1532/1520/3097 1588/1581/3097 1488/1494/3097
f 1533/1523/3098 1582/1582/3098 1505/1500/3098
f 1632/1588/3099 1351/1272/3099 1505/1500/3099
f 1541/1542/3100 1589/1589/3100 1537/1529/3100
f 1554/1556/3101 1592/1590/3101 1534/1551/3101
f 1534/1551/3102 1592/1590/3102 1578/1591/3102
f 1578/1591/3103 1564/1569/3103 1534/1551/3103
f 1525/1524/3104 1593/1592/3104 1559/1565/3104
f 1555/1552/3105 1594/1593/3105 1544/1545/3105
f 1548/1553/3106 1574/1585/3106 1543/1544/3106
f 1595/1594/3107 1596/1595/3107 1543/1544/3107
f 1557/1546/3108 1597/1596/3108 1515/1516/3108
f 1515/1516/3109 1597/1596/3109 1579/1559/3109
f 1551/1547/3110 1568/1572/3110 1569/1573/3110
f 1569/1573/3111 1586/1597/3111 1577/1578/3111
f 1577/1578/3112 1599/1598/3112 1563/1563/3112
f 1545/1564/3113 1587/1599/3113 1581/1580/3113
f 1581/1580/3114 1571/1574/3114 1552/1548/3114
f 1532/1520/3115 1571/1574/3115 1588/1581/3115
f 1588/1581/3116 1582/1582/3116 1546/1549/3116
f 1431/1475/3117 1572/1575/3117 1494/1515/3117
f 1583/1583/3118 1584/1600/3118 1541/1542/3118
f 1537/1529/3119 1589/1589/3119 1585/1584/3119
f 1585/1584/3120 1590/1601/3120 1547/1550/3120
f 1547/1550/3121 1590/1601/3121 1542/1543/3121
f 1603/1568/3122 1600/1602/3122 1573/1576/3122
f 1573/1576/3123 1591/1603/3123 1553/1555/3123
f 1594/1593/3124 1574/1585/3124 1544/1545/3124
f 1574/1585/3125 1595/1594/3125 1543/1544/3125
f 1596/1595/3126 1556/1557/3126 1543/1544/3126
f 1580/1604/3127 1606/1566/3127 1561/1560/3127
f 1566/1562/3128 1601/1605/3128 1575/1577/3128
f 1550/1554/3129 1598/1587/3129 1539/1540/3129
f 1570/1579/3130 1587/1599/3130 1545/1564/3130
f 1590/1601/3131 1603/1568/3131 1542/1543/3131
f 1556/1557/3132 1604/1606/3132 1549/1532/3132
f 1560/1558/3133 1641/1607/3133 1557/1546/3133
f 1641/1607/3134 1605/1608/3134 1557/1546/3134
f 1605/1608/3135 1597/1596/3135 1557/1546/3135
f 1563/1563/3136 1599/1598/3136 1570/1579/3136
f 1584/1600/3137 1589/1589/3137 1541/1542/3137
f 1564/1569/3138 1578/1591/3138 1525/1524/3138
f 1525/1524/3139 1578/1591/3139 1593/1592/3139
f 1559/1565/3140 1647/1609/3140 1565/1570/3140
f 1580/1604/3141 1610/1610/3141 1606/1566/3141
f 1566/1562/3142 1558/1561/3142 1601/1605/3142
f 1567/1567/3143 1620/1611/3143 1576/1586/3143
f 1562/1571/3144 1611/1612/3144 1550/1554/3144
f 1587/1599/3145 1612/1613/3145 1581/1580/3145
f 1581/1580/3146 1612/1613/3146 1571/1574/3146
f 1571/1574/3147 1613/1614/3147 1588/1581/3147
f 1351/1272/3148 1614/1615/3148 1431/1475/3148
f 1431/1475/3149 1615/1616/3149 1572/1575/3149
f 1572/1575/3150 1615/1616/3150 1583/1583/3150
f 1590/1601/3151 1600/1602/3151 1603/1568/3151
f 1553/1555/3152 1617/1617/3152 1554/1556/3152
f 1578/1591/3153 1618/1618/3153 1593/1592/3153
f 1593/1592/3154 1647/1609/3154 1559/1565/3154
f 1594/1593/3155 1619/1619/3155 1574/1585/3155
f 1596/1595/3156 1604/1606/3156 1556/1557/3156
f 1549/1532/3157 1604/1606/3157 1560/1558/3157
f 1579/1559/3158 1608/1620/3158 1389/1392/3158
f 1601/1605/3159 1620/1611/3159 1575/1577/3159
f 1575/1577/3160 1620/1611/3160 1567/1567/3160
f 1576/1586/3161 1611/1612/3161 1562/1571/3161
f 1611/1612/3162 1621/1621/3162 1550/1554/3162
f 1621/1621/3163 1598/1587/3163 1550/1554/3163
f 1586/1597/3164 1599/1598/3164 1577/1578/3164
f 1622/1622/3165 1623/1623/3165 1570/1579/3165
f 1570/1579/3166 1623/1623/3166 1587/1599/3166
f 1588/1581/3167 1627/1624/3167 1582/1582/3167
f 1584/1600/3168 1637/1625/3168 1589/1589/3168
f 1616/1626/3169 1590/1601/3169 1585/1584/3169
f 1591/1603/3170 1617/1617/3170 1553/1555/3170
f 1565/1570/3171 1647/1609/3171 1555/1552/3171
f 1555/1552/3172 1624/1627/3172 1594/1593/3172
f 1619/1619/3173 1595/1594/3173 1574/1585/3173
f 1604/1606/3174 1607/1628/3174 1560/1558/3174
f 1579/1559/3175 1597/1596/3175 1608/1620/3175
f 1570/1579/3176 1599/1598/3176 1622/1622/3176
f 1587/1599/3177 1623/1623/3177 1612/1613/3177
f 1626/1629/3178 1613/1614/3178 1571/1574/3178
f 1613/1614/3179 1627/1624/3179 1588/1581/3179
f 1615/1616/3180 1584/1600/3180 1583/1583/3180
f 1589/1589/3181 1616/1626/3181 1585/1584/3181
f 1554/1556/3182 1617/1617/3182 1592/1590/3182
f 1617/1617/3183 1628/1630/3183 1592/1590/3183
f 1560/1558/3184 1607/1628/3184 1641/1607/3184
f 1580/1604/3185 1609/1631/3185 1610/1610/3185
f 1431/1475/3186 1633/1632/3186 1615/1616/3186
f 1573/1576/3187 1600/1602/3187 1591/1603/3187
f 1625/1633/3188 1596/1595/3188 1595/1594/3188
f 1604/1606/3189 1634/1634/3189 1607/1628/3189
f 1558/1561/3190 1642/1635/3190 1601/1605/3190
f 1620/1611/3191 1611/1612/3191 1576/1586/3191
f 1598/1587/3192 1643/1636/3192 1568/1572/3192
f 1568/1572/3193 1635/1637/3193 1569/1573/3193
f 1586/1597/3194 1630/1638/3194 1599/1598/3194
f 1351/1272/3195 1602/1639/3195 1614/1615/3195
f 1602/1639/3196 1636/1640/3196 1614/1615/3196
f 1590/1601/3197 1650/1641/3197 1600/1602/3197
f 1591/1603/3198 1639/1642/3198 1617/1617/3198
f 1594/1593/3199 1640/1643/3199 1619/1619/3199
f 1619/1619/3200 1625/1633/3200 1595/1594/3200
f 1596/1595/3201 1653/1644/3201 1604/1606/3201
f 1653/1644/3202 1634/1634/3202 1604/1606/3202
f 1605/1608/3203 1629/1645/3203 1597/1596/3203
f 1672/1646/3204 1798/1647/3204 1389/1392/3204
f 1389/1392/3205 1798/1647/3205 2527/1449/3205
f 1635/1637/3206 1586/1597/3206 1569/1573/3206
f 1623/1623/3207 1655/1648/3207 1612/1613/3207
f 1628/1630/3208 1645/1649/3208 1592/1590/3208
f 1592/1590/3209 1646/1650/3209 1578/1591/3209
f 1618/1618/3210 1647/1609/3210 1593/1592/3210
f 1640/1643/3211 1652/1651/3211 1619/1619/3211
f 1641/1607/3212 1629/1645/3212 1605/1608/3212
f 1606/1566/3213 1642/1635/3213 1558/1561/3213
f 1643/1636/3214 1635/1637/3214 1568/1572/3214
f 1630/1638/3215 1622/1622/3215 1599/1598/3215
f 1655/1648/3216 1648/1652/3216 1612/1613/3216
f 1612/1613/3217 1648/1652/3217 1571/1574/3217
f 1648/1652/3218 1626/1629/3218 1571/1574/3218
f 1626/1629/3219 1649/1653/3219 1613/1614/3219
f 1627/1624/3220 1631/1654/3220 1582/1582/3220
f 1505/1500/3221 1644/1655/3221 1632/1588/3221
f 1614/1615/3222 1633/1632/3222 1431/1475/3222
f 1637/1625/3223 1616/1626/3223 1589/1589/3223
f 1617/1617/3224 1651/1656/3224 1628/1630/3224
f 1645/1649/3225 1646/1650/3225 1592/1590/3225
f 1578/1591/3226 1646/1650/3226 1618/1618/3226
f 1624/1627/3227 1640/1643/3227 1594/1593/3227
f 1619/1619/3228 1652/1651/3228 1625/1633/3228
f 1606/1566/3229 1654/1657/3229 1642/1635/3229
f 1642/1635/3230 1666/1658/3230 1601/1605/3230
f 1601/1605/3231 1666/1658/3231 1620/1611/3231
f 1598/1587/3232 1621/1621/3232 1643/1636/3232
f 1622/1622/3233 1677/1659/3233 1623/1623/3233
f 1613/1614/3234 1678/1660/3234 1627/1624/3234
f 1615/1616/3235 1669/1661/3235 1584/1600/3235
f 1637/1625/3236 1656/1662/3236 1616/1626/3236
f 1618/1618/3237 1657/1663/3237 1647/1609/3237
f 1647/1609/3238 1658/1664/3238 1555/1552/3238
f 1658/1664/3239 1624/1627/3239 1555/1552/3239
f 1625/1633/3240 1653/1644/3240 1596/1595/3240
f 1609/1631/3241 1659/1665/3241 1610/1610/3241
f 1678/1660/3242 1631/1654/3242 1627/1624/3242
f 1582/1582/3243 1631/1654/3243 1505/1500/3243
f 1584/1600/3244 1669/1661/3244 1637/1625/3244
f 1600/1602/3245 1650/1641/3245 1638/1666/3245
f 1600/1602/3246 1638/1666/3246 1591/1603/3246
f 1638/1666/3247 1639/1642/3247 1591/1603/3247
f 1617/1617/3248 1639/1642/3248 1651/1656/3248
f 1646/1650/3249 1657/1663/3249 1618/1618/3249
f 1657/1663/3250 1661/1667/3250 1647/1609/3250
f 1661/1667/3251 1658/1664/3251 1647/1609/3251
f 1640/1643/3252 1662/1668/3252 1652/1651/3252
f 1653/1644/3253 1663/1669/3253 1634/1634/3253
f 1634/1634/3254 1641/1607/3254 1607/1628/3254
f 1608/1620/3255 1672/1646/3255 1389/1392/3255
f 1610/1610/3256 1665/1670/3256 1606/1566/3256
f 1654/1657/3257 1666/1658/3257 1642/1635/3257
f 1620/1611/3258 1667/1671/3258 1611/1612/3258
f 1674/1672/3259 1643/1636/3259 1621/1621/3259
f 1635/1637/3260 1675/1673/3260 1586/1597/3260
f 1675/1673/3261 1668/1674/3261 1586/1597/3261
f 1677/1659/3262 1655/1648/3262 1623/1623/3262
f 1631/1654/3263 1644/1655/3263 1505/1500/3263
f 1633/1632/3264 1669/1661/3264 1615/1616/3264
f 1656/1662/3265 1590/1601/3265 1616/1626/3265
f 1670/1675/3266 1638/1666/3266 1650/1641/3266
f 1645/1649/3267 1691/1676/3267 1646/1650/3267
f 1624/1627/3268 1681/1677/3268 1640/1643/3268
f 1625/1633/3269 1682/1678/3269 1653/1644/3269
f 1682/1678/3270 1671/1679/3270 1653/1644/3270
f 1641/1607/3271 1664/1680/3271 1629/1645/3271
f 1629/1645/3272 1608/1620/3272 1597/1596/3272
f 1611/1612/3273 1697/1681/3273 1621/1621/3273
f 1630/1638/3274 1676/1682/3274 1622/1622/3274
f 1648/1652/3275 1685/1683/3275 1626/1629/3275
f 1631/1654/3276 1660/1684/3276 1644/1655/3276
f 1687/1685/3277 1351/1272/3277 1632/1588/3277
f 1669/1661/3278 1679/1686/3278 1637/1625/3278
f 1638/1666/3279 1680/1687/3279 1639/1642/3279
f 1652/1651/3280 1682/1678/3280 1625/1633/3280
f 1634/1634/3281 1664/1680/3281 1641/1607/3281
f 1608/1620/3282 1683/1688/3282 1672/1646/3282
f 1665/1670/3283 1654/1657/3283 1606/1566/3283
f 1666/1658/3284 1673/1689/3284 1620/1611/3284
f 1673/1689/3285 1667/1671/3285 1620/1611/3285
f 1643/1636/3286 1684/1690/3286 1675/1673/3286
f 1643/1636/3287 1675/1673/3287 1635/1637/3287
f 1622/1622/3288 1676/1682/3288 1677/1659/3288
f 1626/1629/3289 1685/1683/3289 1649/1653/3289
f 1678/1660/3290 1686/1691/3290 1631/1654/3290
f 1644/1655/3291 1687/1685/3291 1632/1588/3291
f 1636/1640/3292 1688/1692/3292 1614/1615/3292
f 1697/1681/3293 1674/1672/3293 1621/1621/3293
f 1643/1636/3294 1674/1672/3294 1684/1690/3294
f 1677/1659/3295 1699/1693/3295 1655/1648/3295
f 1655/1648/3296 1692/1694/3296 1648/1652/3296
f 1649/1653/3297 1678/1660/3297 1613/1614/3297
f 1637/1625/3298 1679/1686/3298 1656/1662/3298
f 1656/1662/3299 1690/1695/3299 1590/1601/3299
f 1590/1601/3300 1690/1695/3300 1650/1641/3300
f 1690/1695/3301 1670/1675/3301 1650/1641/3301
f 1639/1642/3302 1700/1696/3302 1651/1656/3302
f 1628/1630/3303 1651/1656/3303 1645/1649/3303
f 1651/1656/3304 1694/1697/3304 1645/1649/3304
f 1653/1644/3305 1695/1698/3305 1663/1669/3305
f 1654/1657/3306 1704/1699/3306 1666/1658/3306
f 1667/1671/3307 1697/1681/3307 1611/1612/3307
f 1586/1597/3308 1668/1674/3308 1630/1638/3308
f 1630/1638/3309 1698/1700/3309 1676/1682/3309
f 1648/1652/3310 1692/1694/3310 1685/1683/3310
f 1660/1684/3311 1693/1701/3311 1644/1655/3311
f 1614/1615/3312 1688/1692/3312 1633/1632/3312
f 1679/1686/3313 1689/1702/3313 1656/1662/3313
f 1656/1662/3314 1689/1702/3314 1690/1695/3314
f 1670/1675/3315 1680/1687/3315 1638/1666/3315
f 1680/1687/3316 1700/1696/3316 1639/1642/3316
f 1691/1676/3317 1657/1663/3317 1646/1650/3317
f 1657/1663/3318 1709/1703/3318 1661/1667/3318
f 1661/1667/3319 1709/1703/3319 1658/1664/3319
f 1653/1644/3320 1701/1704/3320 1695/1698/3320
f 1663/1669/3321 1702/1705/3321 1634/1634/3321
f 1629/1645/3322 1711/1706/3322 1608/1620/3322
f 1673/1689/3323 1705/1707/3323 1667/1671/3323
f 1676/1682/3324 1699/1693/3324 1677/1659/3324
f 1699/1693/3325 1692/1694/3325 1655/1648/3325
f 1685/1683/3326 1706/1708/3326 1649/1653/3326
f 1631/1654/3327 1686/1691/3327 1660/1684/3327
f 1693/1701/3328 1707/1709/3328 1644/1655/3328
f 1687/1685/3329 1718/1710/3329 1351/1272/3329
f 1658/1664/3330 1681/1677/3330 1624/1627/3330
f 1640/1643/3331 1710/1711/3331 1662/1668/3331
f 1671/1679/3332 1701/1704/3332 1653/1644/3332
f 1702/1705/3333 1664/1680/3333 1634/1634/3333
f 1608/1620/3334 1711/1706/3334 1683/1688/3334
f 1704/1699/3335 1696/1712/3335 1666/1658/3335
f 1666/1658/3336 1696/1712/3336 1673/1689/3336
f 1696/1712/3337 1705/1707/3337 1673/1689/3337
f 1630/1638/3338 1668/1674/3338 1698/1700/3338
f 1699/1693/3339 1712/1713/3339 1692/1694/3339
f 1644/1655/3340 1707/1709/3340 1687/1685/3340
f 1700/1696/3341 1708/1714/3341 1651/1656/3341
f 1708/1714/3342 1713/1715/3342 1651/1656/3342
f 1645/1649/3343 1694/1697/3343 1691/1676/3343
f 1681/1677/3344 1710/1711/3344 1640/1643/3344
f 1652/1651/3345 1715/1716/3345 1682/1678/3345
f 1663/1669/3346 1695/1698/3346 1702/1705/3346
f 1664/1680/3347 1703/1717/3347 1629/1645/3347
f 1703/1717/3348 1711/1706/3348 1629/1645/3348
f 1705/1707/3349 1697/1681/3349 1667/1671/3349
f 1692/1694/3350 1706/1708/3350 1685/1683/3350
f 1649/1653/3351 1716/1718/3351 1678/1660/3351
f 1678/1660/3352 1716/1718/3352 1686/1691/3352
f 1717/1719/3353 1693/1701/3353 1660/1684/3353
f 1690/1695/3354 1724/1720/3354 1670/1675/3354
f 1651/1656/3355 1713/1715/3355 1694/1697/3355
f 1709/1703/3356 1719/1721/3356 1658/1664/3356
f 1662/1668/3357 1715/1716/3357 1652/1651/3357
f 1705/1707/3358 1720/1722/3358 1697/1681/3358
f 1730/1723/3359 1698/1700/3359 1668/1674/3359
f 1649/1653/3360 1706/1708/3360 1716/1718/3360
f 1633/1632/3361 1721/1724/3361 1669/1661/3361
f 1679/1686/3362 1731/1725/3362 1689/1702/3362
f 1723/1726/3363 1724/1720/3363 1690/1695/3363
f 1670/1675/3364 1725/1727/3364 1680/1687/3364
f 1725/1727/3365 1726/1728/3365 1680/1687/3365
f 1658/1664/3366 1719/1721/3366 1681/1677/3366
f 1665/1670/3367 1743/1729/3367 1654/1657/3367
f 1720/1722/3368 1727/1730/3368 1697/1681/3368
f 1674/1672/3369 1744/1731/3369 1684/1690/3369
f 1728/1732/3370 1675/1673/3370 1684/1690/3370
f 1675/1673/3371 1729/1733/3371 1668/1674/3371
f 1729/1733/3372 1730/1723/3372 1668/1674/3372
f 1726/1728/3373 1700/1696/3373 1680/1687/3373
f 1732/1734/3374 1709/1703/3374 1657/1663/3374
f 1709/1703/3375 1733/1735/3375 1719/1721/3375
f 1710/1711/3376 1715/1716/3376 1662/1668/3376
f 1715/1716/3377 1734/1736/3377 1682/1678/3377
f 1682/1678/3378 1734/1736/3378 1671/1679/3378
f 1734/1736/3379 1761/1737/3379 1671/1679/3379
f 1671/1679/3380 1761/1737/3380 1701/1704/3380
f 1702/1705/3381 1735/1738/3381 1664/1680/3381
f 1659/1665/3382 1665/1670/3382 1610/1610/3382
f 1743/1729/3383 1736/1739/3383 1654/1657/3383
f 1654/1657/3384 1736/1739/3384 1704/1699/3384
f 1727/1730/3385 1674/1672/3385 1697/1681/3385
f 1684/1690/3386 1744/1731/3386 1728/1732/3386
f 1675/1673/3387 1728/1732/3387 1729/1733/3387
f 1730/1723/3388 1737/1740/3388 1698/1700/3388
f 1698/1700/3389 1738/1741/3389 1676/1682/3389
f 1738/1741/3390 1739/1742/3390 1676/1682/3390
f 1676/1682/3391 1739/1742/3391 1699/1693/3391
f 1712/1713/3392 1740/1743/3392 1692/1694/3392
f 1740/1743/3393 1741/1744/3393 1692/1694/3393
f 1692/1694/3394 1741/1744/3394 1706/1708/3394
f 1717/1719/3395 1742/1745/3395 1693/1701/3395
f 1707/1709/3396 1718/1710/3396 1687/1685/3396
f 1689/1702/3397 1731/1725/3397 1722/1746/3397
f 1689/1702/3398 1722/1746/3398 1690/1695/3398
f 1722/1746/3399 1723/1726/3399 1690/1695/3399
f 1691/1676/3400 1732/1734/3400 1657/1663/3400
f 1695/1698/3401 1771/1747/3401 1702/1705/3401
f 1704/1699/3402 1736/1739/3402 1696/1712/3402
f 1727/1730/3403 1744/1731/3403 1674/1672/3403
f 1739/1742/3404 1712/1713/3404 1699/1693/3404
f 1686/1691/3405 1745/1748/3405 1660/1684/3405
f 1745/1748/3406 1717/1719/3406 1660/1684/3406
f 1742/1745/3407 1707/1709/3407 1693/1701/3407
f 1724/1720/3408 1725/1727/3408 1670/1675/3408
f 1726/1728/3409 1747/1749/3409 1700/1696/3409
f 1700/1696/3410 1747/1749/3410 1708/1714/3410
f 1756/1750/3411 1732/1734/3411 1691/1676/3411
f 1714/1751/3412 1710/1711/3412 1681/1677/3412
f 1664/1680/3413 1735/1738/3413 1703/1717/3413
f 1683/1688/3414 1757/1752/3414 1672/1646/3414
f 1736/1739/3415 1748/1753/3415 1696/1712/3415
f 1696/1712/3416 1749/1754/3416 1705/1707/3416
f 1705/1707/3417 1750/1755/3417 1720/1722/3417
f 1751/1756/3418 1737/1740/3418 1730/1723/3418
f 1706/1708/3419 1752/1757/3419 1716/1718/3419
f 1718/1710/3420 1753/1758/3420 1351/1272/3420
f 1688/1692/3421 1721/1724/3421 1633/1632/3421
f 1669/1661/3422 1754/1759/3422 1679/1686/3422
f 1731/1725/3423 1755/1760/3423 1722/1746/3423
f 1713/1715/3424 1756/1750/3424 1694/1697/3424
f 1694/1697/3425 1756/1750/3425 1691/1676/3425
f 1732/1734/3426 1733/1735/3426 1709/1703/3426
f 1681/1677/3427 1719/1721/3427 1714/1751/3427
f 1771/1747/3428 1762/1761/3428 1702/1705/3428
f 1711/1706/3429 1757/1752/3429 1683/1688/3429
f 1727/1730/3430 1758/1762/3430 1744/1731/3430
f 1729/1733/3431 1751/1756/3431 1730/1723/3431
f 1737/1740/3432 1738/1741/3432 1698/1700/3432
f 1739/1742/3433 1740/1743/3433 1712/1713/3433
f 1759/1763/3434 1752/1757/3434 1706/1708/3434
f 1725/1727/3435 1760/1764/3435 1726/1728/3435
f 1659/1665/3436 1763/1765/3436 1665/1670/3436
f 1743/1729/3437 1764/1766/3437 1736/1739/3437
f 1748/1753/3438 1749/1754/3438 1696/1712/3438
f 1721/1724/3439 1787/1767/3439 1669/1661/3439
f 1754/1759/3440 1731/1725/3440 1679/1686/3440
f 1726/1728/3441 1760/1764/3441 1747/1749/3441
f 1714/1751/3442 1783/1768/3442 1710/1711/3442
f 1710/1711/3443 1783/1768/3443 1715/1716/3443
f 1701/1704/3444 1761/1737/3444 1771/1747/3444
f 1695/1698/3445 1701/1704/3445 1771/1747/3445
f 1672/1646/3446 1757/1752/3446 1798/1647/3446
f 1665/1670/3447 1763/1765/3447 1743/1729/3447
f 1763/1765/3448 1764/1766/3448 1743/1729/3448
f 1749/1754/3449 1750/1755/3449 1705/1707/3449
f 1720/1722/3450 1750/1755/3450 1727/1730/3450
f 1728/1732/3451 1766/1769/3451 1729/1733/3451
f 1686/1691/3452 1767/1770/3452 1745/1748/3452
f 1707/1709/3453 1753/1758/3453 1718/1710/3453
f 1636/1640/3454 1602/1639/3454 1688/1692/3454
f 1754/1759/3455 1770/1771/3455 1731/1725/3455
f 1724/1720/3456 1796/1772/3456 1725/1727/3456
f 1702/1705/3457 1762/1761/3457 1735/1738/3457
f 1750/1755/3458 1773/1773/3458 1727/1730/3458
f 1727/1730/3459 1773/1773/3459 1758/1762/3459
f 1766/1769/3460 1751/1756/3460 1729/1733/3460
f 1716/1718/3461 1767/1770/3461 1686/1691/3461
f 1745/1748/3462 1768/1774/3462 1717/1719/3462
f 1717/1719/3463 1768/1774/3463 1742/1745/3463
f 1707/1709/3464 1765/1775/3464 1753/1758/3464
f 1746/1776/3465 1774/1777/3465 1351/1272/3465
f 1669/1661/3466 1787/1767/3466 1754/1759/3466
f 1770/1771/3467 1755/1760/3467 1731/1725/3467
f 1725/1727/3468 1796/1772/3468 1760/1764/3468
f 1747/1749/3469 1775/1778/3469 1708/1714/3469
f 1708/1714/3470 1775/1778/3470 1713/1715/3470
f 1732/1734/3471 1782/1779/3471 1733/1735/3471
f 1777/1780/3472 1734/1736/3472 1715/1716/3472
f 1711/1706/3473 1797/1781/3473 1757/1752/3473
f 1736/1739/3474 1772/1782/3474 1748/1753/3474
f 1738/1741/3475 1778/1783/3475 1739/1742/3475
f 1778/1783/3476 1800/1784/3476 1739/1742/3476
f 1739/1742/3477 1800/1784/3477 1740/1743/3477
f 1740/1743/3478 1800/1784/3478 1741/1744/3478
f 1741/1744/3479 1759/1763/3479 1706/1708/3479
f 1768/1774/3480 1765/1775/3480 1742/1745/3480
f 1742/1745/3481 1765/1775/3481 1707/1709/3481
f 1753/1758/3482 1786/1785/3482 1351/1272/3482
f 1779/1786/3483 1602/1639/3483 1351/1272/3483
f 1788/1787/3484 1781/1788/3484 1756/1750/3484
f 1783/1768/3485 1776/1789/3485 1715/1716/3485
f 1715/1716/3486 1776/1789/3486 1777/1780/3486
f 1734/1736/3487 1777/1780/3487 1761/1737/3487
f 1748/1753/3488 1772/1782/3488 1749/1754/3488
f 1758/1762/3489 1784/1790/3489 1744/1731/3489
f 1751/1756/3490 1785/1791/3490 1737/1740/3490
f 1716/1718/3491 1752/1757/3491 1767/1770/3491
f 1755/1760/3492 1723/1726/3492 1722/1746/3492
f 1760/1764/3493 1775/1778/3493 1747/1749/3493
f 1713/1715/3494 1788/1787/3494 1756/1750/3494
f 1756/1750/3495 1781/1788/3495 1732/1734/3495
f 1781/1788/3496 1789/1792/3496 1732/1734/3496
f 1789/1792/3497 1782/1779/3497 1732/1734/3497
f 1733/1735/3498 1790/1793/3498 1719/1721/3498
f 1714/1751/3499 1790/1793/3499 1783/1768/3499
f 1773/1773/3500 1791/1794/3500 1758/1762/3500
f 1728/1732/3501 1744/1731/3501 1766/1769/3501
f 1792/1795/3502 1785/1791/3502 1751/1756/3502
f 1785/1791/3503 1738/1741/3503 1737/1740/3503
f 1765/1775/3504 1826/1796/3504 1753/1758/3504
f 1774/1777/3505 1779/1786/3505 1351/1272/3505
f 1779/1786/3506 1769/1797/3506 1602/1639/3506
f 1688/1692/3507 1794/1798/3507 1721/1724/3507
f 1787/1767/3508 1802/1799/3508 1754/1759/3508
f 1802/1799/3509 1770/1771/3509 1754/1759/3509
f 1723/1726/3510 1795/1800/3510 1724/1720/3510
f 1795/1800/3511 1796/1772/3511 1724/1720/3511
f 1719/1721/3512 1790/1793/3512 1714/1751/3512
f 1703/1717/3513 1797/1781/3513 1711/1706/3513
f 1784/1790/3514 1799/1801/3514 1744/1731/3514
f 1744/1731/3515 1799/1801/3515 1766/1769/3515
f 1745/1748/3516 1812/1802/3516 1768/1774/3516
f 1796/1772/3517 1803/1803/3517 1760/1764/3517
f 1771/1747/3518 1804/1804/3518 1762/1761/3518
f 1764/1766/3519 1772/1782/3519 1736/1739/3519
f 1749/1754/3520 1805/1805/3520 1750/1755/3520
f 1805/1805/3521 1773/1773/3521 1750/1755/3521
f 1791/1794/3522 1784/1790/3522 1758/1762/3522
f 1785/1791/3523 1808/1806/3523 1738/1741/3523
f 1817/1807/3524 1809/1808/3524 1778/1783/3524
f 1778/1783/3525 1810/1809/3525 1800/1784/3525
f 1741/1744/3526 1811/1810/3526 1759/1763/3526
f 1753/1758/3527 1826/1796/3527 1801/1811/3527
f 1813/1812/3528 1793/1813/3528 1351/1272/3528
f 1793/1813/3529 1746/1776/3529 1351/1272/3529
f 1602/1639/3530 1794/1798/3530 1688/1692/3530
f 1775/1778/3531 1788/1787/3531 1713/1715/3531
f 1788/1787/3532 1814/1814/3532 1781/1788/3532
f 1804/1804/3533 1771/1747/3533 1761/1737/3533
f 1763/1765/3534 1816/1815/3534 1764/1766/3534
f 1773/1773/3535 1806/1816/3535 1791/1794/3535
f 1799/1801/3536 1807/1817/3536 1766/1769/3536
f 1766/1769/3537 1807/1817/3537 1751/1756/3537
f 1808/1806/3538 1817/1807/3538 1738/1741/3538
f 1738/1741/3539 1817/1807/3539 1778/1783/3539
f 1809/1808/3540 1810/1809/3540 1778/1783/3540
f 1741/1744/3541 1800/1784/3541 1811/1810/3541
f 1759/1763/3542 1811/1810/3542 1752/1757/3542
f 1767/1770/3543 1812/1802/3543 1745/1748/3543
f 1753/1758/3544 1801/1811/3544 1786/1785/3544
f 1746/1776/3545 1819/1818/3545 1774/1777/3545
f 1602/1639/3546 1820/1819/3546 1794/1798/3546
f 1721/1724/3547 1794/1798/3547 1787/1767/3547
f 1755/1760/3548 1821/1820/3548 1723/1726/3548
f 1795/1800/3549 1822/1821/3549 1796/1772/3549
f 1782/1779/3550 1790/1793/3550 1733/1735/3550
f 1783/1768/3551 1831/1822/3551 1776/1789/3551
f 1797/1781/3552 1844/1823/3552 1757/1752/3552
f 1815/1824/3553 1798/1647/3553 1757/1752/3553
f 1833/1825/3554 1805/1805/3554 1749/1754/3554
f 1805/1805/3555 1806/1816/3555 1773/1773/3555
f 1823/1826/3556 1808/1806/3556 1785/1791/3556
f 1800/1784/3557 1824/1827/3557 1811/1810/3557
f 1768/1774/3558 1825/1828/3558 1765/1775/3558
f 1825/1828/3559 1826/1796/3559 1765/1775/3559
f 1786/1785/3560 1818/1829/3560 1351/1272/3560
f 1818/1829/3561 1813/1812/3561 1351/1272/3561
f 1793/1813/3562 1827/1830/3562 1746/1776/3562
f 1827/1830/3563 1819/1818/3563 1746/1776/3563
f 1602/1639/3564 1837/1831/3564 1780/1832/3564
f 1803/1803/3565 1828/1833/3565 1760/1764/3565
f 1760/1764/3566 1828/1833/3566 1775/1778/3566
f 1775/1778/3567 1829/1834/3567 1788/1787/3567
f 1762/1761/3568 1843/1835/3568 1735/1738/3568
f 1772/1782/3569 1833/1825/3569 1749/1754/3569
f 1810/1809/3570 1834/1836/3570 1800/1784/3570
f 1819/1818/3571 1836/1837/3571 1774/1777/3571
f 1780/1832/3572 1838/1838/3572 1602/1639/3572
f 1821/1820/3573 1795/1800/3573 1723/1726/3573
f 1828/1833/3574 1829/1834/3574 1775/1778/3574
f 1789/1792/3575 1830/1839/3575 1782/1779/3575
f 1735/1738/3576 1851/1840/3576 1703/1717/3576
f 1703/1717/3577 1851/1840/3577 1797/1781/3577
f 1807/1817/3578 1792/1795/3578 1751/1756/3578
f 1809/1808/3579 1840/1841/3579 1810/1809/3579
f 1834/1836/3580 1824/1827/3580 1800/1784/3580
f 1811/1810/3581 1835/1842/3581 1752/1757/3581
f 1752/1757/3582 1835/1842/3582 1767/1770/3582
f 1774/1777/3583 1849/1843/3583 1779/1786/3583
f 1779/1786/3584 1849/1843/3584 1769/1797/3584
f 1769/1797/3585 1837/1831/3585 1602/1639/3585
f 1814/1814/3586 1789/1792/3586 1781/1788/3586
f 1782/1779/3587 1830/1839/3587 1790/1793/3587
f 1830/1839/3588 1839/1844/3588 1790/1793/3588
f 1804/1804/3589 1843/1835/3589 1762/1761/3589
f 1757/1752/3590 1844/1823/3590 1815/1824/3590
f 1816/1815/3591 1832/1845/3591 1764/1766/3591
f 1832/1845/3592 1845/1846/3592 1764/1766/3592
f 1764/1766/3593 1845/1846/3593 1772/1782/3593
f 1805/1805/3594 1865/1847/3594 1806/1816/3594
f 1846/1848/3595 1847/1849/3595 1807/1817/3595
f 1807/1817/3596 1847/1849/3596 1792/1795/3596
f 1792/1795/3597 1823/1826/3597 1785/1791/3597
f 1835/1842/3598 1848/1850/3598 1767/1770/3598
f 1848/1850/3599 1812/1802/3599 1767/1770/3599
f 1801/1811/3600 1818/1829/3600 1786/1785/3600
f 1769/1797/3601 1856/1851/3601 1837/1831/3601
f 1602/1639/3602 1838/1838/3602 1820/1819/3602
f 1794/1798/3603 1841/1852/3603 1787/1767/3603
f 1796/1772/3604 1862/1853/3604 1803/1803/3604
f 1839/1844/3605 1842/1854/3605 1790/1793/3605
f 1843/1835/3606 1851/1840/3606 1735/1738/3606
f 1845/1846/3607 1833/1825/3607 1772/1782/3607
f 1805/1805/3608 1833/1825/3608 1865/1847/3608
f 1806/1816/3609 1853/1855/3609 1791/1794/3609
f 1784/1790/3610 1854/1856/3610 1799/1801/3610
f 1799/1801/3611 1854/1856/3611 1807/1817/3611
f 1823/1826/3612 1847/1849/3612 1808/1806/3612
f 1812/1802/3613 1855/1857/3613 1768/1774/3613
f 1855/1857/3614 1825/1828/3614 1768/1774/3614
f 1770/1771/3615 1821/1820/3615 1755/1760/3615
f 1797/1781/3616 1873/1858/3616 1844/1823/3616
f 1815/1824/3617 2527/1449/3617 1798/1647/3617
f 1852/1859/3618 1832/1845/3618 1816/1815/3618
f 1791/1794/3619 1853/1855/3619 1784/1790/3619
f 1792/1795/3620 1847/1849/3620 1823/1826/3620
f 1860/1860/3621 1819/1818/3621 1827/1830/3621
f 1841/1852/3622 1857/1861/3622 1787/1767/3622
f 1787/1767/3623 1857/1861/3623 1802/1799/3623
f 1795/1800/3624 1821/1820/3624 1822/1821/3624
f 1803/1803/3625 1863/1862/3625 1828/1833/3625
f 1789/1792/3626 1814/1814/3626 1850/1863/3626
f 1842/1854/3627 1783/1768/3627 1790/1793/3627
f 1842/1854/3628 1831/1822/3628 1783/1768/3628
f 1761/1737/3629 1899/1864/3629 1804/1804/3629
f 1864/1865/3630 1843/1835/3630 1804/1804/3630
f 1853/1855/3631 1858/1866/3631 1784/1790/3631
f 1858/1866/3632 1854/1856/3632 1784/1790/3632
f 1807/1817/3633 1859/1867/3633 1846/1848/3633
f 1817/1807/3634 1866/1868/3634 1809/1808/3634
f 1809/1808/3635 1866/1868/3635 1840/1841/3635
f 1810/1809/3636 1840/1841/3636 1834/1836/3636
f 1826/1796/3637 1867/1869/3637 1801/1811/3637
f 1818/1829/3638 1876/1870/3638 1813/1812/3638
f 1813/1812/3639 1868/1871/3639 1793/1813/3639
f 1793/1813/3640 1885/1872/3640 1827/1830/3640
f 1794/1798/3641 1861/1873/3641 1841/1852/3641
f 1802/1799/3642 1869/1874/3642 1770/1771/3642
f 1862/1853/3643 1863/1862/3643 1803/1803/3643
f 1839/1844/3644 1871/1875/3644 1842/1854/3644
f 1842/1854/3645 1872/1876/3645 1831/1822/3645
f 1831/1822/3646 1777/1780/3646 1776/1789/3646
f 1899/1864/3647 1864/1865/3647 1804/1804/3647
f 1851/1840/3648 1873/1858/3648 1797/1781/3648
f 1806/1816/3649 1874/1877/3649 1853/1855/3649
f 1854/1856/3650 1859/1867/3650 1807/1817/3650
f 1875/1878/3651 1817/1807/3651 1808/1806/3651
f 1848/1850/3652 1855/1857/3652 1812/1802/3652
f 1884/1879/3653 1825/1828/3653 1855/1857/3653
f 1801/1811/3654 1876/1870/3654 1818/1829/3654
f 1836/1837/3655 1877/1880/3655 1774/1777/3655
f 1877/1880/3656 1849/1843/3656 1774/1777/3656
f 1820/1819/3657 1861/1873/3657 1794/1798/3657
f 1770/1771/3658 1869/1874/3658 1821/1820/3658
f 1822/1821/3659 1862/1853/3659 1796/1772/3659
f 1863/1862/3660 1870/1881/3660 1828/1833/3660
f 1870/1881/3661 1879/1882/3661 1828/1833/3661
f 1829/1834/3662 1881/1883/3662 1788/1787/3662
f 1788/1787/3663 1881/1883/3663 1814/1814/3663
f 1789/1792/3664 1850/1863/3664 1830/1839/3664
f 1777/1780/3665 1882/1884/3665 1761/1737/3665
f 1882/1884/3666 1899/1864/3666 1761/1737/3666
f 1864/1865/3667 1883/1885/3667 1843/1835/3667
f 1843/1835/3668 1883/1885/3668 1851/1840/3668
f 1806/1816/3669 1865/1847/3669 1874/1877/3669
f 1847/1849/3670 1890/1886/3670 1808/1806/3670
f 1793/1813/3671 1868/1871/3671 1885/1872/3671
f 1827/1830/3672 1885/1872/3672 1860/1860/3672
f 1769/1797/3673 1878/1887/3673 1856/1851/3673
f 1878/1887/3674 1886/1888/3674 1856/1851/3674
f 1841/1852/3675 1888/1889/3675 1857/1861/3675
f 1857/1861/3676 1869/1874/3676 1802/1799/3676
f 1880/1890/3677 1881/1883/3677 1829/1834/3677
f 1852/1859/3678 1900/1891/3678 1832/1845/3678
f 1833/1825/3679 1889/1892/3679 1865/1847/3679
f 1853/1855/3680 1874/1877/3680 1858/1866/3680
f 1825/1828/3681 1867/1869/3681 1826/1796/3681
f 1856/1851/3682 1898/1893/3682 1837/1831/3682
f 1837/1831/3683 1838/1838/3683 1780/1832/3683
f 1861/1873/3684 1888/1889/3684 1841/1852/3684
f 1869/1874/3685 1892/1894/3685 1821/1820/3685
f 1828/1833/3686 1880/1890/3686 1829/1834/3686
f 1881/1883/3687 1850/1863/3687 1814/1814/3687
f 1850/1863/3688 1893/1895/3688 1830/1839/3688
f 1873/1858/3689 1815/1824/3689 1844/1823/3689
f 1846/1848/3690 1894/1896/3690 1847/1849/3690
f 1902/1897/3691 1895/1898/3691 1840/1841/3691
f 1840/1841/3692 1895/1898/3692 1834/1836/3692
f 1896/1899/3693 1884/1879/3693 1855/1857/3693
f 1867/1869/3694 1891/1900/3694 1801/1811/3694
f 1813/1812/3695 1914/1901/3695 1868/1871/3695
f 1819/1818/3696 1897/1902/3696 1836/1837/3696
f 1849/1843/3697 1878/1887/3697 1769/1797/3697
f 1838/1838/3698 1924/1903/3698 1820/1819/3698
f 1828/1833/3699 1879/1882/3699 1880/1890/3699
f 1883/1885/3700 1909/1904/3700 1851/1840/3700
f 1851/1840/3701 1909/1904/3701 1873/1858/3701
f 1873/1858/3702 2527/1449/3702 1815/1824/3702
f 1845/1846/3703 1889/1892/3703 1833/1825/3703
f 1854/1856/3704 1901/1905/3704 1859/1867/3704
f 1808/1806/3705 1890/1886/3705 1875/1878/3705
f 1866/1868/3706 1902/1897/3706 1840/1841/3706
f 1834/1836/3707 1903/1906/3707 1824/1827/3707
f 1811/1810/3708 1905/1907/3708 1835/1842/3708
f 1848/1850/3709 1896/1899/3709 1855/1857/3709
f 1856/1851/3710 1886/1888/3710 1887/1908/3710
f 1898/1893/3711 1838/1838/3711 1837/1831/3711
f 1924/1903/3712 1861/1873/3712 1820/1819/3712
f 1892/1894/3713 1935/1909/3713 1821/1820/3713
f 1821/1820/3714 1956/1910/3714 1822/1821/3714
f 1822/1821/3715 1906/1911/3715 1862/1853/3715
f 1863/1862/3716 1925/1912/3716 1870/1881/3716
f 1830/1839/3717 1893/1895/3717 1839/1844/3717
f 1907/1913/3718 1871/1875/3718 1839/1844/3718
f 1871/1875/3719 1908/1914/3719 1842/1854/3719
f 1831/1822/3720 1882/1884/3720 1777/1780/3720
f 1909/1904/3721 1910/1915/3721 1873/1858/3721
f 1865/1847/3722 1911/1916/3722 1874/1877/3722
f 1874/1877/3723 1912/1917/3723 1858/1866/3723
f 1875/1878/3724 1866/1868/3724 1817/1807/3724
f 1824/1827/3725 1904/1918/3725 1811/1810/3725
f 1811/1810/3726 1904/1918/3726 1905/1907/3726
f 1884/1879/3727 1913/1919/3727 1825/1828/3727
f 1891/1900/3728 1876/1870/3728 1801/1811/3728
f 1876/1870/3729 1914/1901/3729 1813/1812/3729
f 1885/1872/3730 1915/1920/3730 1860/1860/3730
f 1860/1860/3731 1897/1902/3731 1819/1818/3731
f 1849/1843/3732 1916/1921/3732 1878/1887/3732
f 1898/1893/3733 1917/1922/3733 1838/1838/3733
f 1821/1820/3734 1935/1909/3734 1956/1910/3734
f 1927/1923/3735 1893/1895/3735 1850/1863/3735
f 1839/1844/3736 1893/1895/3736 1907/1913/3736
f 1872/1876/3737 1948/1924/3737 1831/1822/3737
f 1899/1864/3738 1883/1885/3738 1864/1865/3738
f 1900/1891/3739 1919/1925/3739 1832/1845/3739
f 1832/1845/3740 1919/1925/3740 1845/1846/3740
f 1858/1866/3741 1912/1917/3741 1854/1856/3741
f 1859/1867/3742 1920/1926/3742 1846/1848/3742
f 1847/1849/3743 1894/1896/3743 1890/1886/3743
f 1890/1886/3744 1921/1927/3744 1875/1878/3744
f 1834/1836/3745 1895/1898/3745 1903/1906/3745
f 1835/1842/3746 1922/1928/3746 1848/1850/3746
f 1825/1828/3747 1913/1919/3747 1867/1869/3747
f 1867/1869/3748 1923/1929/3748 1891/1900/3748
f 1856/1851/3749 1887/1908/3749 1898/1893/3749
f 1917/1922/3750 1924/1903/3750 1838/1838/3750
f 1888/1889/3751 1869/1874/3751 1857/1861/3751
f 1862/1853/3752 1925/1912/3752 1863/1862/3752
f 1879/1882/3753 1926/1930/3753 1880/1890/3753
f 1842/1854/3754 1908/1914/3754 1872/1876/3754
f 1883/1885/3755 1928/1931/3755 1909/1904/3755
f 1845/1846/3756 1919/1925/3756 1889/1892/3756
f 1912/1917/3757 1901/1905/3757 1854/1856/3757
f 1901/1905/3758 1920/1926/3758 1859/1867/3758
f 1920/1926/3759 1894/1896/3759 1846/1848/3759
f 1903/1906/3760 1904/1918/3760 1824/1827/3760
f 1888/1889/3761 1931/1932/3761 1869/1874/3761
f 1881/1883/3762 1927/1923/3762 1850/1863/3762
f 1871/1875/3763 1907/1913/3763 1908/1914/3763
f 1936/1933/3764 1883/1885/3764 1899/1864/3764
f 1889/1892/3765 1942/1934/3765 1865/1847/3765
f 1911/1916/3766 1933/1935/3766 1874/1877/3766
f 1874/1877/3767 1933/1935/3767 1912/1917/3767
f 1894/1896/3768 1929/1936/3768 1890/1886/3768
f 1875/1878/3769 1921/1927/3769 1866/1868/3769
f 1835/1842/3770 1905/1907/3770 1922/1928/3770
f 1922/1928/3771 1896/1899/3771 1848/1850/3771
f 1896/1899/3772 1930/1937/3772 1884/1879/3772
f 1876/1870/3773 1954/1938/3773 1914/1901/3773
f 1836/1837/3774 1934/1939/3774 1877/1880/3774
f 1918/1940/3775 1932/1941/3775 1869/1874/3775
f 1869/1874/3776 1932/1941/3776 1892/1894/3776
f 1925/1912/3777 1879/1882/3777 1870/1881/3777
f 1919/1925/3778 1942/1934/3778 1889/1892/3778
f 1942/1934/3779 1911/1916/3779 1865/1847/3779
f 1912/1917/3780 1937/1942/3780 1901/1905/3780
f 1929/1936/3781 1921/1927/3781 1890/1886/3781
f 1930/1937/3782 1913/1919/3782 1884/1879/3782
f 1913/1919/3783 1938/1943/3783 1867/1869/3783
f 1938/1943/3784 1923/1929/3784 1867/1869/3784
f 1897/1902/3785 1934/1939/3785 1836/1837/3785
f 1877/1880/3786 1916/1921/3786 1849/1843/3786
f 1886/1888/3787 1940/1944/3787 1887/1908/3787
f 1924/1903/3788 1946/1945/3788 1861/1873/3788
f 1931/1932/3789 1918/1940/3789 1869/1874/3789
f 1822/1821/3790 1956/1910/3790 1906/1911/3790
f 1880/1890/3791 1926/1930/3791 1881/1883/3791
f 1872/1876/3792 1908/1914/3792 1948/1924/3792
f 1831/1822/3793 1948/1924/3793 1882/1884/3793
f 1950/1946/3794 1919/1925/3794 1900/1891/3794
f 1921/1927/3795 1943/1947/3795 1866/1868/3795
f 1896/1899/3796 1944/1948/3796 1930/1937/3796
f 1923/1929/3797 1876/1870/3797 1891/1900/3797
f 1860/1860/3798 1981/1949/3798 1897/1902/3798
f 1878/1887/3799 1939/1950/3799 1886/1888/3799
f 1862/1853/3800 1906/1911/3800 1925/1912/3800
f 1925/1912/3801 1941/1951/3801 1879/1882/3801
f 1893/1895/3802 1947/1952/3802 1907/1913/3802
f 1882/1884/3803 1948/1924/3803 1899/1864/3803
f 1899/1864/3804 1949/1953/3804 1936/1933/3804
f 1951/1954/3805 1929/1936/3805 1894/1896/3805
f 1902/1897/3806 1952/1955/3806 1895/1898/3806
f 1895/1898/3807 1952/1955/3807 1903/1906/3807
f 1903/1906/3808 1970/1956/3808 1904/1918/3808
f 1970/1956/3809 1905/1907/3809 1904/1918/3809
f 1923/1929/3810 1953/1957/3810 1876/1870/3810
f 1953/1957/3811 1954/1938/3811 1876/1870/3811
f 1914/1901/3812 1945/1958/3812 1868/1871/3812
f 1868/1871/3813 1955/1959/3813 1885/1872/3813
f 1898/1893/3814 1972/1960/3814 1917/1922/3814
f 1861/1873/3815 1946/1945/3815 1888/1889/3815
f 1950/1946/3816 1957/1961/3816 1919/1925/3816
f 1942/1934/3817 1958/1962/3817 1911/1916/3817
f 1901/1905/3818 1937/1942/3818 1920/1926/3818
f 1937/1942/3819 1959/1963/3819 1920/1926/3819
f 1920/1926/3820 1951/1954/3820 1894/1896/3820
f 1929/1936/3821 1960/1964/3821 1921/1927/3821
f 1866/1868/3822 1943/1947/3822 1902/1897/3822
f 1943/1947/3823 1961/1965/3823 1902/1897/3823
f 1905/1907/3824 1962/1966/3824 1922/1928/3824
f 1954/1938/3825 1945/1958/3825 1914/1901/3825
f 1945/1958/3826 1955/1959/3826 1868/1871/3826
f 1885/1872/3827 1955/1959/3827 1915/1920/3827
f 1860/1860/3828 1915/1920/3828 1981/1949/3828
f 1887/1908/3829 1972/1960/3829 1898/1893/3829
f 1946/1945/3830 1931/1932/3830 1888/1889/3830
f 1932/1941/3831 1964/1967/3831 1892/1894/3831
f 1892/1894/3832 1964/1967/3832 1935/1909/3832
f 1935/1909/3833 1965/1968/3833 1956/1910/3833
f 1879/1882/3834 1966/1969/3834 1926/1930/3834
f 1927/1923/3835 1947/1952/3835 1893/1895/3835
f 1910/1915/3836 2527/1449/3836 1873/1858/3836
f 1911/1916/3837 1968/1970/3837 1933/1935/3837
f 1912/1917/3838 1969/1971/3838 1937/1942/3838
f 1951/1954/3839 1960/1964/3839 1929/1936/3839
f 1902/1897/3840 1961/1965/3840 1952/1955/3840
f 1952/1955/3841 1970/1956/3841 1903/1906/3841
f 1922/1928/3842 1962/1966/3842 1896/1899/3842
f 1896/1899/3843 1962/1966/3843 1963/1972/3843
f 1971/1973/3844 1916/1921/3844 1877/1880/3844
f 1886/1888/3845 1939/1950/3845 1940/1944/3845
f 1917/1922/3846 1975/1974/3846 1924/1903/3846
f 1906/1911/3847 1995/1975/3847 1925/1912/3847
f 1978/1976/3848 1927/1923/3848 1881/1883/3848
f 1928/1931/3849 1910/1915/3849 1909/1904/3849
f 1919/1925/3850 1974/1977/3850 1942/1934/3850
f 1942/1934/3851 1967/1978/3851 1958/1962/3851
f 1933/1935/3852 1969/1971/3852 1912/1917/3852
f 1896/1899/3853 1963/1972/3853 1944/1948/3853
f 1980/1979/3854 1938/1943/3854 1913/1919/3854
f 1887/1908/3855 1940/1944/3855 1972/1960/3855
f 1972/1960/3856 1975/1974/3856 1917/1922/3856
f 1924/1903/3857 1975/1974/3857 1946/1945/3857
f 1946/1945/3858 1976/1980/3858 1931/1932/3858
f 1918/1940/3859 1977/1981/3859 1932/1941/3859
f 1964/1967/3860 1965/1968/3860 1935/1909/3860
f 1941/1951/3861 1966/1969/3861 1879/1882/3861
f 1883/1885/3862 1936/1933/3862 1928/1931/3862
f 1960/1964/3863 1943/1947/3863 1921/1927/3863
f 1905/1907/3864 1979/1982/3864 1962/1966/3864
f 1930/1937/3865 1980/1979/3865 1913/1919/3865
f 1938/1943/3866 1991/1983/3866 1923/1929/3866
f 1981/1949/3867 1982/1984/3867 1897/1902/3867
f 2002/1985/3868 1971/1973/3868 1877/1880/3868
f 1985/1986/3869 1939/1950/3869 1878/1887/3869
f 1918/1940/3870 1931/1932/3870 1977/1981/3870
f 1956/1910/3871 1995/1975/3871 1906/1911/3871
f 1926/1930/3872 1978/1976/3872 1881/1883/3872
f 1974/1977/3873 1967/1978/3873 1942/1934/3873
f 1959/1963/3874 1951/1954/3874 1920/1926/3874
f 1955/1959/3875 1983/1987/3875 1915/1920/3875
f 1915/1920/3876 1983/1987/3876 1981/1949/3876
f 1916/1921/3877 1984/1988/3877 1878/1887/3877
f 1984/1988/3878 1985/1986/3878 1878/1887/3878
f 1977/1981/3879 1964/1967/3879 1932/1941/3879
f 1926/1930/3880 1966/1969/3880 1978/1976/3880
f 1987/1989/3881 1957/1961/3881 1950/1946/3881
f 1957/1961/3882 1988/1990/3882 1919/1925/3882
f 1988/1990/3883 1974/1977/3883 1919/1925/3883
f 1961/1965/3884 2007/1991/3884 1952/1955/3884
f 1997/1992/3885 1905/1907/3885 1970/1956/3885
f 1963/1972/3886 1990/1993/3886 1944/1948/3886
f 1930/1937/3887 1944/1948/3887 1980/1979/3887
f 1980/1979/3888 1991/1983/3888 1938/1943/3888
f 1923/1929/3889 1991/1983/3889 1953/1957/3889
f 1953/1957/3890 1992/1994/3890 1954/1938/3890
f 1897/1902/3891 1982/1984/3891 1934/1939/3891
f 1934/1939/3892 2002/1985/3892 1877/1880/3892
f 1940/1944/3893 1939/1950/3893 1972/1960/3893
f 1973/1995/3894 1993/1996/3894 1946/1945/3894
f 1965/1968/3895 1994/1997/3895 1956/1910/3895
f 1956/1910/3896 1994/1997/3896 1995/1975/3896
f 1927/1923/3897 1978/1976/3897 1947/1952/3897
f 1908/1914/3898 1986/1998/3898 1948/1924/3898
f 1910/1915/3899 1928/1931/3899 2527/1449/3899
f 1937/1942/3900 1969/1971/3900 1959/1963/3900
f 1969/1971/3901 2014/1999/3901 1959/1963/3901
f 1960/1964/3902 1989/2000/3902 1943/1947/3902
f 1905/1907/3903 1998/2001/3903 1979/1982/3903
f 1954/1938/3904 1999/2002/3904 1945/1958/3904
f 1945/1958/3905 2000/2003/3905 1955/1959/3905
f 2000/2003/3906 2001/2004/3906 1955/1959/3906
f 1982/1984/3907 2002/1985/3907 1934/1939/3907
f 1971/1973/3908 2003/2005/3908 1916/1921/3908
f 2003/2005/3909 1984/1988/3909 1916/1921/3909
f 1975/1974/3910 2004/2006/3910 1946/1945/3910
f 1993/1996/3911 1976/1980/3911 1946/1945/3911
f 1996/2007/3912 1907/1913/3912 1947/1952/3912
f 2005/2008/3913 1928/1931/3913 1936/1933/3913
f 1958/1962/3914 2006/2009/3914 1911/1916/3914
f 1911/1916/3915 2006/2009/3915 1968/1970/3915
f 1943/1947/3916 2007/1991/3916 1961/1965/3916
f 1952/1955/3917 1997/1992/3917 1970/1956/3917
f 1997/1992/3918 1998/2001/3918 1905/1907/3918
f 1979/1982/3919 2008/2010/3919 1962/1966/3919
f 1962/1966/3920 2008/2010/3920 1963/1972/3920
f 1991/1983/3921 2009/2011/3921 1953/1957/3921
f 1999/2002/3922 2000/2003/3922 1945/1958/3922
f 2002/1985/3923 2010/2012/3923 1971/1973/3923
f 1976/1980/3924 1977/1981/3924 1931/1932/3924
f 1907/1913/3925 1986/1998/3925 1908/1914/3925
f 1948/1924/3926 1949/1953/3926 1899/1864/3926
f 1987/1989/3927 1988/1990/3927 1957/1961/3927
f 1968/1970/3928 2013/2013/3928 1933/1935/3928
f 2013/2013/3929 1969/1971/3929 1933/1935/3929
f 1960/1964/3930 1951/1954/3930 1989/2000/3930
f 1989/2000/3931 2007/1991/3931 1943/1947/3931
f 1980/1979/3932 2033/2014/3932 1991/1983/3932
f 1981/1949/3933 1983/1987/3933 1982/1984/3933
f 1971/1973/3934 2015/2015/3934 2003/2005/3934
f 1985/1986/3935 2011/2016/3935 1939/1950/3935
f 1972/1960/3936 2016/2017/3936 1975/1974/3936
f 1975/1974/3937 2016/2017/3937 2004/2006/3937
f 2004/2006/3938 1973/1995/3938 1946/1945/3938
f 1995/1975/3939 1941/1951/3939 1925/1912/3939
f 1978/1976/3940 1996/2007/3940 1947/1952/3940
f 1968/1970/3941 2006/2009/3941 2013/2013/3941
f 2007/1991/3942 2018/2018/3942 1952/1955/3942
f 2008/2010/3943 1990/1993/3943 1963/1972/3943
f 2009/2011/3944 1992/1994/3944 1953/1957/3944
f 2001/2004/3945 1983/1987/3945 1955/1959/3945
f 1983/1987/3946 2019/2019/3946 1982/1984/3946
f 2011/2016/3947 1972/1960/3947 1939/1950/3947
f 1976/1980/3948 2020/2020/3948 1977/1981/3948
f 1977/1981/3949 2017/2021/3949 1964/1967/3949
f 1964/1967/3950 2021/2022/3950 1965/1968/3950
f 1965/1968/3951 2021/2022/3951 1994/1997/3951
f 2021/2022/3952 2050/2023/3952 1994/1997/3952
f 1994/1997/3953 2050/2023/3953 1995/1975/3953
f 1995/1975/3954 2028/2024/3954 1941/1951/3954
f 1966/1969/3955 2022/2025/3955 1978/1976/3955
f 1967/1978/3956 2030/2026/3956 1958/1962/3956
f 1959/1963/3957 2023/2027/3957 1951/1954/3957
f 1989/2000/3958 2024/2028/3958 2007/1991/3958
f 2018/2018/3959 1997/1992/3959 1952/1955/3959
f 1998/2001/3960 2025/2029/3960 1979/1982/3960
f 2025/2029/3961 2008/2010/3961 1979/1982/3961
f 1944/1948/3962 2026/2030/3962 1980/1979/3962
f 1954/1938/3963 1992/1994/3963 1999/2002/3963
f 1982/1984/3964 2027/2031/3964 2002/1985/3964
f 1964/1967/3965 2017/2021/3965 2021/2022/3965
f 2028/2024/3966 2012/2032/3966 1941/1951/3966
f 1996/2007/3967 1986/1998/3967 1907/1913/3967
f 1948/1924/3968 2045/2033/3968 1949/1953/3968
f 1958/1962/3969 2030/2026/3969 2006/2009/3969
f 2008/2010/3970 2032/2034/3970 1990/1993/3970
f 2033/2014/3971 2034/2035/3971 1991/1983/3971
f 1991/1983/3972 2034/2035/3972 2009/2011/3972
f 2015/2015/3973 2035/2036/3973 2003/2005/3973
f 2003/2005/3974 2035/2036/3974 1984/1988/3974
f 2035/2036/3975 1985/1986/3975 1984/1988/3975
f 2011/2016/3976 2016/2017/3976 1972/1960/3976
f 2004/2006/3977 2036/2037/3977 1973/1995/3977
f 1993/1996/3978 2037/2038/3978 1976/1980/3978
f 2050/2023/3979 2039/2039/3979 1995/1975/3979
f 2012/2032/3980 1966/1969/3980 1941/1951/3980
f 1978/1976/3981 2029/2040/3981 1996/2007/3981
f 1949/1953/3982 2005/2008/3982 1936/1933/3982
f 1974/1977/3983 1988/1990/3983 1967/1978/3983
f 1989/2000/3984 2047/2041/3984 2031/2042/3984
f 1980/1979/3985 2026/2030/3985 2033/2014/3985
f 1992/1994/3986 2042/2043/3986 1999/2002/3986
f 1971/1973/3987 2010/2012/3987 2015/2015/3987
f 2035/2036/3988 2043/2044/3988 1985/1986/3988
f 2016/2017/3989 2044/2045/3989 2004/2006/3989
f 2036/2037/3990 1993/1996/3990 1973/1995/3990
f 1995/1975/3991 2039/2039/3991 2028/2024/3991
f 2012/2032/3992 2022/2025/3992 1966/1969/3992
f 2006/2009/3993 2046/2046/3993 2013/2013/3993
f 1951/1954/3994 2047/2041/3994 1989/2000/3994
f 1989/2000/3995 2031/2042/3995 2024/2028/3995
f 2007/1991/3996 2048/2047/3996 2018/2018/3996
f 2018/2018/3997 2040/2048/3997 1997/1992/3997
f 1997/1992/3998 2058/2049/3998 1998/2001/3998
f 2032/2034/3999 2041/2050/3999 1990/1993/3999
f 1990/1993/4000 2026/2030/4000 1944/1948/4000
f 2009/2011/4001 2054/2051/4001 1992/1994/4001
f 2072/2052/4002 2019/2019/4002 1983/1987/4002
f 2002/1985/4003 2027/2031/4003 2010/2012/4003
f 2049/2053/4004 2016/2017/4004 2011/2016/4004
f 2016/2017/4005 2055/2054/4005 2044/2045/4005
f 2004/2006/4006 2044/2045/4006 2036/2037/4006
f 1976/1980/4007 2037/2038/4007 2020/2020/4007
f 2020/2020/4008 2038/2055/4008 1977/1981/4008
f 2022/2025/4009 2051/2056/4009 1978/1976/4009
f 2051/2056/4010 2029/2040/4010 1978/1976/4010
f 2013/2013/4011 2052/2057/4011 1969/1971/4011
f 1969/1971/4012 2053/2058/4012 2014/1999/4012
f 1959/1963/4013 2014/1999/4013 2023/2027/4013
f 1951/1954/4014 2023/2027/4014 2047/2041/4014
f 2024/2028/4015 2048/2047/4015 2007/1991/4015
f 1998/2001/4016 2058/2049/4016 2025/2029/4016
f 1990/1993/4017 2041/2050/4017 2026/2030/4017
f 2034/2035/4018 2054/2051/4018 2009/2011/4018
f 1999/2002/4019 2042/2043/4019 2000/2003/4019
f 2042/2043/4020 2001/2004/4020 2000/2003/4020
f 1983/1987/4021 2071/2059/4021 2072/2052/4021
f 2064/2060/4022 2049/2053/4022 2011/2016/4022
f 2049/2053/4023 2055/2054/4023 2016/2017/4023
f 2039/2039/4024 2012/2032/4024 2028/2024/4024
f 1996/2007/4025 2056/2061/4025 1986/1998/4025
f 2006/2009/4026 2030/2026/4026 2046/2046/4026
f 2052/2057/4027 2053/2058/4027 1969/1971/4027
f 2053/2058/4028 2068/2062/4028 2014/1999/4028
f 2024/2028/4029 2069/2063/4029 2048/2047/4029
f 2040/2048/4030 2057/2064/4030 1997/1992/4030
f 2026/2030/4031 2059/2065/4031 2033/2014/4031
f 2042/2043/4032 2061/2066/4032 2001/2004/4032
f 2001/2004/4033 2071/2059/4033 1983/1987/4033
f 2010/2012/4034 2062/2067/4034 2015/2015/4034
f 2015/2015/4035 2063/2068/4035 2035/2036/4035
f 2043/2044/4036 2064/2060/4036 1985/1986/4036
f 1985/1986/4037 2064/2060/4037 2011/2016/4037
f 2036/2037/4038 2066/2069/4038 1993/1996/4038
f 1993/1996/4039 2066/2069/4039 2037/2038/4039
f 1977/1981/4040 2038/2055/4040 2017/2021/4040
f 2077/2070/4041 2021/2022/4041 2017/2021/4041
f 2012/2032/4042 2067/2071/4042 2022/2025/4042
f 2029/2040/4043 2083/2072/4043 1996/2007/4043
f 2083/2072/4044 2056/2061/4044 1996/2007/4044
f 2045/2033/4045 2005/2008/4045 1949/1953/4045
f 2014/1999/4046 2068/2062/4046 2023/2027/4046
f 2059/2065/4047 2070/2073/4047 2033/2014/4047
f 2033/2014/4048 2070/2073/4048 2034/2035/4048
f 1992/1994/4049 2060/2074/4049 2042/2043/4049
f 2065/2075/4050 2066/2069/4050 2036/2037/4050
f 2077/2070/4051 2074/2076/4051 2021/2022/4051
f 2051/2056/4052 2083/2072/4052 2029/2040/4052
f 1967/1978/4053 1988/1990/4053 2030/2026/4053
f 2075/2077/4054 2040/2048/4054 2018/2018/4054
f 2075/2077/4055 2057/2064/4055 2040/2048/4055
f 1997/1992/4056 2057/2064/4056 2058/2049/4056
f 1992/1994/4057 2095/2078/4057 2060/2074/4057
f 2061/2066/4058 2071/2059/4058 2001/2004/4058
f 1982/1984/4059 2019/2019/4059 2027/2031/4059
f 2027/2031/4060 2073/2079/4060 2010/2012/4060
f 2055/2054/4061 2080/2080/4061 2044/2045/4061
f 2044/2045/4062 2065/2075/4062 2036/2037/4062
f 2037/2038/4063 2076/2081/4063 2020/2020/4063
f 2038/2055/4064 2077/2070/4064 2017/2021/4064
f 2021/2022/4065 2074/2076/4065 2050/2023/4065
f 2039/2039/4066 2082/2082/4066 2012/2032/4066
f 2083/2072/4067 2078/2083/4067 2056/2061/4067
f 2013/2013/4068 2079/2084/4068 2052/2057/4068
f 2031/2042/4069 2069/2063/4069 2024/2028/4069
f 2048/2047/4070 2075/2077/4070 2018/2018/4070
f 2054/2051/4071 2095/2078/4071 1992/1994/4071
f 2060/2074/4072 2061/2066/4072 2042/2043/4072
f 2010/2012/4073 2073/2079/4073 2062/2067/4073
f 2063/2068/4074 2043/2044/4074 2035/2036/4074
f 2076/2081/4075 2038/2055/4075 2020/2020/4075
f 2079/2084/4076 2084/2085/4076 2052/2057/4076
f 2041/2050/4077 2032/2034/4077 2026/2030/4077
f 2095/2078/4078 2085/2086/4078 2060/2074/4078
f 2062/2067/4079 2086/2087/4079 2015/2015/4079
f 2087/2088/4080 2049/2053/4080 2064/2060/4080
f 2049/2053/4081 2088/2089/4081 2055/2054/4081
f 2080/2080/4082 2065/2075/4082 2044/2045/4082
f 2050/2023/4083 2081/2090/4083 2039/2039/4083
f 2012/2032/4084 2082/2082/4084 2067/2071/4084
f 2022/2025/4085 2090/2091/4085 2051/2056/4085
f 1987/1989/4086 2030/2026/4086 1988/1990/4086
f 2046/2046/4087 2079/2084/4087 2013/2013/4087
f 2023/2027/4088 2092/2092/4088 2047/2041/4088
f 2047/2041/4089 2092/2092/4089 2031/2042/4089
f 2008/2010/4090 2102/2093/4090 2032/2034/4090
f 2032/2034/4091 2094/2094/4091 2026/2030/4091
f 2071/2059/4092 2096/2095/4092 2072/2052/4092
f 2019/2019/4093 2097/2096/4093 2027/2031/4093
f 2086/2087/4094 2063/2068/4094 2015/2015/4094
f 2043/2044/4095 2098/2097/4095 2064/2060/4095
f 2065/2075/4096 2099/2098/4096 2066/2069/4096
f 2081/2090/4097 2089/2099/4097 2039/2039/4097
f 2039/2039/4098 2089/2099/4098 2082/2082/4098
f 2067/2071/4099 2090/2091/4099 2022/2025/4099
f 2030/2026/4100 2112/2100/4100 2046/2046/4100
f 2052/2057/4101 2084/2085/4101 2053/2058/4101
f 2068/2062/4102 2100/2101/4102 2023/2027/4102
f 2031/2042/4103 2092/2092/4103 2069/2063/4103
f 2119/2102/4104 2101/2103/4104 2069/2063/4104
f 2069/2063/4105 2101/2103/4105 2048/2047/4105
f 2048/2047/4106 2101/2103/4106 2093/2104/4106
f 2048/2047/4107 2093/2104/4107 2075/2077/4107
f 2025/2029/4108 2102/2093/4108 2008/2010/4108
f 2026/2030/4109 2103/2105/4109 2059/2065/4109
f 2103/2105/4110 2070/2073/4110 2059/2065/4110
f 2070/2073/4111 2109/2106/4111 2034/2035/4111
f 2109/2106/4112 2054/2051/4112 2034/2035/4112
f 2060/2074/4113 2085/2086/4113 2061/2066/4113
f 2072/2052/4114 2104/2107/4114 2019/2019/4114
f 2027/2031/4115 2097/2096/4115 2073/2079/4115
f 2049/2053/4116 2087/2088/4116 2088/2089/4116
f 2106/2108/4117 2077/2070/4117 2038/2055/4117
f 2090/2091/4118 2083/2072/4118 2051/2056/4118
f 2091/2109/4119 1986/1998/4119 2056/2061/4119
f 1986/1998/4120 2107/2110/4120 1948/1924/4120
f 2005/2008/4121 2527/1449/4121 1928/1931/4121
f 2053/2058/4122 2100/2101/4122 2068/2062/4122
f 2129/2111/4123 2092/2092/4123 2023/2027/4123
f 2057/2064/4124 2108/2112/4124 2058/2049/4124
f 2061/2066/4125 2096/2095/4125 2071/2059/4125
f 2096/2095/4126 2104/2107/4126 2072/2052/4126
f 2104/2107/4127 2097/2096/4127 2019/2019/4127
f 2073/2079/4128 2086/2087/4128 2062/2067/4128
f 2043/2044/4129 2115/2113/4129 2098/2097/4129
f 2064/2060/4130 2098/2097/4130 2087/2088/4130
f 2105/2114/4131 2099/2098/4131 2065/2075/4131
f 2066/2069/4132 2099/2098/4132 2037/2038/4132
f 2037/2038/4133 2116/2115/4133 2076/2081/4133
f 2076/2081/4134 2117/2116/4134 2038/2055/4134
f 2106/2108/4135 2110/2117/4135 2077/2070/4135
f 2110/2117/4136 2074/2076/4136 2077/2070/4136
f 1987/1989/4137 2112/2100/4137 2030/2026/4137
f 2075/2077/4138 2108/2112/4138 2057/2064/4138
f 2058/2049/4139 2113/2118/4139 2025/2029/4139
f 2061/2066/4140 2114/2119/4140 2096/2095/4140
f 2063/2068/4141 2115/2113/4141 2043/2044/4141
f 2088/2089/4142 2080/2080/4142 2055/2054/4142
f 2117/2116/4143 2106/2108/4143 2038/2055/4143
f 2074/2076/4144 2118/2120/4144 2050/2023/4144
f 2090/2091/4145 2111/2121/4145 2083/2072/4145
f 1948/1924/4146 2107/2110/4146 2045/2033/4146
f 2023/2027/4147 2100/2101/4147 2129/2111/4147
f 2092/2092/4148 2119/2102/4148 2069/2063/4148
f 2127/2122/4149 2108/2112/4149 2075/2077/4149
f 2058/2049/4150 2108/2112/4150 2113/2118/4150
f 2025/2029/4151 2113/2118/4151 2102/2093/4151
f 2054/2051/4152 2120/2123/4152 2095/2078/4152
f 2095/2078/4153 2121/2124/4153 2085/2086/4153
f 2085/2086/4154 2122/2125/4154 2061/2066/4154
f 2097/2096/4155 2128/2126/4155 2073/2079/4155
f 2099/2098/4156 2116/2115/4156 2037/2038/4156
f 2116/2115/4157 2117/2116/4157 2076/2081/4157
f 2050/2023/4158 2118/2120/4158 2081/2090/4158
f 2081/2090/4159 2125/2127/4159 2089/2099/4159
f 2078/2083/4160 2091/2109/4160 2056/2061/4160
f 2112/2100/4161 2079/2084/4161 2046/2046/4161
f 2102/2093/4162 2094/2094/4162 2032/2034/4162
f 2094/2094/4163 2103/2105/4163 2026/2030/4163
f 2103/2105/4164 2109/2106/4164 2070/2073/4164
f 2054/2051/4165 2109/2106/4165 2120/2123/4165
f 2128/2126/4166 2123/2128/4166 2073/2079/4166
f 2080/2080/4167 2133/2129/4167 2065/2075/4167
f 2133/2129/4168 2105/2114/4168 2065/2075/4168
f 2082/2082/4169 2126/2130/4169 2067/2071/4169
f 2005/2008/4170 2045/2033/4170 2527/1449/4170
f 2079/2084/4171 2112/2100/4171 2084/2085/4171
f 2101/2103/4172 2130/2131/4172 2093/2104/4172
f 2093/2104/4173 2127/2122/4173 2075/2077/4173
f 2103/2105/4174 2131/2132/4174 2109/2106/4174
f 2120/2123/4175 2121/2124/4175 2095/2078/4175
f 2096/2095/4176 2137/2133/4176 2104/2107/4176
f 2123/2128/4177 2086/2087/4177 2073/2079/4177
f 2086/2087/4178 2115/2113/4178 2063/2068/4178
f 2115/2113/4179 2132/2134/4179 2098/2097/4179
f 2098/2097/4180 2132/2134/4180 2124/2135/4180
f 2098/2097/4181 2124/2135/4181 2087/2088/4181
f 2134/2136/4182 2125/2127/4182 2081/2090/4182
f 2114/2119/4183 2136/2137/4183 2096/2095/4183
f 2099/2098/4184 2139/2138/4184 2116/2115/4184
f 2106/2108/4185 2140/2139/4185 2110/2117/4185
f 2110/2117/4186 2140/2139/4186 2074/2076/4186
f 2074/2076/4187 2144/2140/4187 2118/2120/4187
f 2118/2120/4188 2134/2136/4188 2081/2090/4188
f 2082/2082/4189 2145/2141/4189 2126/2130/4189
f 2067/2071/4190 2126/2130/4190 2090/2091/4190
f 2090/2091/4191 2162/2142/4191 2111/2121/4191
f 2111/2121/4192 2078/2083/4192 2083/2072/4192
f 2091/2109/4193 2107/2110/4193 1986/1998/4193
f 2119/2102/4194 2147/2143/4194 2101/2103/4194
f 2093/2104/4195 2130/2131/4195 2127/2122/4195
f 2102/2093/4196 2149/2144/4196 2094/2094/4196
f 2085/2086/4197 2135/2145/4197 2122/2125/4197
f 2136/2137/4198 2137/2133/4198 2096/2095/4198
f 2104/2107/4199 2142/2146/4199 2097/2096/4199
f 2086/2087/4200 2159/2147/4200 2115/2113/4200
f 2087/2088/4201 2124/2135/4201 2088/2089/4201
f 2124/2135/4202 2143/2148/4202 2088/2089/4202
f 2088/2089/4203 2150/2149/4203 2080/2080/4203
f 2150/2149/4204 2133/2129/4204 2080/2080/4204
f 2105/2114/4205 2138/2150/4205 2099/2098/4205
f 2106/2108/4206 2151/2151/4206 2140/2139/4206
f 2140/2139/4207 2144/2140/4207 2074/2076/4207
f 2125/2127/4208 2082/2082/4208 2089/2099/4208
f 2125/2127/4209 2145/2141/4209 2082/2082/4209
f 2126/2130/4210 2162/2142/4210 2090/2091/4210
f 2152/2152/4211 2107/2110/4211 2091/2109/4211
f 2084/2085/4212 2146/2153/4212 2053/2058/4212
f 2148/2154/4213 2113/2118/4213 2108/2112/4213
f 2113/2118/4214 2149/2144/4214 2102/2093/4214
f 2103/2105/4215 2155/2155/4215 2131/2132/4215
f 2109/2106/4216 2156/2156/4216 2120/2123/4216
f 2121/2124/4217 2135/2145/4217 2085/2086/4217
f 2061/2066/4218 2122/2125/4218 2114/2119/4218
f 2097/2096/4219 2142/2146/4219 2128/2126/4219
f 2138/2150/4220 2139/2138/4220 2099/2098/4220
f 2139/2138/4221 2117/2116/4221 2116/2115/4221
f 2111/2121/4222 2164/2157/4222 2078/2083/4222
f 2053/2058/4223 2146/2153/4223 2100/2101/4223
f 2129/2111/4224 2154/2158/4224 2092/2092/4224
f 2130/2131/4225 2165/2159/4225 2127/2122/4225
f 2127/2122/4226 2165/2159/4226 2108/2112/4226
f 2108/2112/4227 2165/2159/4227 2148/2154/4227
f 2141/2160/4228 2155/2155/4228 2094/2094/4228
f 2094/2094/4229 2155/2155/4229 2103/2105/4229
f 2131/2132/4230 2156/2156/4230 2109/2106/4230
f 2156/2156/4231 2157/2161/4231 2120/2123/4231
f 2114/2119/4232 2171/2162/4232 2136/2137/4232
f 2128/2126/4233 2158/2163/4233 2123/2128/4233
f 2123/2128/4234 2159/2147/4234 2086/2087/4234
f 2088/2089/4235 2143/2148/4235 2150/2149/4235
f 2117/2116/4236 2161/2164/4236 2106/2108/4236
f 2078/2083/4237 2164/2157/4237 2091/2109/4237
f 2164/2157/4238 2152/2152/4238 2091/2109/4238
f 2100/2101/4239 2153/2165/4239 2129/2111/4239
f 2154/2158/4240 2147/2143/4240 2092/2092/4240
f 2092/2092/4241 2147/2143/4241 2119/2102/4241
f 2120/2123/4242 2157/2161/4242 2121/2124/4242
f 2137/2133/4243 2142/2146/4243 2104/2107/4243
f 2128/2126/4244 2142/2146/4244 2158/2163/4244
f 2133/2129/4245 2167/2166/4245 2105/2114/4245
f 2167/2166/4246 2138/2150/4246 2105/2114/4246
f 2138/2150/4247 2177/2167/4247 2139/2138/4247
f 2139/2138/4248 2160/2168/4248 2117/2116/4248
f 2161/2164/4249 2151/2151/4249 2106/2108/4249
f 2118/2120/4250 2173/2169/4250 2134/2136/4250
f 2107/2110/4251 2168/2170/4251 2045/2033/4251
f 2147/2143/4252 2130/2131/4252 2101/2103/4252
f 2135/2145/4253 2170/2171/4253 2122/2125/4253
f 2170/2171/4254 2166/2172/4254 2122/2125/4254
f 2122/2125/4255 2166/2172/4255 2114/2119/4255
f 2166/2172/4256 2171/2162/4256 2114/2119/4256
f 2115/2113/4257 2172/2173/4257 2132/2134/4257
f 2160/2168/4258 2161/2164/4258 2117/2116/4258
f 2140/2139/4259 2151/2151/4259 2144/2140/4259
f 2144/2140/4260 2173/2169/4260 2118/2120/4260
f 2145/2141/4261 2162/2142/4261 2126/2130/4261
f 2163/2174/4262 2111/2121/4262 2162/2142/4262
f 2112/2100/4263 2146/2153/4263 2084/2085/4263
f 2129/2111/4264 2190/2175/4264 2154/2158/4264
f 2130/2131/4265 2174/2176/4265 2165/2159/4265
f 2148/2154/4266 2169/2177/4266 2113/2118/4266
f 2169/2177/4267 2149/2144/4267 2113/2118/4267
f 2175/2178/4268 2131/2132/4268 2155/2155/4268
f 2157/2161/4269 2135/2145/4269 2121/2124/4269
f 2170/2171/4270 2192/2179/4270 2166/2172/4270
f 2139/2138/4271 2177/2167/4271 2160/2168/4271
f 2178/2180/4272 2173/2169/4272 2144/2140/4272
f 2125/2127/4273 2189/2181/4273 2145/2141/4273
f 2146/2153/4274 2179/2182/4274 2100/2101/4274
f 2147/2143/4275 2180/2183/4275 2130/2131/4275
f 2201/2184/4276 2148/2154/4276 2165/2159/4276
f 2169/2177/4277 2209/2185/4277 2149/2144/4277
f 2149/2144/4278 2181/2186/4278 2094/2094/4278
f 2094/2094/4279 2181/2186/4279 2141/2160/4279
f 2141/2160/4280 2175/2178/4280 2155/2155/4280
f 2131/2132/4281 2175/2178/4281 2156/2156/4281
f 2157/2161/4282 2183/2187/4282 2135/2145/4282
f 2158/2163/4283 2184/2188/4283 2123/2128/4283
f 2159/2147/4284 2172/2173/4284 2115/2113/4284
f 2132/2134/4285 2185/2189/4285 2124/2135/4285
f 2185/2189/4286 2143/2148/4286 2124/2135/4286
f 2143/2148/4287 2186/2190/4287 2150/2149/4287
f 2186/2190/4288 2187/2191/4288 2150/2149/4288
f 2151/2151/4289 2188/2192/4289 2144/2140/4289
f 2188/2192/4290 2178/2180/4290 2144/2140/4290
f 2189/2181/4291 2162/2142/4291 2145/2141/4291
f 2153/2165/4292 2190/2175/4292 2129/2111/4292
f 2154/2158/4293 2191/2193/4293 2147/2143/4293
f 2156/2156/4294 2182/2194/4294 2157/2161/4294
f 2171/2162/4295 2193/2195/4295 2136/2137/4295
f 2136/2137/4296 2193/2195/4296 2137/2133/4296
f 2142/2146/4297 2194/2196/4297 2158/2163/4297
f 2184/2188/4298 2159/2147/4298 2123/2128/4298
f 2172/2173/4299 2176/2197/4299 2132/2134/4299
f 2150/2149/4300 2187/2191/4300 2133/2129/4300
f 2195/2198/4301 2167/2166/4301 2133/2129/4301
f 2138/2150/4302 2196/2199/4302 2177/2167/4302
f 2160/2168/4303 2197/2200/4303 2161/2164/4303
f 2134/2136/4304 2199/2201/4304 2125/2127/4304
f 2163/2174/4305 2164/2157/4305 2111/2121/4305
f 2164/2157/4306 2200/2202/4306 2152/2152/4306
f 2149/2144/4307 2202/2203/4307 2181/2186/4307
f 2181/2186/4308 2203/2204/4308 2141/2160/4308
f 2175/2178/4309 2182/2194/4309 2156/2156/4309
f 2137/2133/4310 2194/2196/4310 2142/2146/4310
f 2184/2188/4311 2172/2173/4311 2159/2147/4311
f 2132/2134/4312 2204/2205/4312 2185/2189/4312
f 2187/2191/4313 2195/2198/4313 2133/2129/4313
f 2134/2136/4314 2205/2206/4314 2199/2201/4314
f 2125/2127/4315 2199/2201/4315 2189/2181/4315
f 2163/2174/4316 2206/2207/4316 2164/2157/4316
f 2147/2143/4317 2191/2193/4317 2180/2183/4317
f 2174/2176/4318 2201/2184/4318 2165/2159/4318
f 2209/2185/4319 2202/2203/4319 2149/2144/4319
f 2182/2194/4320 2207/2208/4320 2157/2161/4320
f 2135/2145/4321 2210/2209/4321 2170/2171/4321
f 2132/2134/4322 2176/2197/4322 2204/2205/4322
f 2206/2207/4323 2220/2210/4323 2164/2157/4323
f 2152/2152/4324 2168/2170/4324 2107/2110/4324
f 2179/2182/4325 2153/2165/4325 2100/2101/4325
f 2180/2183/4326 2174/2176/4326 2130/2131/4326
f 2201/2184/4327 2208/2211/4327 2148/2154/4327
f 2208/2211/4328 2169/2177/4328 2148/2154/4328
f 2157/2161/4329 2207/2208/4329 2183/2187/4329
f 2183/2187/4330 2227/2212/4330 2135/2145/4330
f 2166/2172/4331 2192/2179/4331 2171/2162/4331
f 2158/2163/4332 2211/2213/4332 2184/2188/4332
f 2184/2188/4333 2212/2214/4333 2172/2173/4333
f 2138/2150/4334 2167/2166/4334 2196/2199/4334
f 2160/2168/4335 2177/2167/4335 2197/2200/4335
f 2161/2164/4336 2214/2215/4336 2151/2151/4336
f 2198/2216/4337 2188/2192/4337 2151/2151/4337
f 2173/2169/4338 2205/2206/4338 2134/2136/4338
f 2141/2160/4339 2203/2204/4339 2175/2178/4339
f 2203/2204/4340 2215/2217/4340 2175/2178/4340
f 2227/2212/4341 2210/2209/4341 2135/2145/4341
f 2137/2133/4342 2216/2218/4342 2194/2196/4342
f 2195/2198/4343 2213/2219/4343 2167/2166/4343
f 2196/2199/4344 2217/2220/4344 2177/2167/4344
f 2151/2151/4345 2214/2215/4345 2198/2216/4345
f 2199/2201/4346 2218/2221/4346 2189/2181/4346
f 2189/2181/4347 2219/2222/4347 2162/2142/4347
f 2224/2223/4348 2045/2033/4348 2168/2170/4348
f 2190/2175/4349 2221/2224/4349 2154/2158/4349
f 2154/2158/4350 2221/2224/4350 2191/2193/4350
f 2180/2183/4351 2191/2193/4351 2174/2176/4351
f 2176/2197/4352 2222/2225/4352 2204/2205/4352
f 2143/2148/4353 2230/2226/4353 2186/2190/4353
f 2197/2200/4354 2214/2215/4354 2161/2164/4354
f 2198/2216/4355 2223/2227/4355 2188/2192/4355
f 2188/2192/4356 2173/2169/4356 2178/2180/4356
f 2201/2184/4357 2225/2228/4357 2208/2211/4357
f 2169/2177/4358 2255/2229/4358 2209/2185/4358
f 2215/2217/4359 2226/2230/4359 2175/2178/4359
f 2207/2208/4360 2227/2212/4360 2183/2187/4360
f 2228/2231/4361 2193/2195/4361 2171/2162/4361
f 2194/2196/4362 2211/2213/4362 2158/2163/4362
f 2211/2213/4363 2229/2232/4363 2184/2188/4363
f 2184/2188/4364 2229/2232/4364 2212/2214/4364
f 2222/2225/4365 2185/2189/4365 2204/2205/4365
f 2185/2189/4366 2230/2226/4366 2143/2148/4366
f 2186/2190/4367 2230/2226/4367 2187/2191/4367
f 2187/2191/4368 2231/2233/4368 2195/2198/4368
f 2177/2167/4369 2217/2220/4369 2197/2200/4369
f 2238/2234/4370 2206/2207/4370 2163/2174/4370
f 2220/2210/4371 2200/2202/4371 2164/2157/4371
f 2224/2223/4372 2527/1449/4372 2045/2033/4372
f 2174/2176/4373 2232/2235/4373 2225/2228/4373
f 2174/2176/4374 2225/2228/4374 2201/2184/4374
f 2208/2211/4375 2255/2229/4375 2169/2177/4375
f 2202/2203/4376 2233/2236/4376 2181/2186/4376
f 2226/2230/4377 2182/2194/4377 2175/2178/4377
f 2227/2212/4378 2261/2237/4378 2210/2209/4378
f 2210/2209/4379 2192/2179/4379 2170/2171/4379
f 2192/2179/4380 2228/2231/4380 2171/2162/4380
f 2193/2195/4381 2216/2218/4381 2137/2133/4381
f 2234/2238/4382 2222/2225/4382 2176/2197/4382
f 2235/2239/4383 2223/2227/4383 2198/2216/4383
f 2173/2169/4384 2236/2240/4384 2205/2206/4384
f 2199/2201/4385 2237/2241/4385 2218/2221/4385
f 2153/2165/4386 2239/2242/4386 2190/2175/4386
f 2239/2242/4387 2240/2243/4387 2190/2175/4387
f 2190/2175/4388 2240/2243/4388 2221/2224/4388
f 2191/2193/4389 2241/2244/4389 2174/2176/4389
f 2210/2209/4390 2242/2245/4390 2192/2179/4390
f 2212/2214/4391 2243/2246/4391 2172/2173/4391
f 2172/2173/4392 2243/2246/4392 2176/2197/4392
f 2230/2226/4393 2231/2233/4393 2187/2191/4393
f 2167/2166/4394 2213/2219/4394 2196/2199/4394
f 2214/2215/4395 2235/2239/4395 2198/2216/4395
f 2188/2192/4396 2223/2227/4396 2173/2169/4396
f 2223/2227/4397 2236/2240/4397 2173/2169/4397
f 2205/2206/4398 2237/2241/4398 2199/2201/4398
f 2237/2241/4399 2252/2247/4399 2218/2221/4399
f 2189/2181/4400 2218/2221/4400 2219/2222/4400
f 2163/2174/4401 2162/2142/4401 2238/2234/4401
f 2238/2234/4402 2244/2248/4402 2206/2207/4402
f 2179/2182/4403 2239/2242/4403 2153/2165/4403
f 2225/2228/4404 2254/2249/4404 2208/2211/4404
f 2255/2229/4405 2246/2250/4405 2209/2185/4405
f 2246/2250/4406 2202/2203/4406 2209/2185/4406
f 2181/2186/4407 2233/2236/4407 2203/2204/4407
f 2226/2230/4408 2247/2251/4408 2182/2194/4408
f 2227/2212/4409 2248/2252/4409 2261/2237/4409
f 2242/2245/4410 2228/2231/4410 2192/2179/4410
f 2228/2231/4411 2249/2253/4411 2193/2195/4411
f 2243/2246/4412 2234/2238/4412 2176/2197/4412
f 2185/2189/4413 2250/2254/4413 2230/2226/4413
f 2213/2219/4414 2251/2255/4414 2196/2199/4414
f 2219/2222/4415 2238/2234/4415 2162/2142/4415
f 2206/2207/4416 2244/2248/4416 2220/2210/4416
f 2152/2152/4417 2253/2256/4417 2168/2170/4417
f 2168/2170/4418 2253/2256/4418 2224/2223/4418
f 2112/2100/4419 2179/2182/4419 2146/2153/4419
f 2240/2243/4420 2245/2257/4420 2221/2224/4420
f 2241/2244/4421 2232/2235/4421 2174/2176/4421
f 2232/2235/4422 2254/2249/4422 2225/2228/4422
f 2182/2194/4423 2247/2251/4423 2207/2208/4423
f 2216/2218/4424 2211/2213/4424 2194/2196/4424
f 2222/2225/4425 2250/2254/4425 2185/2189/4425
f 2217/2220/4426 2256/2258/4426 2197/2200/4426
f 2191/2193/4427 2221/2224/4427 2241/2244/4427
f 2215/2217/4428 2257/2259/4428 2226/2230/4428
f 2247/2251/4429 2227/2212/4429 2207/2208/4429
f 2249/2253/4430 2216/2218/4430 2193/2195/4430
f 2229/2232/4431 2258/2260/4431 2212/2214/4431
f 2231/2233/4432 2213/2219/4432 2195/2198/4432
f 2196/2199/4433 2251/2255/4433 2217/2220/4433
f 2256/2258/4434 2214/2215/4434 2197/2200/4434
f 2219/2222/4435 2218/2221/4435 2238/2234/4435
f 2238/2234/4436 2259/2261/4436 2244/2248/4436
f 2245/2257/4437 2260/2262/4437 2221/2224/4437
f 2254/2249/4438 2255/2229/4438 2208/2211/4438
f 2246/2250/4439 2233/2236/4439 2202/2203/4439
f 2226/2230/4440 2257/2259/4440 2247/2251/4440
f 2284/2263/4441 2242/2245/4441 2210/2209/4441
f 2242/2245/4442 2249/2253/4442 2228/2231/4442
f 2216/2218/4443 2262/2264/4443 2211/2213/4443
f 2222/2225/4444 2265/2265/4444 2250/2254/4444
f 2266/2266/4445 2235/2239/4445 2214/2215/4445
f 2236/2240/4446 2267/2267/4446 2205/2206/4446
f 2205/2206/4447 2267/2267/4447 2237/2241/4447
f 2200/2202/4448 2253/2256/4448 2152/2152/4448
f 2239/2242/4449 2245/2257/4449 2240/2243/4449
f 2215/2217/4450 2275/2268/4450 2257/2259/4450
f 2211/2213/4451 2262/2264/4451 2229/2232/4451
f 2229/2232/4452 2263/2269/4452 2258/2260/4452
f 2212/2214/4453 2258/2260/4453 2243/2246/4453
f 2251/2255/4454 2269/2270/4454 2217/2220/4454
f 2256/2258/4455 2266/2266/4455 2214/2215/4455
f 2270/2271/4456 2232/2235/4456 2241/2244/4456
f 2246/2250/4457 2282/2272/4457 2233/2236/4457
f 2203/2204/4458 2275/2268/4458 2215/2217/4458
f 2247/2251/4459 2271/2273/4459 2227/2212/4459
f 2227/2212/4460 2271/2273/4460 2248/2252/4460
f 2249/2253/4461 2272/2274/4461 2216/2218/4461
f 2216/2218/4462 2272/2274/4462 2262/2264/4462
f 2262/2264/4463 2263/2269/4463 2229/2232/4463
f 2258/2260/4464 2268/2275/4464 2243/2246/4464
f 2243/2246/4465 2268/2275/4465 2234/2238/4465
f 2264/2276/4466 2265/2265/4466 2234/2238/4466
f 2234/2238/4467 2265/2265/4467 2222/2225/4467
f 2231/2233/4468 2273/2277/4468 2213/2219/4468
f 2237/2241/4469 2280/2278/4469 2252/2247/4469
f 2220/2210/4470 2244/2248/4470 2289/2279/4470
f 2232/2235/4471 2274/2280/4471 2254/2249/4471
f 2233/2236/4472 2275/2268/4472 2203/2204/4472
f 2247/2251/4473 2257/2259/4473 2271/2273/4473
f 2261/2237/4474 2284/2263/4474 2210/2209/4474
f 2284/2263/4475 2276/2281/4475 2242/2245/4475
f 2277/2282/4476 2278/2283/4476 2249/2253/4476
f 2268/2275/4477 2264/2276/4477 2234/2238/4477
f 2296/2284/4478 2231/2233/4478 2230/2226/4478
f 2267/2267/4479 2280/2278/4479 2237/2241/4479
f 2280/2278/4480 2281/2285/4480 2252/2247/4480
f 2252/2247/4481 2298/2286/4481 2218/2221/4481
f 2112/2100/4482 2565/2287/4482 2179/2182/4482
f 2282/2272/4483 2283/2288/4483 2233/2236/4483
f 2233/2236/4484 2292/2289/4484 2275/2268/4484
f 2242/2245/4485 2277/2282/4485 2249/2253/4485
f 2278/2283/4486 2285/2290/4486 2249/2253/4486
f 2285/2290/4487 2272/2274/4487 2249/2253/4487
f 2272/2274/4488 2286/2291/4488 2262/2264/4488
f 2213/2219/4489 2288/2292/4489 2251/2255/4489
f 2288/2292/4490 2269/2270/4490 2251/2255/4490
f 2269/2270/4491 2256/2258/4491 2217/2220/4491
f 2235/2239/4492 2321/2293/4492 2223/2227/4492
f 2223/2227/4493 2321/2293/4493 2236/2240/4493
f 2279/2294/4494 2267/2267/4494 2236/2240/4494
f 2259/2261/4495 2289/2279/4495 2244/2248/4495
f 2220/2210/4496 2289/2279/4496 2200/2202/4496
f 2241/2244/4497 2290/2295/4497 2270/2271/4497
f 2232/2235/4498 2301/2296/4498 2274/2280/4498
f 2255/2229/4499 2291/2297/4499 2246/2250/4499
f 2293/2298/4500 2294/2299/4500 2257/2259/4500
f 2294/2299/4501 2271/2273/4501 2257/2259/4501
f 2271/2273/4502 2303/2300/4502 2248/2252/4502
f 2248/2252/4503 2303/2300/4503 2261/2237/4503
f 2263/2269/4504 2295/2301/4504 2258/2260/4504
f 2265/2265/4505 2287/2302/4505 2250/2254/4505
f 2250/2254/4506 2296/2284/4506 2230/2226/4506
f 2213/2219/4507 2273/2277/4507 2288/2292/4507
f 2256/2258/4508 2297/2303/4508 2266/2266/4508
f 2321/2293/4509 2279/2294/4509 2236/2240/4509
f 2218/2221/4510 2298/2286/4510 2238/2234/4510
f 2200/2202/4511 2300/2304/4511 2253/2256/4511
f 2179/2182/4512 2565/2287/4512 2239/2242/4512
f 2260/2262/4513 2241/2244/4513 2221/2224/4513
f 2270/2271/4514 2301/2296/4514 2232/2235/4514
f 2254/2249/4515 2302/2305/4515 2255/2229/4515
f 2302/2305/4516 2291/2297/4516 2255/2229/4516
f 2233/2236/4517 2283/2288/4517 2292/2289/4517
f 2275/2268/4518 2293/2298/4518 2257/2259/4518
f 2303/2300/4519 2284/2263/4519 2261/2237/4519
f 2276/2281/4520 2277/2282/4520 2242/2245/4520
f 2286/2291/4521 2304/2306/4521 2262/2264/4521
f 2304/2306/4522 2263/2269/4522 2262/2264/4522
f 2295/2301/4523 2305/2307/4523 2258/2260/4523
f 2305/2307/4524 2268/2275/4524 2258/2260/4524
f 2287/2302/4525 2296/2284/4525 2250/2254/4525
f 2297/2303/4526 2306/2308/4526 2266/2266/4526
f 2266/2266/4527 2306/2308/4527 2235/2239/4527
f 2289/2279/4528 2299/2309/4528 2200/2202/4528
f 2274/2280/4529 2302/2305/4529 2254/2249/4529
f 2291/2297/4530 2282/2272/4530 2246/2250/4530
f 2271/2273/4531 2294/2299/4531 2303/2300/4531
f 2303/2300/4532 2307/2310/4532 2284/2263/4532
f 2268/2275/4533 2308/2311/4533 2264/2276/4533
f 2308/2311/4534 2265/2265/4534 2264/2276/4534
f 2306/2308/4535 2309/2312/4535 2235/2239/4535
f 2235/2239/4536 2309/2312/4536 2321/2293/4536
f 2267/2267/4537 2310/2313/4537 2280/2278/4537
f 2281/2285/4538 2298/2286/4538 2252/2247/4538
f 2239/2242/4539 2565/2287/4539 2245/2257/4539
f 2260/2262/4540 2311/2314/4540 2241/2244/4540
f 2241/2244/4541 2311/2314/4541 2290/2295/4541
f 2292/2289/4542 2317/2315/4542 2275/2268/4542
f 2294/2299/4543 2312/2316/4543 2303/2300/4543
f 2308/2311/4544 2326/2317/4544 2265/2265/4544
f 2265/2265/4545 2326/2317/4545 2287/2302/4545
f 2298/2286/4546 2315/2318/4546 2238/2234/4546
f 2238/2234/4547 2315/2318/4547 2259/2261/4547
f 2200/2202/4548 2299/2309/4548 2300/2304/4548
f 2224/2223/4549 2253/2256/4549 2334/2319/4549
f 2282/2272/4550 2316/2320/4550 2283/2288/4550
f 2317/2315/4551 2322/2321/4551 2275/2268/4551
f 2322/2321/4552 2293/2298/4552 2275/2268/4552
f 2284/2263/4553 2324/2322/4553 2276/2281/4553
f 2276/2281/4554 2319/2323/4554 2277/2282/4554
f 2285/2290/4555 2286/2291/4555 2272/2274/4555
f 2304/2306/4556 2320/2324/4556 2263/2269/4556
f 2263/2269/4557 2320/2324/4557 2295/2301/4557
f 2288/2292/4558 2314/2325/4558 2269/2270/4558
f 2565/2287/4559 2260/2262/4559 2245/2257/4559
f 2307/2310/4560 2318/2326/4560 2284/2263/4560
f 2318/2326/4561 2324/2322/4561 2284/2263/4561
f 2324/2322/4562 2319/2323/4562 2276/2281/4562
f 2286/2291/4563 2325/2327/4563 2304/2306/4563
f 2296/2284/4564 2327/2328/4564 2231/2233/4564
f 2231/2233/4565 2327/2328/4565 2273/2277/4565
f 2273/2277/4566 2327/2328/4566 2313/2329/4566
f 2273/2277/4567 2328/2330/4567 2288/2292/4567
f 2329/2331/4568 2256/2258/4568 2269/2270/4568
f 2267/2267/4569 2279/2294/4569 2310/2313/4569
f 2315/2318/4570 2289/2279/4570 2259/2261/4570
f 2300/2304/4571 2334/2319/4571 2253/2256/4571
f 2334/2319/4572 2527/1449/4572 2224/2223/4572
f 2291/2297/4573 2316/2320/4573 2282/2272/4573
f 2312/2316/4574 2323/2332/4574 2303/2300/4574
f 2278/2283/4575 2330/2333/4575 2285/2290/4575
f 2286/2291/4576 2285/2290/4576 2325/2327/4576
f 2320/2324/4577 2331/2334/4577 2295/2301/4577
f 2295/2301/4578 2331/2334/4578 2305/2307/4578
f 2305/2307/4579 2332/2335/4579 2268/2275/4579
f 2288/2292/4580 2328/2330/4580 2314/2325/4580
f 2314/2325/4581 2329/2331/4581 2269/2270/4581
f 2256/2258/4582 2329/2331/4582 2297/2303/4582
f 2329/2331/4583 2333/2336/4583 2297/2303/4583
f 2289/2279/4584 2345/2337/4584 2299/2309/4584
f 2290/2295/4585 2335/2338/4585 2270/2271/4585
f 2277/2282/4586 2338/2339/4586 2278/2283/4586
f 2326/2317/4587 2339/2340/4587 2287/2302/4587
f 2340/2341/4588 2296/2284/4588 2287/2302/4588
f 2273/2277/4589 2313/2329/4589 2328/2330/4589
f 2280/2278/4590 2352/2342/4590 2281/2285/4590
f 2315/2318/4591 2341/2343/4591 2289/2279/4591
f 2260/2262/4592 2565/2287/4592 2311/2314/4592
f 2311/2314/4593 2347/2344/4593 2290/2295/4593
f 2270/2271/4594 2335/2338/4594 2301/2296/4594
f 2283/2288/4595 2336/2345/4595 2292/2289/4595
f 2292/2289/4596 2336/2345/4596 2317/2315/4596
f 2317/2315/4597 2342/2346/4597 2322/2321/4597
f 2322/2321/4598 2337/2347/4598 2293/2298/4598
f 2293/2298/4599 2337/2347/4599 2294/2299/4599
f 2323/2332/4600 2307/2310/4600 2303/2300/4600
f 2319/2323/4601 2338/2339/4601 2277/2282/4601
f 2338/2339/4602 2330/2333/4602 2278/2283/4602
f 2332/2335/4603 2308/2311/4603 2268/2275/4603
f 2340/2341/4604 2344/2348/4604 2296/2284/4604
f 2333/2336/4605 2306/2308/4605 2297/2303/4605
f 2310/2313/4606 2351/2349/4606 2280/2278/4606
f 2345/2337/4607 2346/2350/4607 2299/2309/4607
f 2299/2309/4608 2346/2350/4608 2300/2304/4608
f 2302/2305/4609 2356/2351/4609 2291/2297/4609
f 2336/2345/4610 2342/2346/4610 2317/2315/4610
f 2294/2299/4611 2348/2352/4611 2312/2316/4611
f 2307/2310/4612 2323/2332/4612 2318/2326/4612
f 2325/2327/4613 2320/2324/4613 2304/2306/4613
f 2331/2334/4614 2343/2353/4614 2305/2307/4614
f 2343/2353/4615 2332/2335/4615 2305/2307/4615
f 2308/2311/4616 2350/2354/4616 2326/2317/4616
f 2339/2340/4617 2340/2341/4617 2287/2302/4617
f 2328/2330/4618 2329/2331/4618 2314/2325/4618
f 2351/2349/4619 2352/2342/4619 2280/2278/4619
f 2298/2286/4620 2341/2343/4620 2315/2318/4620
f 2341/2343/4621 2345/2337/4621 2289/2279/4621
f 2301/2296/4622 2302/2305/4622 2274/2280/4622
f 2291/2297/4623 2353/2355/4623 2316/2320/4623
f 2316/2320/4624 2354/2356/4624 2283/2288/4624
f 2312/2316/4625 2348/2352/4625 2323/2332/4625
f 2330/2333/4626 2349/2357/4626 2285/2290/4626
f 2285/2290/4627 2349/2357/4627 2325/2327/4627
f 2344/2348/4628 2327/2328/4628 2296/2284/4628
f 2279/2294/4629 2361/2358/4629 2351/2349/4629
f 2279/2294/4630 2351/2349/4630 2310/2313/4630
f 2281/2285/4631 2362/2359/4631 2298/2286/4631
f 2335/2338/4632 2302/2305/4632 2301/2296/4632
f 2283/2288/4633 2354/2356/4633 2336/2345/4633
f 2342/2346/4634 2337/2347/4634 2322/2321/4634
f 2337/2347/4635 2363/2360/4635 2294/2299/4635
f 2363/2360/4636 2348/2352/4636 2294/2299/4636
f 2325/2327/4637 2359/2361/4637 2320/2324/4637
f 2332/2335/4638 2350/2354/4638 2308/2311/4638
f 2333/2336/4639 2360/2362/4639 2306/2308/4639
f 2309/2312/4640 2361/2358/4640 2321/2293/4640
f 2321/2293/4641 2361/2358/4641 2279/2294/4641
f 2352/2342/4642 2362/2359/4642 2281/2285/4642
f 2300/2304/4643 2346/2350/4643 2355/2363/4643
f 2356/2351/4644 2353/2355/4644 2291/2297/4644
f 2323/2332/4645 2358/2364/4645 2318/2326/4645
f 2330/2333/4646 2364/2365/4646 2349/2357/4646
f 2349/2357/4647 2359/2361/4647 2325/2327/4647
f 2350/2354/4648 2370/2366/4648 2326/2317/4648
f 2370/2366/4649 2339/2340/4649 2326/2317/4649
f 2377/2367/4650 2371/2368/4650 2327/2328/4650
f 2327/2328/4651 2371/2368/4651 2313/2329/4651
f 2290/2295/4652 2373/2369/4652 2335/2338/4652
f 2335/2338/4653 2365/2370/4653 2302/2305/4653
f 2302/2305/4654 2365/2370/4654 2356/2351/4654
f 2353/2355/4655 2354/2356/4655 2316/2320/4655
f 2366/2371/4656 2337/2347/4656 2342/2346/4656
f 2348/2352/4657 2357/2372/4657 2323/2332/4657
f 2338/2339/4658 2368/2373/4658 2330/2333/4658
f 2384/2374/4659 2331/2334/4659 2320/2324/4659
f 2331/2334/4660 2369/2375/4660 2343/2353/4660
f 2309/2312/4661 2372/2376/4661 2361/2358/4661
f 2362/2359/4662 2341/2343/4662 2298/2286/4662
f 2300/2304/4663 2355/2363/4663 2334/2319/4663
f 2565/2287/4664 2347/2344/4664 2311/2314/4664
f 2347/2344/4665 2373/2369/4665 2290/2295/4665
f 2336/2345/4666 2366/2371/4666 2342/2346/4666
f 2324/2322/4667 2367/2377/4667 2319/2323/4667
f 2338/2339/4668 2374/2378/4668 2368/2373/4668
f 2384/2374/4669 2369/2375/4669 2331/2334/4669
f 2313/2329/4670 2378/2379/4670 2328/2330/4670
f 2378/2379/4671 2379/2380/4671 2328/2330/4671
f 2328/2330/4672 2379/2380/4672 2329/2331/4672
f 2379/2380/4673 2380/2381/4673 2329/2331/4673
f 2329/2331/4674 2380/2381/4674 2333/2336/4674
f 2333/2336/4675 2380/2381/4675 2360/2362/4675
f 2306/2308/4676 2372/2376/4676 2309/2312/4676
f 2361/2358/4677 2398/2382/4677 2351/2349/4677
f 2356/2351/4678 2382/2383/4678 2353/2355/4678
f 2366/2371/4679 2383/2384/4679 2337/2347/4679
f 2337/2347/4680 2383/2384/4680 2363/2360/4680
f 2323/2332/4681 2357/2372/4681 2358/2364/4681
f 2318/2326/4682 2358/2364/4682 2324/2322/4682
f 2358/2364/4683 2367/2377/4683 2324/2322/4683
f 2319/2323/4684 2374/2378/4684 2338/2339/4684
f 2368/2373/4685 2364/2365/4685 2330/2333/4685
f 2359/2361/4686 2384/2374/4686 2320/2324/4686
f 2370/2366/4687 2385/2385/4687 2339/2340/4687
f 2339/2340/4688 2385/2385/4688 2340/2341/4688
f 2340/2341/4689 2385/2385/4689 2375/2386/4689
f 2340/2341/4690 2376/2387/4690 2344/2348/4690
f 2327/2328/4691 2344/2348/4691 2377/2367/4691
f 2371/2368/4692 2378/2379/4692 2313/2329/4692
f 2403/2388/4693 2386/2389/4693 2351/2349/4693
f 2351/2349/4694 2386/2389/4694 2352/2342/4694
f 2352/2342/4695 2386/2389/4695 2362/2359/4695
f 2357/2372/4696 2387/2390/4696 2358/2364/4696
f 2364/2365/4697 2388/2391/4697 2349/2357/4697
f 2388/2391/4698 2359/2361/4698 2349/2357/4698
f 2379/2380/4699 2389/2392/4699 2380/2381/4699
f 2306/2308/4700 2360/2362/4700 2372/2376/4700
f 2372/2376/4701 2381/2393/4701 2361/2358/4701
f 2398/2382/4702 2403/2388/4702 2351/2349/4702
f 2386/2389/4703 2390/2394/4703 2362/2359/4703
f 2390/2394/4704 2391/2395/4704 2362/2359/4704
f 2346/2350/4705 2345/2337/4705 2355/2363/4705
f 2356/2351/4706 2392/2396/4706 2382/2383/4706
f 2353/2355/4707 2382/2383/4707 2354/2356/4707
f 2354/2356/4708 2393/2397/4708 2336/2345/4708
f 2348/2352/4709 2400/2398/4709 2357/2372/4709
f 2368/2373/4710 2401/2399/4710 2364/2365/4710
f 2395/2400/4711 2343/2353/4711 2369/2375/4711
f 2343/2353/4712 2396/2401/4712 2332/2335/4712
f 2332/2335/4713 2396/2401/4713 2350/2354/4713
f 2378/2379/4714 2397/2402/4714 2379/2380/4714
f 2381/2393/4715 2398/2382/4715 2361/2358/4715
f 2362/2359/4716 2391/2395/4716 2341/2343/4716
f 2394/2403/4717 2399/2404/4717 2383/2384/4717
f 2363/2360/4718 2400/2398/4718 2348/2352/4718
f 2400/2398/4719 2387/2390/4719 2357/2372/4719
f 2374/2378/4720 2401/2399/4720 2368/2373/4720
f 2340/2341/4721 2375/2386/4721 2376/2387/4721
f 2376/2387/4722 2377/2367/4722 2344/2348/4722
f 2402/2405/4723 2403/2388/4723 2398/2382/4723
f 2347/2344/4724 2408/2406/4724 2373/2369/4724
f 2366/2371/4725 2394/2403/4725 2383/2384/4725
f 2383/2384/4726 2399/2404/4726 2363/2360/4726
f 2367/2377/4727 2374/2378/4727 2319/2323/4727
f 2359/2361/4728 2405/2407/4728 2384/2374/4728
f 2384/2374/4729 2406/2408/4729 2369/2375/4729
f 2419/2409/4730 2377/2367/4730 2376/2387/4730
f 2377/2367/4731 2415/2410/4731 2371/2368/4731
f 2371/2368/4732 2420/2411/4732 2378/2379/4732
f 2389/2392/4733 2412/2412/4733 2380/2381/4733
f 2360/2362/4734 2407/2413/4734 2372/2376/4734
f 2408/2406/4735 2335/2338/4735 2373/2369/4735
f 2335/2338/4736 2409/2414/4736 2365/2370/4736
f 2388/2391/4737 2404/2415/4737 2359/2361/4737
f 2404/2415/4738 2405/2407/4738 2359/2361/4738
f 2343/2353/4739 2395/2400/4739 2396/2401/4739
f 2350/2354/4740 2396/2401/4740 2370/2366/4740
f 2370/2366/4741 2414/2416/4741 2385/2385/4741
f 2375/2386/4742 2419/2409/4742 2376/2387/4742
f 2379/2380/4743 2397/2402/4743 2389/2392/4743
f 2380/2381/4744 2412/2412/4744 2360/2362/4744
f 2412/2412/4745 2407/2413/4745 2360/2362/4745
f 2381/2393/4746 2421/2417/4746 2398/2382/4746
f 2341/2343/4747 2413/2418/4747 2345/2337/4747
f 2345/2337/4748 2413/2418/4748 2355/2363/4748
f 2408/2406/4749 2409/2414/4749 2335/2338/4749
f 2382/2383/4750 2417/2419/4750 2354/2356/4750
f 2358/2364/4751 2410/2420/4751 2367/2377/4751
f 2406/2408/4752 2395/2400/4752 2369/2375/4752
f 2396/2401/4753 2414/2416/4753 2370/2366/4753
f 2385/2385/4754 2411/2421/4754 2375/2386/4754
f 2365/2370/4755 2416/2422/4755 2356/2351/4755
f 2356/2351/4756 2416/2422/4756 2392/2396/4756
f 2417/2419/4757 2393/2397/4757 2354/2356/4757
f 2336/2345/4758 2393/2397/4758 2366/2371/4758
f 2399/2404/4759 2400/2398/4759 2363/2360/4759
f 2400/2398/4760 2426/2423/4760 2387/2390/4760
f 2387/2390/4761 2418/2424/4761 2358/2364/4761
f 2358/2364/4762 2418/2424/4762 2410/2420/4762
f 2401/2399/4763 2431/2425/4763 2364/2365/4763
f 2364/2365/4764 2431/2425/4764 2388/2391/4764
f 2414/2416/4765 2411/2421/4765 2385/2385/4765
f 2419/2409/4766 2433/2426/4766 2377/2367/4766
f 2398/2382/4767 2422/2427/4767 2402/2405/4767
f 2423/2428/4768 2341/2343/4768 2391/2395/4768
f 2565/2287/4769 2408/2406/4769 2347/2344/4769
f 2405/2407/4770 2427/2429/4770 2384/2374/4770
f 2384/2374/4771 2428/2430/4771 2406/2408/4771
f 2411/2421/4772 2419/2409/4772 2375/2386/4772
f 2371/2368/4773 2415/2410/4773 2420/2411/4773
f 2378/2379/4774 2434/2431/4774 2397/2402/4774
f 2372/2376/4775 2421/2417/4775 2381/2393/4775
f 2355/2363/4776 2527/1449/4776 2334/2319/4776
f 2409/2414/4777 2430/2432/4777 2365/2370/4777
f 2430/2432/4778 2416/2422/4778 2365/2370/4778
f 2366/2371/4779 2393/2397/4779 2394/2403/4779
f 2394/2403/4780 2425/2433/4780 2399/2404/4780
f 2426/2423/4781 2418/2424/4781 2387/2390/4781
f 2374/2378/4782 2441/2434/4782 2401/2399/4782
f 2443/2435/4783 2427/2429/4783 2405/2407/4783
f 2427/2429/4784 2428/2430/4784 2384/2374/4784
f 2395/2400/4785 2432/2436/4785 2396/2401/4785
f 2377/2367/4786 2433/2426/4786 2415/2410/4786
f 2420/2411/4787 2434/2431/4787 2378/2379/4787
f 2434/2431/4788 2435/2437/4788 2397/2402/4788
f 2407/2413/4789 2421/2417/4789 2372/2376/4789
f 2402/2405/4790 2390/2394/4790 2403/2388/4790
f 2403/2388/4791 2390/2394/4791 2386/2389/4791
f 2390/2394/4792 2429/2438/4792 2391/2395/4792
f 2423/2428/4793 2424/2439/4793 2341/2343/4793
f 2341/2343/4794 2436/2440/4794 2413/2418/4794
f 2399/2404/4795 2425/2433/4795 2400/2398/4795
f 2400/2398/4796 2437/2441/4796 2426/2423/4796
f 2410/2420/4797 2441/2434/4797 2367/2377/4797
f 2367/2377/4798 2441/2434/4798 2374/2378/4798
f 2388/2391/4799 2442/2442/4799 2404/2415/4799
f 2396/2401/4800 2445/2443/4800 2414/2416/4800
f 2411/2421/4801 2438/2444/4801 2419/2409/4801
f 2419/2409/4802 2438/2444/4802 2433/2426/4802
f 2407/2413/4803 2439/2445/4803 2421/2417/4803
f 2421/2417/4804 2422/2427/4804 2398/2382/4804
f 2393/2397/4805 2440/2446/4805 2394/2403/4805
f 2441/2434/4806 2431/2425/4806 2401/2399/4806
f 2431/2425/4807 2442/2442/4807 2388/2391/4807
f 2404/2415/4808 2443/2435/4808 2405/2407/4808
f 2406/2408/4809 2474/2447/4809 2395/2400/4809
f 2435/2437/4810 2389/2392/4810 2397/2402/4810
f 2392/2396/4811 2417/2419/4811 2382/2383/4811
f 2440/2446/4812 2425/2433/4812 2394/2403/4812
f 2425/2433/4813 2437/2441/4813 2400/2398/4813
f 2441/2434/4814 2444/2448/4814 2431/2425/4814
f 2428/2430/4815 2474/2447/4815 2406/2408/4815
f 2432/2436/4816 2445/2443/4816 2396/2401/4816
f 2414/2416/4817 2446/2449/4817 2411/2421/4817
f 2435/2437/4818 2447/2450/4818 2389/2392/4818
f 2389/2392/4819 2447/2450/4819 2412/2412/4819
f 2412/2412/4820 2448/2451/4820 2407/2413/4820
f 2391/2395/4821 2429/2438/4821 2423/2428/4821
f 2410/2420/4822 2450/2452/4822 2441/2434/4822
f 2474/2447/4823 2432/2436/4823 2395/2400/4823
f 2445/2443/4824 2446/2449/4824 2414/2416/4824
f 2434/2431/4825 2451/2453/4825 2435/2437/4825
f 2412/2412/4826 2465/2454/4826 2448/2451/4826
f 2422/2427/4827 2462/2455/4827 2402/2405/4827
f 2565/2287/4828 2409/2414/4828 2408/2406/4828
f 2426/2423/4829 2437/2441/4829 2418/2424/4829
f 2437/2441/4830 2449/2456/4830 2418/2424/4830
f 2418/2424/4831 2450/2452/4831 2410/2420/4831
f 2444/2448/4832 2442/2442/4832 2431/2425/4832
f 2433/2426/4833 2420/2411/4833 2415/2410/4833
f 2435/2437/4834 2452/2457/4834 2447/2450/4834
f 2412/2412/4835 2447/2450/4835 2465/2454/4835
f 2439/2445/4836 2422/2427/4836 2421/2417/4836
f 2390/2394/4837 2402/2405/4837 2429/2438/4837
f 2409/2414/4838 2470/2458/4838 2430/2432/4838
f 2416/2422/4839 2453/2459/4839 2392/2396/4839
f 2392/2396/4840 2453/2459/4840 2417/2419/4840
f 2393/2397/4841 2454/2460/4841 2440/2446/4841
f 2425/2433/4842 2455/2461/4842 2437/2441/4842
f 2418/2424/4843 2456/2462/4843 2450/2452/4843
f 2404/2415/4844 2442/2442/4844 2443/2435/4844
f 2474/2447/4845 2457/2463/4845 2432/2436/4845
f 2432/2436/4846 2457/2463/4846 2445/2443/4846
f 2459/2464/4847 2420/2411/4847 2433/2426/4847
f 2420/2411/4848 2460/2465/4848 2434/2431/4848
f 2460/2465/4849 2451/2453/4849 2434/2431/4849
f 2451/2453/4850 2452/2457/4850 2435/2437/4850
f 2439/2445/4851 2461/2466/4851 2422/2427/4851
f 2436/2440/4852 2355/2363/4852 2413/2418/4852
f 2430/2432/4853 2453/2459/4853 2416/2422/4853
f 2440/2446/4854 2455/2461/4854 2425/2433/4854
f 2442/2442/4855 2463/2467/4855 2443/2435/4855
f 2446/2449/4856 2458/2468/4856 2411/2421/4856
f 2411/2421/4857 2458/2468/4857 2438/2444/4857
f 2452/2457/4858 2465/2454/4858 2447/2450/4858
f 2448/2451/4859 2466/2469/4859 2407/2413/4859
f 2407/2413/4860 2466/2469/4860 2439/2445/4860
f 2453/2459/4861 2467/2470/4861 2417/2419/4861
f 2417/2419/4862 2468/2471/4862 2393/2397/4862
f 2443/2435/4863 2463/2467/4863 2427/2429/4863
f 2482/2472/4864 2457/2463/4864 2474/2447/4864
f 2466/2469/4865 2461/2466/4865 2439/2445/4865
f 2565/2287/4866 2470/2458/4866 2409/2414/4866
f 2470/2458/4867 2471/2473/4867 2430/2432/4867
f 2430/2432/4868 2471/2473/4868 2453/2459/4868
f 2468/2471/4869 2454/2460/4869 2393/2397/4869
f 2449/2456/4870 2456/2462/4870 2418/2424/4870
f 2456/2462/4871 2472/2474/4871 2450/2452/4871
f 2450/2452/4872 2472/2474/4872 2441/2434/4872
f 2463/2467/4873 2480/2475/4873 2427/2429/4873
f 2458/2468/4874 2464/2476/4874 2438/2444/4874
f 2438/2444/4875 2475/2477/4875 2433/2426/4875
f 2475/2477/4876 2459/2464/4876 2433/2426/4876
f 2477/2478/4877 2452/2457/4877 2451/2453/4877
f 2461/2466/4878 2484/2479/4878 2422/2427/4878
f 2341/2343/4879 2424/2439/4879 2436/2440/4879
f 2467/2470/4880 2468/2471/4880 2417/2419/4880
f 2469/2480/4881 2455/2461/4881 2440/2446/4881
f 2437/2441/4882 2486/2481/4882 2449/2456/4882
f 2449/2456/4883 2481/2482/4883 2456/2462/4883
f 2441/2434/4884 2479/2483/4884 2444/2448/4884
f 2444/2448/4885 2473/2484/4885 2442/2442/4885
f 2442/2442/4886 2473/2484/4886 2463/2467/4886
f 2427/2429/4887 2480/2475/4887 2428/2430/4887
f 2480/2475/4888 2474/2447/4888 2428/2430/4888
f 2464/2476/4889 2475/2477/4889 2438/2444/4889
f 2420/2411/4890 2459/2464/4890 2460/2465/4890
f 2462/2455/4891 2429/2438/4891 2402/2405/4891
f 2453/2459/4892 2485/2485/4892 2467/2470/4892
f 2486/2481/4893 2481/2482/4893 2449/2456/4893
f 2478/2486/4894 2479/2483/4894 2441/2434/4894
f 2444/2448/4895 2479/2483/4895 2473/2484/4895
f 2473/2484/4896 2480/2475/4896 2463/2467/4896
f 2457/2463/4897 2483/2487/4897 2445/2443/4897
f 2455/2461/4898 2486/2481/4898 2437/2441/4898
f 2456/2462/4899 2492/2488/4899 2472/2474/4899
f 2441/2434/4900 2472/2474/4900 2478/2486/4900
f 2482/2472/4901 2487/2489/4901 2457/2463/4901
f 2483/2487/4902 2446/2449/4902 2445/2443/4902
f 2446/2449/4903 2493/2490/4903 2458/2468/4903
f 2451/2453/4904 2460/2465/4904 2477/2478/4904
f 2466/2469/4905 2489/2491/4905 2461/2466/4905
f 2422/2427/4906 2484/2479/4906 2462/2455/4906
f 2462/2455/4907 2490/2492/4907 2429/2438/4907
f 2470/2458/4908 2565/2287/4908 2471/2473/4908
f 2471/2473/4909 2485/2485/4909 2453/2459/4909
f 2481/2482/4910 2491/2493/4910 2456/2462/4910
f 2472/2474/4911 2492/2488/4911 2478/2486/4911
f 2458/2468/4912 2494/2494/4912 2464/2476/4912
f 2495/2495/4913 2475/2477/4913 2464/2476/4913
f 2459/2464/4914 2476/2496/4914 2460/2465/4914
f 2452/2457/4915 2477/2478/4915 2488/2497/4915
f 2496/2498/4916 2466/2469/4916 2448/2451/4916
f 2429/2438/4917 2497/2499/4917 2423/2428/4917
f 2454/2460/4918 2469/2480/4918 2440/2446/4918
f 2479/2483/4919 2508/2500/4919 2473/2484/4919
f 2480/2475/4920 2501/2501/4920 2474/2447/4920
f 2501/2501/4921 2482/2472/4921 2474/2447/4921
f 2457/2463/4922 2487/2489/4922 2483/2487/4922
f 2460/2465/4923 2476/2496/4923 2477/2478/4923
f 2502/2502/4924 2488/2497/4924 2477/2478/4924
f 2465/2454/4925 2496/2498/4925 2448/2451/4925
f 2496/2498/4926 2489/2491/4926 2466/2469/4926
f 2490/2492/4927 2497/2499/4927 2429/2438/4927
f 2485/2485/4928 2504/2503/4928 2467/2470/4928
f 2467/2470/4929 2505/2504/4929 2468/2471/4929
f 2454/2460/4930 2498/2505/4930 2469/2480/4930
f 2455/2461/4931 2499/2506/4931 2486/2481/4931
f 2491/2493/4932 2492/2488/4932 2456/2462/4932
f 2492/2488/4933 2506/2507/4933 2478/2486/4933
f 2480/2475/4934 2500/2508/4934 2501/2501/4934
f 2446/2449/4935 2507/2509/4935 2493/2490/4935
f 2458/2468/4936 2493/2490/4936 2494/2494/4936
f 2464/2476/4937 2494/2494/4937 2495/2495/4937
f 2459/2464/4938 2510/2510/4938 2476/2496/4938
f 2503/2511/4939 2496/2498/4939 2465/2454/4939
f 2424/2439/4940 2513/2512/4940 2436/2440/4940
f 2504/2503/4941 2505/2504/4941 2467/2470/4941
f 2469/2480/4942 2499/2506/4942 2455/2461/4942
f 2473/2484/4943 2509/2513/4943 2480/2475/4943
f 2480/2475/4944 2517/2514/4944 2500/2508/4944
f 2446/2449/4945 2483/2487/4945 2507/2509/4945
f 2476/2496/4946 2511/2515/4946 2477/2478/4946
f 2452/2457/4947 2503/2511/4947 2465/2454/4947
f 2462/2455/4948 2512/2516/4948 2490/2492/4948
f 2423/2428/4949 2513/2512/4949 2424/2439/4949
f 2565/2287/4950 2485/2485/4950 2471/2473/4950
f 2469/2480/4951 2514/2517/4951 2499/2506/4951
f 2482/2472/4952 2516/2518/4952 2487/2489/4952
f 2475/2477/4953 2510/2510/4953 2459/2464/4953
f 2488/2497/4954 2503/2511/4954 2452/2457/4954
f 2461/2466/4955 2524/2519/4955 2484/2479/4955
f 2468/2471/4956 2498/2505/4956 2454/2460/4956
f 2486/2481/4957 2528/2520/4957 2481/2482/4957
f 2528/2520/4958 2491/2493/4958 2481/2482/4958
f 2478/2486/4959 2508/2500/4959 2479/2483/4959
f 2508/2500/4960 2509/2513/4960 2473/2484/4960
f 2480/2475/4961 2509/2513/4961 2517/2514/4961
f 2475/2477/4962 2495/2495/4962 2510/2510/4962
f 2497/2499/4963 2513/2512/4963 2423/2428/4963
f 2505/2504/4964 2498/2505/4964 2468/2471/4964
f 2498/2505/4965 2514/2517/4965 2469/2480/4965
f 2492/2488/4966 2515/2521/4966 2506/2507/4966
f 2478/2486/4967 2519/2522/4967 2508/2500/4967
f 2487/2489/4968 2520/2523/4968 2483/2487/4968
f 2483/2487/4969 2520/2523/4969 2507/2509/4969
f 2507/2509/4970 2494/2494/4970 2493/2490/4970
f 2494/2494/4971 2522/2524/4971 2495/2495/4971
f 2503/2511/4972 2523/2525/4972 2496/2498/4972
f 2496/2498/4973 2523/2525/4973 2489/2491/4973
f 2489/2491/4974 2524/2519/4974 2461/2466/4974
f 2484/2479/4975 2525/2526/4975 2462/2455/4975
f 2462/2455/4976 2525/2526/4976 2512/2516/4976
f 2497/2499/4977 2527/1449/4977 2513/2512/4977
f 2492/2488/4978 2491/2493/4978 2518/2527/4978
f 2492/2488/4979 2518/2527/4979 2515/2521/4979
f 2519/2522/4980 2509/2513/4980 2508/2500/4980
f 2509/2513/4981 2536/2528/4981 2517/2514/4981
f 2502/2502/4982 2530/2529/4982 2488/2497/4982
f 2488/2497/4983 2531/2530/4983 2503/2511/4983
f 2524/2519/4984 2532/2531/4984 2484/2479/4984
f 2490/2492/4985 2526/2532/4985 2497/2499/4985
f 2565/2287/4986 2533/2533/4986 2485/2485/4986
f 2533/2533/4987 2504/2503/4987 2485/2485/4987
f 2504/2503/4988 2533/2533/4988 2505/2504/4988
f 2498/2505/4989 2534/2534/4989 2514/2517/4989
f 2499/2506/4990 2528/2520/4990 2486/2481/4990
f 2528/2520/4991 2535/2535/4991 2491/2493/4991
f 2500/2508/4992 2537/2536/4992 2501/2501/4992
f 2501/2501/4993 2537/2536/4993 2482/2472/4993
f 2537/2536/4994 2516/2518/4994 2482/2472/4994
f 2516/2518/4995 2543/2537/4995 2487/2489/4995
f 2507/2509/4996 2546/2538/4996 2494/2494/4996
f 2477/2478/4997 2529/2539/4997 2502/2502/4997
f 2529/2539/4998 2530/2529/4998 2502/2502/4998
f 2530/2529/4999 2531/2530/4999 2488/2497/4999
f 2489/2491/5000 2523/2525/5000 2524/2519/5000
f 2355/2363/5001 2436/2440/5001 2527/1449/5001
f 2478/2486/5002 2506/2507/5002 2519/2522/5002
f 2507/2509/5003 2521/2540/5003 2546/2538/5003
f 2494/2494/5004 2540/2541/5004 2522/2524/5004
f 2495/2495/5005 2522/2524/5005 2510/2510/5005
f 2510/2510/5006 2538/2542/5006 2476/2496/5006
f 2511/2515/5007 2529/2539/5007 2477/2478/5007
f 2503/2511/5008 2531/2530/5008 2523/2525/5008
f 1987/1989/5009 2565/2287/5009 2112/2100/5009
f 2514/2517/5010 2541/2543/5010 2499/2506/5010
f 2499/2506/5011 2539/2544/5011 2528/2520/5011
f 2528/2520/5012 2539/2544/5012 2535/2535/5012
f 2491/2493/5013 2535/2535/5013 2518/2527/5013
f 2509/2513/5014 2519/2522/5014 2536/2528/5014
f 2500/2508/5015 2517/2514/5015 2537/2536/5015
f 2546/2538/5016 2540/2541/5016 2494/2494/5016
f 2476/2496/5017 2538/2542/5017 2511/2515/5017
f 2538/2542/5018 2529/2539/5018 2511/2515/5018
f 2525/2526/5019 2542/2545/5019 2512/2516/5019
f 2512/2516/5020 2542/2545/5020 2490/2492/5020
f 2541/2543/5021 2539/2544/5021 2499/2506/5021
f 2543/2537/5022 2520/2523/5022 2487/2489/5022
f 2507/2509/5023 2520/2523/5023 2521/2540/5023
f 2510/2510/5024 2522/2524/5024 2538/2542/5024
f 2531/2530/5025 2548/2546/5025 2523/2525/5025
f 2542/2545/5026 2526/2532/5026 2490/2492/5026
f 2505/2504/5027 2544/2547/5027 2498/2505/5027
f 2518/2527/5028 2535/2535/5028 2515/2521/5028
f 2517/2514/5029 2545/2548/5029 2537/2536/5029
f 2540/2541/5030 2547/2549/5030 2522/2524/5030
f 2553/2550/5031 2530/2529/5031 2529/2539/5031
f 2532/2531/5032 2525/2526/5032 2484/2479/5032
f 2526/2532/5033 2549/2551/5033 2497/2499/5033
f 2513/2512/5034 2527/1449/5034 2436/2440/5034
f 2544/2547/5035 2534/2534/5035 2498/2505/5035
f 2506/2507/5036 2515/2521/5036 2519/2522/5036
f 2545/2548/5037 2516/2518/5037 2537/2536/5037
f 2546/2538/5038 2552/2552/5038 2540/2541/5038
f 2523/2525/5039 2554/2553/5039 2524/2519/5039
f 2539/2544/5040 2555/2554/5040 2535/2535/5040
f 2535/2535/5041 2556/2555/5041 2515/2521/5041
f 2550/2556/5042 2517/2514/5042 2536/2528/5042
f 2550/2556/5043 2545/2548/5043 2517/2514/5043
f 2516/2518/5044 2551/2557/5044 2543/2537/5044
f 2543/2537/5045 2557/2558/5045 2520/2523/5045
f 2520/2523/5046 2557/2558/5046 2521/2540/5046
f 2522/2524/5047 2547/2549/5047 2538/2542/5047
f 2558/2559/5048 2529/2539/5048 2538/2542/5048
f 2532/2531/5049 2542/2545/5049 2525/2526/5049
f 2541/2543/5050 2560/2560/5050 2539/2544/5050
f 2556/2555/5051 2561/2561/5051 2515/2521/5051
f 2515/2521/5052 2561/2561/5052 2519/2522/5052
f 2545/2548/5053 2551/2557/5053 2516/2518/5053
f 2557/2558/5054 2596/2562/5054 2521/2540/5054
f 2596/2562/5055 2546/2538/5055 2521/2540/5055
f 2552/2552/5056 2563/2563/5056 2540/2541/5056
f 2540/2541/5057 2563/2563/5057 2547/2549/5057
f 2530/2529/5058 2564/2564/5058 2531/2530/5058
f 2524/2519/5059 2554/2553/5059 2532/2531/5059
f 2533/2533/5060 2559/2565/5060 2505/2504/5060
f 2534/2534/5061 2566/2566/5061 2514/2517/5061
f 2566/2566/5062 2541/2543/5062 2514/2517/5062
f 2519/2522/5063 2567/2567/5063 2562/2568/5063
f 2550/2556/5064 2568/2569/5064 2545/2548/5064
f 2546/2538/5065 2577/2570/5065 2552/2552/5065
f 2547/2549/5066 2558/2559/5066 2538/2542/5066
f 2529/2539/5067 2558/2559/5067 2553/2550/5067
f 2553/2550/5068 2564/2564/5068 2530/2529/5068
f 2554/2553/5069 2569/2571/5069 2532/2531/5069
f 2565/2287/5070 2559/2565/5070 2533/2533/5070
f 2544/2547/5071 2566/2566/5071 2534/2534/5071
f 2539/2544/5072 2560/2560/5072 2555/2554/5072
f 2535/2535/5073 2575/2572/5073 2556/2555/5073
f 2519/2522/5074 2562/2568/5074 2536/2528/5074
f 2545/2548/5075 2572/2573/5075 2551/2557/5075
f 2523/2525/5076 2548/2546/5076 2554/2553/5076
f 2532/2531/5077 2569/2571/5077 2542/2545/5077
f 2505/2504/5078 2559/2565/5078 2544/2547/5078
f 2555/2554/5079 2575/2572/5079 2535/2535/5079
f 2543/2537/5080 2573/2574/5080 2557/2558/5080
f 2570/2575/5081 2563/2563/5081 2552/2552/5081
f 2547/2549/5082 2574/2576/5082 2558/2559/5082
f 2531/2530/5083 2564/2564/5083 2548/2546/5083
f 2548/2546/5084 2584/2577/5084 2554/2553/5084
f 2542/2545/5085 2549/2551/5085 2526/2532/5085
f 2575/2572/5086 2576/2578/5086 2556/2555/5086
f 2562/2568/5087 2571/2579/5087 2536/2528/5087
f 2536/2528/5088 2571/2579/5088 2550/2556/5088
f 2551/2557/5089 2573/2574/5089 2543/2537/5089
f 2553/2550/5090 2558/2559/5090 2564/2564/5090
f 2558/2559/5091 2578/2580/5091 2564/2564/5091
f 2569/2571/5092 2579/2581/5092 2542/2545/5092
f 2560/2560/5093 2587/2582/5093 2555/2554/5093
f 2561/2561/5094 2567/2567/5094 2519/2522/5094
f 2545/2548/5095 2581/2583/5095 2572/2573/5095
f 2596/2562/5096 2577/2570/5096 2546/2538/5096
f 2582/2584/5097 2570/2575/5097 2552/2552/5097
f 2541/2543/5098 2566/2566/5098 2560/2560/5098
f 2577/2570/5099 2582/2584/5099 2552/2552/5099
f 2563/2563/5100 2574/2576/5100 2547/2549/5100
f 2564/2564/5101 2583/2585/5101 2548/2546/5101
f 2548/2546/5102 2583/2585/5102 2584/2577/5102
f 2542/2545/5103 2580/2586/5103 2549/2551/5103
f 2544/2547/5104 2586/2587/5104 2566/2566/5104
f 2571/2579/5105 2588/2588/5105 2550/2556/5105
f 2568/2569/5106 2581/2583/5106 2545/2548/5106
f 2551/2557/5107 2572/2573/5107 2573/2574/5107
f 2578/2580/5108 2583/2585/5108 2564/2564/5108
f 2566/2566/5109 2591/2589/5109 2560/2560/5109
f 2587/2582/5110 2575/2572/5110 2555/2554/5110
f 2561/2561/5111 2589/2590/5111 2567/2567/5111
f 2571/2579/5112 2562/2568/5112 2585/2591/5112
f 2550/2556/5113 2588/2588/5113 2568/2569/5113
f 2570/2575/5114 2574/2576/5114 2563/2563/5114
f 2584/2577/5115 2590/2592/5115 2554/2553/5115
f 2544/2547/5116 2593/2593/5116 2586/2587/5116
f 2591/2589/5117 2587/2582/5117 2560/2560/5117
f 2589/2590/5118 2562/2568/5118 2567/2567/5118
f 2572/2573/5119 2595/2594/5119 2573/2574/5119
f 2573/2574/5120 2596/2562/5120 2557/2558/5120
f 2579/2581/5121 2592/2595/5121 2542/2545/5121
f 2559/2565/5122 2593/2593/5122 2544/2547/5122
f 2587/2582/5123 2594/2596/5123 2575/2572/5123
f 2585/2591/5124 2588/2588/5124 2571/2579/5124
f 2554/2553/5125 2590/2592/5125 2569/2571/5125
f 2569/2571/5126 2590/2592/5126 2579/2581/5126
f 2542/2545/5127 2592/2595/5127 2580/2586/5127
f 2566/2566/5128 2586/2587/5128 2591/2589/5128
f 2574/2576/5129 2597/2597/5129 2558/2559/5129
f 2597/2597/5130 2578/2580/5130 2558/2559/5130
f 2578/2580/5131 2598/2598/5131 2583/2585/5131
f 2549/2551/5132 2527/1449/5132 2497/2499/5132
f 2575/2572/5133 2594/2596/5133 2576/2578/5133
f 2589/2590/5134 2585/2591/5134 2562/2568/5134
f 2568/2569/5135 2599/2599/5135 2581/2583/5135
f 2572/2573/5136 2600/2600/5136 2595/2594/5136
f 2573/2574/5137 2595/2594/5137 2596/2562/5137
f 2570/2575/5138 2601/2601/5138 2574/2576/5138
f 2574/2576/5139 2601/2601/5139 2597/2597/5139
f 2584/2577/5140 2602/2602/5140 2590/2592/5140
f 2588/2588/5141 2599/2599/5141 2568/2569/5141
f 2583/2585/5142 2602/2602/5142 2584/2577/5142
f 2586/2587/5143 2603/2603/5143 2591/2589/5143
f 2612/2604/5144 2588/2588/5144 2585/2591/5144
f 2572/2573/5145 2581/2583/5145 2600/2600/5145
f 2582/2584/5146 2605/2605/5146 2570/2575/5146
f 2604/2606/5147 2601/2601/5147 2570/2575/5147
f 2606/2607/5148 2579/2581/5148 2590/2592/5148
f 2593/2593/5149 2609/2608/5149 2586/2587/5149
f 2591/2589/5150 2603/2603/5150 2587/2582/5150
f 2576/2578/5151 2607/2609/5151 2556/2555/5151
f 2556/2555/5152 2607/2609/5152 2561/2561/5152
f 2595/2594/5153 2600/2600/5153 2596/2562/5153
f 2596/2562/5154 2605/2605/5154 2577/2570/5154
f 2577/2570/5155 2605/2605/5155 2582/2584/5155
f 2590/2592/5156 2608/2610/5156 2606/2607/5156
f 2580/2586/5157 2527/1449/5157 2549/2551/5157
f 2587/2582/5158 2603/2603/5158 2594/2596/5158
f 2594/2596/5159 2607/2609/5159 2576/2578/5159
f 2607/2609/5160 2589/2590/5160 2561/2561/5160
f 2589/2590/5161 2611/2611/5161 2585/2591/5161
f 2612/2604/5162 2613/2612/5162 2588/2588/5162
f 2598/2598/5163 2602/2602/5163 2583/2585/5163
f 2607/2609/5164 2611/2611/5164 2589/2590/5164
f 2611/2611/5165 2612/2604/5165 2585/2591/5165
f 2588/2588/5166 2614/2613/5166 2599/2599/5166
f 2605/2605/5167 2604/2606/5167 2570/2575/5167
f 2578/2580/5168 2616/2614/5168 2598/2598/5168
f 2616/2614/5169 2602/2602/5169 2598/2598/5169
f 2586/2587/5170 2610/2615/5170 2603/2603/5170
f 2620/2616/5171 2594/2596/5171 2603/2603/5171
f 2601/2601/5172 2617/2617/5172 2597/2597/5172
f 2606/2607/5173 2592/2595/5173 2579/2581/5173
f 2559/2565/5174 2609/2608/5174 2593/2593/5174
f 2609/2608/5175 2610/2615/5175 2586/2587/5175
f 2613/2612/5176 2614/2613/5176 2588/2588/5176
f 2581/2583/5177 2623/2618/5177 2600/2600/5177
f 2601/2601/5178 2604/2606/5178 2617/2617/5178
f 2592/2595/5179 2618/2619/5179 2580/2586/5179
f 2609/2608/5180 2619/2620/5180 2610/2615/5180
f 2620/2616/5181 2621/2621/5181 2594/2596/5181
f 2615/2622/5182 2578/2580/5182 2597/2597/5182
f 2578/2580/5183 2615/2622/5183 2616/2614/5183
f 2594/2596/5184 2621/2621/5184 2607/2609/5184
f 2611/2611/5185 2622/2623/5185 2612/2604/5185
f 2599/2599/5186 2623/2618/5186 2581/2583/5186
f 2596/2562/5187 2628/2624/5187 2605/2605/5187
f 2604/2606/5188 2605/2605/5188 2617/2617/5188
f 2580/2586/5189 2618/2619/5189 2527/1449/5189
f 2627/2625/5190 2623/2618/5190 2599/2599/5190
f 2617/2617/5191 2626/2626/5191 2597/2597/5191
f 2616/2614/5192 2624/2627/5192 2602/2602/5192
f 2602/2602/5193 2624/2627/5193 2590/2592/5193
f 2590/2592/5194 2624/2627/5194 2608/2610/5194
f 2610/2615/5195 2620/2616/5195 2603/2603/5195
f 2622/2623/5196 2613/2612/5196 2612/2604/5196
f 2614/2613/5197 2627/2625/5197 2599/2599/5197
f 2600/2600/5198 2628/2624/5198 2596/2562/5198
f 2597/2597/5199 2626/2626/5199 2615/2622/5199
f 2592/2595/5200 2606/2607/5200 2618/2619/5200
f 2621/2621/5201 2625/2628/5201 2607/2609/5201
f 2625/2628/5202 2611/2611/5202 2607/2609/5202
f 2559/2565/5203 2565/2287/5203 2609/2608/5203
f 2565/2287/5204 2619/2620/5204 2609/2608/5204
f 2629/2629/5205 2625/2628/5205 2621/2621/5205
f 2617/2617/5206 2605/2605/5206 2626/2626/5206
f 2626/2626/5207 2616/2614/5207 2615/2622/5207
f 2616/2614/5208 2626/2626/5208 2624/2627/5208
f 2625/2628/5209 2622/2623/5209 2611/2611/5209
f 2619/2620/5210 2630/2630/5210 2610/2615/5210
f 2625/2628/5211 2631/2631/5211 2622/2623/5211
f 2628/2624/5212 2600/2600/5212 2623/2618/5212
f 2606/2607/5213 2527/1449/5213 2618/2619/5213
f 2619/2620/5214 2565/2287/5214 2630/2630/5214
f 2627/2625/5215 2628/2624/5215 2623/2618/5215
f 2629/2629/5216 2632/2632/5216 2625/2628/5216
f 2622/2623/5217 2631/2631/5217 2613/2612/5217
f 2613/2612/5218 2627/2625/5218 2614/2613/5218
f 2610/2615/5219 2630/2630/5219 2620/2616/5219
f 2632/2632/5220 2631/2631/5220 2625/2628/5220
f 2631/2631/5221 2627/2625/5221 2613/2612/5221
f 2626/2626/5222 2608/2610/5222 2624/2627/5222
f 2630/2630/5223 2633/2633/5223 2620/2616/5223
f 2620/2616/5224 2633/2633/5224 2621/2621/5224
f 2633/2633/5225 2634/2634/5225 2621/2621/5225
f 2621/2621/5226 2634/2634/5226 2629/2629/5226
f 2635/2635/5227 2632/2632/5227 2629/2629/5227
f 2608/2610/5228 2527/1449/5228 2606/2607/5228
f 2631/2631/5229 2628/2624/5229 2627/2625/5229
f 2632/2632/5230 2635/2635/5230 2631/2631/5230
f 2630/2630/5231 2565/2287/5231 2633/2633/5231
f 2626/2626/5232 2527/1449/5232 2608/2610/5232
f 2634/2634/5233 2635/2635/5233 2629/2629/5233
f 2633/2633/5234 2565/2287/5234 2634/2634/5234
f 2635/2635/5235 2636/2636/5235 2631/2631/5235
f 2631/2631/5236 2636/2636/5236 2628/2624/5236
f 2628/2624/5237 2636/2636/5237 2605/2605/5237
f 2605/2605/5238 2636/2636/5238 2626/2626/5238
f 2626/2626/5239 2636/2636/5239 2527/1449/5239
