# Blender 4.4.0
# www.blender.org
mtllib xxx.mtl
o Terrain
v -4999.515137 -45.740688 -4999.981445
v -5000.002441 -48.975700 -3214.182617
v -5000.084961 -43.770638 -2735.406982
v -5000.066406 -48.778275 -2354.017334
v -5000.007324 -44.693562 -1390.088989
v -5000.225098 -39.840157 -992.299622
v -5000.029297 -46.293114 -648.208069
v -5000.010742 -42.387634 324.740936
v -4999.975098 -49.748363 941.641174
v -4999.998535 -48.207493 1572.232666
v -5000.669434 -26.199675 1807.160645
v -5000.024414 -47.492550 2300.204834
v -4999.503418 1.984548 2656.814941
v -4999.990234 -43.187065 2927.418213
v -5000.151855 -27.916132 4999.128418
v -5220.024414 -42.651588 3166.178223
v -5412.294922 -49.492676 4620.996094
v -5297.037109 -49.746876 250.418503
v -5236.205078 -39.206703 -3148.923340
v -5224.962402 -44.027924 1508.650757
v -5118.515137 -40.753551 3353.128174
v -5213.115723 -49.497005 3551.093018
v -5170.419434 -4.190898 1758.419434
v -5202.096680 -17.075422 1962.009155
v -5307.166016 -49.977982 -1356.360596
v -5300.163086 -20.651409 2961.265137
v -5315.898926 -43.960560 -4772.781250
v -5301.696777 -20.029011 4782.475586
v -5206.191895 -46.395412 4999.971191
v -5500.106445 -37.437618 -3006.516357
v -5796.877930 -45.432724 840.323792
v -5176.006348 -47.335625 2512.168701
v -5289.670410 -49.358448 -4285.375000
v -5313.054199 -41.388058 -2460.292236
v -5342.382812 -37.817123 1871.886719
v -5475.589844 -38.699425 -5000.004395
v -5232.972168 -44.493587 -3463.140869
v -5328.758301 -44.562374 1148.473755
v -5265.194336 20.122364 3340.261475
v -5393.279297 -50.777237 -761.254150
v -5486.986816 -47.338219 -2085.049316
v -5402.326660 -49.738739 2626.136475
v -5506.875000 -42.859283 3311.172852
v -5691.641602 -48.272205 -3364.433838
v -5437.954590 -43.136738 -2806.034668
v -5488.590820 -44.418118 -1447.039062
v -5508.603516 -44.292171 -390.020111
v -5557.455078 -44.164200 4043.487305
v -5516.127930 -25.078899 2860.173828
v -5606.527832 -46.513737 3641.506836
v -5542.565918 -46.079552 -3838.904541
v -5516.556641 -39.668262 1668.168823
v -5665.595215 -40.410534 2117.367676
v -5665.008789 -43.004288 -4630.756348
v -5579.565430 -48.532204 1382.212524
v -5550.048340 -17.132071 1943.337769
v -5773.257324 -49.444931 4169.217773
v -5621.955566 -30.506361 -4809.321289
v -5488.898926 -39.766693 -2613.959229
v -5738.935059 -10.282530 -1799.263184
v -5615.515625 -19.382944 2544.538086
v -5577.487305 208.721100 -2885.164551
v -5550.658203 20.812635 -2657.489502
v -5647.595215 -17.879927 -1605.914429
v -5613.931152 -44.724247 -1142.387817
v -5623.430664 -30.390682 3473.263428
v -5678.096191 -18.836624 -2475.948242
v -5857.813477 13.124708 -1921.272339
v -5689.014160 -15.448454 2983.388916
v -5793.827637 -50.074253 -4339.949707
v -5728.362793 -19.635309 -2074.558350
v -5645.059082 -20.177355 -1334.144409
v -5764.646973 -39.991936 3762.935547
v -5691.000000 -7.171256 -3122.734131
v -5699.433105 723.143921 -2776.011963
v -5684.835449 13.443241 -2206.129639
v -5754.283691 -36.150108 2447.919922
v -5830.127930 -50.806839 2638.324463
v -5718.601562 1114.350830 -2852.191895
v -5785.092773 24.314964 3960.414795
v -5718.374512 444.466492 -2706.608154
v -5883.234375 -44.090424 -858.101196
v -5757.709961 4.958672 1569.799072
v -5739.299805 532.644653 -2974.714600
v -5909.819336 -37.281952 -3575.550049
v -5828.368652 451.055359 -3071.182617
v -5752.956055 78.600296 -1680.577026
v -5757.870605 33.525639 -1551.067871
v -5952.828125 -51.094090 1320.526978
v -5782.931152 2.908430 -1240.429688
v -5920.962402 -46.509293 -342.714142
v -5860.257812 -30.586477 -5000.087891
v -5806.376465 53.109383 -3234.444580
v -5793.504395 148.915207 -2575.863281
v -5818.863281 128.710342 -1386.773315
v -5845.076660 18.794407 2318.172607
v -5823.342773 1020.481567 -2757.084961
v -5779.575684 114.355820 -2359.283691
v -5873.824219 101.888557 -1737.320679
v -5887.798828 38.478390 2159.776123
v -5834.192871 951.024170 -2959.084229
v -5873.711426 638.245850 -2696.858643
v -5852.288574 217.407089 -2227.183594
v -5861.647949 73.632545 -2086.375977
v -5772.345215 -44.627747 1735.984497
v -5858.005371 -42.144440 3149.647217
v -5989.491699 -41.506245 4199.394531
v -5974.916992 -40.468735 -4696.376465
v -5946.238281 69.500961 -3405.515869
v -5893.033203 295.037445 -2448.508057
v -5862.976074 57.994873 -1501.142212
v -5917.883789 115.687881 -1206.711426
v -5956.269531 54.853527 -1085.909058
v -5921.979492 592.353394 -3056.395996
v -5877.955566 867.985535 -2878.138428
v -5895.175781 322.159119 -2602.021973
v -5976.317871 -43.920273 -601.703003
v -5999.445801 -40.858532 2029.316406
v -5974.789062 -36.313377 3984.516846
v -5959.298828 -41.696232 -4138.511719
v -5929.437988 498.220978 -3208.959473
v -5969.414062 207.413086 -2026.763306
v -6012.259277 -41.595627 3545.225586
v -6093.241211 -40.599354 4999.963379
v -6104.009766 -33.751797 -3944.787354
v -5933.601562 325.701050 -2341.693359
v -5953.905273 224.887405 -2267.572266
v -5971.670410 329.806946 -1729.650146
v -5940.772461 183.306534 -1517.882080
v -5944.548340 110.979088 -1295.278198
v -5975.272461 112.419090 2399.431885
v -6161.969727 -43.747246 3294.557373
v -6024.593750 403.391602 -3327.650146
v -5975.166016 450.425995 -2976.551025
v -6009.064453 -19.736464 3748.372314
v -6060.254395 -49.819878 4712.413574
v -5994.985840 310.042847 -2631.331543
v -6104.262207 392.975861 -1949.698486
v -6006.493164 -16.041023 -783.852905
v -6252.328613 -49.679321 -5000.006348
v -6138.910156 -0.915219 -3768.482178
v -6009.931641 343.624268 -2178.871094
v -6025.487305 287.892487 -1418.087402
v -6075.019531 138.692764 -994.512512
v -6086.722656 -44.101585 -65.344055
v -6053.017090 13.723391 2315.481445
v -6111.014160 -20.839954 3149.592041
v -6042.549805 515.684387 -3201.725830
v -6048.939941 118.410225 -2852.268066
v -6043.717773 494.151733 -2514.802490
v -6018.992188 584.084106 -2422.926514
v -6045.123535 285.537842 -1305.607056
v -6066.580078 371.109070 -3293.997803
v -6060.004395 399.187195 -2032.268433
v -6051.485352 543.141663 -1619.198853
v -6080.613281 -24.395205 -389.149994
v -6119.021973 -21.641289 2558.134033
v -6059.141113 -52.365982 2866.320312
v -6048.456055 543.671265 -2284.107422
v -6077.570801 80.258751 -3535.845215
v -6065.714844 257.292389 -2746.962891
v -6128.666016 211.537018 -2593.515869
v -6099.250977 380.141083 -1804.397339
v -6094.532715 304.197693 -1720.268799
v -6084.156250 302.476868 -1518.979492
v -6072.862305 96.261169 -851.001465
v -6276.386719 -47.751556 4082.799805
v -6121.017090 -7.623680 -2958.227051
v -6073.364258 394.549438 -2681.901611
v -6038.476562 376.013702 -1198.760498
v -6131.621094 127.672928 -1099.138062
v -6173.007324 106.454712 -524.907654
v -6174.768555 -36.360226 4382.373535
v -6268.044434 -32.207088 4670.965820
v -6154.479980 290.076996 -3395.855957
v -6135.243652 357.729828 -3283.413818
v -6077.388184 144.970657 -3105.394043
v -6134.896973 433.962708 -2347.714355
v -6135.043945 298.184875 -2088.484619
v -6364.480957 -48.526615 1037.597900
v -6204.774902 -6.803122 -4075.812988
v -6194.505371 130.765686 -2424.718262
v -6117.021973 483.307343 -2185.554688
v -6180.083008 5.307633 -1382.051758
v -6175.236328 28.398561 -371.063690
v -6168.115234 54.766087 -3620.047363
v -6170.657227 226.337234 -791.663513
v -6258.166016 6.720251 1250.797241
v -6264.167480 -45.547768 1431.782959
v -6266.032227 -50.437523 2440.935059
v -6293.371094 301.737732 -3479.183838
v -6187.963379 -39.900841 -3014.358154
v -6211.104980 267.075562 -2171.852051
v -6186.715820 289.814331 -1872.383423
v -6192.017090 120.531120 -1678.710449
v -6241.906738 11.217559 -1527.348511
v -6197.777832 14.279197 2674.267334
v -6330.909668 -36.204811 -3912.299805
v -6263.774902 145.103561 -3190.623535
v -6205.677246 408.873108 -2791.604492
v -6211.673828 12.735970 -2533.145020
v -6222.477051 104.259926 -1255.827759
v -6199.106445 90.882820 -1014.758972
v -6311.889160 -49.853489 -49.483257
v -6299.836426 2.215274 3348.411377
v -6265.965820 -53.547474 3679.095459
v -6383.910645 -43.872200 -4719.446777
v -6237.213379 -36.063660 -4484.139648
v -6243.346680 234.968750 -3319.932373
v -6271.304199 273.912231 -2702.231445
v -6255.539551 225.685287 -2021.695435
v -6201.851562 151.044571 -910.083374
v -6219.727051 53.388268 -209.870270
v -6273.400879 297.723572 -3551.306396
v -6210.136230 135.882095 -644.295410
v -6405.447754 -45.511337 1959.560669
v -6359.795898 -42.080143 2773.218262
v -6328.604004 -39.994617 -4249.985840
v -6276.416992 162.288193 -3652.069580
v -6286.640625 51.807423 -2433.902588
v -6237.145508 328.859467 -1849.702148
v -6304.253906 77.975388 -1078.583252
v -6311.701660 324.629791 -2804.165527
v -6340.594238 426.193970 -3388.340332
v -6392.092285 -20.667593 -2527.206299
v -6321.236816 38.494530 -2277.683838
v -6321.701660 219.950790 -2093.846436
v -6337.281250 265.171906 -1982.625610
v -6350.522461 -33.506775 -330.004242
v -6408.405273 -34.388287 3002.725586
v -6466.029297 -43.221115 4267.589844
v -6478.337891 -33.045769 4808.588379
v -6539.552734 -38.637196 5000.166504
v -6366.442871 378.419861 -3253.227783
v -6349.443848 -21.498941 -1695.306152
v -6365.960449 60.526543 -963.575439
v -6348.424805 35.792381 -520.932861
v -6426.347656 64.176422 3236.217285
v -6411.707520 -32.740875 3581.575439
v -6384.998535 32.576298 -2647.701904
v -6402.932617 -28.301620 -1515.315552
v -6355.988770 112.597534 -1146.489502
v -6417.867676 202.178436 -1852.358643
v -6385.115723 -35.506645 -795.182983
v -6437.249023 53.676674 -4448.534180
v -6364.520020 318.620087 -3678.569092
v -6467.147461 123.245026 -2882.973633
v -6471.139648 -2.331124 -2356.354736
v -6565.848145 -44.389263 676.079102
v -6740.507812 -42.868176 2313.186523
v -6632.700195 -36.531879 3820.244385
v -6425.100098 484.910706 -3536.297119
v -6414.551758 -13.942118 -3035.027100
v -6512.565918 -32.814621 -599.237061
v -6440.601562 49.046444 3379.968018
v -6635.440430 -33.523613 -4561.034180
v -6561.861328 -38.743862 -4168.606934
v -6459.866699 246.791245 -3796.949463
v -6463.869141 697.105957 -3417.202148
v -6433.583984 235.863419 -1985.594971
v -6471.085449 -28.564087 -1315.507202
v -6538.271973 25.687498 -4003.704346
v -6455.097168 11.174358 -2176.416260
v -6720.732422 -39.090668 -5000.023438
v -6482.555664 414.659454 -3646.313721
v -6518.592773 -30.439507 -2704.229248
v -6620.159668 -42.534191 -1084.761475
v -6488.216309 75.589493 -4381.682617
v -6556.597656 121.724258 -2025.126709
v -6530.150879 271.109344 -1894.913208
v -6640.955078 -48.096684 2953.931396
v -6497.284180 303.185211 -3298.203613
v -6588.618164 -22.443367 3409.420654
v -6610.188477 -14.974831 4013.094482
v -6559.251953 79.700111 -3166.867676
v -6548.627930 44.487980 -3069.431152
v -6575.915527 -26.914301 -1668.780029
v -6724.649414 -44.922844 416.255707
v -6616.012207 -40.101543 1996.961304
v -6540.318359 105.308693 3218.544922
v -6534.781738 335.660980 -3813.692871
v -6548.741699 235.834061 -3718.590332
v -6529.407715 554.837646 -3576.577637
v -6549.718262 792.911682 -3495.154297
v -6571.889160 188.961823 -2907.196533
v -6582.875000 65.887238 -2153.849854
v -6701.894043 -42.972637 3562.519287
v -6661.460938 -12.194324 -4389.210938
v -6592.135254 406.138153 -3406.829834
v -6694.104980 -6.869540 -2795.243896
v -6691.800781 -35.514225 -2361.106201
v -6892.493164 -48.212128 1465.046387
v -6877.538574 -48.122314 2796.863770
v -6649.701172 318.274170 -3897.554932
v -6637.537109 267.887451 -3280.867188
v -6768.813965 -40.356834 -655.727966
v -6652.936523 174.249664 -3801.604248
v -6643.090820 185.159943 -3705.175293
v -6637.668457 -30.487507 -1389.884888
v -6637.325684 610.318909 -3561.967529
v -6714.084961 307.215485 -3229.402588
v -6638.100098 -3.426769 3122.196045
v -6741.164551 81.412903 -3138.625000
v -6726.727539 244.491440 -2945.825928
v -6724.687012 63.206921 -2037.925903
v -6718.252930 -1.568690 -1707.722412
v -6654.228516 -47.518776 4304.324707
v -6718.402832 413.887177 -3340.974121
v -6636.375977 303.032288 -1892.827148
v -6728.380371 241.594193 -3421.667725
v -6744.600098 51.202114 -2151.773438
v -6725.516113 252.117355 -1859.743530
v -6805.115234 -39.974659 1782.030518
v -6695.478516 -45.031727 4798.699219
v -6768.869141 487.255157 -3973.225098
v -6748.680664 358.283569 -3541.087891
v -6690.082520 109.790497 -3019.543701
v -6961.992676 -42.889374 -2783.298340
v -6845.782227 18.777321 -1492.775879
v -7045.573242 -49.539753 216.703629
v -6868.783691 57.868496 -4422.339844
v -6724.052734 595.524902 -3618.819580
v -6873.639648 -49.711563 3221.073486
v -6760.353516 -25.980387 -4198.102051
v -6848.776855 222.383301 -4080.720215
v -6856.008301 93.523804 -2897.469727
v -6798.861816 173.896133 -1883.648315
v -6951.610352 -45.077953 -992.013184
v -6887.352051 -40.839512 703.288574
v -6822.425781 42.542694 3720.977539
v -6761.800293 -32.947693 3930.549316
v -6893.935547 83.283394 -4562.933594
v -6854.475098 116.868217 -3876.185059
v -6958.511719 -47.025806 1036.945312
v -6909.279785 52.547924 4276.985352
v -6859.719238 -41.364403 4593.220215
v -6808.520020 272.000000 -3654.699951
v -6797.269531 142.530594 -3281.301758
v -6834.561035 -2.411532 4142.937500
v -6930.095703 -22.082808 4459.856445
v -6900.079102 76.335876 4790.951660
v -6917.591797 -38.931664 5000.535645
v -6895.141113 22.471260 -3198.892090
v -6876.768066 58.649429 -3777.507324
v -6866.610840 65.458229 -3048.104248
v -6897.002441 29.539795 -1978.567993
v -6844.555664 -46.091663 -447.620026
v -6908.076172 -31.838112 3547.897949
v -6926.297852 -46.485271 3905.338379
v -6990.057129 444.232819 -4322.901855
v -6879.198730 -14.039463 -3460.480225
v -6949.477539 -35.331032 -2235.781982
v -6883.686523 -35.367916 -1713.682373
v -6953.540039 465.030945 -4183.863770
v -6903.350586 206.800339 -3991.814453
v -7018.974609 197.334320 -3858.834473
v -6912.839844 90.285797 -3643.881836
v -6915.588867 46.580833 -3330.277100
v -6879.442383 -44.123035 -4763.736816
v -6969.472656 58.878597 -3014.258789
v -7099.142578 -48.044994 -2412.825684
v -7056.091797 157.112534 -4535.847656
v -7038.598633 512.424194 -4075.601318
v -6990.869141 21.956820 -1903.472046
v -7020.182129 60.493404 -4716.069336
v -6979.240723 -2.056777 -3515.345947
v -7014.442383 -33.917870 -1373.251831
v -7114.719727 -15.694828 -4999.931641
v -6988.669922 236.345993 -4406.162109
v -7020.729980 206.023697 -3970.452881
v -7024.314941 36.858814 -3644.889404
v -6983.259277 76.811272 -3174.693359
v -7153.692871 163.290726 -2016.901611
v -7105.687988 -35.486591 -1723.553101
v -7037.611328 -43.627987 1950.719116
v -7030.044922 174.712708 -4583.535156
v -7028.612793 56.402676 -3732.419189
v -7085.087891 59.964851 -2124.696777
v -7084.752930 -21.457338 4654.645020
v -7060.977051 979.085388 -4228.235840
v -7202.074707 -30.095993 3449.913086
v -7087.949219 16.484333 3764.654053
v -7074.868164 -33.228241 4222.621094
v -7121.308594 -38.161022 4852.060547
v -7044.853027 262.841553 -3309.905762
v -7180.885254 -44.146255 606.110840
v -7092.399902 133.202530 -3512.093750
v -7148.049805 38.743046 -3081.472168
v -7286.140625 -37.783268 770.915527
v -7093.895996 137.178238 -3379.893799
v -7162.818848 155.089737 -2932.696289
v -7372.639160 -46.927315 -1213.252563
v -7196.468750 -43.825493 3915.766357
v -7157.183105 -32.507523 4496.736328
v -7170.055664 -11.481423 -4886.847168
v -7107.472168 313.215454 -4394.368164
v -7159.536133 301.046295 -3915.810059
v -7163.873047 173.337982 -1916.074097
v -7175.632324 -39.938255 -576.179688
v -7336.577637 -48.163540 1582.714966
v -7153.973633 -46.819633 2358.203125
v -7129.911133 166.099670 -4692.936523
v -7160.247559 245.815002 -4012.353271
v -7181.170410 198.672623 -3616.302002
v -7178.995117 8.063043 -2813.214355
v -7274.841309 -36.651489 -1435.465088
v -7233.176270 26.124249 3639.045654
v -7207.671387 45.651752 -3293.176270
v -7279.076172 -48.628304 -877.163452
v -7202.980957 10.157456 4324.327148
v -7174.858887 74.320175 -4544.687500
v -7187.835938 68.580757 -3437.695312
v -7111.882812 -43.648457 -2724.182617
v -7290.837891 -34.845459 -2412.285645
v -7225.109863 115.001343 -4075.058105
v -7202.524902 18.228928 -2149.047119
v -7404.636230 -42.948662 -224.225021
v -7219.497559 -27.297112 4173.109863
v -7282.788574 -51.038162 -4999.933105
v -7165.837891 246.558548 -4415.810547
v -7201.213379 563.244934 -4240.054688
v -7204.844727 222.280777 -3523.479736
v -7295.214844 154.021973 -3056.737061
v -7490.315430 -47.071308 2074.452881
v -7318.803711 -41.950645 2753.371094
v -7230.126465 105.601700 -4542.396973
v -7248.263184 631.105713 -4272.896973
v -7353.989258 -43.146889 1074.204468
v -7364.046875 -44.273705 3140.056152
v -7379.748535 -5.427129 4719.610840
v -7299.262695 -40.451637 4999.845703
v -7330.830566 -33.668781 -4611.415527
v -7279.970703 184.892899 -3835.057861
v -7213.312988 79.853073 -3748.731689
v -7252.846191 115.445229 -2981.812988
v -7294.998047 2.912742 -2104.366455
v -7268.107910 221.019669 -1960.020264
v -7328.464355 55.854511 -1841.397095
v -7533.011719 -50.287273 238.866302
v -7346.229980 -29.801367 -4777.061523
v -7259.997559 170.316544 -3928.801758
v -7333.477051 63.309376 -3215.403320
v -7388.930176 -19.805225 4602.791504
v -7337.499023 84.533203 -3504.585449
v -7363.676758 166.874908 -3374.898682
v -7446.809082 -38.401745 -2717.780762
v -7353.766113 -40.539352 -1733.971191
v -7463.284668 -18.589697 3776.015381
v -7485.698730 37.489727 -4455.732910
v -7339.794434 190.418396 -4394.333984
v -7455.711914 -13.135566 -4290.256348
v -7386.653809 -16.698292 -4129.795898
v -7393.317383 42.383907 -4018.060303
v -7375.433594 179.853546 -3692.134766
v -7396.348633 25.472994 -3090.554199
v -7393.654785 -28.171484 -2899.715332
v -7554.716309 -39.280975 2615.714355
v -7433.004395 24.853079 -2171.570312
v -7556.397949 -42.338097 -622.031921
v -7494.746094 -37.752411 4104.526367
v -7526.497559 -33.053078 5000.054688
v -7379.757812 143.135727 -3779.454834
v -7429.113770 44.608501 -3525.030273
v -7356.496582 179.518753 -3888.325684
v -7458.048828 28.823198 -2013.107666
v -7462.051270 -31.506380 4322.599609
v -7520.566406 -21.592054 -2326.726807
v -7559.769531 -39.831051 -1483.361816
v -7701.769043 -38.269058 -4713.303711
v -7455.206543 241.127197 -3849.003418
v -7428.083496 182.106522 -3328.421143
v -7509.174316 333.482849 -3263.384277
v -7480.844238 146.365753 -3667.976318
v -7548.058105 212.457367 -3200.310303
v -7676.646484 -26.842974 1094.956055
v -7702.493164 -44.041161 1432.926025
v -7499.182617 -18.324335 4753.041992
v -7565.161133 302.624390 -3422.372070
v -7526.267578 -1.785035 -4191.140137
v -7518.569824 216.797791 -3836.500732
v -7539.295898 181.931946 -3556.496826
v -7566.972656 406.665222 -3964.624268
v -7513.054199 270.833588 -3332.580322
v -7711.897461 -27.146452 -2465.295898
v -7548.702148 87.455559 -2153.736816
v -7555.989258 97.723473 -2039.156738
v -7615.176758 -38.203369 -1764.135132
v -7728.323730 -42.063698 673.147949
v -7578.120605 -32.380096 926.275574
v -7684.355469 -43.498993 2984.326172
v -7718.558105 -40.962559 3701.422363
v -7623.295410 341.900208 -4094.527100
v -7562.193848 154.509506 -3660.492920
v -7603.167969 -36.774712 -2922.763916
v -7717.744141 -42.835125 4573.895020
v -7617.533691 66.252007 -3056.797607
v -7647.880859 -51.551277 -2673.175537
v -7807.846680 -46.254570 2309.976562
v -7685.728516 38.520729 -4505.163574
v -7732.813477 3.145736 -4384.070801
v -7650.276367 131.762390 -3844.531006
v -7622.824219 19.983622 -1906.926880
v -7547.013184 -44.503716 3596.383301
v -7665.703613 -45.573132 4328.923828
v -7675.814453 1.071509 4893.562500
v -8237.472656 -42.023842 -4999.981934
v -7669.192383 350.041870 -4019.241943
v -7644.324707 234.914337 -3582.604980
v -7692.611816 76.376389 -4275.722656
v -7670.256348 125.206718 -3739.043457
v -7702.333984 299.178253 -3435.491455
v -7657.342773 205.879868 -3328.102783
v -7680.423828 214.151688 -3165.502930
v -7860.477051 -42.612385 -1148.295044
v -7692.738770 128.295593 4760.909668
v -7744.688965 323.201721 -4190.239258
v -8119.954590 -49.306808 24.810350
v -7847.371094 -47.617249 2602.948975
v -7697.066406 -18.739199 -2235.858887
v -7843.995605 -48.475597 4180.148438
v -7797.531250 0.619206 -3628.506592
v -7753.897461 148.683197 -3291.570068
v -7796.496582 343.228333 -4112.358398
v -7818.289551 18.327980 -3097.725586
v -7790.879883 24.254663 -1909.824585
v -7900.283691 -44.571190 1818.286377
v -7793.317383 -39.255070 3227.876709
v -7812.824219 40.165226 -3991.947754
v -7785.180664 -31.681803 -3874.598633
v -7851.130859 -28.901846 -2984.690186
v -7798.538574 -26.690254 -2046.053955
v -7821.632324 -35.657757 -1458.160645
v -7795.881836 151.655411 -3416.089111
v -7990.992188 -32.205742 -2453.351318
v -7852.864746 -18.986578 -2232.978271
v -7804.833008 32.742981 4761.005371
v -7829.332031 25.584370 -4418.151855
v -7859.795898 -43.841286 1312.953491
v -7900.259277 -39.623348 3687.869385
v -7869.288086 -49.966503 -863.999023
v -8058.242188 -41.631981 2938.480469
v -7965.980957 -45.213795 -4564.848145
v -7888.798828 397.437683 -4263.947754
v -7889.331543 -37.389351 -1666.816528
v -7973.905273 -21.706043 4492.440918
v -7884.679688 494.509003 -4177.983398
v -7957.942871 -15.889854 4666.095215
v -7934.611328 6.673689 -3932.165771
v -7936.901367 18.472517 -3523.991211
v -7902.850586 168.577972 -3372.013184
v -7994.100586 -41.372295 -2736.038086
v -7926.891113 -33.999611 4840.186035
v -7945.760254 -52.003899 -3731.352783
v -7880.298828 -36.657089 820.059387
v -8050.149414 -38.494816 1220.297363
v -7979.651855 503.011566 -4290.812012
v -7967.226074 -40.365211 -1800.404175
v -8030.144531 -38.342743 3276.584473
v -8072.618652 -45.728394 4999.676270
v -8069.107422 8.430410 -3213.626953
v -8003.756836 -36.537502 -1353.897705
v -8076.401855 -28.205250 1062.155029
v -8091.801758 -45.624191 -4602.327148
v -7984.779297 893.721863 -4151.972168
v -8061.599121 97.222458 -3491.736328
v -8184.148438 -35.395241 -1049.438599
v -8065.458984 -44.392838 -477.903290
v -8102.440918 -15.303722 4114.720215
v -8079.442871 -42.662926 2104.037109
v -8028.719238 7.709779 -3790.715332
v -7997.612793 206.050049 -3363.232422
v -8017.337402 424.637634 -4048.897705
v -8031.918945 23.306965 -3023.485840
v -8146.117188 -6.136788 -2905.150635
v -8097.676758 105.811668 -4464.000977
v -8046.144531 703.561096 -4203.235840
v -8139.702148 48.351185 -3320.080078
v -8228.210938 -37.234623 3813.236084
v -8060.204102 566.046814 -4327.556641
v -8081.007324 300.904907 -3973.602783
v -8325.974609 -44.004517 1344.857666
v -8248.609375 -35.071388 3527.059814
v -8091.348145 18.590336 4767.416992
v -8168.109863 -49.803066 659.679749
v -8132.294922 1.739840 4567.898926
v -8108.682617 617.929504 -4135.609375
v -8176.168457 64.756477 -3755.508545
v -8033.253906 36.718834 -2252.689697
v -8083.364258 -45.177349 397.593658
v -8179.565918 11.690461 -3524.515869
v -8182.783203 9.852987 -3092.252930
v -8244.258789 -50.263969 -2000.282959
v -8406.115234 -38.830818 944.888977
v -8199.402344 -31.551994 4413.836426
v -8167.722656 29.079838 4849.307129
v -8153.438477 413.741058 -4335.426758
v -8152.166016 470.423431 -4028.544922
v -8119.178223 358.227966 -3902.517334
v -8189.477051 39.951607 4707.855469
v -8235.993164 -28.316189 -4489.921875
v -8188.028320 247.136444 -4178.074219
v -8350.412109 -35.507423 -2497.812500
v -8285.158203 -37.462650 -2295.145264
v -8266.144531 -42.453793 4211.958984
v -8227.989258 283.807007 -3931.457031
v -8232.620117 47.986931 -3217.719238
v -8330.208008 -34.780735 283.426178
v -8196.344727 -36.046051 3349.610840
v -8474.152344 -46.414661 -291.703522
v -8300.425781 75.284744 -3548.114014
v -8247.289062 67.524185 -3345.051514
v -8304.204102 8.956467 -2986.575195
v -8338.045898 -44.621948 -1310.900635
v -8389.369141 -39.298069 3946.595215
v -8263.166992 -14.876200 5001.452637
v -8271.833984 120.941246 -4305.652832
v -8333.442383 156.130783 -3400.978027
v -8330.520508 -16.815350 -2648.953369
v -8868.635742 -46.822678 -625.167419
v -8333.210938 -47.484806 2036.773926
v -8399.546875 -38.157063 3106.840820
v -8368.115234 -37.945400 4652.346680
v -8320.852539 1.705681 -4096.206543
v -8316.044922 284.992188 -3714.117432
v -8298.282227 -8.987479 -2840.113770
v -8345.262695 -50.529037 2487.814209
v -8284.570312 234.768616 -3863.697510
v -8307.906250 58.763550 -3136.086426
v -8323.441406 -42.349846 -1669.539185
v -8481.526367 -36.163567 521.849487
v -8365.891602 19.687309 -4425.440430
v -8548.143555 -49.136238 -862.770813
v -8334.551758 -16.033909 4446.750488
v -8398.420898 34.007118 -3984.193359
v -8433.967773 -27.688314 -3231.137695
v -8435.328125 -42.895638 1533.734009
v -8417.266602 213.709473 -3629.603271
v -8459.426758 -44.062840 -4659.714355
v -8439.569336 -10.019835 -4253.163574
v -8412.870117 298.818878 -3832.116699
v -8493.035156 -24.609764 -2276.994629
v -8641.446289 -35.519299 -2143.306396
v -8494.906250 -33.640461 151.532944
v -8594.456055 -39.991753 3367.370605
v -8432.731445 256.753021 -3733.219727
v -8527.885742 -34.408356 -1489.328369
v -8481.680664 225.479156 -3902.247803
v -8520.200195 112.701714 -3521.653809
v -8514.115234 -22.681850 -2679.132812
v -8599.462891 -39.749992 1717.057983
v -8736.822266 -40.029156 2318.395020
v -8629.556641 -41.042210 3736.006348
v -8493.786133 -37.393219 4867.817383
v -8468.992188 -21.081532 -3062.356201
v -8539.053711 -41.771626 -1226.062378
v -8440.421875 -41.749596 751.550232
v -8510.041016 -33.247547 2880.670166
v -8519.494141 -11.841675 -3371.630371
v -8797.750000 -48.769550 -4999.857422
v -8483.200195 82.193672 -4450.645020
v -8781.451172 -49.208260 -1937.477051
v -8527.916992 385.774017 -3795.333984
v -8528.817383 -49.343418 4271.869629
v -8594.977539 79.395844 -4352.005859
v -8574.300781 -14.620191 -2904.787842
v -8625.491211 -47.999245 1159.979004
v -8693.445312 -36.289024 -4568.936035
v -8644.833984 -11.567925 -4114.729492
v -8606.563477 97.725380 -3625.014893
v -8651.504883 -34.277378 -2490.773193
v -8834.359375 -43.364586 2580.106689
v -8674.011719 -53.198544 5000.031250
v -8667.125977 -38.606289 -280.368652
v -8636.958008 -34.546646 1953.929932
v -8685.071289 173.207932 -3941.517090
v -8676.716797 202.755554 -3731.006592
v -8640.604492 -18.108377 3906.588867
v -8677.028320 69.979736 -4414.953613
v -8622.671875 237.157257 -3832.114746
v -8710.046875 -22.908743 -107.530052
v -8761.430664 -33.763500 2829.306152
v -8766.786133 -44.959599 -1628.648682
v -8770.901367 -32.620274 677.438232
v -8690.382812 68.087204 -4200.454590
v -8776.076172 -30.463940 -3091.292480
v -8772.474609 -41.719421 535.799927
v -8775.097656 -37.866447 1578.118652
v -8625.399414 -34.980427 236.842468
v -8836.272461 -32.619370 3077.048828
v -8768.245117 -41.298248 4138.337402
v -8699.934570 311.482849 -3815.123535
v -8663.131836 -35.387890 -3216.332520
v -8805.637695 -49.125759 -1197.114868
v -8853.168945 -40.567471 968.240540
v -8776.796875 -49.536327 -2628.312012
v -8850.127930 -42.941727 3318.088623
v -8947.235352 -36.195446 3581.876221
v -8854.939453 -29.860001 -4600.627930
v -8756.708984 166.205872 -4374.559570
v -8711.474609 37.987823 -4023.531738
v -8810.925781 -43.712822 4406.695801
v -8788.024414 189.448517 -4253.449707
v -8941.139648 -37.711422 -3475.803711
v -8734.156250 -15.289354 -2869.307617
v -8920.114258 -45.335663 1239.698608
v -8838.245117 373.044403 -3866.608398
v -8900.540039 177.240662 -3784.009033
v -8884.828125 -41.185902 -2300.568848
v -8858.133789 -22.766502 -295.520142
v -8820.739258 -44.626991 2042.452759
v -8742.273438 -41.404007 4775.270996
v -8828.882812 178.811234 -3984.493652
v -9275.262695 -46.864216 -1600.765137
v -8866.357422 33.555836 -4126.040039
v -8891.826172 36.641502 4679.256836
v -9083.307617 -34.221638 4848.311523
v -8841.402344 255.832870 -4363.350098
v -8867.663086 -34.251358 -3649.152588
v -8898.157227 -46.827915 207.764053
v -8930.937500 -36.034840 3834.239502
v -8902.956055 140.982346 -4434.876465
v -8950.795898 -29.261099 -3014.946533
v -8952.151367 -1.928768 4473.234863
v -8937.388672 -16.665941 -4803.193359
v -8941.758789 330.033203 -3925.818848
v -9027.897461 -42.019131 -3209.692139
v -8987.376953 -31.285320 -2795.112793
v -8951.666016 -30.085888 -139.376770
v -8994.948242 -36.290939 610.839294
v -8993.409180 -32.895271 1501.438965
v -8895.877930 34.077335 4199.212891
v -8971.114258 -19.002155 -4999.783203
v -8983.213867 233.530869 -4458.415527
v -8953.143555 89.742126 -4355.516602
v -8979.855469 83.073868 -4147.783691
v -9103.109375 -35.831657 1691.462036
v -9026.962891 22.351934 -4275.479492
v -8952.533203 79.915108 4242.881836
v -9327.603516 -46.835602 -975.775879
v -9048.440430 20.876188 -4666.241699
v -8960.240234 -37.195503 -2565.736328
v -9029.771484 -27.965086 -402.229156
v -9106.874023 -43.089172 3331.166748
v -9009.173828 -24.000187 4037.961182
v -9073.184570 151.144104 -4500.116211
v -9294.797852 -45.360828 -1308.571777
v -9170.522461 -38.598053 1009.123901
v -9127.945312 -32.664726 2715.638184
v -9177.504883 -37.997181 2987.395264
v -9058.940430 -17.439816 4604.295410
v -9249.826172 -36.804104 -4839.510742
v -9031.190430 280.791443 -4066.946533
v -9007.594727 392.880646 -3864.852539
v -9109.961914 -2.934336 -3655.610596
v -9117.985352 -38.170704 4326.645020
v -9223.044922 -33.856987 -506.141907
v -9219.230469 -43.258240 712.635254
v -9096.285156 -45.225407 2156.029541
v -9057.054688 -25.291527 2493.014893
v -9184.745117 -29.391386 -3037.795410
v -9162.383789 -48.820686 -2233.720459
v -9159.297852 87.181129 -4237.303223
v -9105.790039 428.454468 -3977.031982
v -9096.794922 286.639313 -3843.815918
v -9285.172852 -46.974415 -3349.198730
v -9229.320312 -27.011707 -2776.479736
v -9254.948242 -28.389528 -2540.326172
v -9126.531250 -14.021575 4139.047852
v -9177.010742 111.122856 -4544.694336
v -9224.945312 9.473224 -4406.273438
v -9216.108398 370.222229 -4173.691895
v -9217.759766 -21.164742 1268.267334
v -9304.479492 -48.152859 1931.877319
v -9264.902344 -17.513453 2276.509766
v -9141.700195 -41.701817 3595.214111
v -9153.229492 494.602814 -4078.703125
v -9429.091797 -44.380615 -2074.508301
v -9188.010742 -47.087612 -141.911331
v -9313.300781 -14.347549 1550.825317
v -9207.242188 -13.013330 3905.587402
v -9271.875000 6.099179 4456.740234
v -9213.506836 296.278168 -3992.420654
v -9212.935547 109.018349 -3856.955078
v -9393.036133 -28.551861 4999.570801
v -9254.461914 85.900139 -4648.941895
v -9283.461914 452.664856 -4103.168945
v -9250.519531 15.533850 -3710.620850
v -9350.834961 0.299962 2689.637695
v -9272.897461 36.633801 4029.743896
v -9414.789062 -49.194805 -5000.032715
v -9306.469727 -45.869053 -677.417480
v -9217.074219 -8.370847 2456.681396
v -9318.106445 248.178986 -4307.287109
v -9281.589844 126.049988 -3847.481201
v -9394.877930 -27.501484 -355.587097
v -9368.096680 -27.730625 4134.185547
v -9344.804688 -25.790518 4317.860352
v -9336.080078 -11.266726 -2870.429688
v -9407.374023 -41.479549 -2397.578125
v -9345.308594 -17.919825 -188.068008
v -9333.260742 -48.021088 95.340782
v -9443.515625 -28.380585 1728.248047
v -9399.473633 22.488050 4508.013184
v -9338.174805 485.957825 -4225.872070
v -9479.716797 -36.602905 1218.695068
v -9334.189453 139.800186 -4005.031250
v -9504.088867 -28.956192 -3015.198242
v -9421.530273 -24.277390 1397.293213
v -9382.153320 -28.407156 2827.403320
v -9425.382812 -38.808815 3056.455566
v -9320.747070 -34.150398 4715.448730
v -9335.001953 -27.288054 -3589.633301
v -9407.167969 -47.200729 3827.272217
v -9418.239258 169.399399 -3935.584961
v -9407.774414 273.287231 -3761.518555
v -9630.089844 -46.407402 -3334.119873
v -9507.340820 -44.499401 872.129028
v -9552.352539 -46.348537 2210.293213
v -9453.455078 12.370262 2582.424805
v -9427.749023 -51.447956 -4523.380859
v -9535.809570 11.555168 -4466.519531
v -9432.296875 566.361023 -4296.049805
v -9457.273438 278.820221 -4095.586914
v -9542.100586 -26.362606 -3420.757568
v -9478.072266 -47.357071 -2619.503418
v -9539.355469 -46.518993 366.624481
v -9465.807617 -0.183414 2396.366455
v -9427.927734 -46.268387 -4742.820312
v -9424.081055 567.148865 -4206.036621
v -9530.389648 76.208565 -3548.533936
v -9636.159180 -26.700428 -50.410397
v -9645.643555 -37.025536 1754.708984
v -9562.285156 -34.157722 4684.305176
v -9559.630859 -16.095663 3974.263672
v -9504.826172 445.332245 -3735.504150
v -9649.143555 -45.196857 -1480.340332
v -9582.025391 -8.329250 2679.076172
v -9441.499023 -44.549637 3331.428223
v -9490.991211 428.225128 -4314.151367
v -9612.248047 -40.556641 -1080.686890
v -9557.286133 -19.927681 -285.863098
v -9547.206055 -15.001912 2874.609863
v -9586.701172 -39.238605 4242.518555
v -9552.086914 498.741913 -4207.846191
v -9563.796875 83.589035 -3972.467041
v -9525.033203 281.355804 -3864.666992
v -9731.457031 -39.291122 1540.915405
v -9588.996094 -23.777521 2474.793213
v -9561.225586 -28.453979 4484.144043
v -9672.379883 -45.877495 -1987.009155
v -9703.987305 -47.467182 -466.181152
v -9871.883789 -45.563538 1998.358521
v -9603.293945 -48.282059 4999.626465
v -9582.416992 292.761841 -4121.901855
v -9605.643555 346.090149 -3628.735840
v -9764.700195 -39.228104 3776.466064
v -9616.266602 167.260483 -3761.071777
v -9776.345703 -45.046341 -2462.297607
v -9580.146484 718.634949 -4319.459473
v -9685.624023 900.717346 -4333.745117
v -9714.583984 -11.761880 -4014.598389
v -9890.607422 -44.278950 -792.303894
v -9714.508789 -32.695637 3214.755615
v -9640.866211 172.463257 -3516.883545
v -9782.109375 -42.156265 1186.139038
v -9854.596680 -42.417236 -4652.675293
v -9645.036133 702.489685 -4225.803711
v -9732.342773 -37.784042 877.478699
v -9744.921875 -24.514626 2839.093994
v -9799.642578 -32.193016 3960.309814
v -9812.950195 -16.456379 4094.728760
v -9841.252930 -21.003923 2561.761719
v -9745.198242 -48.451385 3417.428467
v -9782.174805 24.111788 -4523.164551
v -9842.897461 215.865952 -4438.291992
v -9752.406250 648.629944 -4247.145996
v -9952.872070 -34.718460 781.039368
v -9784.270508 -4.549799 4493.520508
v -9718.412109 147.396759 -4113.979980
v -9727.851562 -38.452591 -3848.951416
v -9744.951172 298.243011 -3634.565430
v -9866.173828 -29.236141 -2272.660400
v -9896.325195 -49.631195 -1531.380371
v -9802.422852 88.136406 -3485.017090
v -9707.132812 -46.470520 -2867.852783
v -10029.368164 -40.343502 4745.343750
v -9864.531250 -43.309235 521.372864
v -9869.093750 -14.988651 -3820.401367
v -9945.762695 -40.638996 -3175.684814
v -9882.136719 -33.540085 -494.408539
v -9851.417969 -45.196819 2394.813965
v -9826.554688 557.408752 -4319.171875
v -9841.727539 -43.877613 -163.777039
v -9853.296875 -34.800922 1735.333008
v -9864.937500 434.113556 -4205.054688
v -9842.209961 270.855469 -3600.805420
v -9864.385742 -25.695244 4400.106934
v -9950.603516 -35.802547 -4041.292725
v -9878.486328 -23.904819 47.809811
v -9899.035156 -20.136076 2972.163574
v -9890.253906 -28.832827 3309.032959
v -9955.218750 4.099757 -3347.833252
v -9938.337891 -31.286243 340.489075
v -9979.757812 -37.821903 1351.052490
v -9951.231445 -13.989949 4999.746582
v -10030.443359 -32.513584 3534.194580
v -9916.912109 643.183533 -4358.756348
v -9945.250977 145.364014 -3655.140869
v -10109.889648 -41.674538 -2921.282715
v -10054.303711 -33.960991 -2017.612671
v -9975.518555 -18.475998 2728.722900
v -10000.893555 53.889587 4541.228027
v -9947.364258 232.185516 -4498.450195
v -10034.163086 306.091675 -4281.230469
v -9939.854492 171.661575 -3540.540771
v -10089.055664 -17.918907 -349.030579
v -10038.130859 -31.691381 1563.973999
v -10024.900391 -20.710457 4280.479980
v -10087.876953 87.906197 -4165.272949
v -10042.460938 -33.969784 -3776.330566
v -10069.808594 3.320431 4103.695312
v -10182.986328 64.123299 -4632.563477
v -10122.166992 -47.543659 -4784.865234
v -10057.859375 -34.707470 154.591202
v -10117.123047 -5.092384 3879.888428
v -10137.284180 14.083986 4497.002441
v -10138.118164 4.418839 4997.458496
v -10031.348633 122.412895 -3470.670654
v -10103.370117 -21.369417 -629.295044
v -10097.025391 -32.728859 480.592743
v -10068.626953 -31.551573 2902.888184
v -10149.444336 -23.902781 3713.719971
v -10074.822266 187.981415 -4417.686035
v -10135.577148 -18.565512 -4009.133057
v -10353.768555 -44.791061 -1629.097534
v -10067.913086 -18.600414 3314.638916
v -10083.740234 273.269989 -3624.850342
v -10100.231445 333.873657 -3538.338867
v -10152.083984 -29.079866 2542.857666
v -10121.578125 -40.670677 1014.738708
v -10051.395508 -32.873165 2304.951416
v -10214.733398 24.344666 4914.979004
v -10151.492188 127.065468 -4541.443359
v -10137.213867 113.374969 -3435.535156
v -10373.255859 -42.664062 -884.234375
v -10237.577148 -41.222641 -59.005764
v -10235.244141 -36.372864 1318.357666
v -10249.703125 -29.567888 2344.581055
v -10142.000000 -21.329927 3063.726807
v -10181.916992 36.246861 3994.783936
v -10267.202148 -44.885921 -3151.690186
v -10202.145508 -35.252991 1941.780518
v -10194.345703 167.861404 -4412.637207
v -10184.520508 137.068283 -4188.187012
v -10229.772461 -9.334206 -3732.224365
v -10278.066406 -44.518143 -2040.873901
v -10281.463867 -49.357231 -2465.247803
v -10251.601562 -27.864817 2792.282227
v -10205.845703 -18.815905 3452.635254
v -10355.369141 -41.953934 -3744.866455
v -10289.822266 -43.815384 364.306915
v -10296.634766 -36.098782 1484.223022
v -10250.698242 -34.622383 3241.693604
v -10348.186523 -27.204494 -5000.265625
v -10217.421875 173.980240 -4137.678711
v -10314.461914 50.133724 -3576.044922
v -10188.128906 3.954170 -3338.914551
v -10368.289062 -44.161846 -2918.798340
v -10204.362305 -34.455475 -251.020325
v -10210.723633 -16.024992 695.251709
v -10191.068359 39.026745 4446.837891
v -10301.935547 105.055283 -4350.473633
v -10277.538086 -14.257076 -3976.039551
v -10403.400391 -44.886639 1099.424438
v -10297.568359 -24.184708 2155.881104
v -10352.449219 -10.654062 -4823.764648
v -10362.354492 -47.090988 -1310.161865
v -10387.722656 -29.957369 3029.367676
v -10378.388672 -31.978615 3573.073486
v -10284.064453 -43.972275 4187.726074
v -10295.397461 -18.926844 4801.575684
v -10297.383789 15.794203 -3427.549805
v -10264.050781 -19.235008 -518.962097
v -10364.727539 -15.674031 -4548.348633
v -10312.357422 194.099731 -4164.313477
v -10402.599609 95.034126 -3300.936279
v -10422.455078 -32.742157 747.611816
v -10393.104492 -49.561848 1855.012573
v -10374.761719 2.677944 4713.027832
v -10415.374023 -52.885239 4999.857910
v -10421.337891 -27.152657 2700.538086
v -10391.487305 75.004791 3955.733398
v -10442.760742 78.763840 -4702.771973
v -10416.032227 137.072006 -4087.823730
v -10337.562500 -25.246302 3785.708984
v -10450.416992 105.036598 4043.379150
v -10408.083984 139.042511 -4211.461426
v -10479.939453 -21.969484 -558.368225
v -10497.325195 -40.082611 147.251572
v -10417.171875 -40.289265 2425.770508
v -10508.812500 -17.552877 -4860.870605
v -10450.571289 -47.545261 -339.198364
v -10429.200195 100.453629 -3983.317627
v -10462.355469 25.382961 -3855.091309
v -10456.063477 88.094330 -3583.429688
v -10458.832031 -57.624218 4444.046387
v -10575.433594 58.342327 -3790.871338
v -10557.770508 -19.005144 -3192.045410
v -10598.145508 -37.989700 -2702.546387
v -10671.589844 -46.951008 -2364.030762
v -10589.116211 -42.088921 1693.321655
v -10571.385742 -33.371433 3024.302490
v -10471.711914 -24.505106 4225.125488
v -10462.529297 -26.997093 -4369.130859
v -10513.268555 50.377171 -3670.360352
v -10443.438477 35.249008 -3469.436279
v -10523.523438 -34.913597 3452.030518
v -10657.435547 -40.087856 1485.094849
v -10585.205078 -24.707083 1906.352783
v -10577.040039 -37.347599 4880.522949
v -10519.171875 240.183716 -4017.887695
v -10616.529297 -44.825962 1138.050537
v -10511.164062 -27.419674 2161.689453
v -10567.353516 -7.560232 3833.638672
v -10582.566406 -15.536856 -3428.018066
v -10699.535156 -38.588856 -148.109070
v -10722.930664 -19.816908 51.836124
v -10593.210938 -17.436792 3677.999268
v -10556.679688 0.559512 4684.034180
v -10785.507812 -44.106850 -4999.684570
v -10572.895508 -42.534958 -1235.068848
v -10569.795898 -25.760733 -813.350891
v -10698.102539 -39.445232 336.995209
v -10593.503906 -24.676678 3234.273438
v -10765.541992 -42.723640 -2841.833984
v -10650.055664 -40.517452 2564.466797
v -10625.199219 -19.819227 2750.292236
v -10615.494141 49.497524 4449.175293
v -10720.727539 -26.674255 -4414.014160
v -10579.265625 224.463791 4018.406494
v -10591.839844 112.884186 4275.471680
v -10634.481445 84.049255 -4745.409180
v -10657.884766 3.718285 -4270.411133
v -10622.733398 85.430908 -4143.335449
v -10633.263672 294.685822 -3958.065674
v -10702.287109 -38.206764 -656.514099
v -10850.062500 -44.301392 -446.305603
v -10662.763672 437.194794 4152.211914
v -10659.474609 238.506622 -4036.312744
v -10738.082031 -45.901455 -1950.304565
v -10796.209961 -37.548935 -1555.417236
v -10591.333008 28.150534 3504.324463
v -10674.817383 43.940117 4806.722168
v -10713.668945 69.331505 -3309.829834
v -10738.018555 156.216110 3162.766113
v -10775.672852 53.934101 4999.025879
v -10637.337891 51.567333 -3684.100830
v -10888.616211 -33.323467 -998.869385
v -10910.805664 -44.863594 771.208435
v -10803.527344 -24.011330 2090.078613
v -10704.083008 253.108597 3391.956055
v -10663.650391 223.819000 3924.324463
v -10709.442383 -39.094936 -4593.194824
v -10845.450195 -36.511116 -3158.551025
v -10796.522461 235.796387 2998.490479
v -10763.487305 173.491714 -3900.929932
v -10719.317383 329.588715 3589.657959
v -10715.721680 551.230408 4201.768066
v -10732.565430 429.052917 4296.559082
v -10764.996094 212.807220 4691.627930
v -10692.921875 193.686234 -3819.732910
v -10836.166016 -26.794384 1830.468628
v -10714.971680 -41.299316 2338.376221
v -10718.894531 184.583801 3258.351074
v -10727.038086 337.522949 3790.470947
v -10690.478516 187.145599 4492.383301
v -10746.730469 34.008892 -3652.441406
v -10861.892578 -36.585949 -2611.579102
v -10764.328125 350.174103 3888.605469
v -10708.832031 426.246124 4044.680664
v -10876.445312 -29.121250 -5001.123047
v -10842.062500 20.564796 -4168.975586
v -10830.947266 47.443920 -4044.685303
v -10794.304688 -4.074732 -3523.404053
v -10734.348633 62.326057 2765.670410
v -10799.056641 276.455261 3096.755371
v -10789.529297 502.425079 3512.136230
v -10811.005859 386.783112 3789.139648
v -10774.230469 212.551041 4413.834961
v -10848.161133 117.524422 -4772.419434
v -10940.096680 -26.027649 -56.938629
v -11047.176758 -50.019310 456.288025
v -10819.609375 182.227127 2717.889893
v -10796.005859 276.310425 3321.209961
v -10792.689453 564.894104 3694.197510
v -10775.059570 354.271759 4024.207520
v -10786.002930 183.283066 4562.543945
v -10808.970703 288.035492 -3789.420166
v -10887.329102 -47.351387 -1233.630127
v -10784.216797 356.018311 3438.077148
v -10844.989258 299.806671 4115.603516
v -10880.471680 -29.486858 -4618.523438
v -10928.932617 -22.669252 -4368.715332
v -10837.947266 59.809650 -3277.208740
v -11010.475586 -48.889450 1323.626709
v -10854.390625 94.513100 3219.649658
v -10884.775391 137.138672 -3418.665527
v -11039.741211 -45.073620 1708.431519
v -10852.093750 237.375946 2842.198242
v -10840.671875 416.653412 3642.788574
v -10904.550781 754.894836 3919.402832
v -10919.813477 38.788116 4242.825195
v -10863.114258 100.765289 4663.329590
v -10833.088867 120.092651 -4837.395996
v -10880.628906 227.918686 -3828.255127
v -10863.356445 183.578720 2907.338867
v -10904.714844 4.024434 4395.871094
v -10934.274414 -47.329159 4998.969727
v -10943.191406 313.480164 -3662.791992
v -11085.407227 -42.638641 -1764.558350
v -10992.317383 -20.301649 2246.744873
v -10867.061523 680.522339 4014.291748
v -10906.354492 83.445892 4741.748047
v -10932.165039 357.448639 -3749.819580
v -10850.314453 -29.467190 2554.542236
v -10958.454102 -29.743336 3109.699219
v -10875.910156 360.633026 3845.232910
v -10987.649414 -31.007805 4867.633301
v -10978.169922 50.105320 -4713.933105
v -10950.583008 272.651093 -3357.324951
v -10942.840820 69.702255 -3258.958008
v -11106.065430 -48.305435 -223.669769
v -10933.259766 100.720329 2691.698242
v -10965.101562 1103.541138 4057.240479
v -10946.039062 63.589401 -3945.407471
v -11015.065430 -42.024738 -3100.078857
v -10973.572266 63.275246 -2783.056641
v -11000.858398 -29.696255 224.730789
v -10963.214844 -25.961754 3439.745850
v -10979.766602 12.103673 3748.996582
v -10978.554688 303.519836 -3470.162109
v -10957.946289 988.303284 3975.556152
v -11054.840820 -31.421783 4648.487793
v -11051.512695 0.437580 -4531.559570
v -11053.007812 196.555450 2430.793701
v -11073.657227 202.846268 2500.115723
v -11010.186523 87.635780 2596.293945
v -11025.782227 46.984230 -4826.499512
v -11001.307617 419.289856 -3555.562744
v -10958.597656 1.282369 -2902.460449
v -11236.068359 -47.307629 -2135.356689
v -11043.378906 -13.368999 2774.951904
v -11020.802734 -22.330284 3617.714111
v -11097.430664 127.035019 4296.151367
v -11206.393555 -19.344772 -4942.354004
v -11078.584961 28.686617 -4387.777832
v -11117.566406 -39.047462 -1508.227661
v -11049.744141 1132.704102 4081.386475
v -11108.318359 -0.862331 4394.950684
v -10983.383789 182.576904 -4113.857910
v -11039.601562 85.264114 -3829.592041
v -11086.325195 268.874207 -3666.218994
v -10994.243164 -37.662754 -813.536743
v -11290.773438 -48.491749 -655.597473
v -11123.940430 -39.934021 2054.762207
v -11064.308594 323.735535 -4128.370117
v -11096.907227 -2.320970 -3939.789062
v -11236.493164 -44.776703 1050.490723
v -11096.410156 187.259308 -4643.270508
v -11085.136719 559.026001 -3525.613281
v -11100.602539 -34.483147 -1202.084595
v -11162.841797 -5.197058 3914.270508
v -11081.202148 359.015015 -3407.126709
v -11110.710938 151.347290 -3338.931152
v -11144.354492 75.316391 -2965.678955
v -11183.886719 -34.133541 3117.540771
v -11182.043945 -17.875717 3388.668213
v -11110.099609 1196.407104 4059.446533
v -11159.360352 183.037338 -4180.291504
v -11170.468750 -46.650257 -2642.808350
v -11151.799805 131.844040 2261.764893
v -11168.755859 -33.618973 2832.304688
v -11221.904297 -45.643513 3778.536621
v -11166.144531 386.615509 -3460.750244
v -11201.609375 -5.288496 -3230.413818
v -11208.596680 -26.924452 -1065.953369
v -11278.751953 -30.629049 1375.465454
v -11215.066406 28.263861 4815.349121
v -11191.200195 -0.917182 -4364.379883
v -11165.979492 169.295685 -3707.388672
v -11188.329102 -29.867502 1924.957397
v -11221.454102 -10.769648 4600.185059
v -11163.595703 495.101471 -4726.563965
v -11268.875977 0.090877 -4459.132812
v -11251.877930 -15.728656 -4049.816406
v -11196.027344 321.091980 -3560.605225
v -11267.036133 -29.386768 -2892.268799
v -11297.045898 129.363403 -4560.991699
v -11252.185547 148.614334 -3819.021729
v -11278.346680 3.523236 -3159.682861
v -11262.275391 -46.466034 14.917448
v -11227.082031 86.132805 2142.369141
v -11275.325195 316.691895 3992.967285
v -11150.190430 1324.873413 4147.249512
v -11264.401367 91.263763 -4210.459473
v -11241.208984 93.895897 -3737.913818
v -11604.157227 -47.015381 -1894.835693
v -11263.786133 -18.222437 2434.311768
v -11252.594727 217.255417 4325.034668
v -11339.411133 -33.049213 1768.907227
v -11291.857422 -32.333611 3554.572998
v -11226.132812 1624.533447 4168.879395
v -11322.124023 2.747893 4526.858887
v -11257.505859 814.702087 -4707.838867
v -11395.721680 -42.239441 -1248.746826
v -11361.161133 -43.705284 536.037354
v -11260.791992 432.663208 -3551.960449
v -11293.827148 554.738098 -3459.648926
v -11411.611328 -28.642372 1606.283203
v -11333.570312 269.766205 2063.637451
v -11248.747070 -25.157732 2638.507568
v -11374.189453 2.224424 -4902.348145
v -11387.752930 50.725357 -4440.033691
v -11322.213867 372.886871 -3358.440430
v -11681.724609 -45.590199 76.994339
v -11466.063477 -43.480751 2828.250977
v -11399.473633 276.696747 4349.184082
v -11365.860352 -13.676135 4879.200195
v -11367.958008 -50.282543 -4999.326172
v -11380.152344 141.885834 -4802.753906
v -11343.161133 146.733109 -3672.153320
v -11502.541992 -47.488026 -1498.721313
v -11392.002930 -33.193024 -950.828552
v -11415.522461 298.469421 1954.273438
v -11416.004883 -34.219597 3295.258301
v -11405.024414 48.664036 3858.044434
v -11329.066406 667.890198 4240.548828
v -11428.025391 -47.655792 -2639.442627
v -11363.332031 97.903900 2142.850098
v -11347.864258 589.761475 4063.818848
v -11423.800781 9.732487 -4095.453613
v -11363.067383 81.304939 -3870.542236
v -11449.607422 -17.991383 2207.459229
v -11408.338867 269.789764 4218.528320
v -11423.774414 -41.373817 4676.365234
v -11368.845703 481.527283 -4649.314453
v -11350.193359 140.097290 -4278.924805
v -11414.878906 259.903625 -3580.015625
v -11565.929688 -31.382656 726.435364
v -11533.318359 -42.635643 945.489075
v -11455.078125 184.644730 3935.126465
v -11486.137695 -8.773501 5003.487305
v -11490.425781 4.108378 -4191.001465
v -11516.817383 76.764915 -3324.384277
v -11637.841797 -44.060162 -429.573456
v -11482.666016 -32.389008 -60.318645
v -11480.358398 382.767151 -4547.873047
v -11461.361328 114.284393 -4362.140137
v -11540.178711 205.200119 -3510.875244
v -11402.430664 527.885864 -3443.020508
v -11484.144531 -44.853947 -3192.984619
v -11788.350586 -48.142113 -2855.670898
v -11531.260742 -43.490372 1210.487915
v -11456.098633 27.224857 1825.210815
v -11461.539062 -28.941046 2438.934082
v -11503.787109 -22.862925 3616.360596
v -11600.122070 -15.447033 3779.570312
v -11480.014648 81.731812 -3810.956787
v -11456.551758 219.638077 4106.651367
v -11448.270508 97.722931 4467.035156
v -11478.262695 386.778351 -4639.894043
v -11497.651367 154.944504 -3941.713135
v -11572.731445 184.916153 -3690.698730
v -11609.154297 -50.559189 -2106.258057
v -11603.124023 -33.677048 -856.336487
v -11550.556641 76.954979 2054.109619
v -11507.832031 -34.645130 -4778.030273
v -11556.340820 250.674316 -3609.303711
v -11536.016602 174.034302 -3377.890625
v -11659.170898 -33.287613 -2445.027832
v -11592.448242 -18.863800 3124.442139
v -11564.039062 -41.727444 3397.252441
v -11669.473633 3.301200 4787.026367
v -12198.759766 -41.616653 -4999.532227
v -11668.688477 -51.569855 -1106.258301
v -11589.168945 -49.341019 1723.290039
v -11533.506836 -32.086380 2560.091309
v -11554.359375 249.286850 4047.671387
v -11565.285156 139.487595 4304.728027
v -11608.144531 12.343705 4449.175781
v -11587.026367 333.630005 -4565.094727
v -11568.206055 212.949921 -4388.246582
v -11600.556641 118.430473 -4262.969727
v -11585.000000 195.199844 -3902.382812
v -11582.890625 -26.667233 -3091.327881
v -11886.009766 -41.512726 442.230194
v -11757.773438 -33.074001 2998.036377
v -11688.076172 78.509766 4641.987305
v -11613.030273 24.229916 4998.073730
v -11616.532227 12.169271 -4089.962402
v -11632.767578 -9.398372 1923.585205
v -11648.017578 264.960510 -3733.523438
v -11627.603516 -11.355901 2221.803711
v -11750.434570 -31.830692 -633.306335
v -12293.268555 -48.936481 338.544800
v -11723.160156 -39.625126 1487.210083
v -11781.827148 -38.366734 2656.155518
v -11642.327148 113.202751 3581.635742
v -11653.598633 369.066772 4069.319092
v -11633.688477 228.664688 4162.504883
v -11666.163086 376.441406 -3354.629639
v -11708.048828 11.845050 3327.759277
v -11708.501953 503.990875 -4556.291504
v -11689.773438 201.356857 -4422.983887
v -11689.826172 253.118332 -3469.189453
v -11696.865234 265.616577 4262.124512
v -11782.815430 -45.993912 -4782.203125
v -11758.044922 96.922974 -4666.476562
v -11697.549805 96.785004 -4224.158691
v -11680.674805 126.679916 -3608.842529
v -11707.623047 452.781799 -3274.880859
v -11807.966797 59.735645 -3012.640869
v -11773.295898 -13.106351 -2169.714600
v -11831.222656 -45.222435 2445.226562
v -11783.545898 -34.562054 3209.922852
v -11748.219727 206.174576 3448.717529
v -11643.980469 69.658432 3904.203125
v -11736.390625 143.198563 4452.967773
v -11705.753906 64.135620 -3908.205566
v -11779.877930 -33.133446 783.495667
v -11726.888672 27.708742 2021.833496
v -11800.831055 354.393280 3675.024902
v -11731.224609 406.477661 4105.825195
v -11722.914062 66.897110 4560.257812
v -11981.654297 -37.991871 1303.692871
v -11803.328125 -48.210236 1910.808594
v -11809.712891 -40.226555 2252.180420
v -11807.024414 347.227722 3603.657959
v -11760.672852 -9.129500 4887.499512
v -11752.407227 225.139999 -4407.828125
v -11837.244141 16.266487 -4089.682129
v -11781.715820 171.382004 -3642.807129
v -11758.372070 431.104279 -3386.539551
v -11758.994141 222.481064 -3152.751465
v -11795.131836 337.392395 4018.266846
v -11848.494141 57.857742 -3831.574951
v -11773.548828 305.966888 -3483.617188
v -11870.929688 -42.610439 -2002.529785
v -11790.461914 34.707165 -1813.110962
v -11884.884766 -32.669487 666.375427
v -11759.679688 119.209732 3846.089844
v -11806.734375 77.152748 4713.500977
v -11808.181641 113.488419 -4333.745117
v -11828.546875 -46.556034 -1516.741943
v -11910.429688 -32.290661 -493.125458
v -11774.324219 -31.091728 -155.799194
v -11827.306641 36.807148 2091.110352
v -11924.322266 -26.001451 2865.129639
v -11797.045898 337.467468 3523.043457
v -11845.092773 606.173035 4316.295898
v -11808.290039 310.416626 4408.027832
v -11837.364258 -34.861382 4999.928711
v -11784.328125 378.436523 4146.218262
v -11858.857422 165.914307 -4517.434082
v -11825.838867 510.936554 -3339.191162
v -11881.768555 63.776772 4559.157227
v -11843.067383 62.470997 -4202.024414
v -12065.777344 -43.935032 -2558.345459
v -11973.734375 -43.389080 944.837769
v -11840.443359 37.403904 3341.191650
v -11874.394531 178.529724 3945.388184
v -11806.368164 381.069183 4229.147461
v -11924.911133 -11.915674 -4669.604492
v -11886.946289 79.313881 -3940.421387
v -11880.375000 134.918228 -3027.215820
v -11891.161133 273.615326 3574.415283
v -11896.709961 435.952942 3750.136475
v -11882.278320 181.966583 -3532.233398
v -11997.421875 99.164375 -1640.206177
v -12010.133789 48.952911 2047.861816
v -11921.156250 545.578247 4199.200684
v -12018.583008 97.114700 -4312.815918
v -11892.656250 319.572571 -3424.549561
v -11931.354492 129.203232 -3161.312256
v -11881.820312 140.201965 -1778.776733
v -12108.435547 -38.711548 1889.344238
v -11964.370117 429.614563 4025.996094
v -11917.606445 6.659575 4765.803223
v -11939.370117 97.466354 -4581.850586
v -11981.073242 -18.048765 -4135.431152
v -12037.324219 -23.788942 -2199.742432
v -11976.516602 45.003880 -1950.707275
v -11978.093750 -37.575253 -1273.664795
v -12075.370117 -47.290459 -905.617676
v -11915.115234 366.924896 4117.934082
v -11960.359375 200.947174 -4432.662109
v -11900.885742 306.423950 -3302.417236
v -12057.190430 210.768524 -3002.665771
v -12079.275391 -50.019981 -2409.328369
v -12086.774414 -21.802622 -229.802994
v -12049.555664 -22.527218 3006.460205
v -11998.544922 -5.762794 3333.507812
v -11999.160156 117.260338 3481.197998
v -11978.166016 431.862213 4309.144043
v -11996.345703 100.175545 4535.666992
v -11983.311523 121.363586 -1797.205933
v -11981.819336 286.865265 3579.766113
v -11970.365234 109.053528 4431.548828
v -12086.339844 -26.970751 -4011.068115
v -12003.910156 414.794250 -3354.591553
v -11982.044922 479.075439 -3272.984131
v -12093.720703 88.390862 -2893.396973
v -12050.878906 -44.515984 -2769.206543
v -11993.428711 16.862442 -1486.389648
v -12238.799805 -34.088127 -36.608200
v -12098.951172 21.519575 3180.372314
v -11983.898438 278.292694 3711.665039
v -12023.941406 4.265031 5000.187988
v -12010.244141 -29.978800 -3727.531006
v -12017.167969 444.500854 -3414.062012
v -12085.525391 164.890915 -3105.849609
v -12044.548828 -38.053791 1657.253418
v -12028.821289 596.722473 3923.716797
v -12076.017578 -37.954506 4749.701172
v -12053.421875 75.485672 -3536.529541
v -12094.435547 -31.235737 585.188904
v -12141.741211 -42.370415 2596.010742
v -12000.647461 483.541504 3826.471924
v -12044.112305 630.859070 4141.539551
v -12115.882812 461.889465 -4404.886230
v -12108.248047 50.763699 -3891.771484
v -12073.263672 185.953613 -1887.330688
v -12095.546875 107.166977 -1416.210205
v -12177.534180 -25.556170 -1188.827271
v -12050.698242 406.822876 4040.525146
v -12070.983398 461.420929 4251.733887
v -12067.149414 218.002823 4470.049805
v -12128.813477 581.564270 -4490.144531
v -12073.607422 774.540710 -3244.759521
v -12089.986328 198.897751 -1742.071167
v -12129.680664 151.573746 -1522.148804
v -12288.683594 -47.605976 1183.417358
v -12171.549805 -43.266937 2252.404785
v -12115.027344 59.209057 3450.937988
v -12046.950195 198.965012 3717.347412
v -12101.487305 373.903778 4335.427246
v -12170.588867 -0.138472 -4739.812988
v -12116.083008 789.294189 -3321.985352
v -12116.785156 99.130287 -2056.786621
v -12110.165039 234.505508 3611.892334
v -12113.465820 570.506897 3801.319580
v -12152.802734 436.827301 4403.832031
v -12208.771484 12.439775 -4236.786133
v -12178.437500 6.625577 -3624.684814
v -12145.677734 102.107185 -1619.969971
v -12241.302734 -39.534332 2904.391846
v -12155.632812 993.939453 3897.614746
v -12123.761719 180.694031 4629.949219
v -12166.492188 285.440613 -4581.205566
v -12206.012695 194.222229 -4342.508301
v -12159.861328 267.658630 -3435.302490
v -12186.160156 189.927032 -3141.374268
v -12224.199219 42.589130 -2294.494385
v -12183.169922 -45.556198 -483.140686
v -12218.736328 54.080250 2075.070312
v -12240.721680 42.230648 -1912.723145
v -12315.836914 -29.840775 -1180.207397
v -12363.045898 -34.272793 166.687698
v -12198.708008 -18.404438 3399.961914
v -12165.170898 586.811584 4003.647949
v -12171.684570 582.482178 4104.432129
v -12160.056641 679.815308 4184.625977
v -12176.324219 329.386414 -3011.209961
v -12192.909180 123.809891 -2143.400879
v -12273.517578 123.511398 -1799.678711
v -12232.515625 67.788582 -1694.349365
v -12322.343750 -41.363873 1494.724731
v -12192.971680 169.187347 3627.605713
v -12204.167969 574.895325 4586.302734
v -12278.292969 -4.074945 -4204.472168
v -12288.166992 174.737534 -3771.304443
v -12240.319336 85.233330 -2010.207886
v -12201.034180 255.788895 -1387.358643
v -12314.312500 -43.760822 2612.976807
v -12212.593750 441.712585 3788.915039
v -12286.342773 -8.482148 4759.813965
v -12229.790039 473.581329 -4456.946777
v -12284.994141 77.182892 -1608.904541
v -12285.813477 -36.252674 -239.787918
v -12265.846680 923.631958 4334.488281
v -12327.043945 57.780506 -4644.543945
v -12299.703125 381.313904 -4530.393555
v -12316.534180 27.692883 -3960.723145
v -12256.563477 362.701233 -3352.203613
v -12395.912109 -3.185447 -2730.326660
v -12233.395508 150.976898 -1508.817017
v -12401.584961 -29.883411 -934.092102
v -12269.749023 156.501663 -3849.166016
v -12358.471680 223.986404 -3691.952393
v -12277.551758 280.224304 -3033.326416
v -12294.958984 -16.402937 -2828.181396
v -12404.500000 -36.479397 -411.141724
v -12335.771484 -36.555325 586.167419
v -12252.605469 445.825195 3749.063965
v -12200.763672 786.961060 4226.619141
v -12326.377930 -35.989998 5000.178711
v -12300.970703 363.058441 -3503.437256
v -12351.180664 361.886505 -3008.145752
v -12374.071289 20.503048 -2420.168213
v -12275.841797 58.236774 -2326.186035
v -12453.748047 -36.314590 -652.900085
v -12300.045898 -30.484875 858.089905
v -12347.757812 -29.608133 3219.197754
v -12291.389648 463.087189 3878.359863
v -12265.402344 545.522888 4023.533936
v -12309.654297 472.444183 4125.992676
v -12280.681641 752.963806 4228.910156
v -12252.178711 1256.803345 4443.140625
v -12348.163086 218.047989 4662.678223
v -12334.374023 147.170944 -1408.496704
v -12524.083008 -22.971960 2277.019043
v -12356.205078 21.015947 -4707.489258
v -12365.885742 378.559845 -4406.550293
v -12317.701172 3.486334 -2569.635254
v -12348.519531 241.019485 3673.390625
v -12345.084961 434.493591 -3368.344971
v -12297.609375 86.922638 -3165.125000
v -12378.002930 204.549164 -1474.526001
v -12368.510742 73.166756 -59.867191
v -12366.708984 -36.660259 2199.273682
v -12489.055664 -29.315580 2773.408691
v -12403.947266 3.226978 -4886.931641
v -12391.849609 54.429371 -2020.547119
v -12411.464844 93.513092 -1870.605835
v -12386.516602 144.453247 -1757.951050
v -12367.522461 627.594910 3983.005859
v -12356.865234 2164.940918 4424.298340
v -12344.128906 70.888527 -4065.174561
v -12433.157227 41.401627 -3812.047607
v -12450.833008 27.584806 -1306.345459
v -12361.758789 -41.625305 1814.833374
v -12400.347656 97.607552 1996.683105
v -12391.352539 227.553986 3802.850586
v -12397.200195 858.852356 4057.761963
v -12403.146484 647.404541 4187.019531
v -12393.068359 985.352051 4285.451660
v -12379.979492 1880.436279 4509.568848
v -12477.016602 23.294590 -4247.304199
v -12393.398438 576.275391 -3595.020508
v -12441.311523 98.798767 -1532.017456
v -12436.316406 -23.492809 808.427673
v -12546.534180 -10.024265 963.022339
v -12388.710938 833.903992 -3473.432861
v -12441.096680 136.810760 -3324.359863
v -12378.438477 -7.457981 -2201.200684
v -12494.025391 140.123764 -223.160553
v -12484.522461 51.418587 195.435333
v -12382.588867 6.195983 498.576385
v -12312.581055 14.808852 3516.118408
v -12419.384766 612.564575 3920.951660
v -12413.492188 455.660645 -4504.581543
v -12464.480469 73.294327 -1692.983398
v -12498.268555 389.617462 422.585907
v -12456.475586 -17.910694 2487.918945
v -12435.710938 -29.051134 2975.859375
v -12480.982422 -21.099806 3302.677246
v -12541.745117 -21.699522 3535.107666
v -12564.478516 27.016388 -4060.035889
v -12448.103516 98.399292 -3155.563965
v -12466.371094 411.132233 -3011.674316
v -12512.109375 122.030678 -1753.423462
v -12480.071289 58.001045 3657.590576
v -12518.575195 267.469788 4650.673828
v -12508.288086 49.289711 -4692.045898
v -12469.825195 552.757996 -4389.732910
v -12463.514648 706.950073 -3509.848145
v -12432.493164 364.279602 -2909.927246
v -12482.981445 37.812050 -2104.326660
v -12465.783203 247.500900 -54.270573
v -12536.284180 -4.117167 1944.168091
v -12518.000000 28.312397 2040.065918
v -12483.520508 932.513367 3996.333496
v -12500.163086 601.704163 4294.801758
v -12456.956055 1866.040405 4416.769531
v -12578.489258 -49.883381 -4999.040039
v -12522.071289 717.302002 -4470.832520
v -12521.768555 288.754272 -3726.351318
v -12566.370117 -39.240910 -3238.757080
v -12559.321289 -6.373922 -2228.138428
v -12463.473633 190.779282 -1411.827637
v -12579.654297 -23.966726 1193.322632
v -12559.304688 -44.650291 1680.618896
v -12561.227539 465.259369 4555.833008
v -12495.625000 56.284317 4784.912598
v -12486.860352 860.729187 -3582.330566
v -12548.431641 353.909698 -2811.438721
v -12518.927734 -4.802851 -2418.135010
v -12540.661133 167.127563 561.481506
v -12519.432617 37.253979 742.799561
v -12700.450195 -42.912788 1436.055542
v -12527.002930 10.381537 3103.088867
v -12482.528320 749.092651 4114.979980
v -12596.497070 43.216743 -1581.670288
v -12527.963867 110.510696 29.898172
v -12553.826172 428.441101 421.886932
v -12597.708008 344.295410 -3660.409912
v -12585.914062 106.111305 -3073.091553
v -12515.626953 19.975576 -2652.228027
v -12587.689453 -0.444773 -1935.788208
v -12578.987305 325.451874 -1359.227295
v -12663.547852 -20.327942 -819.954651
v -12617.314453 153.940659 -490.610992
v -12622.629883 -26.519602 2711.838867
v -12560.604492 105.679268 3264.028076
v -12586.491211 678.295715 3933.296631
v -12520.500977 665.805542 4196.741699
v -12598.833008 575.177246 4354.973145
v -12555.926758 506.335724 -2929.796875
v -12604.005859 240.894455 -1453.973267
v -12650.999023 98.382523 -561.035645
v -12568.759766 89.429855 -412.378937
v -12637.651367 -37.582817 -200.203934
v -12557.452148 1075.150635 4018.105957
v -12606.249023 -1.027735 4997.445312
v -12597.803711 365.171600 -4573.083008
v -12597.677734 295.494385 -3469.364990
v -12648.694336 15.020473 -2180.421631
v -12624.991211 283.624756 669.843872
v -12597.317383 43.513210 3028.317383
v -12569.467773 225.733185 3820.320312
v -12613.975586 797.142761 4248.502441
v -12667.694336 176.017654 -4313.562988
v -12609.765625 139.881241 -3945.229736
v -12596.056641 307.495087 -3803.572266
v -12677.087891 442.463440 -2647.550049
v -12631.500000 80.776237 -1825.102539
v -12669.501953 -34.994694 -1144.224976
v -12672.216797 45.164623 869.005920
v -12565.440430 -6.429869 3459.467041
v -12573.411133 761.853760 4157.326172
v -12594.880859 134.532852 4823.928223
v -12699.329102 55.747154 -4211.598145
v -12670.241211 171.650146 -3542.403564
v -12717.835938 243.332382 -2539.095459
v -12660.106445 53.881001 -1731.491821
v -12652.819336 330.467377 535.143738
v -12713.151367 2.187972 2099.232910
v -12665.756836 159.598068 2912.484131
v -12686.484375 434.674194 3189.365723
v -12629.911133 70.294365 3729.426758
v -12670.638672 306.550476 4461.184570
v -12638.652344 509.730499 -4436.930176
v -12671.472656 260.962738 -3008.522461
v -12651.186523 517.735779 -2826.288086
v -12683.622070 130.733383 414.818359
v -12657.571289 154.456070 768.722534
v -12656.661133 93.896965 1955.135986
v -12682.046875 841.265076 4030.055664
v -12647.552734 441.075958 4645.291992
v -12665.080078 14.470585 -4666.002930
v -12705.887695 331.474030 -3376.943604
v -12692.395508 234.997101 -2893.910645
v -12725.100586 172.164474 -2425.093750
v -12613.217773 -25.477716 137.967834
v -12771.288086 205.110397 3417.156494
v -12629.342773 699.281860 4137.921875
v -12683.628906 460.385254 4709.966797
v -12749.778320 19.217873 -4809.027832
v -12700.710938 99.564659 -4038.335205
v -12713.544922 -7.985507 -1623.447632
v -12715.161133 351.365692 -1300.982666
v -12723.471680 151.411102 -636.382324
v -12746.785156 56.630360 1660.170532
v -12709.403320 178.305389 1774.336060
v -12700.489258 499.815674 3267.425537
v -12690.935547 48.981945 3606.060059
v -12752.698242 678.802185 -3675.519043
v -12696.755859 166.376846 -3484.743164
v -12731.095703 595.012146 -2717.355225
v -12683.558594 353.257568 -1414.433716
v -12771.362305 -39.419147 -354.821655
v -12752.015625 -25.562225 303.024597
v -12732.979492 472.879486 3925.835205
v -12730.603516 877.647827 4190.727051
v -12691.386719 366.296753 4355.251465
v -12720.646484 294.941223 4584.232422
v -12696.201172 716.005066 -3777.901367
v -12763.046875 69.941628 -3200.999023
v -12743.941406 223.062988 -3076.096680
v -12753.717773 121.215866 -1510.301880
v -12818.841797 93.216843 -729.112732
v -12756.779297 8.725718 1066.994141
v -12735.127930 -14.867805 1212.384277
v -12773.922852 303.474670 1872.656250
v -12722.845703 381.907654 3079.946533
v -12753.719727 176.094528 3839.389404
v -12727.540039 315.873169 -4397.308594
v -12755.161133 439.632446 -1354.966797
v -12766.540039 24.606476 -968.787292
v -12745.694336 192.587219 610.335876
v -12781.009766 -37.961033 2405.442139
v -12735.933594 20.494520 2694.398438
v -12798.761719 16.866257 3728.973389
v -12726.401367 1054.507446 4105.323242
v -12733.174805 -43.215038 4999.561523
v -12798.724609 450.388397 -3374.260742
v -12831.310547 26.180563 -542.230530
v -12783.416016 121.020760 957.842651
v -12798.819336 251.957718 1970.156616
v -12758.569336 295.865509 3027.486084
v -12929.837891 -28.051928 -4662.418457
v -12857.138672 69.197853 -4529.802734
v -12761.947266 297.776459 -3930.629883
v -12798.437500 240.401382 -3474.449707
v -12795.302734 188.770630 -2911.114502
v -12817.826172 194.841522 -2571.464600
v -12818.021484 110.106071 -1144.792847
v -12795.381836 155.506546 796.327148
v -12776.411133 521.350098 4266.066406
v -12802.582031 148.857651 4391.118164
v -12869.629883 -37.570297 4782.562012
v -12899.072266 -38.774658 -4999.491699
v -12896.627930 466.313507 -4318.562988
v -12819.130859 195.427597 -4076.255371
v -12774.392578 594.298889 -3795.363525
v -12853.038086 143.881012 -3549.555908
v -12863.984375 220.114227 -3330.120850
v -12812.383789 300.112915 -2999.219238
v -12814.375000 127.621231 -2438.669922
v -12842.147461 12.102545 -2323.535889
v -12778.018555 2.302902 -1967.453613
v -12841.634766 229.957047 1751.185669
v -12869.452148 -13.147505 2395.426270
v -12845.583008 540.130310 2797.039307
v -12811.083984 743.382019 2893.041992
v -12823.049805 200.490250 3264.233887
v -12820.886719 44.396854 3616.436523
v -12801.273438 666.037415 4104.080566
v -12796.224609 33.641609 4496.703613
v -12818.778320 422.055756 -1276.066406
v -12845.162109 175.427795 -830.388123
v -12974.458984 -18.159037 303.470276
v -12807.651367 820.632874 4009.515625
v -12818.139648 398.790314 -4361.125977
v -12856.451172 294.228516 -2676.388916
v -12857.816406 -43.580608 -2144.095947
v -12860.063477 3.840733 -1718.753662
v -12917.053711 219.764786 1146.547363
v -12835.414062 288.702728 -4186.048828
v -12849.710938 274.061249 -3982.699707
v -12892.682617 694.979370 -3851.483887
v -12883.518555 1030.210327 -3764.937012
v -12937.561523 -38.537560 -289.436249
v -12849.877930 -11.099097 391.133972
v -12852.746094 38.081841 653.997620
v -12841.513672 175.601639 865.570068
v -12885.551758 141.516769 1603.735840
v -12911.085938 109.101738 1702.725586
v -12895.758789 397.044922 1893.893555
v -12871.593750 207.299896 2610.651123
v -12897.083008 195.793945 2691.919922
v -12847.112305 151.704163 3101.344971
v -12878.514648 111.634026 3451.843262
v -12904.318359 151.704468 3884.229492
v -12848.850586 679.885193 4193.627930
v -12888.674805 -5.900452 -4796.114746
v -12928.495117 265.816132 -4413.125488
v -12948.699219 9.110767 -1509.095093
v -12910.280273 -27.437323 19.743366
v -12941.974609 249.459015 1043.287231
v -12877.430664 -1.218828 1441.887939
v -12889.899414 66.228775 2174.031738
v -12913.062500 597.293152 2890.154541
v -12936.177734 194.081894 3940.790039
v -12909.161133 361.256561 -3959.256836
v -12954.525391 58.764400 -3483.059082
v -12991.334961 29.151960 -3242.285889
v -12897.807617 289.313660 -3079.824951
v -12923.308594 295.514679 -2988.478027
v -13047.201172 -47.132156 -1907.991333
v -12905.602539 134.960175 -1397.107300
v -12886.112305 104.707863 -1147.685425
v -12912.015625 339.583008 -917.093933
v -12925.442383 171.688232 947.971313
v -12941.443359 86.840462 1310.609863
v -12948.159180 304.597290 1956.494141
v -12912.314453 107.248558 3280.354736
v -12946.070312 20.558105 3564.858643
v -12887.513672 639.807922 4082.640625
v -12935.790039 76.006157 4371.040039
v -12965.698242 256.138489 -4065.470703
v -12917.189453 384.110077 -3653.842041
v -12894.121094 71.344696 -2837.479004
v -12922.255859 238.533066 -2452.817383
v -12941.585938 192.167435 -1283.221924
v -12934.152344 467.764282 2810.211914
v -12976.498047 211.004242 2979.184326
v -12909.988281 59.378681 3371.009033
v -12953.741211 66.161392 3722.246094
v -12928.475586 157.768372 3807.226074
v -12987.840820 310.368988 -4157.648438
v -12973.132812 213.438980 -2775.592285
v -12947.382812 -19.423203 639.138977
v -12964.960938 92.242226 2084.370605
v -12952.479492 319.895294 2531.282715
v -13071.521484 -17.197386 -4504.166504
v -13011.346680 195.097366 -2699.993408
v -13040.667969 11.304488 -2301.036133
v -12988.341797 236.250214 -1228.337524
v -12997.350586 310.646118 -990.461060
v -12996.819336 -31.275335 -723.234558
v -12966.838867 35.087185 1572.339844
v -12991.573242 421.093719 2647.071045
v -12968.577148 35.756935 3059.860107
v -13103.851562 146.941269 -4904.932617
v -12943.378906 106.603302 -3395.857178
v -13000.619141 382.232422 -3067.814209
v -12964.143555 310.849274 -2636.705322
v -12988.801758 -25.663523 -2081.629639
v -12978.356445 35.285870 -1692.952515
v -13001.396484 182.040344 -1173.369385
v -13032.024414 -11.189260 460.298767
v -12955.280273 230.617081 1839.485474
v -13064.686523 -12.616077 2321.799316
v -13140.721680 84.720558 2401.864502
v -13421.300781 -44.876667 4751.367676
v -13087.613281 35.705605 -5000.992676
v -13063.360352 99.651031 -3601.752686
v -13010.812500 287.165192 -2894.029785
v -13013.329102 135.430496 -2542.051514
v -13032.261719 294.117920 1173.806763
v -13000.052734 75.461151 4171.546387
v -12938.557617 -47.995941 4547.545410
v -12977.966797 711.811401 -4272.493164
v -13031.049805 422.693787 -3849.703857
v -13060.703125 200.700485 -3375.500488
v -13041.409180 201.479294 -866.834717
v -13080.699219 -3.859576 182.515625
v -13024.587891 -18.567953 794.667542
v -13028.816406 478.002594 2765.692383
v -13070.616211 67.179199 3657.738525
v -13085.660156 -9.225093 -4741.413086
v -13090.208008 35.239346 -2206.033691
v -13068.000000 265.507538 -1075.162842
v -13049.665039 85.464066 889.280457
v -13034.562500 7.778268 1457.864624
v -13066.024414 232.590286 2019.452759
v -13070.379883 519.204407 2864.231201
v -13094.153320 29.810312 4029.280273
v -13018.226562 280.725677 -3980.981934
v -13099.756836 167.632904 -3183.378662
v -13068.677734 351.696167 -2965.275391
v -13121.337891 -24.240685 -1641.845337
v -13166.687500 -39.038628 -422.811676
v -13112.582031 -17.545086 -165.287491
v -13096.545898 -26.126112 604.429138
v -13053.655273 86.677910 987.200439
v -13051.006836 23.362783 1751.134766
v -13069.030273 136.897980 1887.739624
v -13076.229492 11.495546 3153.501709
v -13085.741211 25.080082 3405.033936
v -13120.630859 39.770157 3734.297852
v -13124.073242 160.989136 -4299.803711
v -13075.695312 526.151733 -4218.559570
v -13112.562500 152.620590 -3912.802246
v -13106.971680 342.456360 -2833.516113
v -13136.984375 296.452637 -1336.457520
v -13093.358398 400.724792 -968.250061
v -13126.173828 272.866669 2109.171387
v -13066.241211 135.748428 2214.437256
v -13082.498047 330.877228 2491.076904
v -13108.892578 699.898926 2611.561768
v -13089.048828 38.080315 3857.212891
v -13130.077148 142.349854 -3692.650146
v -13157.263672 -19.451227 -1499.480591
v -13142.715820 59.914181 1018.013123
v -13116.201172 -34.323208 4204.806152
v -13361.339844 -40.642082 4999.950195
v -13193.375000 -3.585487 -4585.442383
v -13147.189453 221.510269 -3458.818115
v -13127.308594 285.437927 -2677.446533
v -13137.075195 29.747074 -2382.891846
v -13136.666016 445.576141 -1207.456177
v -13130.870117 200.372986 -836.083923
v -13115.264648 -18.416098 -596.162720
v -13210.389648 76.899483 776.029968
v -13115.308594 167.350525 1317.427002
v -13171.092773 8.834910 1661.728882
v -13138.250977 134.058731 2984.586670
v -13148.651367 26.538267 3613.997803
v -13118.120117 595.671082 -4081.800781
v -13182.809570 695.634521 -3342.244141
v -13185.536133 310.783020 -2777.091797
v -13183.207031 -1.369043 101.537369
v -13145.083008 92.245773 1526.307251
v -13117.898438 677.329956 2738.227783
v -13186.846680 11.451485 3252.411133
v -13140.352539 215.271561 1206.774780
v -13183.893555 515.469177 2843.877197
v -13207.804688 35.782894 -4891.545410
v -13242.676758 107.491440 -3530.361084
v -13204.187500 441.653290 -2961.032959
v -13223.436523 343.980591 -766.060669
v -13228.820312 173.747604 936.846802
v -13295.901367 -36.962254 -4762.622559
v -13197.272461 922.587280 -4131.947266
v -13220.717773 87.557884 -2518.756592
v -13290.150391 -19.161856 -2080.714600
v -13194.526367 220.535980 -1357.900269
v -13187.208984 103.625336 344.966888
v -13234.306641 80.332031 1131.365723
v -13187.976562 233.353851 1355.608032
v -13245.593750 217.181229 1436.374268
v -13190.666992 138.979736 1881.541992
v -13234.370117 127.780685 2022.267090
v -13222.715820 297.375336 2252.583496
v -13224.569336 337.843872 2535.220703
v -13200.944336 488.231201 2656.206787
v -13222.997070 16.789463 3911.800049
v -13185.530273 398.340912 -3973.362305
v -13228.550781 62.350422 -3778.134521
v -13265.701172 145.144943 -3636.365967
v -13197.118164 298.682037 -3094.001465
v -13227.109375 215.670044 -904.973694
v -13293.166016 -2.735674 -339.542389
v -13241.967773 135.479691 1291.080322
v -13183.670898 432.157501 2179.636475
v -13244.830078 52.040634 3105.689941
v -13231.498047 70.854019 3471.289062
v -13284.607422 40.646347 3788.766113
v -13288.797852 -10.498176 -4487.186035
v -13258.266602 30.828032 -4338.843262
v -13240.598633 469.753052 -3266.578857
v -13256.783203 275.767578 -2916.696289
v -13262.145508 369.740784 -2701.775635
v -13281.282227 206.057648 -2628.635010
v -13216.830078 360.355133 -1170.966919
v -13233.420898 13.430496 535.934204
v -13269.213867 573.036682 2874.851562
v -13265.331055 79.266212 4016.870117
v -13268.817383 -38.523800 4228.020508
v -13254.192383 605.471924 -4057.933350
v -13245.185547 -40.665630 -1846.104980
v -13280.167969 67.025597 -1454.679077
v -13256.159180 277.014160 -1010.625916
v -13343.487305 121.473717 -573.798401
v -13301.646484 6.804861 -31.468718
v -13275.523438 82.670547 1719.219360
v -13267.812500 214.167770 1886.083740
v -13234.787109 391.303070 2786.898438
v -13273.995117 231.179626 -3448.770752
v -13311.621094 330.577637 -3156.937500
v -13311.354492 92.461746 -2444.151367
v -13363.480469 32.054134 -168.689911
v -13291.942383 204.580597 346.552704
v -13304.665039 296.132812 899.391357
v -13287.719727 95.571259 1237.110352
v -13291.808594 329.539581 2280.883057
v -13273.154297 241.046494 2442.873535
v -13276.673828 37.546894 3241.901367
v -13274.470703 63.676792 3367.892822
v -13323.766602 -44.157360 -5000.282227
v -13271.761719 399.149658 -2839.326172
v -13347.308594 105.564407 -1566.617554
v -13282.451172 342.715637 -1233.342285
v -13314.410156 388.567657 -1085.450806
v -13337.950195 147.701828 568.353577
v -13296.696289 68.038673 1061.681763
v -13286.333008 139.219162 1568.964966
v -13293.714844 552.799805 2637.843262
v -13311.422852 706.389709 2733.586670
v -13312.466797 186.511795 3008.141846
v -13361.041992 97.754448 -4222.929199
v -13315.253906 305.173370 -3969.822266
v -13339.425781 10.935325 -2301.069580
v -13308.724609 271.427246 -926.471863
v -13320.518555 292.202148 -826.427368
v -13452.249023 8.751687 -389.261749
v -13315.999023 32.985542 3621.228760
v -13326.581055 306.701691 -3024.313232
v -13344.101562 77.764824 -1351.930786
v -13324.539062 304.577240 -707.891541
v -13323.697266 -3.029662 151.032608
v -13336.554688 42.837925 451.220978
v -13336.960938 24.706858 2091.035645
v -13350.695312 547.846680 2790.198730
v -13349.778320 252.663956 -3342.285889
v -13356.551758 408.193939 -3244.538330
v -13357.774414 244.762482 -2774.860107
v -13324.872070 253.007492 787.875427
v -13335.238281 194.187683 1469.507324
v -13377.828125 122.902153 1777.827515
v -13373.225586 241.726700 2314.347168
v -13376.904297 452.242188 2571.887695
v -13393.975586 22.521210 4021.139160
v -13364.166992 111.136566 -4345.990723
v -13387.528320 134.312393 -3838.018311
v -13407.484375 158.397308 -3705.250000
v -13378.900391 322.794037 -3596.330566
v -13418.701172 413.249542 -3521.683838
v -13435.910156 312.767365 -3413.318848
v -13486.710938 -14.676442 24.527374
v -13372.436523 103.590828 374.655090
v -13393.944336 245.119186 974.946411
v -13406.700195 147.058304 1080.042603
v -13417.994141 327.174622 1606.295410
v -13379.760742 434.410950 2476.572266
v -13403.137695 65.110031 3159.452148
v -13501.772461 -37.042480 4381.123535
v -13738.946289 -47.326756 4536.479004
v -13421.675781 248.737732 -2930.621094
v -13407.265625 371.034882 -863.417603
v -13421.391602 5.037396 228.521759
v -13394.757812 -15.283005 1292.609985
v -13424.613281 295.908173 1675.898682
v -13498.930664 54.889267 3250.425049
v -13459.090820 98.828690 3346.642334
v -13411.479492 100.294914 3728.972168
v -13425.331055 41.954613 -4137.476074
v -13415.551758 191.142990 -3948.368896
v -13452.932617 66.595154 -2590.532715
v -13506.009766 -8.608700 -1679.204468
v -13447.495117 283.221649 -1072.257935
v -13412.090820 142.934326 -236.333420
v -13411.141602 210.122421 871.443542
v -13425.897461 267.775177 1520.808472
v -13446.407227 408.448975 2688.814209
v -13372.559570 400.327240 2900.299805
v -13444.550781 -24.471226 4159.035645
v -13476.935547 -6.456083 -4459.675293
v -13437.275391 195.348206 -3144.316650
v -13475.227539 221.424286 -2832.377930
v -13468.137695 210.518539 -2497.536377
v -13486.761719 -35.977646 -2110.758545
v -13446.668945 94.729660 -1536.998901
v -13436.520508 470.175476 -780.341980
v -13448.491211 283.579651 1863.878662
v -13418.266602 170.512604 1983.207886
v -13470.024414 5.698617 2216.078369
v -13378.100586 -2.790151 -4607.554688
v -13459.211914 174.833374 -2386.427979
v -13461.648438 -32.418274 -1244.897461
v -13445.418945 225.617676 -955.423462
v -13465.653320 62.536640 470.787994
v -13454.097656 490.562378 611.963562
v -13435.592773 508.352081 736.027161
v -13444.064453 632.364990 2788.020020
v -13517.093750 11.720315 -4574.208008
v -13566.652344 -0.984586 -4425.871582
v -13467.987305 105.806137 -3042.056641
v -13514.472656 49.408321 -2688.094727
v -13504.357422 357.834381 -692.674255
v -13520.769531 -27.078697 254.155106
v -13484.337891 241.239563 860.342773
v -13510.161133 144.212250 1545.078979
v -13480.609375 537.270142 2518.789795
v -13436.642578 341.511444 2979.936279
v -13423.448242 7.364761 3899.978760
v -13473.062500 233.983566 -3316.955811
v -13435.703125 313.801880 -628.809753
v -13494.382812 139.206390 -159.572662
v -13528.780273 -17.709274 1152.500977
v -13554.257812 -33.386684 1328.903931
v -13527.904297 315.716644 1859.217407
v -13521.782227 822.826294 2603.617432
v -13515.915039 180.931381 3079.083984
v -13435.192383 14.799462 3532.467041
v -13532.574219 64.063385 3731.625244
v -13516.856445 60.147690 -4039.180420
v -13527.165039 178.527740 -3899.883789
v -13523.450195 295.481995 -3256.857178
v -13517.307617 -26.038918 -1935.045166
v -13516.705078 317.712891 -1011.521790
v -13550.312500 173.209656 -307.104584
v -13514.864258 57.230762 2347.457764
v -13514.997070 274.779053 2918.021729
v -13619.779297 26.907862 3637.768799
v -13591.680664 45.743301 -4242.649414
v -13517.560547 782.723755 -3512.078857
v -13635.990234 -43.446873 -1379.779541
v -13546.968750 222.571472 -846.616821
v -13560.894531 593.298035 -559.152344
v -13529.891602 312.576660 1733.179565
v -13538.318359 337.561584 1964.142700
v -13541.954102 229.997101 2065.252197
v -13527.850586 44.444729 2164.031494
v -13553.990234 387.353180 2850.965088
v -13611.040039 12.400296 3464.781250
v -13587.272461 402.688629 -3757.417725
v -13590.725586 132.970078 -3006.000000
v -13563.744141 298.711426 -2405.274414
v -13581.579102 16.886480 -1665.710327
v -13585.236328 99.119049 873.162659
v -13538.590820 403.438019 2765.311035
v -13548.918945 63.494534 4032.107422
v -13565.119141 519.086060 -3407.155029
v -13559.901367 116.664886 -3144.750000
v -13629.433594 309.788483 -2913.281738
v -13587.595703 343.509766 -2493.420654
v -13563.574219 13.563719 -1508.505005
v -13643.801758 541.534607 -498.940186
v -13542.724609 701.366211 670.384888
v -13608.325195 22.053192 3930.837158
v -13604.119141 5.233934 4185.304688
v -13518.908203 -34.233479 -4740.911621
v -13505.562500 621.585571 -3632.947510
v -13633.354492 101.228859 -2807.539062
v -13597.640625 32.453865 -2229.270752
v -13617.458984 -8.169750 -1162.985596
v -13606.132812 642.998779 -628.389465
v -13615.905273 180.364639 -200.987747
v -13599.778320 122.593994 2336.149658
v -13575.769531 505.425140 2453.106689
v -13594.360352 689.907776 2672.006104
v -13613.226562 19.629126 -4138.270020
v -13610.030273 487.024109 -3635.066650
v -13661.837891 77.446304 -2604.627930
v -13672.608398 191.741119 -2342.335938
v -13689.196289 182.253479 -2130.028564
v -13657.674805 41.531105 -1820.062744
v -13643.995117 350.287628 -388.262756
v -13647.090820 -22.008987 1492.171265
v -13592.898438 309.107025 2977.358887
v -13705.189453 -16.549982 4815.000488
v -13752.370117 -29.302076 5000.096191
v -13703.167969 40.359268 -3857.838379
v -13610.491211 600.465942 -3522.344238
v -13654.935547 347.780640 -986.869080
v -13658.835938 344.816864 -787.853394
v -13610.909180 113.236343 -57.204189
v -13689.474609 -13.277028 177.762283
v -13660.372070 257.731476 495.243530
v -13648.176758 38.618557 1659.584106
v -13638.002930 329.736328 1837.612549
v -13708.949219 384.217957 2167.867188
v -13643.024414 612.202820 2754.218262
v -13715.333984 8.665221 3990.953369
v -13717.130859 -42.548725 -4999.870117
v -13619.999023 407.428711 -3266.699219
v -13712.993164 546.096558 -875.770874
v -13625.833008 -16.221783 331.659515
v -13640.737305 60.696941 1133.349731
v -13640.577148 56.352375 1335.663452
v -13646.701172 331.657898 2036.169067
v -13676.883789 -26.855049 3211.285645
v -13704.548828 71.289978 3562.184570
v -13697.736328 3.135167 -3955.644043
v -13658.772461 422.743225 -3547.757568
v -13692.512695 99.381287 -3066.126953
v -13663.134766 -11.927167 -2706.284912
v -13648.715820 389.838531 729.717834
v -13736.183594 -20.541056 867.038879
v -13701.085938 1301.789062 2610.039307
v -13766.189453 1.880684 -4697.790039
v -13706.921875 105.948051 -4552.702148
v -13666.480469 806.945374 -3444.544678
v -13692.774414 442.408203 -2435.491455
v -13719.446289 196.550323 -1992.117310
v -13721.360352 101.019287 -144.065445
v -13636.454102 553.571838 642.421387
v -13652.372070 1208.616211 2539.526123
v -13728.352539 72.395920 3052.037354
v -13752.316406 1.367406 3721.851074
v -13698.206055 79.290016 -4457.058105
v -13726.208984 87.444824 -4143.141113
v -13720.898438 390.396149 -3604.520020
v -13681.543945 919.824097 -3341.518555
v -13715.182617 140.515213 -1645.506592
v -13749.210938 -30.846582 -1290.692261
v -13725.849609 38.364399 972.232910
v -13715.584961 1074.214478 2460.846436
v -13710.800781 177.596680 2899.203613
v -13904.430664 -24.255362 -4778.423828
v -13791.098633 44.763992 -3770.150879
v -13688.651367 324.365509 -699.753601
v -13725.582031 742.382935 -556.014526
v -13754.366211 677.851135 -331.021576
v -13784.282227 835.557617 1262.151367
v -13681.374023 347.502502 1894.990112
v -13747.502930 564.944824 2306.198242
v -13739.159180 609.474304 2699.662842
v -13818.255859 -44.445793 4327.304199
v -13747.553711 19.749531 -4322.692871
v -13779.794922 705.892151 -3427.619385
v -13740.150391 85.006699 -3165.628906
v -13748.552734 131.406815 -1851.402710
v -13746.520508 -0.931547 -1146.746826
v -13749.571289 -0.369573 1503.249634
v -13837.548828 68.193077 1697.921265
v -13787.180664 41.200199 1741.539673
v -13726.706055 255.252075 1955.109497
v -13781.592773 62.187641 -4244.893555
v -13803.573242 202.924942 -1531.328003
v -13809.234375 145.138138 -1068.340820
v -13773.577148 275.025208 340.550079
v -13760.826172 250.772293 550.824219
v -13782.837891 296.407562 2034.281128
v -13744.150391 843.067261 2509.418213
v -13788.050781 45.770603 2971.580078
v -13722.464844 37.968777 4119.588867
v -13759.658203 494.774841 -3525.380859
v -13810.258789 89.979515 -2837.645020
v -13802.649414 115.601799 -2625.637451
v -13737.044922 178.100311 -2281.898438
v -13791.696289 919.722961 -632.042236
v -13793.673828 368.925598 1075.803345
v -13821.565430 1077.882080 2544.139404
v -13780.190430 707.636902 2778.907471
v -13809.632812 6.333347 3456.860107
v -13851.922852 55.553490 3837.972900
v -13822.461914 197.800568 -4436.383301
v -13759.938477 456.090729 -3277.464844
v -13787.396484 363.802582 -2926.022461
v -13862.491211 46.848019 -2725.829346
v -13852.325195 252.348816 -2523.189453
v -13794.803711 278.603851 -2406.806396
v -13894.093750 -41.930336 -2079.824951
v -13810.100586 550.401978 -823.843506
v -13847.597656 1430.646362 -500.412689
v -13802.115234 6.926510 32.699989
v -13808.554688 401.924438 432.634308
v -13813.742188 347.123108 2173.943115
v -13873.918945 11.780364 4797.158691
v -13836.161133 116.663956 -3175.989258
v -13811.747070 182.265610 -1677.276489
v -13884.279297 33.529987 -1181.546509
v -13866.566406 282.593445 -939.154968
v -13836.855469 168.482788 161.052567
v -13917.371094 632.741272 1304.712158
v -13829.765625 829.278442 2339.706055
v -13907.948242 -45.618111 3171.293213
v -13841.554688 81.656250 -4540.814453
v -13825.669922 158.543152 -4078.231689
v -13884.157227 26.198088 -3850.677979
v -13833.054688 536.508911 -357.049164
v -13899.552734 166.534637 -46.524345
v -13826.474609 703.642578 1230.874634
v -13940.888672 274.999908 1472.128418
v -13831.787109 923.037598 2428.921143
v -13898.517578 -1.428364 3053.132080
v -13865.274414 26.855808 4112.870117
v -13867.170898 161.754913 -996.944824
v -13874.732422 703.410583 -768.825684
v -13855.744141 13.684117 634.805237
v -13886.112305 -16.446486 1862.997192
v -13853.815430 692.119446 2677.836182
v -13923.163086 407.186127 -4385.881348
v -13871.471680 119.147514 -4163.662598
v -13923.682617 -7.680743 -3708.629150
v -13935.272461 67.323219 -3580.416504
v -13876.532227 388.193146 -2968.262207
v -13947.687500 -38.985027 -1840.807983
v -13873.821289 460.517822 270.876801
v -13922.327148 115.635933 416.651489
v -13971.583984 364.332764 1390.775879
v -13873.689453 154.406769 2088.800781
v -14025.808594 20.657742 3610.491455
v -13958.989258 22.773657 -4572.091797
v -13921.416016 176.108139 -4290.133789
v -13857.978516 524.508240 -3408.514404
v -13930.400391 259.933624 -3098.144043
v -13944.100586 94.689102 -2515.165527
v -13909.393555 14.374232 -2306.223389
v -13937.279297 3.398810 -1691.158447
v -13917.903320 111.775879 -1402.336060
v -13923.785156 134.524261 -1324.234619
v -13913.615234 1421.209839 -660.156372
v -13963.825195 -27.371332 948.240417
v -13906.777344 787.406311 1214.220337
v -13968.213867 118.097748 2203.505127
v -13911.940430 529.262024 2403.622314
v -13987.082031 -35.236469 4672.541992
v -13954.589844 255.052780 -3383.733154
v -13979.989258 3.607554 -1573.002808
v -13932.529297 1362.315430 -565.743042
v -13908.070312 1544.108765 -462.626434
v -13870.988281 574.779968 -269.408600
v -13936.883789 369.175476 -103.161629
v -13921.071289 331.823761 1625.009033
v -13940.085938 149.008942 2057.916260
v -13914.652344 31.694996 3773.540527
v -13996.903320 898.786804 -3941.693604
v -13996.448242 106.929787 -2845.774170
v -13875.383789 368.798126 -188.875427
v -13951.753906 390.332886 1539.110718
v -13948.082031 384.123230 2758.028076
v -13959.571289 696.733948 -4098.264648
v -13950.912109 263.126740 -3195.633301
v -13973.586914 52.909351 -2621.968994
v -14002.147461 76.531204 -853.290588
v -13943.028320 476.019684 211.966537
v -13967.008789 -47.680264 850.553040
v -13949.159180 194.970444 2606.334473
v -14097.966797 -28.528778 4132.995117
v -13982.117188 323.241608 -4357.056641
v -13998.677734 25.287180 -3624.146729
v -14037.330078 246.977112 -3286.762451
v -13966.620117 353.115997 -3023.572754
v -13990.178711 99.533325 -998.346191
v -13966.875000 351.539154 -257.453735
v -13984.882812 441.967834 -187.168976
v -14043.802734 19.341707 1104.829224
v -14143.953125 -30.846907 4444.854004
v -14004.690430 -26.677692 4998.622559
v -14047.284180 12.416790 -1529.536377
v -14021.717773 91.255028 -1231.852173
v -14083.123047 82.151749 -1107.689575
v -13995.476562 1378.204956 -430.221344
v -13989.408203 495.551208 71.159981
v -14014.359375 -27.767775 641.791626
v -14000.639648 78.438271 1777.594482
v -13992.708984 177.078995 2976.181641
v -14010.606445 110.807739 3752.968994
v -13987.876953 15.536770 3967.927979
v -14054.532227 200.386215 -4474.129883
v -14081.684570 -23.868887 -2031.974609
v -14066.234375 39.424320 -1328.314209
v -14074.671875 76.242561 -761.925598
v -14032.649414 15.304784 2273.125488
v -13991.690430 300.629456 2823.902832
v -14077.581055 -27.199644 3401.085449
v -14029.940430 -22.307329 -5000.098145
v -14049.597656 1487.822632 -4066.395996
v -14070.590820 1379.585083 -4002.702148
v -14054.645508 61.262203 -2751.000977
v -14086.774414 169.204361 -2217.834717
v -14023.612305 1369.586670 -520.939941
v -14038.581055 -10.004074 411.226501
v -14033.578125 301.918030 1583.891357
v -14129.666016 -18.434072 1933.311646
v -14050.761719 0.892320 2597.499512
v -14023.008789 297.626373 2876.485596
v -14075.050781 -42.103783 3189.476807
v -14120.113281 31.968361 3869.097656
v -14029.513672 411.439606 -4277.302734
v -14070.007812 71.204811 -3410.795898
v -14030.066406 272.808960 168.520264
v -14042.562500 176.701462 1242.647217
v -14061.698242 -18.232262 2440.194336
v -14092.845703 244.376129 -3002.890381
v -14138.101562 50.977085 -2546.741455
v -14134.460938 82.095207 -612.678467
v -14073.362305 874.982117 -314.025360
v -14146.669922 -19.140656 2108.370117
v -14145.187500 110.315926 -4384.240723
v -14127.986328 632.709473 -4186.156250
v -14083.215820 491.463165 -3123.561035
v -14057.515625 19.671402 -2417.432129
v -14144.571289 62.985672 -2369.230225
v -14126.710938 1055.406128 -397.668762
v -14084.628906 559.846069 -229.962952
v -14042.714844 673.164124 -113.337738
v -14100.803711 205.359665 2951.148193
v -14197.716797 -12.120003 3702.037598
v -14158.684570 60.370865 -4598.205566
v -14173.309570 166.481384 -2733.292725
v -14109.921875 3.602360 -1805.592407
v -14180.564453 92.764023 -852.237305
v -14156.390625 7.708171 451.531158
v -14089.423828 301.123993 1367.563599
v -14158.334961 64.458679 1722.694824
v -14128.780273 7.553880 4889.845703
v -14282.440430 4.381629 -5002.712891
v -14093.457031 19.566103 -4712.075195
v -14143.183594 1583.710571 -3855.481201
v -14157.916016 101.333908 -3476.957275
v -14161.318359 128.480865 -2838.455566
v -14163.894531 121.115158 -1187.130371
v -14108.094727 291.378204 -24.691414
v -14142.494141 85.476318 1454.536377
v -14179.791016 -18.100193 4686.946289
v -14108.765625 1506.949341 -3939.985352
v -14146.735352 97.008156 -1519.115479
v -14143.557617 -42.832188 908.658752
v -14156.562500 92.754021 1582.468262
v -14206.963867 -10.867027 2835.926025
v -14170.451172 707.055481 -4130.066895
v -14148.699219 723.475769 -3744.276367
v -14150.346680 227.873886 -3253.561768
v -14189.008789 551.366882 -3158.950195
v -14211.768555 246.737717 -1755.365234
v -14199.228516 221.398621 -1428.807861
v -14169.054688 140.959473 -1051.470825
v -14205.089844 -31.287580 2348.799316
v -14271.645508 -12.476032 -4817.095703
v -14202.381836 889.130920 -4026.132812
v -14190.931641 196.356522 -3609.026367
v -14174.188477 471.313873 -3059.327881
v -14213.532227 277.817474 -2195.605713
v -14226.716797 173.251175 -1371.309937
v -14203.182617 -10.672743 641.868958
v -14222.822266 -32.686302 2734.628662
v -14207.511719 54.096130 3053.554688
v -14264.744141 69.760925 -4459.800781
v -14205.272461 236.759766 -4278.060059
v -14219.881836 1507.660034 -3878.009766
v -14216.423828 128.897202 -2609.787598
v -14205.839844 283.827087 -2074.104004
v -14235.631836 283.487488 -1888.031616
v -14250.291016 232.642044 -1236.160767
v -14267.692383 175.776840 -389.202423
v -14168.160156 -19.753283 225.149139
v -14205.686523 -3.338760 1253.216797
v -14245.452148 131.093643 1700.659424
v -14263.630859 -1.572357 1971.523315
v -14310.984375 5.531660 3273.469727
v -14227.020508 -11.128059 3448.502686
v -14283.200195 -26.032299 4113.368652
v -14229.433594 251.152161 -2316.669189
v -14150.574219 18.727516 119.987694
v -14238.271484 63.746544 -4638.442383
v -14228.555664 306.523529 -3502.090088
v -14250.559570 644.060669 -3371.880127
v -14285.273438 469.087311 -3058.032471
v -14220.427734 211.703705 -2955.200195
v -14293.780273 618.761292 -1823.760742
v -14292.696289 -26.970711 -145.307266
v -14297.102539 60.859577 1828.795776
v -14289.031250 165.777145 -4240.580078
v -14314.852539 305.773438 -3261.432617
v -14269.677734 268.364655 -1530.942017
v -14273.769531 155.082611 -1114.735718
v -14283.822266 45.567570 -998.139893
v -14265.631836 -9.811670 -589.089111
v -14286.803711 -10.591156 1496.815186
v -14319.204102 831.356873 -3807.288330
v -14343.353516 176.235672 -3645.405762
v -14294.688477 396.362640 -3136.128662
v -14365.059570 1048.082397 -2409.333008
v -14281.327148 652.710144 -2056.561279
v -14263.535156 444.088257 -1662.234131
v -14324.293945 147.432831 -1268.388062
v -14379.315430 105.054810 809.908691
v -14358.166992 34.202888 2465.270264
v -14354.294922 43.247204 3095.559814
v -14376.892578 -26.410704 4416.108398
v -14280.220703 -11.438069 4933.436523
v -14370.857422 34.540348 -4547.599609
v -14318.041016 43.171043 -4392.800293
v -14319.913086 492.283661 -4079.462158
v -14318.209961 374.660919 -2951.764648
v -14294.760742 2.483779 -755.799011
v -14411.482422 13.719902 660.052979
v -14324.891602 -8.994251 966.336975
v -14321.228516 -8.473625 1326.966797
v -14420.315430 -24.114695 4741.535156
v -14468.338867 -43.397068 5000.112793
v -14301.165039 1115.540771 -3914.973389
v -14340.038086 410.953644 -3535.697510
v -14322.259766 826.091675 -3442.081543
v -14390.950195 676.615479 -3371.321533
v -14310.818359 393.582886 -2742.953125
v -14318.853516 582.691711 -2618.680908
v -14353.589844 907.325439 -2235.298340
v -14367.314453 461.920044 -1899.708862
v -14330.588867 365.951904 -1647.254517
v -14329.023438 32.722786 -900.827942
v -14321.009766 -13.211852 342.237488
v -14316.947266 -0.350668 1151.123535
v -14323.360352 62.406872 1663.305298
v -14364.834961 54.858150 1949.837891
v -14359.806641 -15.018782 2114.454590
v -14425.954102 3.820391 2936.615967
v -14423.155273 -14.970350 3366.188965
v -14326.785156 604.514404 -2839.512207
v -14383.618164 546.239624 -2516.740723
v -14337.287109 776.922791 -2306.842529
v -14360.941406 174.432602 -1311.424927
v -14353.647461 5.908085 -435.827667
v -14322.182617 -9.721463 113.114540
v -14345.670898 -20.990665 3831.305176
v -14407.511719 173.299911 -4207.560547
v -14342.509766 592.502197 -2116.177490
v -14480.176758 -29.490255 3509.410645
v -14463.086914 9.181992 -4662.770996
v -14385.184570 1279.930664 -3934.086914
v -14396.465820 257.114410 -2992.006836
v -14398.509766 96.508293 -1502.875732
v -14455.856445 -3.866307 -97.370094
v -14430.100586 -20.941050 2600.803467
v -14477.258789 1.989422 -4818.971191
v -14397.400391 293.151581 -1749.797241
v -14461.562500 61.586922 -1635.230347
v -14471.321289 54.277763 -1214.557373
v -14420.853516 99.164268 -1117.274902
v -14460.720703 39.748676 -644.486267
v -14443.058594 -7.486413 466.977844
v -14419.821289 -17.237131 1509.585571
v -14464.156250 -18.229723 2337.053223
v -14493.630859 19.929533 2816.853760
v -14412.945312 391.767456 -2869.805176
v -14406.075195 269.437073 -2683.898438
v -14481.139648 80.336418 -2138.770020
v -14445.865234 222.572281 -778.840088
v -14517.006836 -22.153862 1271.322510
v -14485.641602 27.636917 1937.691284
v -14479.163086 1070.638428 -4011.573730
v -14494.877930 217.407776 -3333.791504
v -14452.733398 33.223755 -3197.180420
v -14481.205078 10.578713 -385.600891
v -14523.025391 -5.542514 139.196487
v -14420.802734 74.168335 1814.270020
v -14522.655273 -45.695847 3929.654785
v -14596.945312 -45.780937 -5000.671387
v -14482.009766 747.693054 -4099.467285
v -14467.949219 636.471558 -3835.005859
v -14433.622070 798.762695 -3456.640137
v -14433.992188 447.391022 -2329.250732
v -14447.022461 122.591705 -1875.428589
v -14469.569336 39.472664 -1438.794556
v -14522.621094 77.982094 -1284.226929
v -14533.062500 137.859863 -1053.689331
v -14548.416992 -7.279681 261.910553
v -14470.322266 -24.497879 966.120850
v -14562.179688 -28.859947 2092.636963
v -14524.646484 -6.594136 -4403.013184
v -14477.000977 49.142803 -3671.098145
v -14513.986328 60.481419 -3052.315430
v -14490.417969 372.461151 -893.117249
v -14535.013672 -11.845374 3133.303711
v -14605.281250 -35.327805 4108.698242
v -14525.482422 96.894814 -2844.764893
v -14533.145508 16.760983 -2625.598633
v -14554.463867 30.033712 -2504.618408
v -14616.872070 -0.078885 -31.426977
v -14573.869141 -15.452116 749.722290
v -14488.030273 30.694960 1686.013794
v -14563.267578 -33.027374 4361.933105
v -14538.385742 996.273865 -3933.604004
v -14545.436523 236.923279 -3517.332520
v -14522.838867 13.528355 556.593445
v -14608.790039 117.036507 1821.539917
v -14547.211914 -43.467937 4659.403320
v -14626.876953 40.112366 -4322.171387
v -14549.059570 450.387390 -3424.955322
v -14549.909180 -34.773605 -1836.903320
v -14617.927734 43.931446 -599.983704
v -14607.299805 32.023083 2234.586182
v -14550.608398 -31.095110 2606.051270
v -14617.589844 639.831604 -867.383667
v -14582.637695 199.403824 -747.065308
v -14622.071289 -0.042688 1117.901001
v -14623.903320 12.327573 1437.275513
v -14665.175781 147.253021 1683.026733
v -14642.424805 -35.202412 3746.890137
v -14659.125000 452.569366 -4148.237793
v -14542.915039 21.782784 -2208.127686
v -14596.368164 8.718721 -1591.973267
v -14637.947266 33.574188 -1323.559814
v -14597.781250 35.763668 -4558.735352
v -14605.123047 524.301086 -4080.177246
v -14679.205078 177.408936 -3866.077637
v -14635.853516 236.158737 -3767.583496
v -14597.118164 32.411205 -2956.060303
v -14599.484375 35.175648 -396.657471
v -14583.646484 9.949839 -208.376389
v -14672.154297 -30.647684 889.752747
v -14669.292969 109.193916 2316.606201
v -14622.160156 19.477404 2449.980957
v -14594.681641 1.689422 2898.501709
v -14738.578125 -31.832615 3504.688477
v -14591.987305 111.092804 -3628.191650
v -14655.807617 256.856720 -3361.158203
v -14657.881836 -9.383003 -2749.172363
v -14616.268555 -36.253010 -2366.131836
v -14670.292969 49.286404 -1443.837891
v -14622.185547 -9.625271 443.575928
v -14686.869141 -16.393688 3215.471924
v -14677.611328 84.245766 -3562.933594
v -14660.985352 78.672234 -3224.269775
v -14630.943359 563.313049 -950.154541
v -14663.417969 13.607140 292.211487
v -14701.504883 -12.592834 1251.776611
v -14648.458984 91.821503 1584.872437
v -14762.363281 -34.301441 1943.305420
v -14797.387695 -4.994726 -4698.702148
v -14715.042969 205.676788 -4260.057129
v -14684.876953 82.822235 -1125.096924
v -14676.008789 57.272484 -177.214432
v -14710.329102 56.721439 151.681549
v -14764.083008 -22.496258 646.557922
v -14743.487305 -39.982651 2643.381836
v -14703.772461 65.266251 -4434.595703
v -14729.847656 129.314392 -4027.151855
v -14659.025391 19.140818 -2654.536865
v -14725.034180 9.396815 -1755.646362
v -14706.563477 75.744476 2407.232178
v -14709.698242 -21.358974 -4851.453125
v -14816.056641 -14.380508 -1826.697388
v -14758.997070 185.468979 -819.821899
v -14784.312500 -7.773440 2538.592529
v -14734.671875 -30.860287 2900.482666
v -14798.374023 -38.336773 4535.422852
v -14783.437500 221.765717 -4192.995117
v -14790.337891 -34.890583 -1996.915039
v -14728.303711 64.605370 1800.145386
v -14733.605469 27.142157 -3104.689209
v -14730.608398 -17.225615 -2187.329102
v -14788.263672 -12.044868 -1247.635742
v -14749.916016 309.010895 -956.598938
v -14796.340820 -31.544302 -682.156677
v -14845.295898 35.187267 414.987091
v -14756.021484 469.618134 -3722.471436
v -14743.481445 53.443172 -3513.413574
v -14794.089844 0.465583 -1556.758179
v -14791.118164 82.341011 -1062.294556
v -14772.608398 18.911858 -326.103271
v -14768.696289 27.975170 -64.562256
v -14777.806641 12.932034 1453.578003
v -14760.394531 36.458569 1611.741455
v -14827.764648 -42.622971 2181.929443
v -14999.951172 -49.894650 4999.460938
v -14835.203125 71.861565 -4473.027344
v -14802.946289 234.940216 -4131.035156
v -14807.191406 8.204165 -3938.690674
v -14826.621094 -2.376548 -2179.925537
v -14788.503906 -32.821960 -485.530151
v -14817.767578 171.040344 -4330.774902
v -14846.366211 -19.543144 -2717.762695
v -14830.244141 29.397709 -257.830414
v -14822.795898 -32.605644 3188.990723
v -14841.123047 72.218056 -4552.594727
v -14815.768555 425.652496 -3729.774170
v -14865.466797 36.121780 -2860.980225
v -14798.708008 49.876652 -1388.087646
v -14831.589844 -6.257126 270.518524
v -14867.494141 -20.002689 592.408020
v -14835.335938 22.092440 -4999.817383
v -15001.283203 -23.267672 -2374.983887
v -14862.867188 6.329829 920.475647
v -14871.564453 -13.877843 1083.307495
v -14849.749023 -1.156634 1783.988770
v -14830.893555 51.451622 -3401.023193
v -14883.757812 -44.811985 -3142.291992
v -14903.772461 8.706399 -2471.438232
v -14842.516602 12.199717 738.063782
v -14999.868164 -31.750237 -4987.929199
v -14999.538086 3.157791 -4152.274414
v -14855.728516 -26.746172 4005.814209
v -14828.202148 -30.167250 4257.456543
v -14893.479492 68.455132 -4273.629883
v -14998.787109 -49.637081 -3978.218750
v -14907.428711 175.014496 -3733.791260
v -15000.062500 -37.545544 2877.153076
v -14999.654297 -42.124866 4213.872559
v -14995.999023 -25.104805 -4389.567383
v -14998.619141 -37.758865 -3559.664062
v -14909.312500 112.564384 -964.173218
v -14998.776367 -55.955944 165.545044
v -15000.412109 -18.942482 -2580.833740
v -14999.381836 -34.396488 -1915.865234
v -14999.797852 -31.499401 -470.174011
v -15003.607422 0.097249 -237.512009
v -14999.013672 -29.948360 6.131104
v -15000.035156 -38.769032 3641.948242
v -15000.008789 -33.135998 -4693.666504
v -15000.062500 -49.663990 -1592.385376
v -14999.503906 -32.300774 -803.005493
v -15000.572266 -2.180347 1311.466187
v -15000.593750 -19.681786 1512.929199
v -14999.994141 -44.339272 2404.203125
v -15001.176758 -24.854208 -1416.088379
v -15000.308594 -23.917786 418.470947
v -15000.322266 -17.509386 -2831.540527
v -14999.406250 -19.799648 -1120.702637
v -15000.976562 21.938265 -3763.771484
v -14995.166992 31.148977 -940.206909
v -15000.657227 -23.566418 983.736450
v -14999.931641 -42.687805 1841.415161
v -15000.104492 -52.216526 -3181.237793
vn 0.0276 0.9996 -0.0078
vn 0.2600 0.9633 0.0669
vn -0.0455 0.9989 -0.0074
vn -0.1622 0.9774 -0.1354
vn 0.0191 0.9997 0.0131
vn -0.1497 0.9883 -0.0279
vn 0.0368 0.9992 -0.0164
vn 0.0142 0.9999 -0.0024
vn 0.1539 0.9838 -0.0917
vn -0.0054 1.0000 -0.0072
vn 0.0383 0.9992 -0.0109
vn -0.0277 0.9995 0.0119
vn 0.0667 0.9830 -0.1713
vn 0.0830 0.9938 0.0742
vn 0.0069 1.0000 0.0018
vn -0.0177 0.9998 -0.0042
vn 0.1058 0.9912 0.0792
vn 0.0781 0.9960 0.0429
vn 0.0022 1.0000 -0.0061
vn 0.2768 0.8939 -0.3527
vn -0.0238 0.9997 -0.0040
vn 0.0207 0.9998 -0.0074
vn -0.0876 0.9836 0.1577
vn -0.3794 0.9127 0.1517
vn -0.0527 0.9985 0.0139
vn 0.0097 0.9999 0.0055
vn -0.0185 0.9998 -0.0122
vn -0.2530 0.9625 -0.0983
vn 0.3588 0.9091 0.2116
vn 0.0148 0.9998 0.0128
vn -0.1688 0.9850 0.0361
vn -0.3053 0.9147 0.2647
vn 0.3903 0.8938 -0.2210
vn 0.0044 1.0000 0.0025
vn -0.0168 0.9997 0.0188
vn 0.0072 0.9999 -0.0137
vn -0.0129 0.9999 -0.0045
vn 0.0143 0.9998 0.0111
vn 0.0211 0.9998 0.0039
vn -0.0078 1.0000 0.0022
vn -0.1909 0.9065 -0.3764
vn -0.0033 0.9996 0.0294
vn 0.0024 1.0000 -0.0059
vn 0.0157 0.9996 0.0231
vn -0.0114 0.9999 0.0001
vn 0.0405 0.9992 -0.0049
vn 0.0057 1.0000 -0.0025
vn -0.0295 0.9996 -0.0029
vn 0.0068 0.9999 -0.0149
vn 0.0626 0.9925 -0.1052
vn -0.2756 0.8904 0.3621
vn 0.0199 0.9997 -0.0123
vn 0.0061 1.0000 -0.0066
vn 0.0071 0.9999 0.0107
vn 0.0027 0.9999 0.0142
vn -0.0011 0.9998 0.0189
vn 0.0190 0.9991 0.0390
vn 0.0329 0.9994 -0.0045
vn -0.0136 0.9999 0.0024
vn 0.0741 0.9946 -0.0724
vn 0.1797 0.9523 0.2467
vn 0.0109 0.9998 0.0143
vn -0.7173 0.5805 0.3853
vn -0.0039 0.9997 0.0226
vn -0.0119 0.9998 -0.0169
vn -0.0033 0.9999 0.0143
vn 0.0234 0.9953 -0.0935
vn -0.0854 0.9866 0.1393
vn 0.0345 0.9964 0.0780
vn -0.0006 1.0000 -0.0077
vn 0.0201 0.9998 0.0042
vn -0.0018 0.9995 -0.0306
vn 0.0449 0.9990 -0.0084
vn 0.1409 0.9900 -0.0042
vn 0.8258 0.5234 0.2098
vn 0.3255 0.7477 0.5788
vn 0.0250 0.9996 0.0113
vn -0.0076 0.9999 0.0088
vn 0.2057 0.9759 0.0729
vn 0.2344 0.9694 -0.0726
vn 0.8769 0.4040 -0.2604
vn -0.0167 0.9998 0.0134
vn -0.0075 0.9996 -0.0263
vn 0.2153 0.9724 0.0895
vn -0.0042 0.9999 0.0099
vn 0.0336 0.9994 -0.0099
vn 0.9740 0.2172 0.0645
vn 0.1199 0.9927 0.0138
vn 0.3490 0.9315 -0.1027
vn 0.1081 0.9869 -0.1197
vn 0.1706 0.9851 0.0227
vn 0.0397 0.9992 -0.0022
vn -0.0134 0.9952 -0.0965
vn 0.4276 0.7728 0.4689
vn 0.1215 0.9524 0.2796
vn -0.0423 0.9953 -0.0867
vn 0.3347 0.7217 -0.6059
vn 0.0071 0.9432 0.3323
vn -0.0055 0.9942 -0.1075
vn 0.0823 0.9959 0.0376
vn 0.2505 0.9543 -0.1629
vn 0.5060 0.5041 -0.6999
vn 0.9006 0.1252 0.4162
vn 0.1579 0.9874 0.0069
vn -0.0261 0.9993 -0.0252
vn 0.2694 0.2155 0.9386
vn 0.0119 0.9999 0.0090
vn 0.0161 0.9998 -0.0125
vn 0.3626 0.8966 -0.2544
vn 0.5376 0.7938 0.2842
vn -0.1516 0.9879 0.0315
vn 0.7345 0.2893 -0.6138
vn 0.6674 0.1307 -0.7332
vn 0.3472 0.9343 0.0811
vn 0.0352 0.9993 0.0157
vn 0.4240 0.9056 0.0037
vn 0.2225 0.9709 0.0882
vn 0.6698 0.1326 -0.7306
vn 0.7695 0.6361 -0.0569
vn 0.7543 0.5652 -0.3341
vn 0.5211 0.7997 0.2981
vn 0.1638 0.9330 0.3203
vn 0.0211 0.9994 -0.0268
vn 0.5617 0.8154 -0.1401
vn 0.4320 0.2708 0.8603
vn 0.6703 0.7224 -0.1697
vn 0.4665 0.7241 0.5079
vn 0.1773 0.9701 0.1658
vn -0.0049 1.0000 0.0043
vn 0.5703 0.8198 -0.0520
vn -0.1353 0.9906 0.0224
vn 0.5342 0.1699 0.8281
vn 0.5288 0.6723 0.5180
vn 0.8117 0.5827 0.0408
vn 0.5336 0.7980 0.2801
vn -0.0084 0.9999 0.0091
vn 0.0337 0.9691 -0.2443
vn 0.3743 0.8620 -0.3419
vn 0.5444 0.1543 -0.8245
vn -0.3910 0.1574 0.9068
vn 0.3910 0.7583 -0.5217
vn 0.7396 0.2900 -0.6074
vn 0.6457 0.1742 -0.7435
vn -0.8405 0.5338 0.0932
vn 0.6508 0.3152 -0.6907
vn 0.2157 0.1242 0.9685
vn 0.4058 0.2815 0.8695
vn 0.8381 0.5444 0.0367
vn 0.7745 0.6292 -0.0645
vn -0.0441 0.8572 -0.5130
vn -0.0486 0.9927 0.1100
vn 0.0281 0.9980 -0.0566
vn -0.2479 0.9090 0.3351
vn -0.0471 0.9972 0.0584
vn 0.0028 0.9997 0.0255
vn 0.0172 0.9998 -0.0094
vn 0.0271 0.9438 0.3295
vn 0.2955 0.9363 0.1898
vn 0.0330 0.9991 -0.0263
vn 0.0254 0.9995 -0.0207
vn 0.5349 0.7624 -0.3642
vn 0.8604 0.5089 0.0259
vn 0.6942 0.6095 0.3829
vn 0.4590 0.8592 0.2260
vn 0.0012 0.9995 0.0330
vn 0.1764 0.2173 -0.9600
vn 0.2139 0.2674 0.9396
vn 0.3836 0.6333 0.6722
vn 0.5045 0.7940 -0.3392
vn 0.2959 0.9415 0.1614
vn 0.0185 0.9998 0.0060
vn 0.0017 0.9999 -0.0115
vn 0.1596 0.7769 -0.6090
vn -0.0769 0.9945 -0.0705
vn -0.1131 0.9926 0.0445
vn -0.3251 0.8888 -0.3231
vn 0.7620 0.2450 -0.5995
vn 0.8192 0.2559 -0.5133
vn 0.8236 0.5604 0.0875
vn 0.7459 0.6594 0.0940
vn 0.8041 0.5640 0.1880
vn 0.5927 0.7749 -0.2196
vn 0.6254 0.5988 0.5003
vn 0.0190 0.9994 -0.0290
vn 0.0404 0.9988 0.0269
vn 0.0065 0.9999 -0.0117
vn 0.7562 0.5397 -0.3700
vn 0.8444 0.5323 0.0601
vn 0.3113 0.7571 0.5744
vn 0.6330 0.7621 0.1361
vn -0.0168 0.9996 -0.0241
vn -0.0108 0.9953 0.0965
vn 0.6034 0.3127 -0.7336
vn -0.9506 0.2729 -0.1482
vn -0.9353 0.2713 -0.2273
vn -0.9599 0.1625 0.2284
vn -0.2550 0.6056 0.7538
vn 0.9122 0.3871 0.1347
vn 0.7491 0.3939 -0.5325
vn 0.0018 0.9999 0.0165
vn 0.0397 0.9991 -0.0113
vn -0.3020 0.2927 0.9073
vn -0.1688 0.9702 0.1738
vn 0.8271 0.5465 0.1314
vn 0.6355 0.7616 0.1270
vn 0.0016 1.0000 -0.0059
vn 0.5627 0.8252 -0.0492
vn 0.0790 0.9952 0.0584
vn 0.4609 0.7926 -0.3991
vn 0.3191 0.6592 -0.6809
vn 0.6081 0.5349 0.5866
vn 0.8053 0.5320 0.2619
vn 0.8311 0.5257 -0.1813
vn 0.6137 0.7454 -0.2602
vn 0.3918 0.6389 0.6621
vn 0.2778 0.9554 0.1002
vn 0.0086 1.0000 -0.0036
vn -0.3607 0.9014 -0.2395
vn 0.0885 0.9902 -0.1079
vn -0.9268 0.2219 0.3029
vn -0.8550 0.3853 0.3472
vn 0.7895 0.4636 -0.4022
vn 0.7386 0.3716 -0.5625
vn 0.8985 0.3708 0.2348
vn 0.5655 0.4116 0.7147
vn 0.8181 0.3654 0.4440
vn 0.4403 0.7859 0.4341
vn -0.5040 0.8388 0.2059
vn -0.5066 0.7543 -0.4176
vn 0.0835 0.9920 -0.0951
vn -0.0486 0.9987 0.0141
vn -0.0101 0.9994 0.0321
vn 0.2590 0.9575 -0.1271
vn -0.6488 0.7563 -0.0840
vn 0.0285 0.5344 -0.8447
vn 0.0968 0.8449 -0.5261
vn 0.9169 0.2864 0.2780
vn 0.9354 0.2881 0.2052
vn 0.8932 0.4261 0.1436
vn 0.7988 0.3905 0.4576
vn 0.9464 0.3133 0.0787
vn 0.8394 0.4672 -0.2776
vn 0.8317 0.3971 -0.3880
vn 0.1431 0.9895 -0.0207
vn -0.0851 0.7978 0.5968
vn 0.0770 0.9935 0.0841
vn -0.0274 0.9996 0.0078
vn -0.0051 0.9995 -0.0326
vn -0.9426 0.3316 -0.0384
vn -0.9747 0.2229 0.0169
vn 0.8381 0.3732 -0.3979
vn 0.8513 0.4999 0.1591
vn 0.2833 0.7235 -0.6295
vn 0.0824 0.9795 0.1838
vn -0.6459 0.4102 -0.6439
vn -0.4940 0.3679 -0.7878
vn -0.1538 0.4083 -0.8998
vn 0.2739 0.3378 0.9005
vn 0.6196 0.7431 -0.2529
vn 0.2105 0.9768 0.0380
vn -0.9161 0.3022 0.2636
vn 0.7342 0.3238 -0.5968
vn -0.0833 0.4537 0.8873
vn 0.5661 0.4665 0.6796
vn 0.3294 0.9415 0.0718
vn -0.1022 0.7356 0.6697
vn 0.0737 0.3474 0.9348
vn 0.3851 0.8727 -0.3002
vn 0.8065 0.5702 0.1565
vn 0.6121 0.7906 0.0196
vn -0.0185 0.9998 0.0058
vn 0.4613 0.7928 -0.3983
vn 0.6816 0.3141 -0.6609
vn -0.0361 0.5454 -0.8374
vn -0.6382 0.7676 -0.0599
vn -0.2309 0.5504 -0.8023
vn -0.8046 0.2190 0.5520
vn -0.9519 0.3045 0.0335
vn -0.7887 0.6147 0.0116
vn -0.5752 0.6802 -0.4543
vn 0.2640 0.9529 0.1495
vn -0.0206 0.9974 0.0693
vn 0.0068 1.0000 -0.0009
vn -0.7369 0.6681 -0.1031
vn -0.0420 0.9979 0.0500
vn 0.1601 0.9839 0.0792
vn -0.8250 0.2135 0.5233
vn -0.7596 0.2964 -0.5790
vn -0.8758 0.4609 -0.1432
vn 0.6479 0.7188 0.2519
vn -0.0082 0.9998 -0.0192
vn 0.0530 0.9964 -0.0661
vn 0.0534 0.9384 -0.3415
vn -0.9275 0.3595 -0.1023
vn 0.4465 0.3810 0.8096
vn -0.7988 0.4827 -0.3590
vn 0.8196 0.5591 0.1251
vn 0.1167 0.9531 0.2791
vn -0.4087 0.8794 -0.2442
vn 0.2551 0.9535 -0.1606
vn -0.1258 0.9919 -0.0175
vn 0.0199 0.9998 -0.0080
vn 0.0791 0.9965 0.0271
vn 0.0356 0.9993 -0.0123
vn 0.4467 0.6041 -0.6600
vn -0.9306 0.1131 -0.3481
vn -0.9215 0.3328 -0.2002
vn -0.8560 0.3482 -0.3822
vn -0.7467 0.6598 0.0840
vn -0.8280 0.3383 -0.4471
vn -0.9111 0.2577 0.3217
vn -0.7658 0.4003 0.5032
vn -0.5895 0.5276 -0.6116
vn -0.7974 0.4571 0.3940
vn 0.7971 0.5481 0.2533
vn 0.2521 0.8988 -0.3586
vn -0.6947 0.3261 0.6411
vn -0.9237 0.3233 -0.2056
vn 0.0628 0.5607 -0.8257
vn -0.4443 0.6525 0.6139
vn -0.5551 0.4526 0.6979
vn -0.7986 0.4827 0.3594
vn -0.3723 0.9222 0.1043
vn 0.2693 0.9246 0.2693
vn 0.5271 0.6474 -0.5505
vn 0.5696 0.8214 0.0299
vn 0.4245 0.9054 0.0078
vn 0.3999 0.8732 0.2786
vn -0.1019 0.9893 -0.1048
vn 0.0165 0.9818 0.1893
vn -0.0378 0.9810 -0.1902
vn -0.5948 0.7950 -0.1192
vn 0.4510 0.4090 -0.7933
vn 0.6951 0.4858 -0.5299
vn 0.1487 0.9293 0.3381
vn -0.8191 0.5491 0.1661
vn -0.7519 0.3621 0.5509
vn -0.6234 0.6790 -0.3877
vn -0.6436 0.7076 -0.2918
vn -0.5017 0.7907 0.3509
vn -0.2477 0.9660 0.0734
vn 0.0392 0.9860 0.1623
vn 0.0887 0.9958 -0.0218
vn -0.0070 0.9997 -0.0240
vn 0.5430 0.4380 -0.7165
vn 0.7272 0.6665 0.1643
vn -0.2213 0.4519 -0.8642
vn -0.6500 0.3759 0.6605
vn -0.2942 0.7057 0.6445
vn 0.2241 0.4600 0.8592
vn -0.2433 0.8382 -0.4881
vn 0.5039 0.7673 0.3966
vn 0.0173 0.8362 0.5482
vn -0.0139 0.9998 0.0143
vn -0.0004 0.9999 0.0166
vn 0.7169 0.6873 -0.1168
vn -0.4261 0.4211 0.8007
vn -0.4795 0.6305 -0.6104
vn -0.9532 0.2355 -0.1895
vn -0.7542 0.6532 0.0671
vn 0.0197 0.9998 0.0052
vn 0.0766 0.9680 -0.2389
vn 0.6344 0.4523 -0.6269
vn -0.4706 0.8764 0.1023
vn -0.8787 0.4744 0.0530
vn -0.2749 0.9613 0.0157
vn -0.0868 0.9201 0.3819
vn -0.0073 0.9993 -0.0355
vn 0.3292 0.7163 -0.6153
vn 0.4368 0.6326 -0.6396
vn 0.3809 0.4770 0.7921
vn -0.2408 0.8144 0.5279
vn -0.1592 0.3386 -0.9274
vn -0.5632 0.6288 0.5361
vn -0.7776 0.5307 -0.3371
vn -0.2465 0.9450 0.2149
vn -0.9203 0.3913 -0.0064
vn -0.3303 0.8437 0.4233
vn -0.0060 0.9999 -0.0130
vn 0.0094 0.9997 0.0205
vn 0.1449 0.7732 -0.6174
vn 0.2793 0.9025 -0.3278
vn 0.1968 0.8647 -0.4621
vn 0.3107 0.7446 -0.5908
vn -0.5072 0.4785 0.7168
vn -0.3730 0.8958 -0.2418
vn -0.5570 0.6079 -0.5658
vn 0.0418 0.9988 -0.0246
vn 0.0086 0.9940 -0.1091
vn 0.0044 0.9995 0.0306
vn 0.7864 0.5195 0.3341
vn -0.6443 0.7608 -0.0778
vn -0.2765 0.9443 0.1785
vn 0.1899 0.8534 -0.4855
vn -0.4527 0.8850 -0.1086
vn -0.7076 0.7064 0.0182
vn -0.3471 0.8798 0.3248
vn -0.2452 0.9122 0.3284
vn -0.6294 0.7659 0.1313
vn 0.3014 0.9368 0.1776
vn 0.0317 0.9861 0.1630
vn 0.4293 0.8846 0.1824
vn 0.7723 0.4580 0.4403
vn 0.2079 0.5072 -0.8364
vn -0.4730 0.4002 0.7849
vn -0.1550 0.9070 0.3916
vn -0.6242 0.5552 -0.5496
vn -0.3403 0.4684 0.8154
vn -0.6583 0.6963 0.2859
vn -0.2407 0.9700 -0.0349
vn -0.2266 0.9645 0.1356
vn 0.2734 0.9251 0.2634
vn -0.0099 0.9994 -0.0346
vn 0.3581 0.8987 -0.2531
vn -0.2424 0.9701 -0.0125
vn -0.1755 0.8637 -0.4726
vn -0.5739 0.8179 0.0405
vn 0.8061 0.3769 -0.4563
vn -0.2732 0.9617 0.0215
vn -0.1248 0.9913 -0.0413
vn -0.2325 0.7260 -0.6472
vn -0.4557 0.8687 0.1940
vn 0.0143 0.9999 0.0061
vn -0.1418 0.9878 -0.0649
vn 0.0412 0.9991 -0.0133
vn 0.8706 0.4620 -0.1692
vn 0.5420 0.4938 -0.6800
vn 0.7713 0.6107 0.1796
vn 0.0136 0.6926 0.7212
vn -0.4240 0.5946 -0.6831
vn -0.2371 0.9701 -0.0517
vn -0.5383 0.7570 0.3705
vn 0.0209 0.9998 -0.0002
vn 0.1437 0.9156 -0.3755
vn 0.3616 0.8809 0.3055
vn -0.0159 0.9997 -0.0195
vn -0.1929 0.9105 -0.3658
vn 0.8199 0.5063 -0.2674
vn -0.7685 0.3968 0.5020
vn -0.3283 0.8229 -0.4637
vn -0.4966 0.8011 -0.3340
vn 0.4698 0.5083 -0.7217
vn 0.4908 0.5112 -0.7055
vn 0.8653 0.3561 -0.3529
vn -0.7668 0.4619 0.4457
vn -0.5607 0.5886 -0.5824
vn -0.7233 0.5984 -0.3446
vn -0.2881 0.9198 0.2665
vn 0.3394 0.9314 0.1317
vn 0.5175 0.8477 0.1167
vn 0.1836 0.8384 0.5133
vn 0.0015 0.9999 -0.0112
vn 0.3789 0.6774 -0.6305
vn -0.5373 0.8222 0.1879
vn 0.4169 0.4022 0.8151
vn -0.5305 0.7122 0.4597
vn -0.5119 0.7965 0.3218
vn -0.5342 0.7914 -0.2972
vn 0.0226 0.9997 -0.0101
vn 0.4149 0.8258 -0.3820
vn -0.3005 0.6627 -0.6859
vn -0.1001 0.4202 -0.9019
vn 0.0519 0.5844 0.8098
vn 0.2554 0.9261 0.2776
vn -0.4845 0.8240 0.2937
vn -0.7065 0.6858 0.1746
vn -0.0496 0.9978 -0.0439
vn 0.3462 0.6521 -0.6745
vn 0.3300 0.2472 0.9110
vn -0.3733 0.8882 -0.2680
vn 0.4703 0.8672 0.1638
vn -0.4258 0.9033 0.0529
vn 0.0846 0.9945 0.0624
vn 0.5852 0.5094 -0.6309
vn 0.0795 0.5948 0.8000
vn -0.0202 0.9993 0.0318
vn -0.0105 0.9999 -0.0023
vn -0.4550 0.8627 0.2208
vn -0.4987 0.7762 0.3859
vn 0.0211 0.9996 -0.0192
vn 0.3654 0.8673 -0.3380
vn 0.1958 0.7913 0.5792
vn 0.6264 0.4022 -0.6677
vn -0.6126 0.4804 -0.6276
vn 0.5186 0.3160 -0.7945
vn 0.8182 0.3878 -0.4245
vn -0.5327 0.5337 0.6568
vn 0.4504 0.7348 -0.5072
vn 0.2764 0.6879 0.6711
vn 0.3762 0.9208 -0.1027
vn -0.3854 0.6442 -0.6607
vn 0.0025 0.9999 0.0100
vn 0.0124 0.9999 0.0033
vn 0.0223 0.9996 -0.0190
vn -0.2222 0.7509 -0.6219
vn -0.3346 0.8556 0.3950
vn -0.0523 0.9578 0.2826
vn 0.1227 0.9846 -0.1244
vn -0.3651 0.7659 -0.5293
vn 0.4791 0.4548 -0.7508
vn 0.5109 0.5544 0.6570
vn -0.5751 0.2809 0.7684
vn -0.3984 0.4826 0.7800
vn 0.3184 0.9021 0.2913
vn 0.5376 0.6665 -0.5165
vn -0.1429 0.9749 -0.1708
vn -0.0046 1.0000 -0.0064
vn -0.0031 0.9665 -0.2565
vn 0.0333 0.9989 -0.0339
vn -0.1198 0.4098 -0.9043
vn -0.2998 0.6076 0.7355
vn -0.0573 0.9983 -0.0142
vn -0.0113 0.9999 0.0077
vn -0.0418 0.9939 0.1024
vn -0.0010 0.9938 0.1109
vn -0.0257 0.9996 -0.0147
vn -0.0185 0.9996 -0.0222
vn -0.0833 0.6860 0.7229
vn 0.2901 0.8549 -0.4301
vn 0.1743 0.6293 -0.7574
vn -0.0231 0.9993 -0.0287
vn -0.0406 0.9971 0.0637
vn 0.0057 1.0000 -0.0055
vn 0.0025 1.0000 0.0024
vn -0.0109 0.9998 0.0163
vn -0.3178 0.9339 -0.1640
vn -0.3361 0.4000 -0.8527
vn 0.0141 0.3246 -0.9457
vn -0.4877 0.2448 0.8380
vn -0.0224 0.5111 0.8592
vn 0.0293 0.9994 0.0203
vn 0.0295 0.9994 -0.0184
vn -0.5666 0.4656 0.6798
vn -0.2708 0.6836 0.6778
vn 0.0590 0.3179 -0.9463
vn 0.6389 0.5752 0.5108
vn -0.1057 0.6113 0.7843
vn -0.0556 0.9984 0.0114
vn -0.8301 0.2091 0.5170
vn 0.0606 0.9408 0.3334
vn -0.0312 0.5107 0.8592
vn -0.1295 0.9159 -0.3800
vn -0.2876 0.8987 -0.3311
vn 0.1613 0.4805 0.8620
vn -0.0028 0.9999 0.0122
vn -0.0166 0.9998 -0.0108
vn -0.0304 0.9993 0.0209
vn -0.0055 0.9997 -0.0245
vn -0.8044 0.5673 0.1761
vn -0.4414 0.8453 0.3010
vn 0.1150 0.9196 -0.3757
vn -0.8063 0.5913 0.0154
vn 0.4166 0.5337 0.7359
vn 0.1467 0.3538 0.9237
vn 0.1166 0.7500 -0.6511
vn 0.3779 0.5215 -0.7650
vn -0.0284 0.9996 0.0065
vn -0.5738 0.4112 0.7083
vn 0.2932 0.8940 -0.3388
vn -0.1276 0.5474 -0.8271
vn 0.0243 0.5144 0.8572
vn -0.0299 0.9987 0.0411
vn -0.0612 0.9927 -0.1038
vn -0.0547 0.9985 -0.0096
vn 0.5747 0.3364 -0.7460
vn 0.8343 0.4388 -0.3338
vn -0.4026 0.4073 -0.8198
vn -0.1016 0.8978 0.4285
vn -0.0282 0.9996 0.0006
vn -0.0912 0.9919 -0.0886
vn -0.0328 0.9993 0.0156
vn 0.0026 1.0000 0.0060
vn 0.0103 0.9999 -0.0084
vn 0.3290 0.9419 -0.0671
vn -0.5576 0.3102 0.7700
vn -0.1548 0.9837 0.0918
vn -0.1629 0.9830 0.0852
vn 0.0495 0.9940 0.0973
vn -0.0927 0.3983 -0.9126
vn 0.2431 0.5340 0.8098
vn 0.4949 0.2714 -0.8255
vn -0.7727 0.3833 0.5059
vn 0.6399 0.5677 0.5180
vn -0.2392 0.4759 0.8463
vn -0.1371 0.5227 0.8414
vn 0.3497 0.8943 -0.2792
vn -0.0101 0.9999 -0.0086
vn -0.2837 0.9280 -0.2415
vn 0.4428 0.8855 -0.1410
vn 0.4095 0.9078 0.0908
vn 0.2820 0.9354 0.2134
vn -0.4074 0.3184 0.8559
vn -0.4627 0.8849 -0.0529
vn -0.5626 0.6739 -0.4788
vn -0.1227 0.9915 0.0422
vn 0.0259 0.9997 -0.0029
vn -0.3854 0.8302 0.4027
vn -0.2094 0.1616 -0.9644
vn -0.9280 0.2007 -0.3138
vn -0.2206 0.9659 -0.1355
vn 0.0199 0.4841 -0.8748
vn -0.6307 0.3855 0.6735
vn 0.0128 0.9997 0.0213
vn 0.2782 0.9596 -0.0427
vn -0.0392 0.9992 -0.0051
vn -0.0022 0.4994 -0.8664
vn -0.9215 0.2039 0.3305
vn -0.8757 0.3317 0.3510
vn -0.8448 0.2837 0.4537
vn -0.7681 0.6371 -0.0646
vn -0.0880 0.9122 -0.4001
vn -0.4945 0.5759 -0.6510
vn -0.0064 1.0000 0.0062
vn 0.2506 0.9316 0.2631
vn 0.1323 0.9885 0.0731
vn 0.4838 0.7919 -0.3726
vn -0.0008 0.9995 -0.0311
vn -0.4731 0.7271 0.4975
vn -0.0564 0.6662 0.7436
vn 0.3755 0.9121 -0.1646
vn 0.3642 0.7981 -0.4801
vn -0.7752 0.3809 0.5039
vn -0.2745 0.9372 -0.2152
vn -0.3554 0.6701 -0.6517
vn -0.0086 0.9999 0.0084
vn 0.4398 0.7709 0.4607
vn -0.8560 0.5138 -0.0575
vn -0.2027 0.8856 -0.4180
vn -0.1614 0.6608 0.7330
vn 0.0100 0.9097 0.4152
vn -0.0073 0.9992 0.0399
vn 0.0573 0.9972 -0.0485
vn 0.0789 0.9011 -0.4263
vn -0.1323 0.9197 0.3696
vn 0.8868 0.3546 -0.2962
vn 0.9029 0.3981 -0.1621
vn -0.8629 0.4998 0.0749
vn -0.8486 0.3777 0.3705
vn -0.6689 0.7057 0.2336
vn -0.3779 0.9253 -0.0315
vn 0.0005 0.9996 0.0292
vn 0.2999 0.8708 0.3895
vn 0.9185 0.2765 -0.2826
vn -0.8062 0.4145 -0.4222
vn -0.7545 0.3239 0.5708
vn 0.4171 0.7384 0.5299
vn -0.8268 0.4549 -0.3309
vn -0.4260 0.7688 -0.4770
vn -0.2504 0.9496 -0.1884
vn -0.8622 0.4803 0.1610
vn -0.0108 0.9999 0.0068
vn -0.1197 0.9775 -0.1737
vn -0.0095 0.9999 -0.0114
vn -0.0564 0.9853 -0.1610
vn 0.4248 0.9011 0.0869
vn 0.7739 0.4996 0.3893
vn 0.7181 0.4608 0.5216
vn 0.4313 0.8428 -0.3219
vn -0.0263 0.9932 0.1133
vn -0.0327 0.9993 0.0154
vn -0.0242 0.9984 -0.0512
vn -0.0458 0.9989 0.0109
vn -0.0050 0.9999 -0.0150
vn 0.4220 0.7790 -0.4638
vn 0.3966 0.3436 -0.8513
vn -0.1796 0.8406 0.5111
vn 0.1071 0.9669 0.2315
vn -0.3929 0.9065 -0.1548
vn -0.2688 0.8293 -0.4898
vn 0.0592 0.9964 0.0610
vn 0.1009 0.8056 0.5839
vn 0.4439 0.8939 0.0626
vn -0.0891 0.9636 -0.2522
vn -0.4235 0.8795 0.2172
vn -0.4011 0.8295 0.3887
vn 0.2914 0.8958 -0.3356
vn 0.5376 0.8403 0.0705
vn 0.3735 0.8786 -0.2978
vn -0.0026 1.0000 0.0038
vn 0.6264 0.4766 -0.6168
vn 0.1670 0.3287 0.9295
vn 0.2087 0.6451 0.7351
vn 0.7712 0.4983 -0.3962
vn 0.3388 0.7946 0.5037
vn -0.0667 0.8513 -0.5204
vn 0.5261 0.6632 -0.5324
vn 0.4257 0.7483 0.5087
vn 0.9457 0.1740 -0.2744
vn -0.5798 0.7385 0.3442
vn 0.4658 0.7679 -0.4396
vn -0.0003 1.0000 -0.0044
vn 0.0193 0.9998 -0.0019
vn -0.0041 0.9999 -0.0165
vn 0.0112 0.9997 0.0209
vn -0.1457 0.9331 -0.3289
vn -0.0186 0.9044 0.4262
vn -0.1647 0.9793 -0.1180
vn -0.4619 0.8869 -0.0105
vn 0.8371 0.4747 0.2718
vn -0.0063 0.9997 -0.0242
vn 0.0146 0.9999 -0.0062
vn -0.5118 0.8142 0.2740
vn -0.3153 0.8424 0.4370
vn 0.3359 0.7256 -0.6006
vn 0.8115 0.2165 0.5428
vn -0.0137 0.9550 0.2962
vn -0.0155 0.9999 0.0003
vn 0.0618 0.9838 -0.1680
vn -0.0204 0.9879 0.1536
vn 0.1474 0.3686 -0.9178
vn 0.7641 0.6410 -0.0733
vn -0.2714 0.5470 -0.7919
vn -0.1568 0.9799 0.1230
vn 0.5281 0.7833 0.3280
vn -0.0216 0.9992 0.0328
vn 0.0148 0.9998 0.0097
vn -0.0060 0.9999 -0.0159
vn -0.0090 0.9999 0.0053
vn 0.0105 0.9999 0.0036
vn 0.0233 0.9984 -0.0521
vn -0.0486 0.9987 -0.0172
vn 0.1055 0.9943 0.0146
vn 0.3827 0.6864 -0.6184
vn 0.3299 0.2068 -0.9211
vn 0.5785 0.8139 0.0543
vn 0.2711 0.6230 0.7337
vn 0.6588 0.7522 -0.0084
vn 0.0240 0.9225 0.3854
vn 0.0084 0.9992 -0.0378
vn 0.5260 0.6632 -0.5324
vn -0.2881 0.9387 0.1891
vn -0.1918 0.3085 0.9317
vn 0.3690 0.8056 -0.4636
vn 0.1803 0.6499 0.7383
vn 0.7233 0.6806 0.1165
vn 0.7668 0.6418 -0.0106
vn 0.1555 0.9006 0.4059
vn 0.5292 0.6501 0.5453
vn 0.0612 0.9933 -0.0976
vn 0.4499 0.6103 -0.6520
vn -0.3399 0.5677 -0.7498
vn -0.9041 0.4244 0.0499
vn -0.0982 0.6929 -0.7143
vn -0.0187 0.9996 -0.0224
vn 0.0008 1.0000 0.0026
vn 0.4014 0.9083 0.1181
vn -0.0040 0.9999 0.0107
vn 0.0059 0.6018 0.7986
vn 0.1511 0.7173 -0.6802
vn 0.6961 0.7016 -0.1522
vn -0.5769 0.8162 -0.0311
vn -0.7687 0.5945 0.2359
vn 0.1377 0.7868 -0.6016
vn 0.0401 0.6275 0.7776
vn 0.1409 0.9718 -0.1889
vn 0.2649 0.9353 -0.2345
vn -0.5595 0.7699 0.3070
vn -0.7873 0.2495 0.5638
vn -0.5168 0.2437 0.8207
vn -0.6062 0.7941 0.0428
vn -0.7413 0.5233 -0.4202
vn 0.0044 0.9999 0.0114
vn 0.0013 0.9993 -0.0378
vn -0.2039 0.9695 -0.1359
vn -0.2045 0.4574 -0.8654
vn -0.6200 0.2304 -0.7500
vn 0.6229 0.7813 -0.0398
vn 0.0687 0.9976 0.0113
vn -0.0952 0.6877 -0.7197
vn -0.1636 0.9511 0.2621
vn 0.1254 0.9597 -0.2514
vn 0.3052 0.4896 0.8168
vn 0.5955 0.7907 -0.1419
vn 0.0664 0.9736 -0.2186
vn -0.0101 0.9999 -0.0019
vn 0.0107 0.9999 0.0095
vn -0.3789 0.5671 -0.7313
vn 0.8187 0.3458 -0.4583
vn -0.0195 0.9991 0.0376
vn 0.0117 0.9997 0.0203
vn -0.0090 0.9999 -0.0050
vn 0.0132 0.9999 0.0076
vn 0.0204 0.9982 -0.0563
vn 0.0755 0.9923 0.0979
vn -0.6231 0.7354 0.2664
vn 0.1570 0.3451 -0.9254
vn 0.2872 0.5642 -0.7741
vn -0.7400 0.5515 -0.3851
vn -0.7308 0.5948 -0.3349
vn -0.0598 0.6109 0.7895
vn -0.1619 0.8730 -0.4601
vn -0.0102 0.7872 -0.6166
vn -0.4054 0.6864 -0.6037
vn 0.4316 0.9009 -0.0462
vn -0.1273 0.6529 0.7467
vn -0.0022 0.9999 -0.0146
vn -0.0059 1.0000 0.0061
vn 0.5684 0.3909 -0.7239
vn -0.7543 0.6050 -0.2548
vn 0.0332 0.9864 0.1610
vn 0.6212 0.7820 0.0514
vn -0.5733 0.5538 0.6038
vn -0.2191 0.9681 -0.1217
vn -0.0637 0.5974 0.7994
vn -0.0083 0.9999 0.0074
vn 0.0609 0.9964 -0.0585
vn 0.0266 0.9919 -0.1242
vn -0.4242 0.7099 -0.5623
vn -0.6861 0.7230 0.0807
vn -0.3292 0.4322 0.8396
vn -0.0430 0.7486 0.6616
vn 0.0188 0.9967 -0.0784
vn -0.4463 0.1198 0.8868
vn -0.7006 0.6282 -0.3385
vn 0.6775 0.6751 -0.2919
vn 0.0230 0.8719 0.4891
vn -0.1260 0.5583 -0.8200
vn -0.0200 0.9998 -0.0077
vn 0.1452 0.9687 0.2012
vn 0.0728 0.9920 0.1031
vn -0.1927 0.9701 -0.1473
vn -0.3951 0.6211 -0.6769
vn -0.3942 0.6406 -0.6589
vn -0.6621 0.3238 -0.6759
vn -0.8693 0.2907 -0.3997
vn -0.8589 0.3464 0.3773
vn -0.5266 0.3182 0.7883
vn -0.4749 0.7797 -0.4082
vn 0.0327 0.9886 -0.1468
vn 0.5782 0.7048 0.4111
vn 0.1974 0.7054 -0.6808
vn -0.2680 0.8359 0.4790
vn 0.3901 0.8043 0.4484
vn -0.7485 0.6372 -0.1838
vn -0.3859 0.7130 0.5854
vn -0.3642 0.7050 0.6086
vn 0.0153 0.9997 -0.0194
vn -0.0029 0.9996 -0.0278
vn -0.0393 0.9675 0.2498
vn -0.2180 0.7010 -0.6791
vn -0.5094 0.8020 -0.3120
vn -0.1688 0.9856 0.0061
vn -0.1692 0.9368 -0.3063
vn 0.0607 0.9961 0.0639
vn -0.0215 0.9976 -0.0660
vn -0.4769 0.7649 -0.4329
vn -0.2462 0.9338 0.2595
vn -0.4384 0.7623 0.4761
vn 0.4803 0.7744 0.4119
vn 0.2109 0.9706 -0.1162
vn -0.0008 0.9999 0.0156
vn 0.0149 0.9999 -0.0061
vn -0.7957 0.5801 0.1743
vn -0.3407 0.5477 -0.7642
vn 0.0237 0.9698 -0.2428
vn -0.1587 0.9873 -0.0045
vn -0.1588 0.9873 0.0002
vn -0.2255 0.8012 -0.5542
vn 0.5239 0.7053 0.4776
vn -0.0428 0.9635 -0.2642
vn 0.1570 0.9876 0.0001
vn -0.6667 0.6259 0.4046
vn 0.0108 0.9998 -0.0159
vn -0.0125 0.9999 0.0083
vn -0.0068 1.0000 0.0041
vn -0.2141 0.9760 -0.0410
vn 0.0325 0.9975 0.0631
vn -0.0193 0.9995 0.0251
vn 0.2825 0.8549 -0.4352
vn 0.1213 0.6648 -0.7371
vn 0.5933 0.7168 0.3663
vn 0.8403 0.5183 -0.1586
vn -0.6972 0.5684 0.4367
vn 0.0137 0.9995 -0.0298
vn -0.7467 0.5861 0.3146
vn 0.8443 0.4778 -0.2427
vn -0.1127 0.7898 0.6030
vn 0.3112 0.3587 0.8801
vn -0.0176 0.9991 0.0385
vn 0.0073 0.9999 0.0096
vn -0.0500 0.9986 -0.0195
vn -0.0667 0.9875 0.1426
vn 0.5190 0.5379 -0.6643
vn 0.4578 0.8087 0.3694
vn 0.6174 0.5656 -0.5467
vn 0.0317 0.9992 0.0248
vn -0.1372 0.9844 -0.1104
vn -0.0428 0.9934 -0.1068
vn 0.1188 0.9925 -0.0291
vn -0.2390 0.8571 0.4563
vn 0.7450 0.6405 0.1863
vn 0.0448 0.9984 -0.0345
vn -0.0200 0.9685 0.2481
vn -0.1012 0.9937 0.0483
vn 0.8716 0.4455 -0.2047
vn 0.7151 0.6766 -0.1754
vn 0.0018 0.9991 -0.0426
vn 0.4816 0.8747 0.0542
vn -0.0014 0.9993 -0.0374
vn 0.0502 0.9987 -0.0034
vn -0.0005 1.0000 0.0060
vn -0.0696 0.9973 -0.0235
vn 0.6889 0.3697 -0.6235
vn 0.7324 0.4269 -0.5304
vn -0.0469 0.5505 0.8335
vn -0.1880 0.8905 0.4143
vn 0.0714 0.9605 -0.2690
vn -0.0692 0.9601 0.2709
vn 0.5814 0.8128 -0.0359
vn -0.0021 1.0000 0.0057
vn 0.0010 1.0000 -0.0021
vn 0.6325 0.5504 -0.5450
vn 0.2324 0.7830 0.5770
vn -0.0457 0.9980 0.0428
vn -0.0050 0.9998 -0.0212
vn 0.0038 0.9999 0.0128
vn 0.0888 0.9363 -0.3397
vn -0.5088 0.7478 0.4264
vn 0.2291 0.6243 0.7469
vn 0.3697 0.8120 -0.4517
vn 0.3477 0.7209 0.5995
vn -0.0522 0.9916 -0.1187
vn 0.0782 0.9952 -0.0583
vn 0.0836 0.9833 -0.1615
vn -0.0543 0.9973 0.0493
vn -0.0966 0.9846 -0.1454
vn 0.1845 0.9136 0.3624
vn 0.0539 0.9970 0.0549
vn -0.0676 0.9974 -0.0255
vn 0.1694 0.9825 0.0773
vn 0.0094 0.9995 -0.0307
vn -0.0455 0.9529 0.2998
vn -0.3343 0.8933 -0.3004
vn -0.3479 0.4618 0.8159
vn -0.2178 0.0486 0.9748
vn 0.0027 0.9997 -0.0250
vn -0.2679 0.9634 0.0091
vn 0.4890 0.8109 -0.3215
vn 0.0147 0.9184 -0.3954
vn -0.3464 0.8029 0.4852
vn -0.3376 0.7071 -0.6213
vn -0.6704 0.5007 0.5475
vn 0.2041 0.6346 0.7454
vn -0.2675 0.7949 -0.5446
vn -0.0695 0.9974 -0.0182
vn -0.0647 0.9963 -0.0573
vn 0.5154 0.6504 0.5580
vn 0.5540 0.3744 -0.7436
vn 0.5409 0.3656 -0.7575
vn 0.2125 0.7831 -0.5844
vn -0.5379 0.8359 -0.1091
vn 0.0045 1.0000 0.0026
vn 0.0089 0.9999 -0.0134
vn 0.0128 0.9999 0.0057
vn 0.4500 0.6281 -0.6349
vn 0.0847 0.9327 -0.3506
vn -0.0590 0.9641 0.2587
vn -0.0828 0.7349 0.6731
vn -0.0026 0.9993 -0.0364
vn 0.0113 0.9998 0.0184
vn -0.0037 0.9999 0.0148
vn 0.0063 1.0000 -0.0003
vn -0.0285 0.9996 0.0014
vn -0.0289 0.9995 0.0081
vn -0.0277 0.9995 0.0137
vn 0.5692 0.5676 -0.5948
vn -0.6037 0.4656 0.6471
vn -0.7823 0.5635 -0.2655
vn -0.4006 0.8665 0.2979
vn 0.0088 0.9999 0.0059
vn 0.0311 0.9728 -0.2295
vn -0.0971 0.9053 -0.4135
vn -0.2845 0.4863 0.8262
vn -0.2994 0.7407 0.6014
vn -0.4427 0.8741 -0.2000
vn -0.4449 0.8520 0.2760
vn 0.0047 1.0000 0.0049
vn -0.0354 0.9982 0.0481
vn 0.0208 0.9998 0.0003
vn 0.0176 0.9951 -0.0969
vn -0.7295 0.3878 0.5634
vn -0.7577 0.6444 -0.1035
vn -0.6754 0.5400 -0.5022
vn -0.0628 0.9272 0.3692
vn 0.0298 0.9357 -0.3516
vn 0.0170 0.9262 0.3765
vn 0.0183 0.9995 0.0247
vn -0.0009 0.9993 -0.0377
vn -0.0059 0.9999 -0.0124
vn -0.7184 0.5050 0.4784
vn -0.1617 0.7104 0.6849
vn 0.0162 0.9979 0.0620
vn 0.0147 0.9998 -0.0131
vn -0.0362 0.9992 0.0154
vn -0.0022 0.9994 -0.0341
vn -0.5687 0.3300 0.7534
vn -0.8161 0.4740 -0.3307
vn -0.7849 0.6026 0.1445
vn 0.1036 0.9533 0.2838
vn -0.0101 0.9999 -0.0036
vn -0.5542 0.6497 -0.5204
vn -0.7935 0.5401 0.2804
vn -0.0233 0.9921 -0.1236
vn -0.0023 0.9993 -0.0365
vn -0.0008 0.9991 0.0414
vn 0.0123 0.9996 0.0262
vn 0.1072 0.9424 0.3170
vn 0.7794 0.3455 -0.5227
vn -0.7468 0.6535 -0.1233
vn -0.0285 0.9996 0.0008
vn 0.0067 0.9999 -0.0136
vn 0.0061 0.9998 0.0173
vn -0.5031 0.5908 0.6308
vn -0.2320 0.7836 0.5764
vn -0.2725 0.9093 -0.3145
vn 0.3867 0.4054 -0.8283
vn 0.5779 0.4383 -0.6884
vn -0.1641 0.8430 0.5123
vn 0.0353 0.9988 -0.0328
vn -0.2665 0.9545 0.1341
vn 0.0086 0.9997 0.0235
vn 0.7393 0.5796 0.3427
vn -0.2448 0.9597 -0.1382
vn 0.1459 0.9890 -0.0256
vn 0.0964 0.9943 -0.0451
vn -0.0479 0.9182 -0.3932
vn -0.2122 0.8835 0.4176
vn -0.1838 0.9413 -0.2831
vn 0.5860 0.5231 -0.6188
vn -0.0531 0.3712 0.9270
vn 0.0196 0.8547 0.5187
vn -0.1640 0.7200 -0.6744
vn -0.0201 0.9987 -0.0473
vn 0.0068 0.9999 -0.0144
vn 0.0954 0.9945 -0.0421
vn 0.0044 0.9998 -0.0170
vn 0.1339 0.9492 0.2848
vn -0.1157 0.9419 -0.3152
vn -0.3123 0.7754 -0.5489
vn -0.4801 0.8302 -0.2835
vn -0.0092 0.9975 0.0701
vn 0.0044 1.0000 0.0029
vn 0.0073 1.0000 0.0008
vn -0.3894 0.9064 0.1637
vn -0.0232 0.9984 0.0522
vn -0.0164 0.9997 0.0176
vn 0.3121 0.4019 0.8609
vn -0.2747 0.8051 0.5257
vn 0.0183 0.9980 0.0606
vn -0.0005 0.9994 -0.0353
vn -0.0039 0.9978 0.0656
vn 0.5808 0.3755 -0.7223
vn 0.6390 0.3796 -0.6690
vn 0.4511 0.8390 -0.3044
vn -0.1895 0.9243 0.3312
vn 0.3105 0.9172 -0.2496
vn -0.0081 1.0000 -0.0057
vn 0.0605 0.9980 0.0163
vn 0.9118 0.2499 -0.3258
vn 0.0059 0.9999 -0.0117
vn 0.0124 0.9999 0.0011
vn 0.5601 0.2839 -0.7783
vn 0.4238 0.8628 0.2756
vn 0.2007 0.6741 -0.7108
vn 0.2783 0.5137 0.8116
vn 0.0002 1.0000 0.0015
vn 0.0136 0.9998 0.0164
vn 0.1604 0.9774 -0.1380
vn -0.1749 0.4367 -0.8824
vn 0.6602 0.1172 0.7419
vn 0.5667 0.3238 0.7576
vn 0.3012 0.9443 -0.1328
vn 0.1061 0.9882 0.1105
vn 0.2995 0.9529 -0.0478
vn -0.2342 0.3228 -0.9170
vn -0.5199 0.6272 0.5800
vn 0.0305 0.9992 0.0268
vn 0.0110 0.9996 -0.0254
vn 0.5321 0.2005 -0.8226
vn 0.3976 0.3190 0.8604
vn 0.7483 0.4420 0.4946
vn 0.2468 0.6754 -0.6949
vn 0.2845 0.9574 0.0488
vn 0.2116 0.6636 -0.7175
vn 0.6449 0.4752 -0.5986
vn 0.9186 0.3137 0.2403
vn 0.1759 0.9020 0.3942
vn 0.0018 0.9999 -0.0099
vn -0.8671 0.3698 -0.3337
vn -0.3792 0.2236 0.8979
vn 0.4058 0.8630 0.3010
vn -0.7547 0.6356 -0.1625
vn -0.0470 0.9989 0.0024
vn -0.0003 1.0000 0.0014
vn 0.0133 0.9999 -0.0011
vn 0.1254 0.9911 -0.0447
vn 0.1942 0.9493 0.2472
vn -0.0067 0.9999 0.0115
vn -0.8675 0.3795 -0.3217
vn -0.3464 0.7119 -0.6109
vn -0.0585 0.9961 -0.0665
vn -0.1385 0.9841 0.1112
vn -0.0507 0.9985 0.0208
vn -0.0339 0.9994 -0.0025
vn 0.0258 0.9996 0.0115
vn -0.0154 0.9988 -0.0473
vn 0.0137 0.9999 -0.0014
vn -0.0120 0.9958 -0.0903
vn 0.3619 0.9055 0.2216
vn -0.4008 0.2903 -0.8690
vn 0.2936 0.5033 0.8127
vn 0.2673 0.3968 0.8781
vn -0.0182 0.9499 0.3121
vn -0.0114 0.9999 -0.0069
vn -0.0165 0.9985 -0.0522
vn 0.0032 0.9987 0.0512
vn 0.1049 0.9906 0.0878
vn 0.1647 0.9794 -0.1165
vn 0.8957 0.4217 0.1409
vn 0.4246 0.8810 0.2086
vn -0.0148 0.9998 -0.0159
vn 0.0099 0.9999 0.0069
vn 0.0363 0.9734 -0.2262
vn 0.2908 0.9465 -0.1396
vn -0.4497 0.5928 -0.6681
vn -0.9263 0.2322 -0.2967
vn -0.9713 0.2186 -0.0934
vn -0.5807 0.8134 -0.0326
vn 0.0501 0.9858 0.1604
vn -0.0052 0.9995 -0.0324
vn -0.2081 0.9108 -0.3567
vn -0.0067 1.0000 0.0037
vn -0.8126 0.4804 0.3300
vn -0.5447 0.5505 0.6326
vn 0.3475 0.3652 0.8637
vn 0.0755 0.9932 0.0884
vn -0.0113 0.9996 -0.0266
vn -0.0042 1.0000 0.0050
vn 0.0092 0.9999 -0.0105
vn -0.1702 0.3533 -0.9199
vn -0.5093 0.4625 0.7258
vn 0.2251 0.9519 0.2077
vn 0.2256 0.9534 0.2002
vn -0.0150 0.9996 -0.0220
vn -0.0005 1.0000 0.0097
vn 0.0494 0.9987 -0.0159
vn 0.1852 0.9816 0.0470
vn -0.8988 0.3848 0.2098
vn 0.1437 0.9805 0.1339
vn 0.0570 0.9956 0.0739
vn -0.0108 0.9999 0.0131
vn -0.2942 0.9522 0.0822
vn -0.0362 0.9972 0.0652
vn -0.1632 0.9866 0.0007
vn -0.2779 0.8918 -0.3570
vn 0.1523 0.9199 0.3613
vn -0.8579 0.3048 -0.4137
vn -0.9399 0.2809 -0.1941
vn 0.4232 0.8817 0.2088
vn 0.5483 0.7980 -0.2500
vn 0.8998 0.4026 0.1682
vn -0.0235 0.9997 0.0054
vn 0.0022 1.0000 -0.0039
vn 0.0087 0.9979 0.0635
vn 0.0042 0.9999 -0.0122
vn -0.1232 0.9900 0.0690
vn -0.8878 0.4120 -0.2051
vn 0.7891 0.4163 0.4517
vn -0.1288 0.4367 0.8903
vn 0.0295 0.9992 0.0272
vn -0.0058 1.0000 0.0066
vn -0.0541 0.9973 -0.0500
vn 0.0546 0.9708 -0.2336
vn 0.2953 0.6398 0.7096
vn 0.4892 0.8061 -0.3331
vn 0.3096 0.9370 0.1618
vn 0.0328 0.9922 0.1202
vn 0.0003 0.9998 -0.0200
vn -0.8654 0.4948 0.0791
vn -0.8150 0.4679 -0.3419
vn 0.8439 0.5365 -0.0026
vn 0.2543 0.9194 0.3000
vn -0.0267 0.9995 -0.0196
vn -0.0015 0.9998 -0.0188
vn -0.1364 0.9872 0.0829
vn -0.2603 0.9588 0.1137
vn -0.0279 0.7741 -0.6324
vn 0.0014 0.9971 0.0760
vn 0.0933 0.9920 -0.0844
vn -0.5357 0.6367 -0.5546
vn -0.3565 0.9164 0.1817
vn 0.0012 1.0000 -0.0081
vn 0.0320 0.9991 0.0261
vn 0.0192 0.9998 0.0052
vn 0.0234 0.9922 -0.1228
vn 0.3926 0.8936 -0.2174
vn 0.2006 0.6172 0.7608
vn -0.3006 0.8694 -0.3920
vn 0.0231 0.9995 -0.0192
vn -0.4158 0.9071 0.0650
vn 0.0030 1.0000 0.0080
vn -0.6363 0.7584 -0.1414
vn -0.5146 0.7914 0.3301
vn 0.0361 0.4992 -0.8658
vn 0.1475 0.6265 0.7654
vn -0.0429 0.9990 -0.0100
vn 0.0356 0.9992 0.0179
vn -0.0396 0.9990 0.0209
vn 0.0722 0.9973 -0.0136
vn -0.0099 1.0000 -0.0004
vn -0.0716 0.9964 -0.0443
vn 0.1816 0.9281 -0.3251
vn -0.2727 0.9038 0.3297
vn -0.3058 0.9010 0.3077
vn -0.2343 0.9638 0.1276
vn 0.0460 0.9989 0.0082
vn 0.4961 0.7671 -0.4068
vn 0.3139 0.4857 -0.8158
vn -0.0376 0.9987 0.0346
vn 0.0647 0.9973 0.0343
vn 0.0325 0.9991 -0.0273
vn 0.0314 0.9990 -0.0306
vn 0.0239 0.9997 0.0043
vn -0.0111 0.9999 0.0083
vn -0.2771 0.8720 0.4036
vn 0.0943 0.8813 -0.4631
vn -0.5685 0.7041 0.4255
vn -0.4890 0.8617 -0.1352
vn 0.0608 0.9981 -0.0100
vn 0.0236 0.9997 0.0074
vn -0.0103 0.9999 -0.0085
vn 0.3922 0.8637 0.3166
vn -0.0660 0.9978 -0.0036
vn -0.0508 0.9920 0.1160
vn 0.0015 1.0000 0.0068
vn -0.0149 0.9999 0.0014
vn -0.0550 0.9903 -0.1275
vn 0.1967 0.6154 0.7633
vn 0.0055 0.9962 0.0874
vn 0.0230 0.9995 0.0208
vn -0.2265 0.9717 0.0666
vn 0.1435 0.9729 -0.1812
vn 0.1867 0.5818 -0.7916
vn -0.5097 0.6608 0.5510
vn -0.0009 0.9997 -0.0241
vn 0.0465 0.9988 -0.0146
vn 0.0358 0.9991 0.0248
vn -0.0213 0.9995 0.0218
vn 0.2884 0.8904 0.3521
vn 0.6300 0.6610 0.4077
vn -0.0928 0.9957 -0.0075
vn 0.2582 0.8827 0.3926
vn -0.1052 0.9838 -0.1450
vn 0.0943 0.4875 0.8680
vn -0.4724 0.7867 0.3973
vn 0.0818 0.9966 0.0138
vn 0.0056 0.9978 0.0655
vn 0.0030 0.9989 -0.0474
vn 0.0798 0.9965 -0.0250
vn -0.0057 1.0000 0.0070
vn -0.0243 0.9995 0.0178
vn -0.0101 0.9999 0.0033
vn -0.4941 0.8181 0.2943
vn -0.0366 0.9982 -0.0467
vn -0.1754 0.8338 -0.5235
vn 0.0677 0.4173 -0.9062
vn 0.0377 0.9982 -0.0458
vn -0.0272 0.9995 -0.0184
vn -0.0120 0.9999 -0.0019
vn -0.1438 0.8879 -0.4370
vn -0.3708 0.4389 -0.8184
vn -0.3401 0.5457 0.7659
vn -0.0268 0.9979 -0.0589
vn -0.0683 0.9976 0.0055
vn -0.0072 0.9999 -0.0100
vn -0.0727 0.9959 -0.0542
vn 0.2341 0.6916 -0.6833
vn -0.6692 0.5702 0.4765
vn -0.0251 0.9916 0.1271
vn 0.0355 0.9960 -0.0816
vn 0.0740 0.9953 0.0625
vn 0.5440 0.7389 0.3976
vn -0.7930 0.5631 -0.2323
vn -0.0229 0.9979 -0.0600
vn 0.0106 0.9972 0.0735
vn 0.0264 0.9992 0.0291
vn 0.0109 0.9994 0.0324
vn -0.0184 0.9997 0.0135
vn 0.0231 0.9995 0.0202
vn 0.0323 0.9993 -0.0208
vn 0.0122 0.9997 -0.0199
vn 0.0069 0.9991 -0.0411
vn 0.1033 0.9866 -0.1260
vn -0.1530 0.8209 -0.5502
vn -0.5372 0.5116 -0.6706
vn -0.0185 0.9977 -0.0647
vn 0.0035 0.9994 0.0348
vn -0.0254 0.9995 0.0196
vn -0.0221 0.9977 -0.0638
vn -0.0017 0.9992 0.0408
vn 0.0142 0.9999 -0.0044
vn 0.0116 0.9998 0.0160
vn 0.0116 0.9998 0.0157
vn 0.0101 0.9997 -0.0206
vn -0.0071 0.9999 -0.0134
vn 0.0183 0.9996 0.0196
vn -0.0148 0.9999 -0.0035
vn -0.0401 0.9971 0.0645
vn 0.0201 0.9992 -0.0338
vn -0.1152 0.9933 0.0016
vn 0.6450 0.5490 0.5316
vn -0.4309 0.7649 0.4788
vn -0.1046 0.9944 -0.0151
vn -0.0111 0.9983 -0.0566
vn -0.0025 0.9996 0.0266
vn -0.0010 1.0000 -0.0049
vn 0.4626 0.6247 -0.6290
vn -0.1059 0.9930 0.0526
vn 0.0062 0.9992 -0.0403
vn -0.0196 0.9989 0.0417
vn -0.0548 0.9985 -0.0000
vn 0.0133 0.9999 0.0041
vn 0.7665 0.6400 0.0534
vn 0.7444 0.6380 0.1973
vn -0.3450 0.5425 0.7659
vn -0.0193 0.9997 0.0118
vn -0.0765 0.9889 0.1270
vn -0.0589 0.9979 0.0254
vn -0.0169 0.9958 0.0903
vn 0.1628 0.7093 -0.6859
vn 0.5406 0.6643 -0.5161
vn 0.7847 0.6141 0.0850
vn 0.5004 0.6128 -0.6116
vn -0.2509 0.5582 0.7908
vn -0.0261 0.9997 0.0043
vn -0.0268 0.9996 0.0072
vn 0.0027 0.9997 -0.0232
vn 0.0262 0.9996 0.0132
vn 0.0477 0.9980 -0.0404
vn 0.2706 0.4601 -0.8456
vn -0.1445 0.4233 0.8944
vn -0.2533 0.4918 0.8330
vn 0.0883 0.9932 -0.0753
vn -0.0483 0.9977 0.0469
vn 0.0250 0.9995 -0.0180
vn 0.7292 0.6818 0.0577
vn -0.1283 0.9801 0.1514
vn 0.2645 0.5097 -0.8187
vn -0.0686 0.9965 -0.0480
vn -0.0045 0.9999 -0.0135
vn -0.0435 0.9991 0.0011
vn -0.0062 0.9996 -0.0278
vn -0.0275 0.9905 -0.1349
vn -0.0759 0.9954 0.0578
vn 0.5389 0.8372 0.0932
vn 0.5102 0.8542 -0.1004
vn 0.0303 0.9986 0.0432
vn 0.2003 0.9796 -0.0177
vn 0.2350 0.5416 0.8071
vn 0.4446 0.5637 -0.6961
vn -0.0212 0.9977 -0.0642
vn 0.0878 0.9938 -0.0684
vn -0.0501 0.9987 0.0096
vn 0.1747 0.9573 -0.2304
vn 0.0659 0.9978 -0.0037
vn 0.0148 0.9997 0.0212
vn 0.1603 0.7102 -0.6856
vn -0.0225 0.9903 0.1368
vn -0.0459 0.9983 0.0351
vn 0.0046 1.0000 -0.0035
vn 0.0161 0.9999 -0.0017
vn 0.2938 0.3869 -0.8741
vn -0.6515 0.4665 0.5982
vn 0.2573 0.5104 -0.8205
vn -0.0192 0.9982 -0.0566
vn -0.0226 0.9995 0.0209
vn 0.7485 0.5580 -0.3583
vn 0.4109 0.5797 -0.7037
vn -0.5772 0.4664 0.6703
vn -0.0185 0.9981 -0.0581
vn 0.0026 1.0000 -0.0037
vn -0.0332 0.9991 0.0269
vn -0.0367 0.9979 0.0538
vn 0.0359 0.9987 -0.0374
vn 0.0663 0.9971 0.0374
vn 0.3999 0.8639 0.3063
vn 0.1253 0.8564 0.5009
vn -0.8216 0.5448 -0.1678
vn -0.5236 0.6812 0.5116
vn -0.0180 0.9998 0.0103
vn -0.0634 0.9980 -0.0014
vn 0.0729 0.9972 0.0171
vn 0.0828 0.9962 -0.0271
vn 0.6406 0.7675 0.0255
vn -0.0032 1.0000 0.0094
vn 0.0029 1.0000 -0.0034
vn 0.2618 0.8347 -0.4846
vn 0.2681 0.9623 -0.0464
vn 0.4240 0.7472 -0.5117
vn 0.3904 0.5814 -0.7139
vn 0.0153 0.9972 -0.0733
vn 0.0027 0.9979 -0.0641
vn 0.0144 0.9996 0.0238
vn -0.0080 0.9999 -0.0142
vn 0.0164 0.9989 -0.0433
vn -0.0019 0.9997 -0.0263
vn 0.2832 0.8215 -0.4949
vn 0.1691 0.9848 -0.0407
vn 0.3794 0.7547 -0.5353
vn -0.0189 0.4679 -0.8836
vn 0.4689 0.5768 0.6689
vn -0.5760 0.8043 0.1460
vn -0.0135 0.9999 -0.0087
vn -0.2646 0.9590 -0.1021
vn 0.6934 0.4196 -0.5858
vn 0.7929 0.5155 0.3249
vn 0.0087 1.0000 -0.0046
vn 0.0087 0.9998 0.0197
vn -0.0159 0.9992 0.0379
vn 0.0129 0.9981 -0.0605
vn 0.0170 0.9996 -0.0221
vn -0.0029 0.9998 0.0191
vn -0.0282 0.9996 0.0012
vn -0.0642 0.9979 -0.0008
vn 0.5525 0.8013 -0.2295
vn 0.1259 0.9893 0.0731
vn -0.0433 0.9988 0.0209
vn -0.0217 0.9996 0.0206
vn 0.0605 0.9968 0.0523
vn -0.4490 0.8417 0.2998
vn -0.0285 0.9579 -0.2857
vn 0.2730 0.5970 0.7544
vn 0.5473 0.6193 -0.5629
vn -0.1255 0.2930 0.9478
vn 0.0477 0.5423 0.8388
vn -0.0014 1.0000 0.0090
vn -0.0207 0.9994 0.0280
vn 0.0113 0.9970 -0.0762
vn 0.0098 0.9972 -0.0747
vn -0.0723 0.9956 0.0592
vn -0.0055 1.0000 -0.0080
vn -0.0266 0.9988 0.0412
vn -0.2527 0.8893 -0.3811
vn -0.5307 0.8372 0.1320
vn -0.5233 0.5656 0.6374
vn -0.0238 0.9997 0.0084
vn 0.0061 0.9977 -0.0678
vn 0.0172 0.9998 -0.0062
vn 0.0304 0.9995 0.0064
vn 0.0002 0.9999 0.0148
vn 0.0471 0.5428 0.8385
vn 0.0195 0.9995 0.0235
vn 0.0030 1.0000 -0.0026
vn -0.0720 0.9970 0.0294
vn -0.0289 0.9995 -0.0091
vn -0.3211 0.9465 0.0330
vn -0.7067 0.5412 0.4557
vn 0.2644 0.8295 -0.4920
vn 0.4337 0.2796 -0.8566
vn 0.5984 0.4314 -0.6752
vn -0.0107 0.9975 0.0697
vn 0.0041 0.9999 -0.0164
vn 0.0758 0.9957 -0.0532
vn 0.0785 0.9966 -0.0254
vn 0.0660 0.9964 0.0535
vn -0.3911 0.7614 0.5170
vn 0.5796 0.2889 -0.7620
vn 0.8673 0.4903 -0.0857
vn 0.1212 0.9900 -0.0727
vn 0.0753 0.9967 -0.0300
vn 0.0682 0.9975 -0.0193
vn -0.1845 0.9822 -0.0341
vn 0.2672 0.8319 -0.4864
vn 0.0307 0.9995 0.0092
vn -0.0481 0.9981 -0.0376
vn 0.0572 0.9984 -0.0048
vn 0.1067 0.9912 -0.0786
vn 0.0910 0.9939 0.0619
vn 0.1858 0.9761 -0.1124
vn -0.7327 0.4407 0.5186
vn -0.0526 0.9978 0.0413
vn 0.0342 0.9989 0.0326
vn 0.1987 0.7854 -0.5863
vn -0.3814 0.9224 0.0602
vn -0.6511 0.4604 0.6034
vn -0.6401 0.4490 0.6234
vn -0.6973 0.4126 0.5861
vn -0.0916 0.8497 0.5193
vn -0.0393 0.9735 0.2252
vn 0.0065 1.0000 0.0051
vn -0.0541 0.6232 -0.7802
vn -0.3040 0.4562 0.8363
vn -0.0053 0.9438 0.3304
vn 0.0633 0.9975 0.0301
vn -0.0008 1.0000 -0.0076
vn 0.1411 0.9890 0.0442
vn -0.0234 0.9997 -0.0031
vn -0.0679 0.9977 -0.0072
vn 0.2158 0.8234 -0.5249
vn -0.4755 0.7795 0.4077
vn 0.0166 0.9999 -0.0001
vn -0.0032 1.0000 0.0019
vn 0.0008 0.9999 0.0146
vn 0.0625 0.9651 -0.2544
vn 0.0099 0.9998 -0.0172
vn 0.7149 0.4871 -0.5017
vn 0.0030 0.9967 0.0810
vn -0.0044 1.0000 -0.0058
vn -0.0165 0.9311 -0.3643
vn 0.4154 0.8988 -0.1397
vn -0.0588 0.9898 0.1301
vn 0.0552 0.9983 -0.0175
vn 0.1210 0.9925 -0.0162
vn -0.0361 0.9972 0.0650
vn 0.6156 0.2884 -0.7334
vn 0.0278 0.5860 0.8099
vn 0.0137 0.9981 -0.0608
vn 0.1340 0.9909 0.0138
vn -0.0182 0.9972 0.0720
vn 0.2147 0.9694 -0.1190
vn 0.0329 0.9942 0.1028
vn -0.0593 0.8731 0.4840
vn 0.0434 0.9678 0.2478
vn 0.6031 0.3035 -0.7377
vn 0.0301 0.9966 0.0763
vn 0.0276 0.9993 0.0246
vn -0.5231 0.8314 0.1875
vn -0.4714 0.7808 0.4101
vn 0.7108 0.6914 -0.1294
vn -0.7014 0.3144 0.6397
vn 0.2413 0.9704 0.0041
vn 0.2712 0.7780 0.5667
vn 0.0229 0.9997 0.0105
vn -0.0445 0.9962 -0.0751
vn 0.1164 0.9667 0.2279
vn 0.0099 0.9988 0.0472
vn -0.3232 0.7921 -0.5179
vn -0.0067 0.9935 -0.1136
vn 0.1536 0.9833 0.0979
vn -0.0388 0.9986 -0.0372
vn -0.0043 0.9998 0.0206
vn -0.0110 0.9264 -0.3763
vn -0.6125 0.7903 0.0192
vn 0.3155 0.9487 -0.0225
vn 0.8027 0.5398 0.2537
vn 0.6187 0.4975 0.6081
vn -0.0038 1.0000 0.0065
vn 0.0197 0.9998 0.0064
vn -0.0023 1.0000 -0.0073
vn -0.0119 0.9998 -0.0138
vn 0.0499 0.9963 -0.0705
vn 0.0973 0.9951 0.0189
vn -0.5474 0.8367 0.0166
vn -0.0026 0.9985 -0.0555
vn -0.0085 0.9997 -0.0221
vn 0.0482 0.9968 -0.0634
vn -0.0151 0.9999 0.0064
vn 0.1253 0.7745 -0.6200
vn 0.1742 0.4344 -0.8837
vn 0.7159 0.2795 -0.6399
vn 0.6711 0.7346 -0.1000
vn 0.5238 0.7172 -0.4596
vn 0.0607 0.9958 0.0690
vn -0.0344 0.9624 -0.2696
vn 0.0290 0.9708 -0.2381
vn -0.0609 0.9980 -0.0145
vn -0.2898 0.3289 0.8988
vn -0.0007 0.9985 -0.0543
vn -0.0836 0.9965 -0.0033
vn -0.0849 0.9964 0.0007
vn -0.0488 0.9974 -0.0529
vn 0.6769 0.7329 -0.0682
vn -0.3327 0.3705 0.8672
vn 0.5642 0.7391 0.3678
vn 0.0138 0.9886 0.1500
vn 0.0196 0.9943 0.1048
vn -0.0274 0.9930 0.1151
vn -0.0356 0.9606 0.2758
vn 0.4382 0.1883 -0.8789
vn 0.3850 0.3957 0.8338
vn 0.4737 0.6651 0.5773
vn 0.0120 0.9715 0.2369
vn 0.1258 0.9889 -0.0788
vn -0.0934 0.9947 -0.0434
vn 0.4679 0.7462 -0.4735
vn 0.8319 0.4132 0.3704
vn 0.0029 1.0000 -0.0050
vn -0.0036 0.9999 -0.0097
vn -0.0438 0.9872 0.1531
vn -0.5597 0.3370 -0.7570
vn -0.9211 0.3808 0.0807
vn 0.0239 0.9997 -0.0049
vn 0.0195 0.9978 -0.0629
vn -0.0063 1.0000 -0.0036
vn -0.0471 0.9744 -0.2198
vn 0.0989 0.9931 0.0638
vn -0.0104 0.9963 0.0849
vn -0.0544 0.9985 -0.0037
vn -0.0057 0.9990 0.0440
vn -0.3513 0.6745 -0.6493
vn -0.2109 0.3708 0.9045
vn -0.5206 0.6403 0.5649
vn 0.6091 0.4431 -0.6578
vn -0.0197 0.9996 0.0222
vn -0.0603 0.9976 0.0346
vn -0.2192 0.9743 -0.0512
vn 0.1448 0.9616 0.2333
vn 0.0209 0.9705 -0.2404
vn -0.2989 0.9542 -0.0111
vn -0.0669 0.4876 -0.8705
vn -0.1521 0.9868 0.0559
vn -0.0327 0.9980 -0.0540
vn -0.0350 0.9960 -0.0820
vn 0.0042 1.0000 -0.0027
vn -0.0111 0.9999 0.0061
vn 0.0450 0.9858 -0.1619
vn -0.1459 0.3992 0.9052
vn -0.1074 0.5716 0.8135
vn 0.4788 0.3701 0.7961
vn -0.3037 0.9524 0.0255
vn -0.8605 0.3764 -0.3433
vn -0.0111 0.9999 0.0082
vn 0.0064 0.9999 -0.0122
vn -0.0139 0.9901 -0.1399
vn 0.0534 0.9980 0.0350
vn -0.0696 0.9965 -0.0461
vn -0.0391 0.9984 0.0410
vn 0.9006 0.2825 0.3302
vn -0.8222 0.3693 -0.4331
vn -0.0590 0.9980 -0.0230
vn -0.2585 0.9588 -0.1176
vn -0.2073 0.9760 -0.0667
vn 0.6023 0.2162 -0.7684
vn 0.2155 0.0483 -0.9753
vn -0.8603 0.3634 -0.3574
vn 0.0002 0.9999 0.0131
vn 0.0336 0.9992 0.0228
vn -0.5015 0.4729 0.7245
vn 0.6423 0.5679 0.5148
vn -0.0053 0.9997 -0.0248
vn -0.0051 1.0000 0.0029
vn 0.0077 1.0000 -0.0045
vn -0.0419 0.9991 0.0062
vn 0.0414 0.9951 0.0900
vn 0.1041 0.9930 -0.0553
vn 0.0140 0.9996 0.0236
vn 0.6267 0.4148 0.6597
vn 0.4591 0.2837 0.8419
vn 0.5420 0.3747 0.7523
vn 0.0009 1.0000 0.0093
vn -0.0178 0.9998 -0.0055
vn -0.0798 0.9801 0.1818
vn 0.0257 0.9994 -0.0243
vn 0.8011 0.4043 0.4413
vn -0.0500 0.9975 0.0497
vn 0.0040 1.0000 -0.0015
vn -0.1560 0.9875 -0.0239
vn 0.0281 0.9988 0.0409
vn -0.0149 0.9971 -0.0749
vn -0.0559 0.9975 0.0440
vn 0.0316 0.9993 0.0192
vn -0.0639 0.9967 -0.0503
vn -0.0527 0.9827 -0.1773
vn 0.2217 0.4525 -0.8638
vn 0.0083 0.1490 -0.9888
vn -0.0974 0.9951 -0.0160
vn 0.0290 0.9990 -0.0345
vn 0.0097 0.9990 0.0440
vn 0.1077 0.9938 0.0289
vn -0.1757 0.2167 0.9603
vn -0.4522 0.4646 0.7614
vn -0.7218 0.5633 -0.4021
vn -0.2877 0.5040 -0.8144
vn -0.1706 0.5927 -0.7872
vn -0.0178 0.9998 -0.0005
vn 0.0095 0.9968 0.0789
vn 0.1714 0.8057 -0.5670
vn -0.3627 0.3873 0.8476
vn -0.2978 0.2262 0.9274
vn -0.2256 0.5595 0.7975
vn -0.1592 0.6010 0.7832
vn 0.5092 0.5663 0.6481
vn 0.1220 0.9922 -0.0249
vn -0.0160 0.9996 -0.0215
vn -0.0531 0.9943 -0.0922
vn -0.0378 0.9893 -0.1411
vn -0.0594 0.9908 -0.1219
vn 0.1770 0.8317 -0.5262
vn -0.5501 0.8303 0.0897
vn -0.1767 0.6257 0.7598
vn 0.0065 1.0000 -0.0024
vn 0.0303 0.9994 0.0190
vn -0.0075 0.9990 0.0438
vn 0.0200 0.9998 0.0034
vn 0.0839 0.9957 -0.0383
vn -0.0614 0.9973 -0.0398
vn 0.0268 0.9994 -0.0239
vn 0.0122 0.9998 -0.0155
vn 0.0068 0.9991 0.0414
vn -0.8393 0.3618 0.4058
vn -0.0819 0.5323 -0.8426
vn -0.0646 0.9973 0.0351
vn 0.0441 0.9989 0.0182
vn -0.1128 0.2480 0.9622
vn -0.0286 0.9947 -0.0989
vn -0.7076 0.2626 -0.6560
vn 0.0421 0.3219 0.9458
vn 0.1310 0.5508 0.8243
vn 0.0744 0.9970 0.0221
vn 0.0032 1.0000 -0.0011
vn 0.0689 0.9938 0.0877
vn 0.0727 0.9965 0.0424
vn -0.8379 0.4877 0.2450
vn -0.0098 0.9999 0.0035
vn 0.0360 0.9988 0.0326
vn 0.0347 0.9980 0.0522
vn 0.0136 0.9999 -0.0100
vn 0.0060 0.9892 0.1465
vn 0.0972 0.9865 -0.1320
vn -0.1481 0.5212 0.8405
vn -0.0158 0.9998 -0.0101
vn -0.0032 0.9998 -0.0181
vn 0.0835 0.9942 0.0682
vn 0.0006 0.9992 -0.0399
vn 0.5746 0.2449 -0.7809
vn -0.4072 0.6234 -0.6675
vn 0.0985 0.7960 0.5973
vn 0.1390 0.9603 0.2419
vn 0.0241 0.9997 0.0043
vn 0.0463 0.9987 -0.0231
vn -0.0011 0.9999 -0.0114
vn 0.4932 0.4779 -0.7269
vn -0.6594 0.6109 0.4382
vn -0.7423 0.6599 -0.1165
vn 0.0121 0.9999 -0.0014
vn 0.0894 0.9958 0.0202
vn 0.0353 0.9991 0.0249
vn 0.0076 0.9995 0.0315
vn 0.1701 0.9196 -0.3541
vn -0.0184 0.5323 0.8463
vn 0.0280 0.9988 0.0392
vn 0.0242 0.9997 -0.0079
vn 0.0270 0.9996 -0.0017
vn 0.5123 0.2421 -0.8240
vn -0.2236 -0.1809 -0.9577
vn -0.3661 0.5778 -0.7294
vn 0.1825 0.7347 0.6534
vn 0.0294 0.9993 0.0227
vn 0.0072 0.9999 0.0153
vn -0.0062 0.9998 0.0210
vn 0.0231 0.9995 -0.0224
vn 0.0802 0.9902 0.1142
vn 0.3225 0.8415 0.4335
vn 0.5872 0.5380 -0.6047
vn -0.1568 0.2728 0.9492
vn -0.4202 0.3660 0.8304
vn -0.1169 0.9819 0.1489
vn -0.2552 0.6325 -0.7313
vn 0.0105 0.9999 0.0108
vn 0.0634 0.9980 -0.0042
vn 0.0725 0.9914 -0.1089
vn -0.6350 0.4786 0.6064
vn 0.1000 0.7469 0.6574
vn -0.0514 0.9986 0.0147
vn -0.0239 0.9991 -0.0343
vn 0.0591 0.9968 0.0531
vn 0.0446 0.9986 -0.0297
vn 0.2367 0.8262 -0.5112
vn 0.0781 0.9962 -0.0381
vn 0.0364 0.9980 0.0515
vn 0.0484 0.9987 -0.0166
vn 0.0110 0.9999 -0.0131
vn 0.1278 0.9804 -0.1499
vn -0.0801 0.9963 0.0320
vn 0.0430 0.9989 -0.0194
vn -0.0696 0.8386 -0.5402
vn 0.0138 0.9999 -0.0021
vn 0.0048 0.9997 0.0257
vn 0.1180 0.9839 -0.1343
vn 0.0996 0.9933 -0.0584
vn -0.5827 0.2999 -0.7554
vn 0.1470 0.7564 0.6374
vn 0.0644 0.9978 -0.0156
vn -0.0113 0.9881 0.1535
vn 0.1153 0.5158 -0.8489
vn -0.9447 0.3280 -0.0024
vn 0.1761 0.7874 0.5907
vn 0.2322 0.4550 -0.8597
vn 0.5763 0.7169 -0.3923
vn 0.6967 0.6914 -0.1915
vn 0.4126 0.3968 0.8200
vn 0.0090 0.9679 0.2511
vn 0.0040 0.9995 0.0309
vn -0.0198 0.9990 0.0395
vn -0.0244 0.9994 -0.0262
vn 0.1075 0.9888 -0.1031
vn -0.0347 0.9963 -0.0792
vn 0.0566 0.9980 -0.0276
vn -0.3293 0.8263 -0.4570
vn -0.4208 0.8897 -0.1772
vn -0.0463 0.9989 -0.0079
vn 0.0053 0.9999 -0.0103
vn -0.0191 0.9951 -0.0972
vn -0.0521 0.9985 0.0134
vn 0.0833 0.9960 -0.0334
vn 0.0090 0.9996 -0.0263
vn 0.0348 0.9992 -0.0210
vn 0.3812 0.9173 -0.1151
vn 0.0285 0.6541 0.7558
vn 0.0063 0.9670 0.2549
vn 0.0168 0.9991 0.0381
vn 0.0515 0.9967 0.0625
vn -0.3648 0.8637 0.3478
vn -0.1557 0.7694 -0.6195
vn 0.0262 0.4641 0.8854
vn -0.0136 0.9999 -0.0047
vn -0.0095 0.9999 0.0142
vn -0.0425 0.9990 -0.0128
vn 0.0240 0.9938 -0.1084
vn 0.0275 0.9994 0.0214
vn 0.0524 0.9982 -0.0283
vn 0.0147 0.9998 -0.0097
vn 0.0974 0.9949 0.0269
vn -0.1553 0.4200 -0.8941
vn 0.2639 0.3709 0.8904
vn 0.0090 0.9999 0.0075
vn -0.0353 0.9994 0.0043
vn 0.0527 0.9971 0.0542
vn 0.1921 0.9684 -0.1593
vn -0.1699 0.9218 -0.3485
vn -0.7055 0.6973 0.1265
vn -0.0086 0.9999 0.0131
vn -0.0378 0.9988 -0.0325
vn 0.0213 0.9995 0.0231
vn -0.0386 0.9990 -0.0203
vn -0.0190 0.9977 0.0647
vn -0.0940 0.9954 0.0169
vn -0.0629 0.9961 -0.0613
vn 0.0951 0.9842 0.1494
vn 0.0235 0.9973 0.0695
vn 0.2199 0.8265 -0.5182
vn 0.2471 0.7638 0.5963
vn -0.0181 0.9972 0.0732
vn -0.6496 0.5589 -0.5154
vn -0.6522 0.4074 0.6393
vn -0.0080 0.9962 -0.0868
vn -0.0460 0.9989 -0.0110
vn 0.0071 0.9999 -0.0115
vn 0.3816 0.9230 0.0498
vn -0.4371 0.8883 0.1410
vn 0.8493 0.4908 0.1945
vn -0.0925 0.6489 -0.7553
vn 0.0047 0.9999 -0.0125
vn -0.0379 0.9993 0.0014
vn -0.0216 0.9995 -0.0222
vn -0.0148 0.9999 -0.0071
vn -0.0176 0.9998 0.0018
vn -0.1483 0.9742 0.1701
vn -0.0001 0.9343 -0.3564
vn 0.1987 0.6012 0.7740
vn -0.6375 0.5387 -0.5508
vn 0.0458 0.9980 -0.0425
vn 0.0765 0.9971 0.0029
vn 0.0476 0.9481 -0.3143
vn 0.0625 0.9883 0.1394
vn -0.5930 0.6701 0.4464
vn -0.0255 0.9981 -0.0564
vn -0.0795 0.9941 0.0742
vn -0.0419 0.9979 0.0490
vn -0.0467 0.9935 -0.1034
vn -0.0679 0.9335 0.3521
vn 0.0271 0.9491 -0.3137
vn -0.5103 0.7799 -0.3623
vn -0.4987 0.7647 -0.4081
vn 0.3006 0.8527 -0.4273
vn -0.0689 0.6625 0.7459
vn -0.0846 0.9686 0.2337
vn 0.4176 0.8205 0.3904
vn -0.0097 0.9999 -0.0073
vn 0.0103 0.9999 0.0074
vn -0.0815 0.9966 0.0150
vn -0.0336 0.9994 -0.0105
vn 0.1092 0.9838 0.1421
vn -0.1833 0.9031 0.3884
vn 0.1720 0.9812 -0.0878
vn -0.0080 0.9966 -0.0818
vn -0.0557 0.9942 0.0922
vn -0.0544 0.9980 0.0312
vn -0.2661 0.7186 0.6425
vn 0.1063 0.9799 0.1686
vn -0.1040 0.8242 0.5566
vn 0.3115 0.8639 -0.3958
vn 0.1586 0.6764 0.7192
vn -0.1849 0.8809 -0.4357
vn 0.3308 0.8988 -0.2876
vn -0.0426 0.9966 -0.0705
vn 0.2415 0.8675 -0.4349
vn 0.0883 0.9023 0.4219
vn 0.5967 0.7919 0.1298
vn -0.3861 0.9193 -0.0762
vn -0.5973 0.7549 -0.2710
vn -0.2838 0.8587 -0.4266
vn -0.0341 0.9992 -0.0185
vn -0.0179 0.9994 -0.0282
vn -0.0794 0.9941 0.0742
vn -0.0526 0.9983 0.0234
vn 0.0297 0.9984 -0.0473
vn -0.1901 0.9690 -0.1578
vn 0.5578 0.7588 0.3362
vn 0.2448 0.9504 0.1916
vn -0.0618 0.9978 0.0245
vn -0.0504 0.9967 -0.0640
vn 0.0928 0.8326 -0.5460
vn 0.1813 0.8507 -0.4934
vn 0.5697 0.7712 0.2842
vn 0.0319 0.9995 0.0053
vn -0.0045 0.9994 0.0347
vn -0.0327 0.9994 -0.0138
vn 0.0067 0.9993 0.0380
vn -0.0004 1.0000 0.0086
vn 0.1981 0.7871 0.5842
vn -0.3325 0.9263 -0.1774
vn -0.0216 0.9954 -0.0939
vn -0.5914 0.7581 -0.2749
vn -0.4946 0.6783 -0.5435
vn 0.0178 0.8608 0.5086
vn 0.0002 0.9073 0.4206
vn 0.2271 0.8992 -0.3741
vn -0.0336 0.7137 0.6996
vn -0.0010 0.9980 -0.0637
vn -0.0345 0.9921 0.1204
vn -0.0936 0.9937 -0.0611
vn -0.0143 0.9994 0.0321
vn -0.0344 0.9976 0.0608
vn -0.0506 0.9980 0.0365
vn -0.4919 0.8705 -0.0177
vn 0.3735 0.9076 0.1919
vn 0.2475 0.8241 -0.5095
vn 0.0032 0.9999 -0.0114
vn -0.0195 0.9992 0.0346
vn 0.1299 0.9815 0.1408
vn 0.4376 0.8834 -0.1674
vn 0.2388 0.8236 -0.5145
vn 0.0181 0.9998 -0.0099
vn -0.0110 0.9999 0.0132
vn 0.0477 0.9980 -0.0407
vn -0.0207 0.9874 0.1566
vn 0.6685 0.5534 0.4968
vn -0.0172 0.9968 -0.0786
vn 0.0016 1.0000 0.0034
vn -0.3919 0.8929 -0.2218
vn 0.0841 0.9959 0.0334
vn 0.0713 0.9967 -0.0399
vn 0.0054 1.0000 0.0013
vn 0.1221 0.9894 -0.0786
vn -0.0037 0.9998 -0.0218
vn 0.1061 0.9909 -0.0828
vn -0.0421 0.8547 -0.5173
vn 0.0247 0.9738 -0.2260
vn 0.0023 0.9720 0.2351
vn 0.7682 0.5678 0.2958
vn 0.0123 0.9996 -0.0246
vn -0.0297 0.9984 -0.0482
vn 0.2029 0.9790 -0.0192
vn -0.1426 0.9030 -0.4053
vn -0.0385 0.9928 -0.1131
vn -0.1938 0.8817 0.4302
vn -0.0024 0.9995 -0.0311
vn 0.0118 0.9994 -0.0315
vn 0.0085 0.9937 -0.1118
vn 0.0371 0.9993 0.0047
vn 0.0613 0.9954 -0.0734
vn 0.5153 0.6682 0.5366
vn -0.0409 0.9819 0.1852
vn -0.5580 0.8268 0.0708
vn 0.0138 0.9995 0.0295
vn 0.0102 0.9999 0.0074
vn 0.0065 0.9994 0.0341
vn -0.0200 0.9984 0.0533
vn 0.0351 0.9972 -0.0663
vn 0.5984 0.5177 -0.6115
vn 0.7709 0.5696 0.2850
vn 0.7613 0.6462 0.0530
vn 0.5360 0.7670 0.3529
vn 0.1467 0.8163 -0.5586
vn -0.0709 0.9972 0.0243
vn 0.0131 0.9976 -0.0683
vn -0.2262 0.7087 -0.6682
vn -0.2424 0.9702 -0.0001
vn 0.0631 0.6027 -0.7955
vn 0.5779 0.5845 0.5696
vn -0.3488 0.8856 0.3067
vn -0.0111 0.9998 -0.0150
vn 0.1218 0.9923 -0.0248
vn 0.5649 0.8246 0.0304
vn -0.1008 0.8253 0.5556
vn -0.3462 0.8298 -0.4378
vn 0.5245 0.5735 0.6293
vn 0.0561 0.9019 -0.4282
vn 0.0712 0.9967 -0.0402
vn -0.0785 0.9968 0.0128
vn 0.7403 0.6482 0.1782
vn 0.9490 0.2697 0.1635
vn 0.0401 0.9738 -0.2237
vn 0.0688 0.7993 -0.5970
vn -0.0030 1.0000 0.0001
vn 0.0176 0.9998 0.0077
vn -0.0239 0.9926 0.1190
vn -0.0197 0.9983 0.0557
vn 0.5243 0.8244 0.2134
vn -0.0460 0.9913 0.1232
vn -0.0036 1.0000 -0.0031
vn 0.0132 0.9997 -0.0192
vn -0.0006 0.9992 -0.0397
vn 0.0153 0.9995 -0.0269
vn 0.7695 0.6363 0.0547
vn 0.6046 0.7808 -0.1576
vn 0.6446 0.4962 -0.5816
vn 0.0986 0.5860 -0.8043
vn 0.0024 0.9979 0.0647
vn 0.5162 0.8555 -0.0417
vn 0.0218 0.9998 0.0004
vn 0.0097 0.9999 0.0078
vn -0.0026 1.0000 -0.0027
vn 0.9074 0.4110 -0.0877
vn 0.8579 0.5019 -0.1102
vn 0.2756 0.9275 -0.2526
vn -0.1304 0.8012 0.5840
vn 0.6422 0.6456 0.4133
vn 0.0071 0.9998 0.0178
vn -0.0653 0.9977 -0.0170
vn 0.0628 0.9960 0.0631
vn 0.5926 0.8018 -0.0767
vn 0.9257 0.3632 0.1054
vn 0.2247 0.8923 -0.3915
vn -0.0239 0.9995 0.0191
vn -0.0053 0.9999 -0.0101
vn 0.7543 0.6068 -0.2507
vn 0.7856 0.5109 -0.3491
vn 0.6467 0.4912 -0.5834
vn 0.7558 0.5346 -0.3782
vn 0.9121 0.3040 0.2751
vn 0.8887 0.3783 0.2591
vn 0.7057 0.6864 0.1755
vn 0.6581 0.6312 0.4105
vn 0.3359 0.8577 -0.3892
vn -0.5721 0.7601 0.3082
vn 0.5074 0.5770 0.6401
vn 0.0164 0.9965 -0.0816
vn 0.9075 0.4105 -0.0889
vn 0.9017 0.3954 -0.1749
vn 0.9084 0.4101 -0.0818
vn 0.5153 0.8263 0.2273
vn 0.2569 0.7160 -0.6491
vn -0.0248 0.9997 0.0003
vn -0.0059 0.9974 0.0715
vn 0.5779 0.7990 -0.1663
vn 0.7646 0.6433 0.0393
vn 0.7986 0.5145 -0.3125
vn 0.7387 0.6444 0.1976
vn 0.7814 0.3117 0.5406
vn -0.1935 0.8487 -0.4922
vn -0.7193 0.6556 -0.2298
vn -0.7157 0.6561 -0.2394
vn -0.0766 0.9604 0.2680
vn -0.0651 0.9633 0.2603
vn 0.0186 0.8115 0.5840
vn -0.0045 0.9996 -0.0285
vn -0.0156 0.9981 -0.0597
vn 0.9116 0.3876 -0.1369
vn 0.9342 0.3509 -0.0638
vn 0.2430 0.4255 0.8718
vn 0.6608 0.5276 -0.5339
vn 0.1454 0.9867 0.0727
vn 0.0393 0.7673 0.6401
vn -0.0693 0.5604 -0.8253
vn 0.0901 0.7058 0.7027
vn 0.0156 0.9994 0.0298
vn 0.0173 0.9957 -0.0914
vn -0.0312 0.9995 -0.0028
vn 0.7453 0.6144 -0.2588
vn 0.5201 0.7352 -0.4347
vn 0.0691 0.4523 -0.8892
vn 0.9431 0.3250 -0.0696
vn 0.9410 0.3192 0.1122
vn 0.7449 0.4559 -0.4871
vn -0.7465 0.6137 0.2573
vn -0.1796 0.9649 -0.1915
vn 0.4335 0.7111 -0.5536
vn 0.5723 0.4934 0.6550
vn 0.5559 0.6596 -0.5059
vn 0.2425 0.4368 0.8662
vn 0.5034 0.8603 0.0804
vn -0.7225 0.6870 -0.0779
vn -0.0871 0.3628 -0.9278
vn -0.0240 0.9801 -0.1969
vn -0.0219 0.9791 -0.2024
vn -0.0237 0.9994 0.0256
vn -0.0280 0.9981 0.0555
vn -0.0177 0.9997 -0.0157
vn 0.0561 0.9982 -0.0195
vn 0.0710 0.8999 -0.4302
vn -0.5183 0.8426 -0.1464
vn -0.0933 0.5083 -0.8561
vn -0.6037 0.7971 0.0132
vn 0.1077 0.9738 0.2002
vn 0.7122 0.6132 0.3417
vn 0.0655 0.9957 -0.0649
vn -0.7402 0.6678 -0.0782
vn 0.5616 0.6940 -0.4506
vn 0.1067 0.7687 0.6307
vn -0.0062 0.9999 0.0117
vn 0.7644 0.3207 -0.5593
vn 0.1308 0.5273 0.8395
vn 0.6262 0.5164 0.5841
vn -0.1412 0.3648 -0.9203
vn 0.9444 0.3223 0.0650
vn -0.0602 0.7281 0.6829
vn 0.0544 0.8836 0.4650
vn -0.0100 0.9997 0.0220
vn 0.8214 0.5691 -0.0378
vn -0.8030 0.5202 0.2908
vn 0.7071 0.2198 0.6720
vn -0.8866 0.3536 0.2982
vn -0.8816 0.3855 0.2724
vn -0.5538 0.7474 0.3670
vn 0.6490 0.4781 0.5918
vn 0.7324 0.5306 0.4266
vn -0.0152 0.9995 0.0261
vn -0.0280 0.9996 0.0074
vn 0.0775 0.9970 -0.0061
vn -0.0560 0.9282 0.3679
vn 0.3712 0.1976 -0.9073
vn 0.9499 0.2627 -0.1694
vn -0.7460 0.4224 0.5148
vn -0.7482 0.6628 -0.0298
vn -0.7003 0.6732 -0.2374
vn 0.1288 0.7157 -0.6864
vn -0.1520 0.6578 -0.7377
vn 0.5441 0.7191 0.4322
vn 0.2041 0.9771 0.0594
vn -0.0021 0.9998 -0.0215
vn -0.0224 0.9997 -0.0078
vn -0.0197 0.9997 -0.0114
vn -0.8442 0.4517 0.2886
vn -0.9056 0.3874 -0.1729
vn -0.9453 0.2237 0.2373
vn -0.8963 0.4052 0.1805
vn -0.5121 0.8019 0.3078
vn -0.0715 0.7287 0.6811
vn 0.8754 0.4663 0.1274
vn 0.8901 0.4534 -0.0468
vn 0.1940 0.4339 0.8799
vn 0.0011 0.9910 -0.1335
vn -0.0109 0.9914 -0.1303
vn -0.4461 0.7691 -0.4578
vn -0.7802 0.5770 0.2416
vn -0.8714 0.4449 -0.2066
vn -0.1841 0.9551 0.2322
vn 0.8919 0.1639 0.4216
vn -0.6688 0.7377 0.0922
vn -0.5297 0.7692 0.3573
vn 0.0139 0.9996 -0.0246
vn -0.3422 0.7803 -0.5236
vn -0.1863 0.6184 -0.7634
vn 0.0217 0.5241 -0.8514
vn 0.8019 0.5654 -0.1930
vn -0.2680 0.6126 -0.7436
vn -0.8854 0.4140 -0.2112
vn -0.9483 0.1151 -0.2956
vn -0.8437 0.5333 -0.0617
vn 0.7002 0.6823 -0.2102
vn 0.4802 0.7631 0.4326
vn 0.1805 0.7580 0.6268
vn -0.0003 0.9962 0.0874
vn -0.0075 1.0000 0.0059
vn -0.0594 0.9941 0.0904
vn -0.8484 0.3960 -0.3513
vn -0.9489 0.3051 -0.0808
vn 0.9504 0.2589 -0.1725
vn 0.6425 0.5327 0.5509
vn -0.0018 1.0000 -0.0028
vn 0.1375 0.9714 -0.1936
vn 0.4423 0.7686 -0.4621
vn 0.9342 0.2430 -0.2610
vn -0.5565 0.8213 -0.1255
vn -0.3149 0.7415 -0.5924
vn -0.3566 0.9331 -0.0458
vn -0.4031 0.9035 0.1454
vn 0.1759 0.9844 0.0073
vn 0.9064 0.4143 0.0824
vn 0.2971 0.9114 -0.2846
vn -0.0002 0.9995 0.0304
vn 0.0514 0.9969 -0.0593
vn 0.0069 0.9977 0.0681
vn -0.0898 0.9960 0.0006
vn 0.6058 0.6794 0.4141
vn -0.7649 0.6251 -0.1551
vn -0.7958 0.5272 0.2978
vn -0.7902 0.5688 0.2283
vn -0.7584 0.6515 -0.0184
vn -0.8788 0.3773 -0.2921
vn -0.9121 0.3634 0.1898
vn 0.4088 0.3025 0.8610
vn -0.5440 0.8126 -0.2093
vn 0.3402 0.8636 0.3720
vn 0.3437 0.8757 -0.3390
vn -0.0068 0.9999 -0.0149
vn -0.0317 0.9995 0.0062
vn 0.7847 0.5139 -0.3467
vn 0.6964 0.7031 0.1436
vn -0.0342 0.5765 -0.8163
vn -0.6764 0.7071 0.2061
vn -0.0509 0.8989 -0.4353
vn -0.3385 0.3852 -0.8585
vn -0.2809 0.8705 0.4042
vn -0.1842 0.6479 -0.7391
vn 0.8793 0.4677 -0.0900
vn 0.1893 0.7606 0.6210
vn -0.0398 0.9966 0.0723
vn -0.0222 0.9994 0.0268
vn 0.0077 0.9999 0.0087
vn -0.0467 0.9986 -0.0262
vn 0.2265 0.1959 -0.9541
vn 0.3089 0.1147 0.9442
vn -0.0244 0.9743 0.2237
vn -0.0244 0.9919 0.1247
vn -0.3035 0.7453 0.5937
vn -0.5505 0.6187 -0.5605
vn -0.0561 0.4337 0.8993
vn 0.0022 0.9999 -0.0135
vn -0.5447 0.7693 0.3337
vn 0.5006 0.1580 0.8511
vn 0.6447 0.7064 -0.2923
vn 0.7804 0.4482 0.4359
vn 0.3359 0.9342 -0.1203
vn 0.5291 0.6479 -0.5479
vn 0.5329 0.3831 0.7545
vn -0.6094 0.4348 -0.6630
vn 0.8337 0.4244 0.3533
vn 0.5211 0.8473 0.1026
vn 0.0576 0.9982 -0.0181
vn -0.0180 0.9998 0.0131
vn 0.5447 0.6260 -0.5580
vn -0.6640 0.2304 -0.7114
vn -0.3769 0.1343 -0.9165
vn -0.3712 0.8112 -0.4517
vn 0.6275 0.4060 0.6644
vn -0.2676 0.3347 0.9035
vn 0.4494 0.8146 -0.3666
vn -0.1202 0.9927 -0.0130
vn -0.0215 0.9980 -0.0597
vn 0.0395 0.9992 -0.0109
vn 0.0388 0.9992 -0.0078
vn 0.7448 0.6315 -0.2155
vn 0.3514 0.1058 -0.9302
vn -0.7974 0.3599 0.4844
vn -0.3363 0.5768 -0.7444
vn -0.1880 0.8416 0.5063
vn -0.0820 0.8371 0.5409
vn -0.1233 0.9892 0.0797
vn -0.2484 0.9532 -0.1724
vn -0.3395 0.1275 -0.9319
vn 0.4707 0.5139 0.7172
vn 0.2031 0.8218 -0.5323
vn 0.3738 0.4032 -0.8353
vn -0.3564 0.4710 0.8069
vn -0.0864 0.6008 0.7947
vn -0.3628 0.9094 0.2034
vn -0.0001 1.0000 0.0013
vn -0.0117 0.9999 0.0046
vn 0.0610 0.9975 -0.0355
vn 0.5217 0.6975 0.4913
vn -0.0194 0.9998 0.0008
vn 0.6934 0.1189 0.7107
vn 0.0939 0.9906 0.0996
vn -0.3169 0.6978 -0.6424
vn 0.4413 0.8419 -0.3106
vn -0.0100 0.9999 -0.0120
vn 0.0670 0.9977 -0.0048
vn 0.1240 0.9922 0.0154
vn 0.5860 0.6606 -0.4693
vn -0.4295 0.6862 0.5871
vn -0.2486 0.9525 -0.1757
vn 0.7214 0.5299 -0.4459
vn 0.2694 0.9593 -0.0844
vn 0.4256 0.3197 -0.8466
vn 0.9517 0.2543 0.1722
vn -0.0699 0.9763 -0.2050
vn -0.4866 0.6263 0.6091
vn -0.0548 0.7954 -0.6036
vn -0.5489 0.3663 -0.7513
vn -0.9060 0.4232 -0.0066
vn -0.4153 0.7957 0.4408
vn 0.0596 0.9982 -0.0081
vn -0.1150 0.9913 0.0640
vn -0.3093 0.9344 -0.1769
vn -0.1177 0.9888 0.0918
vn 0.1724 0.9683 -0.1808
vn 0.2479 0.9686 0.0196
vn 0.4077 0.7882 -0.4609
vn -0.4221 0.3364 0.8418
vn 0.1593 0.9860 0.0500
vn 0.2546 0.8364 -0.4854
vn -0.0379 0.9987 -0.0325
vn 0.4232 0.7244 -0.5442
vn -0.2975 0.1274 -0.9462
vn -0.7584 0.1896 -0.6236
vn -0.2136 0.9592 0.1853
vn -0.7158 0.5302 0.4545
vn -0.7656 0.6405 0.0602
vn -0.0494 0.9973 0.0542
vn -0.0545 0.9956 0.0762
vn 0.4408 0.5249 0.7281
vn 0.1830 0.5366 0.8238
vn 0.2440 0.6324 0.7352
vn -0.3881 0.5998 -0.6997
vn 0.0194 0.9998 -0.0026
vn 0.0301 0.9983 -0.0495
vn -0.7672 0.6366 0.0781
vn 0.6794 0.1199 0.7239
vn 0.0703 0.9938 0.0867
vn 0.6715 0.2384 -0.7016
vn -0.6568 0.6030 0.4528
vn 0.7221 0.4592 -0.5174
vn 0.1833 0.4857 0.8547
vn -0.6008 0.7899 0.1226
vn -0.0241 0.9996 -0.0136
vn 0.6474 0.7143 -0.2657
vn 0.2394 0.1026 0.9655
vn 0.9402 0.2636 0.2159
vn -0.0102 0.6183 -0.7859
vn 0.8002 0.4912 -0.3441
vn 0.7056 0.5389 -0.4601
vn -0.0048 0.9999 -0.0146
vn 0.2078 0.1227 -0.9704
vn -0.1932 0.2546 -0.9476
vn -0.4184 0.6776 -0.6048
vn 0.4733 0.4141 0.7775
vn -0.0155 0.9976 -0.0677
vn 0.0402 0.9991 0.0145
vn 0.8782 0.4691 -0.0937
vn -0.0339 0.9978 0.0575
vn 0.3274 0.4779 0.8151
vn 0.4373 0.5730 0.6931
vn -0.0561 0.8901 0.4522
vn -0.0411 0.9223 -0.3843
vn -0.9086 0.2160 -0.3574
vn 0.3284 0.1797 0.9273
vn -0.1192 0.4724 -0.8733
vn -0.3123 0.4432 -0.8403
vn -0.0049 0.9989 0.0466
vn 0.0031 1.0000 0.0066
vn -0.0459 0.9972 -0.0595
vn 0.2811 0.3195 -0.9049
vn -0.3739 0.1092 0.9210
vn -0.2092 0.9632 -0.1685
vn 0.1877 0.9078 -0.3750
vn 0.4877 0.3652 0.7930
vn -0.0039 1.0000 0.0008
vn -0.0075 0.9985 0.0543
vn 0.0418 0.9991 0.0085
vn 0.7337 0.5440 -0.4070
vn 0.0389 0.4127 0.9100
vn 0.0775 0.9138 -0.3987
vn -0.4698 0.7941 0.3857
vn 0.2847 0.8777 -0.3854
vn -0.3774 0.1374 -0.9158
vn 0.3755 0.6227 0.6865
vn 0.4032 0.8568 -0.3214
vn -0.0244 0.8312 0.5555
vn 0.6403 0.4216 0.6421
vn -0.0218 0.9997 0.0068
vn 0.6230 0.4858 -0.6131
vn -0.4441 0.6652 0.6002
vn -0.0532 0.9979 0.0378
vn -0.9845 0.1280 -0.1201
vn -0.8112 0.1300 0.5701
vn -0.0522 0.9669 0.2499
vn -0.1351 0.2150 0.9672
vn 0.6325 0.7234 -0.2766
vn 0.6083 0.6937 0.3857
vn -0.0332 0.9995 -0.0000
vn 0.2438 0.2185 0.9449
vn -0.2868 0.9568 -0.0488
vn -0.8796 0.2198 -0.4218
vn 0.2648 0.8157 -0.5143
vn -0.3514 0.4470 -0.8226
vn -0.0222 0.9997 -0.0115
vn 0.0506 0.9987 -0.0102
vn -0.0270 0.9996 0.0099
vn 0.0567 0.9975 0.0416
vn -0.0654 0.4737 -0.8782
vn 0.1049 0.2758 -0.9555
vn -0.1950 0.6664 0.7197
vn -0.3400 0.9225 0.1828
vn 0.2276 0.9085 -0.3506
vn -0.4165 0.8750 -0.2468
vn -0.0527 0.9982 -0.0297
vn 0.0206 0.9919 0.1252
vn -0.1922 0.4449 -0.8747
vn 0.0699 0.9972 0.0283
vn -0.0005 0.8794 -0.4761
vn 0.4794 0.3042 0.8232
vn 0.1863 0.8401 -0.5095
vn -0.5711 0.6003 -0.5600
vn -0.4745 0.4456 -0.7591
vn -0.2141 0.2877 -0.9335
vn 0.0141 0.4846 0.8746
vn -0.2466 0.9605 0.1286
vn -0.0030 0.9975 0.0702
vn 0.0087 1.0000 -0.0020
vn -0.0825 0.9961 0.0322
vn 0.0373 0.9990 -0.0251
vn -0.9798 0.1920 0.0563
vn 0.0149 0.5471 0.8370
vn 0.5942 0.3935 0.7015
vn -0.2429 0.4371 0.8660
vn 0.0098 0.9999 -0.0046
vn -0.0116 0.9985 0.0530
vn -0.0530 0.9976 0.0445
vn -0.0386 0.9979 0.0521
vn -0.0144 0.9997 -0.0183
vn 0.0542 0.7030 -0.7091
vn -0.9595 0.2743 -0.0642
vn -0.9176 0.2997 0.2611
vn -0.6536 0.7566 0.0181
vn -0.1476 0.9436 -0.2964
vn 0.1799 0.8108 -0.5570
vn -0.6314 0.4845 0.6055
vn -0.0907 0.9958 0.0142
vn -0.0094 0.9999 -0.0088
vn -0.0043 0.9999 -0.0167
vn 0.0181 0.9988 0.0456
vn -0.0207 0.9987 -0.0462
vn -0.5575 0.5989 0.5749
vn -0.4245 0.4386 0.7921
vn 0.0796 0.9968 0.0017
vn 0.3679 0.7937 0.4844
vn -0.4066 0.3873 -0.8274
vn -0.4875 0.7695 0.4126
vn 0.5913 0.7085 -0.3851
vn -0.0496 0.9983 -0.0297
vn 0.0061 1.0000 0.0032
vn -0.0760 0.9953 0.0607
vn 0.1176 0.9925 -0.0323
vn -0.5803 0.7000 -0.4163
vn -0.6799 0.4063 -0.6104
vn -0.5566 0.2938 -0.7771
vn 0.2329 0.8616 0.4510
vn 0.1711 0.6850 -0.7082
vn -0.3576 0.2979 0.8851
vn -0.4212 0.3719 0.8272
vn 0.0866 0.9939 -0.0678
vn 0.0710 0.7508 -0.6567
vn -0.9221 0.3694 0.1154
vn 0.0466 0.9987 -0.0184
vn -0.0329 0.9991 -0.0275
vn -0.0919 0.9939 -0.0603
vn 0.3839 0.9054 -0.1814
vn -0.6379 0.7701 0.0026
vn -0.6067 0.5459 0.5779
vn 0.0524 0.9986 0.0113
vn -0.2585 0.2324 0.9376
vn 0.5198 0.7734 0.3629
vn 0.0817 0.7672 -0.6362
vn -0.3834 0.6508 0.6553
vn -0.7023 0.1374 -0.6985
vn -0.6556 0.7531 -0.0551
vn -0.4445 0.7212 0.5313
vn -0.6332 0.2808 -0.7212
vn 0.6735 0.7384 0.0340
vn 0.4081 0.7345 0.5422
vn 0.7380 0.6748 -0.0100
vn -0.1480 0.8883 0.4347
vn 0.1690 0.9855 -0.0121
vn -0.0367 0.9976 0.0589
vn -0.0047 0.9987 0.0516
vn 0.0108 0.9993 -0.0368
vn -0.5055 0.4312 -0.7473
vn 0.0412 0.9979 0.0493
vn -0.0168 0.9958 -0.0899
vn 0.0065 0.9965 0.0828
vn -0.0387 0.8188 -0.5727
vn 0.4267 0.8717 -0.2409
vn 0.2549 0.9532 -0.1627
vn 0.6783 0.6385 0.3635
vn -0.0105 0.7244 -0.6893
vn 0.5956 0.6579 0.4609
vn -0.0307 0.9975 -0.0634
vn 0.0370 0.9992 0.0162
vn -0.1170 0.9931 -0.0019
vn -0.8154 0.5612 0.1423
vn -0.0891 0.6484 -0.7561
vn -0.4485 0.7327 0.5119
vn 0.4236 0.8962 -0.1319
vn -0.0928 0.8790 0.4677
vn -0.0396 0.9947 -0.0953
vn -0.4222 0.9060 0.0299
vn 0.4530 0.6515 0.6085
vn 0.0107 0.9977 -0.0662
vn 0.0143 0.7145 -0.6995
vn 0.7308 0.6825 -0.0092
vn -0.3295 0.9096 -0.2531
vn 0.0381 0.9985 0.0389
vn -0.0003 0.9999 0.0121
vn 0.0121 0.9929 -0.1184
vn 0.0437 0.9989 0.0163
vn 0.0719 0.8685 0.4904
vn 0.6173 0.7132 0.3320
vn 0.3754 0.4568 -0.8065
vn 0.1315 0.9559 0.2625
vn 0.1879 0.8703 0.4553
vn 0.4464 0.7435 0.4979
vn 0.7518 0.4255 0.5038
vn 0.0171 0.9991 -0.0388
vn 0.0132 0.9986 -0.0504
vn 0.6859 0.4674 0.5578
vn 0.7865 0.5459 0.2888
vn 0.3495 0.9146 0.2034
vn 0.6165 0.4691 -0.6323
vn 0.7947 0.4384 0.4199
vn -0.0369 0.9993 -0.0052
vn 0.0404 0.9979 0.0499
vn 0.7095 0.6582 -0.2518
vn 0.6598 0.7373 0.1450
vn 0.3881 0.6316 0.6711
vn 0.0104 0.9999 0.0002
vn -0.1391 0.4731 -0.8700
vn -0.2877 0.3711 0.8829
vn 0.0200 0.8511 0.5246
vn -0.6321 0.6040 -0.4854
vn -0.6497 0.6500 -0.3943
vn -0.6448 0.6481 0.4053
vn 0.0514 0.7420 -0.6684
vn 0.9316 0.3131 0.1847
vn 0.2158 0.9763 0.0179
vn -0.0183 0.9974 0.0694
vn -0.0081 0.9990 0.0445
vn 0.5146 0.6325 -0.5788
vn -0.2329 0.8043 0.5467
vn -0.6329 0.6046 -0.4836
vn 0.4543 0.7597 0.4653
vn 0.0022 0.9999 0.0113
vn 0.0053 0.9987 0.0505
vn 0.0256 0.9995 -0.0173
vn -0.0425 0.9952 0.0878
vn 0.5203 0.5262 -0.6726
vn 0.8517 0.5034 0.1456
vn -0.1794 0.4706 -0.8639
vn 0.6216 0.5945 0.5101
vn 0.2473 0.2250 -0.9425
vn -0.0114 0.8852 0.4651
vn 0.2670 0.4044 0.8748
vn -0.1991 0.9518 -0.2332
vn -0.1519 0.8615 -0.4845
vn -0.3093 0.8926 0.3279
vn -0.1396 0.9852 0.0992
vn 0.8053 0.5788 -0.1280
vn 0.7908 0.5309 0.3046
vn 0.6678 0.6436 0.3739
vn 0.2263 0.9463 -0.2309
vn -0.0143 0.6307 -0.7759
vn 0.0175 0.9636 -0.2669
vn 0.1480 0.5712 0.8074
vn 0.1043 0.7403 0.6642
vn 0.5370 0.5165 -0.6670
vn 0.4506 0.5007 0.7391
vn 0.7698 0.6106 -0.1862
vn 0.8805 0.4739 -0.0138
vn 0.4126 0.5442 -0.7305
vn 0.5552 0.5132 0.6546
vn 0.4098 0.8006 0.4371
vn -0.3748 0.6674 -0.6435
vn 0.4847 0.6555 -0.5791
vn 0.5093 0.6543 -0.5590
vn 0.0028 1.0000 0.0005
vn 0.0034 0.9992 -0.0394
vn -0.1619 0.8669 -0.4715
vn -0.0694 0.8970 0.4366
vn -0.0518 0.9985 0.0201
vn 0.2441 0.8733 0.4216
vn -0.1861 0.9814 -0.0475
vn -0.5123 0.3195 0.7972
vn -0.4908 0.6385 0.5928
vn 0.4497 0.5128 -0.7313
vn 0.0235 0.9996 -0.0173
vn 0.4879 0.8238 0.2886
vn 0.0485 0.9986 -0.0231
vn 0.1646 0.9802 0.1098
vn -0.0347 0.9991 -0.0243
vn 0.0580 0.9981 -0.0195
vn 0.8178 0.4821 -0.3143
vn 0.8188 0.5732 0.0319
vn -0.1672 0.5606 0.8110
vn 0.5505 0.5705 -0.6095
vn 0.8038 0.2652 0.5325
vn 0.7704 0.4521 0.4495
vn -0.2541 0.9660 0.0478
vn 0.5658 0.7225 -0.3974
vn -0.0219 0.9976 -0.0657
vn 0.0129 0.9999 0.0031
vn -0.0833 0.9965 -0.0031
vn 0.1282 0.8920 -0.4335
vn 0.1012 0.7500 0.6537
vn 0.6925 0.7030 0.1617
vn 0.6069 0.3756 -0.7004
vn 0.1602 0.7949 -0.5852
vn -0.1040 0.8118 0.5746
vn 0.0177 0.9250 0.3795
vn -0.2149 0.4945 0.8422
vn 0.1255 0.9619 0.2430
vn -0.0058 0.9999 0.0091
vn 0.0109 0.9999 -0.0064
vn 0.0663 0.5101 -0.8575
vn -0.0765 0.9912 -0.1082
vn 0.2816 0.8872 0.3654
vn -0.7406 0.2581 -0.6204
vn -0.1720 0.9331 0.3158
vn -0.5193 0.6655 -0.5360
vn 0.5702 0.7183 -0.3986
vn -0.0042 0.9969 -0.0787
vn 0.1920 0.8774 -0.4397
vn 0.0335 0.9986 0.0415
vn -0.0018 0.9981 0.0613
vn -0.2247 0.8695 -0.4399
vn 0.0165 0.5308 -0.8473
vn 0.7562 0.4662 0.4591
vn -0.3775 0.5351 -0.7558
vn -0.5747 0.7922 -0.2056
vn -0.0200 0.8136 0.5811
vn -0.7115 0.5991 0.3673
vn -0.6517 0.7294 -0.2081
vn 0.6254 0.6774 0.3874
vn -0.6150 0.7702 -0.1694
vn 0.7043 0.4667 0.5349
vn -0.3911 0.6192 -0.6809
vn 0.1392 0.9280 -0.3456
vn 0.0511 0.9831 0.1757
vn -0.3628 0.5983 -0.7145
vn -0.5770 0.3448 0.7404
vn 0.0084 0.9998 -0.0163
vn 0.0055 1.0000 -0.0024
vn 0.4960 0.8191 0.2883
vn 0.7883 0.5848 0.1910
vn 0.3930 0.3925 0.8316
vn -0.0190 0.9968 -0.0771
vn -0.2655 0.5817 -0.7689
vn -0.1099 0.4367 -0.8929
vn -0.3684 0.6170 0.6954
vn 0.0489 0.9988 -0.0068
vn -0.0261 0.9993 -0.0255
vn 0.0220 0.9996 0.0191
vn 0.1555 0.9013 -0.4043
vn 0.4445 0.8414 -0.3074
vn -0.2940 0.8230 0.4860
vn -0.2500 0.8031 -0.5409
vn -0.0377 0.9352 0.3522
vn -0.3261 0.8682 0.3740
vn -0.3418 0.8538 -0.3926
vn -0.3916 0.6652 0.6358
vn 0.7156 0.6313 -0.2990
vn -0.0475 0.9946 -0.0926
vn 0.4033 0.7744 -0.4874
vn 0.6617 0.3588 0.6583
vn -0.0017 0.9999 -0.0151
vn 0.0627 0.8564 -0.5125
vn -0.4059 0.5159 -0.7544
vn -0.6546 0.7557 -0.0191
vn -0.2013 0.7557 0.6232
vn 0.1576 0.4133 -0.8969
vn -0.3574 0.2358 0.9037
vn -0.0493 0.9804 0.1908
vn -0.3497 0.5577 -0.7528
vn 0.4244 0.8949 0.1383
vn 0.0066 0.7542 0.6566
vn -0.9400 0.3401 -0.0267
vn -0.0366 0.9986 0.0375
vn 0.4877 0.6218 -0.6129
vn 0.0338 0.9993 -0.0172
vn -0.0284 0.9992 0.0294
vn 0.0365 0.9993 0.0115
vn 0.0953 0.7327 -0.6739
vn 0.1486 0.3501 -0.9248
vn -0.0081 0.5242 0.8516
vn 0.2043 0.9735 0.1026
vn -0.6135 0.7026 -0.3605
vn 0.0363 0.9993 0.0076
vn -0.1981 0.8208 -0.5358
vn -0.1758 0.7560 -0.6305
vn -0.6508 0.6664 -0.3639
vn 0.6502 0.4941 0.5772
vn 0.6846 0.3626 -0.6323
vn -0.7791 0.6105 -0.1424
vn -0.4763 0.8652 0.1566
vn -0.2095 0.7894 -0.5770
vn -0.2893 0.8435 -0.4526
vn 0.7985 0.2849 0.5303
vn 0.2450 0.7257 0.6429
vn -0.0561 0.9883 0.1417
vn -0.0842 0.8907 -0.4468
vn -0.2021 0.9721 0.1193
vn 0.3838 0.9008 0.2029
vn 0.0271 0.9991 0.0335
vn 0.0165 0.9983 0.0556
vn 0.1891 0.9633 -0.1903
vn 0.1688 0.9835 0.0645
vn -0.7046 0.5100 -0.4934
vn -0.2844 0.3339 0.8987
vn 0.0996 0.9802 -0.1709
vn -0.1968 0.8028 0.5628
vn 0.5022 0.5561 -0.6622
vn 0.7081 0.6954 0.1226
vn 0.6533 0.7254 0.2167
vn 0.7258 0.4324 -0.5350
vn 0.2312 0.7030 0.6726
vn -0.0266 0.9925 -0.1189
vn 0.3920 0.8153 0.4261
vn 0.0066 0.9976 0.0686
vn 0.0122 0.9991 0.0413
vn -0.0382 0.9973 0.0628
vn -0.0431 0.8995 0.4349
vn 0.0221 0.5007 -0.8654
vn 0.1481 0.9867 0.0665
vn -0.4036 0.4214 -0.8122
vn 0.9330 0.3381 -0.1232
vn 0.9382 0.3450 -0.0275
vn -0.7822 0.5888 0.2034
vn 0.2334 0.9261 0.2964
vn -0.2593 0.9597 -0.1078
vn -0.3076 0.9070 0.2875
vn 0.1856 0.9762 -0.1122
vn 0.2970 0.8396 -0.4549
vn -0.0257 0.9993 -0.0261
vn -0.0059 0.9995 -0.0311
vn 0.9136 0.1935 -0.3575
vn -0.2007 0.9745 -0.1000
vn -0.1793 0.3257 -0.9283
vn 0.3464 0.5651 0.7487
vn 0.4952 0.7988 -0.3416
vn 0.7286 0.6255 -0.2789
vn -0.0072 0.9993 0.0362
vn -0.0011 0.9982 -0.0598
vn 0.6366 0.5579 -0.5324
vn 0.1110 0.6615 0.7417
vn 0.6917 0.3447 0.6347
vn -0.0165 0.8934 0.4490
vn -0.4459 0.7371 -0.5078
vn 0.6340 0.7558 0.1638
vn 0.0802 0.9956 0.0475
vn 0.0221 0.9990 -0.0395
vn 0.0241 0.9997 0.0045
vn 0.0303 0.9995 0.0112
vn -0.0084 0.9997 0.0249
vn 0.0052 0.5235 0.8520
vn -0.4260 0.3117 0.8493
vn 0.7663 0.5952 0.2420
vn -0.2845 0.8503 0.4428
vn 0.0948 0.9814 -0.1670
vn 0.9133 0.3834 -0.1375
vn 0.8339 0.3025 -0.4617
vn 0.3863 0.3308 0.8610
vn 0.5863 0.8101 -0.0047
vn 0.6051 0.7084 0.3634
vn 0.6903 0.7192 0.0790
vn -0.0511 0.9960 -0.0739
vn -0.0074 0.9138 0.4061
vn -0.2125 0.7504 -0.6259
vn -0.3654 0.9292 0.0546
vn -0.5413 0.3764 -0.7519
vn -0.2545 0.4037 -0.8788
vn -0.3039 0.5528 0.7759
vn 0.4973 0.5028 0.7070
vn 0.7812 0.4160 0.4655
vn -0.2260 0.7966 -0.5606
vn 0.9542 0.2916 -0.0670
vn 0.6929 0.1473 0.7059
vn 0.5533 0.7584 -0.3446
vn 0.6074 0.6328 -0.4802
vn 0.7048 0.6978 0.1278
vn -0.3948 0.4915 -0.7763
vn -0.6291 0.5401 0.5591
vn 0.4029 0.2698 -0.8746
vn 0.8513 0.4898 0.1881
vn 0.7145 0.4434 0.5412
vn 0.6973 0.4554 0.5535
vn 0.2418 0.6264 -0.7410
vn -0.1398 0.8167 0.5598
vn 0.3446 0.9074 0.2405
vn 0.8601 0.2939 -0.4169
vn 0.1032 0.7560 0.6464
vn -0.0430 0.8944 -0.4452
vn 0.8071 0.5864 -0.0696
vn -0.0252 0.9996 -0.0156
vn 0.7531 0.2796 0.5955
vn 0.6798 0.6235 0.3862
vn 0.2142 0.2621 -0.9410
vn -0.2706 0.3271 -0.9054
vn -0.2760 0.2187 0.9360
vn -0.0389 0.8845 -0.4650
vn -0.0456 0.9987 -0.0239
vn -0.0512 0.9962 -0.0698
vn -0.1465 0.6712 -0.7266
vn 0.5871 0.6066 -0.5360
vn 0.1218 0.4976 0.8588
vn -0.1194 0.8575 -0.5005
vn -0.1299 0.2209 -0.9666
vn 0.4143 0.8892 -0.1942
vn 0.3529 0.5590 0.7504
vn -0.0492 0.9987 -0.0166
vn 0.0826 0.9953 0.0514
vn -0.2616 0.7109 -0.6528
vn 0.8650 0.2528 -0.4333
vn 0.6722 0.2878 -0.6821
vn -0.0174 0.6370 -0.7706
vn 0.4681 0.4284 0.7729
vn 0.3680 0.4474 -0.8151
vn -0.0311 0.2368 0.9711
vn 0.0732 0.9884 0.1329
vn 0.4578 0.5122 0.7267
vn 0.5012 0.7146 -0.4879
vn 0.5931 0.7433 -0.3095
vn -0.3439 0.9310 -0.1226
vn -0.4592 0.6988 0.5484
vn -0.0109 0.9999 -0.0018
vn -0.5620 0.5678 -0.6014
vn 0.0813 0.2494 0.9650
vn -0.3588 0.9333 0.0169
vn 0.7184 0.3335 0.6105
vn 0.9008 0.2249 0.3714
vn -0.1205 0.9648 0.2338
vn 0.1132 0.9936 0.0053
vn -0.2471 0.8867 -0.3908
vn -0.6464 0.6991 0.3057
vn 0.8136 0.5811 -0.0186
vn -0.0727 0.9973 0.0062
vn 0.0001 0.9974 -0.0716
vn 0.0821 0.8827 0.4627
vn 0.0389 0.9712 -0.2349
vn -0.4818 0.4267 -0.7653
vn 0.7822 0.2112 -0.5862
vn 0.9292 0.3676 -0.0371
vn 0.9323 0.3615 -0.0111
vn 0.1109 0.4959 0.8613
vn -0.3069 0.5300 0.7905
vn 0.6668 0.6871 0.2888
vn 0.3943 0.6120 -0.6855
vn 0.6457 0.6160 -0.4512
vn -0.1034 0.6611 0.7432
vn -0.1921 0.8881 -0.4177
vn -0.0689 0.9954 -0.0671
vn 0.0076 1.0000 -0.0033
vn -0.0093 0.9999 -0.0122
vn -0.0032 0.9841 0.1775
vn -0.4586 0.4280 -0.7788
vn 0.9367 0.2804 0.2099
vn 0.8721 0.2614 0.4137
vn 0.9753 0.1090 0.1921
vn -0.3302 0.4619 -0.8232
vn -0.1381 0.3071 -0.9416
vn 0.0833 0.8418 -0.5333
vn -0.4994 0.2237 -0.8370
vn -0.8311 0.2381 0.5026
vn -0.4657 0.6489 -0.6017
vn -0.0774 0.8211 -0.5655
vn -0.0864 0.7655 -0.6376
vn -0.0255 0.9960 0.0856
vn -0.1460 0.2055 -0.9677
vn 0.4674 0.1909 0.8632
vn -0.3651 0.3261 0.8720
vn 0.2106 0.9731 -0.0938
vn 0.5331 0.8430 -0.0713
vn 0.2518 0.5565 -0.7918
vn -0.1736 0.6785 -0.7138
vn -0.3456 0.3139 0.8843
vn -0.5772 0.7473 0.3291
vn 0.0471 0.9985 -0.0285
vn -0.0117 0.9999 -0.0004
vn -0.3179 0.7356 -0.5982
vn 0.6628 0.4162 -0.6225
vn -0.1307 0.9817 -0.1383
vn -0.7432 0.6583 -0.1195
vn 0.1899 0.6024 -0.7752
vn 0.7230 0.4320 -0.5392
vn -0.8400 0.2471 0.4830
vn -0.3492 0.5523 -0.7570
vn 0.0636 0.4364 0.8975
vn 0.1251 0.9921 -0.0050
vn 0.2301 0.9713 0.0605
vn 0.2255 0.8776 -0.4231
vn -0.0037 0.9609 0.2770
vn -0.4992 0.4714 0.7271
vn 0.0517 0.9985 0.0182
vn 0.0316 0.9995 0.0040
vn -0.0222 0.9983 -0.0537
vn -0.0219 0.9989 0.0411
vn 0.0258 0.9983 0.0516
vn -0.0225 0.9995 -0.0225
vn -0.1864 0.9780 0.0931
vn -0.7094 0.2059 -0.6741
vn -0.7751 0.1762 0.6068
vn -0.3782 0.9256 0.0153
vn -0.5496 0.5694 -0.6113
vn -0.2468 0.5252 -0.8144
vn 0.8568 0.1278 -0.4996
vn -0.2877 0.3100 0.9061
vn 0.0098 0.8615 -0.5077
vn 0.7899 0.6116 0.0442
vn 0.7156 0.6618 0.2233
vn 0.6127 0.4351 -0.6598
vn 0.6084 0.7737 -0.1768
vn 0.7359 0.6759 -0.0402
vn 0.1866 0.9816 -0.0414
vn -0.5061 0.7151 -0.4822
vn 0.0569 0.9983 -0.0075
vn -0.3839 0.7173 -0.5814
vn -0.5647 0.7675 0.3035
vn -0.0930 0.3325 -0.9385
vn -0.1774 0.3551 -0.9179
vn -0.1123 0.3390 -0.9340
vn 0.0732 0.3834 0.9207
vn 0.1891 0.9730 -0.1324
vn -0.1887 0.9568 -0.2211
vn 0.0505 0.9982 0.0322
vn -0.1071 0.8593 0.5002
vn -0.0019 0.9980 0.0629
vn -0.0935 0.3833 -0.9189
vn -0.4158 0.8208 -0.3916
vn 0.1439 0.9802 0.1361
vn 0.6392 0.7463 -0.1859
vn 0.5648 0.3687 -0.7383
vn 0.4017 0.8059 0.4349
vn 0.1053 0.9132 -0.3937
vn 0.0563 0.9980 -0.0286
vn -0.2157 0.9710 -0.1036
vn 0.0831 0.9826 -0.1659
vn -0.6190 0.7196 -0.3148
vn 0.5129 0.7073 -0.4865
vn -0.2083 0.9568 0.2029
vn 0.1089 0.8218 -0.5593
vn 0.2953 0.8872 0.3544
vn 0.3936 0.9083 0.1419
vn 0.0386 0.9992 -0.0072
vn 0.0331 0.9992 -0.0242
vn 0.0525 0.9962 -0.0691
vn 0.1215 0.9795 -0.1609
vn 0.0236 0.5732 -0.8191
vn 0.6603 0.5961 -0.4567
vn 0.9664 0.1162 0.2292
vn 0.1405 0.9809 -0.1346
vn 0.2240 0.4874 0.8440
vn -0.5934 0.7412 -0.3140
vn -0.6010 0.5080 0.6170
vn -0.5697 0.8211 -0.0361
vn -0.4804 0.8181 -0.3159
vn -0.2088 0.8951 0.3940
vn 0.2313 0.9484 -0.2169
vn 0.1331 0.7637 -0.6317
vn -0.1498 0.7225 0.6750
vn -0.0022 0.9092 0.4163
vn -0.0113 0.9999 -0.0006
vn -0.0415 0.8297 0.5567
vn 0.0483 0.9987 -0.0152
vn -0.5749 0.5209 0.6310
vn 0.5599 0.3190 -0.7647
vn 0.7953 0.2755 0.5400
vn 0.4976 0.4247 -0.7564
vn 0.7376 0.1382 0.6610
vn 0.0165 0.8755 0.4829
vn 0.8846 0.2032 -0.4197
vn 0.5611 0.7531 0.3436
vn 0.0623 0.9976 -0.0305
vn 0.1032 0.9935 0.0487
vn -0.8460 0.4811 -0.2299
vn -0.6066 0.4643 -0.6453
vn 0.0266 0.3419 -0.9394
vn 0.9075 0.0961 -0.4089
vn -0.0189 0.4139 0.9101
vn -0.5704 0.6463 -0.5070
vn 0.8775 0.1915 -0.4397
vn 0.9600 0.1645 0.2265
vn -0.5439 0.5250 0.6546
vn -0.4425 0.8906 0.1049
vn -0.2911 0.5856 -0.7565
vn 0.6456 0.7388 -0.1933
vn 0.6048 0.7938 0.0641
vn 0.0487 0.9987 -0.0141
vn -0.5138 0.4332 -0.7405
vn -0.3062 0.4060 -0.8610
vn 0.0894 0.2761 -0.9570
vn 0.2760 0.0934 0.9566
vn 0.0033 0.3325 -0.9431
vn 0.5680 0.7581 0.3204
vn -0.0488 0.1614 0.9857
vn -0.0094 0.5640 -0.8257
vn 0.7158 0.3839 0.5833
vn 0.0154 0.9098 -0.4148
vn -0.2718 0.7941 0.5436
vn 0.6314 0.7599 -0.1542
vn 0.5457 0.8243 -0.1512
vn 0.6746 0.4303 -0.5998
vn 0.4780 0.8626 0.1655
vn 0.4004 0.7666 -0.5020
vn 0.2703 0.9565 -0.1096
vn -0.0275 0.9891 -0.1447
vn 0.7113 0.2529 -0.6558
vn 0.3979 0.0952 -0.9125
vn 0.3092 0.9376 0.1588
vn 0.2070 0.8990 -0.3860
vn -0.3647 0.6112 -0.7024
vn -0.6127 0.1378 0.7782
vn 0.0883 0.9705 0.2245
vn 0.1751 0.4309 -0.8853
vn 0.2062 0.4189 -0.8843
vn 0.1169 0.9422 -0.3141
vn -0.1761 0.9110 -0.3729
vn -0.1063 0.7314 0.6736
vn 0.0555 0.9849 -0.1640
vn 0.2590 0.8072 0.5303
vn 0.1627 0.5445 0.8229
vn 0.8578 0.4721 0.2032
vn 0.0657 0.9970 -0.0400
vn -0.0010 0.9998 -0.0202
vn -0.2552 0.7859 0.5632
vn -0.1767 0.8633 -0.4728
vn -0.7874 0.5832 -0.1998
vn 0.0534 0.4058 0.9124
vn 0.1013 0.8379 -0.5363
vn 0.8581 0.5133 -0.0130
vn -0.1684 0.8944 0.4144
vn -0.2807 0.4138 -0.8660
vn -0.4248 0.2649 0.8656
vn 0.3695 0.8847 0.2843
vn 0.6692 0.3790 0.6392
vn -0.1692 0.9781 0.1215
vn 0.0504 0.9982 0.0322
vn 0.5741 0.7153 -0.3986
vn 0.8672 0.3347 0.3687
vn -0.3030 0.7245 -0.6190
vn 0.1319 0.9898 0.0546
vn 0.6972 0.2938 -0.6539
vn -0.7689 0.1998 -0.6074
vn -0.7650 0.2411 0.5972
vn -0.0205 0.9155 -0.4019
vn 0.9204 0.3634 0.1443
vn 0.5015 0.2184 0.8372
vn 0.3421 0.4147 -0.8432
vn 0.3031 0.2806 -0.9107
vn -0.7850 0.6103 0.1063
vn 0.1246 0.9870 -0.1016
vn 0.0604 0.9277 -0.3683
vn -0.5239 0.6271 -0.5765
vn 0.7870 0.4526 -0.4193
vn 0.7365 0.6492 0.1899
vn -0.0146 0.9999 -0.0010
vn 0.1397 0.9826 0.1228
vn -0.0964 0.2855 -0.9535
vn 0.7090 0.2977 -0.6393
vn 0.3157 0.2339 0.9196
vn 0.8353 0.5142 -0.1946
vn 0.0654 0.4429 0.8942
vn 0.2625 0.5378 0.8012
vn 0.2199 0.3659 -0.9043
vn 0.9070 0.2842 0.3107
vn -0.1718 0.9694 -0.1752
vn 0.0046 0.9999 0.0092
vn 0.0495 0.9680 -0.2459
vn 0.0263 0.9201 0.3907
vn 0.1479 0.8122 0.5644
vn 0.0844 0.9893 0.1192
vn 0.0932 0.9828 -0.1593
vn 0.2766 0.9560 -0.0978
vn -0.1604 0.9863 -0.0394
vn -0.1335 0.5378 0.8325
vn -0.2889 0.1207 -0.9497
vn 0.0260 0.9971 -0.0716
vn 0.4610 0.1901 -0.8668
vn -0.2846 0.8463 -0.4504
vn -0.3050 0.9464 -0.1060
vn 0.5560 0.7214 -0.4129
vn 0.1172 0.4612 -0.8795
vn 0.3777 0.5268 -0.7615
vn 0.6182 0.3281 0.7142
vn -0.0057 0.9999 0.0104
vn 0.1636 0.6521 0.7403
vn 0.1743 0.8404 0.5132
vn -0.4401 0.1011 -0.8922
vn -0.7732 0.1194 0.6228
vn -0.3731 0.0780 0.9245
vn 0.1395 0.9325 -0.3331
vn -0.3456 0.6848 -0.6416
vn -0.4673 0.3469 -0.8132
vn 0.5704 0.4058 0.7141
vn 0.5536 0.4021 0.7293
vn 0.0387 0.9936 0.1057
vn 0.6075 0.6809 -0.4090
vn 0.6887 0.7114 -0.1398
vn -0.1668 0.5700 0.8045
vn -0.0647 0.6454 0.7611
vn 0.0832 0.9939 0.0721
vn -0.5464 0.8195 -0.1729
vn 0.0024 0.9992 0.0402
vn 0.8567 0.5020 -0.1184
vn 0.0198 0.2330 -0.9723
vn -0.5374 0.0992 -0.8375
vn -0.9677 0.0952 0.2333
vn -0.2786 0.9602 -0.0211
vn -0.5323 0.2371 -0.8127
vn -0.5927 0.2680 0.7595
vn 0.7500 0.6592 0.0538
vn 0.2695 0.6820 -0.6799
vn 0.1872 0.7257 -0.6621
vn 0.3110 0.4600 0.8317
vn 0.1883 0.9589 0.2124
vn 0.4135 0.9104 0.0145
vn 0.0239 0.2430 -0.9697
vn 0.7935 0.3336 0.5090
vn 0.1147 0.9425 0.3139
vn 0.2419 0.2222 -0.9445
vn -0.5458 0.2246 0.8073
vn -0.1965 0.9742 -0.1112
vn 0.6970 0.4446 -0.5626
vn -0.9780 0.2021 0.0518
vn -0.5112 0.2477 0.8230
vn -0.2051 0.5422 0.8148
vn -0.4177 0.3338 -0.8450
vn 0.5158 0.5411 0.6642
vn 0.0343 0.9344 -0.3546
vn -0.4472 0.8912 -0.0756
vn 0.2276 0.8378 0.4963
vn 0.0731 0.5431 -0.8365
vn 0.7285 0.4108 0.5482
vn -0.0151 0.9999 -0.0051
vn 0.5848 0.7655 0.2683
vn 0.8744 0.4370 0.2107
vn 0.3800 0.9194 -0.1013
vn 0.8333 0.5257 0.1708
vn 0.1493 0.3853 -0.9106
vn 0.6533 0.6526 -0.3838
vn 0.4457 0.8682 -0.2180
vn -0.1838 0.9771 0.1076
vn 0.0627 0.8163 -0.5742
vn -0.7691 0.5898 -0.2464
vn 0.3452 0.8652 0.3637
vn 0.7431 0.5724 0.3467
vn 0.3264 0.9412 0.0878
vn -0.2597 0.7031 -0.6620
vn 0.1006 0.2009 -0.9744
vn 0.4357 0.3469 0.8306
vn 0.4178 0.5323 0.7363
vn 0.8332 0.5273 0.1666
vn 0.3875 0.4201 0.8206
vn 0.6177 0.4686 0.6316
vn 0.2115 0.5991 0.7723
vn 0.1524 0.9870 0.0515
vn 0.6841 0.4374 -0.5837
vn -0.8852 0.4507 0.1153
vn 0.7586 0.6467 0.0791
vn -0.3971 0.9071 0.1393
vn 0.4237 0.3319 0.8428
vn 0.3823 0.8328 -0.4004
vn -0.7626 0.6333 0.1315
vn -0.8757 0.4687 0.1158
vn 0.4548 0.4374 0.7758
vn 0.5695 0.7396 -0.3587
vn 0.0558 0.8323 0.5516
vn -0.0671 0.9755 0.2094
vn 0.7758 0.6117 0.1547
vn 0.9350 0.3544 -0.0147
vn -0.1597 0.8622 -0.4807
vn -0.0882 0.5282 -0.8445
vn -0.8541 0.3720 0.3635
vn 0.6497 0.5778 0.4940
vn -0.2489 0.9368 -0.2457
vn -0.2355 0.2841 0.9294
vn -0.0450 0.3498 0.9357
vn 0.0166 0.9988 -0.0455
vn 0.0671 0.5228 -0.8498
vn 0.5104 0.4378 0.7401
vn 0.3094 0.9408 0.1386
vn -0.0587 0.9983 -0.0052
vn -0.5918 0.3523 0.7250
vn -0.5605 0.6573 -0.5038
vn 0.5784 0.4508 0.6799
vn 0.6118 0.4741 0.6332
vn -0.2190 0.2889 -0.9320
vn -0.0879 0.3416 -0.9357
vn -0.6877 0.4238 0.5894
vn 0.5391 0.4050 0.7385
vn 0.6663 0.2469 0.7036
vn 0.6419 0.7534 0.1427
vn 0.4095 0.8204 0.3991
vn 0.4791 0.3780 0.7922
vn -0.8282 0.3711 -0.4200
vn -0.8341 0.3733 -0.4061
vn 0.5606 0.5178 0.6462
vn 0.6125 0.7715 -0.1722
vn -0.4874 0.2164 -0.8459
vn -0.6113 0.3223 0.7228
vn 0.8558 0.3622 0.3692
vn 0.2550 0.9596 -0.1191
vn -0.7507 0.3280 -0.5735
vn 0.2956 0.7370 -0.6079
vn 0.9692 0.2408 -0.0507
vn 0.6588 0.4676 0.5893
vn 0.4191 0.5369 -0.7322
vn -0.8949 0.4417 -0.0633
vn 0.3874 0.1607 -0.9078
vn 0.5689 0.6809 0.4613
vn -0.3551 0.8761 0.3260
vn -0.4478 0.8755 0.1817
vn -0.8319 0.5535 0.0403
vn 0.3852 0.5658 -0.7291
vn 0.2983 0.7309 -0.6139
vn 0.7507 0.3905 -0.5329
vn 0.9221 0.3254 0.2095
vn 0.7226 0.6856 -0.0880
vn 0.2883 0.9094 -0.2997
vn -0.3809 0.3496 0.8560
vn 0.7490 0.3718 0.5484
vn -0.7433 0.6045 -0.2865
vn 0.8553 0.3624 0.3703
vn 0.4957 0.5788 -0.6475
vn 0.2181 0.9729 0.0770
vn -0.4262 0.8304 0.3587
vn -0.5992 0.6224 -0.5036
vn 0.8219 0.5689 0.0280
vn 0.8325 0.5538 0.0157
vn -0.0611 0.9981 -0.0057
vn 0.2258 0.3976 0.8893
vn 0.5389 0.7474 0.3885
vn -0.2664 0.2240 -0.9375
vn -0.6537 0.2906 0.6988
vn -0.8464 0.3755 0.3776
vn -0.6720 0.5454 -0.5010
vn 0.4315 0.8754 -0.2179
vn 0.8950 0.2429 -0.3740
vn 0.5597 0.2943 0.7747
vn -0.4834 0.4597 -0.7450
vn 0.2912 0.7359 -0.6113
vn 0.3976 0.5497 -0.7347
vn 0.9328 0.3559 0.0560
vn 0.0041 0.9981 0.0621
vn -0.1138 0.5360 -0.8365
vn 0.0563 0.3667 -0.9287
vn 0.7486 0.5882 -0.3060
vn 0.1268 0.9888 0.0781
vn 0.0759 0.9860 0.1487
vn 0.0719 0.9910 0.1131
vn 0.8777 0.4782 -0.0328
vn 0.3866 0.7161 -0.5812
vn 0.9144 0.3657 -0.1738
vn 0.8133 0.3702 -0.4488
vn 0.9364 0.3333 -0.1101
vn -0.2325 0.5567 -0.7975
vn -0.3760 0.3000 -0.8767
vn -0.7288 0.6429 -0.2355
vn -0.7824 0.2954 -0.5483
vn -0.8218 0.2748 -0.4992
vn 0.4024 0.4488 0.7979
vn -0.0174 0.6556 -0.7549
vn 0.8219 0.5178 0.2376
vn 0.4575 0.8879 -0.0486
vn 0.1697 0.7467 -0.6432
vn -0.2307 0.6756 0.7003
vn -0.8491 0.3624 -0.3842
vn -0.6685 0.6487 0.3637
vn -0.6647 0.5526 0.5028
vn 0.4034 0.8826 -0.2415
vn -0.1747 0.2866 -0.9420
vn 0.7683 0.2635 0.5834
vn 0.6407 0.5286 -0.5568
vn -0.2664 0.2766 0.9233
vn -0.6517 0.5460 -0.5265
vn 0.4814 0.5286 -0.6991
vn 0.2253 0.3028 -0.9261
vn -0.6795 0.2629 -0.6849
vn -0.3711 0.8071 -0.4592
vn 0.1529 0.6569 0.7383
vn 0.4818 0.8656 -0.1360
vn 0.3689 0.6914 0.6212
vn 0.4802 0.8342 -0.2712
vn 0.6776 0.5646 0.4713
vn 0.6340 0.5154 0.5766
vn 0.0080 0.9913 0.1317
vn -0.1725 0.5640 -0.8075
vn -0.3016 0.9533 -0.0155
vn -0.1861 0.5949 -0.7820
vn 0.9583 0.2489 -0.1406
vn -0.2466 0.7715 0.5865
vn -0.1557 0.9799 0.1247
vn -0.3547 0.5802 -0.7332
vn 0.5767 0.7458 0.3334
vn -0.4239 0.8969 0.1258
vn -0.4752 0.4939 0.7282
vn -0.2868 0.9508 -0.1174
vn -0.5373 0.7276 0.4265
vn 0.0491 0.9769 0.2079
vn 0.6227 0.7734 0.1190
vn -0.4595 0.2399 0.8552
vn -0.7798 0.4675 0.4164
vn -0.2920 0.2439 0.9248
vn 0.7030 0.5619 0.4360
vn 0.5538 0.4489 0.7013
vn -0.8001 0.5488 -0.2421
vn 0.5798 0.4677 -0.6672
vn 0.1957 0.1308 0.9719
vn -0.4524 0.7692 0.4513
vn -0.4384 0.6877 0.5786
vn 0.1052 0.8212 -0.5609
vn -0.5302 0.8440 0.0805
vn -0.2138 0.4275 -0.8784
vn 0.3742 0.3863 0.8431
vn 0.0076 0.9993 -0.0363
vn -0.0051 1.0000 -0.0038
vn 0.3548 0.5794 -0.7337
vn 0.8539 0.2683 -0.4459
vn 0.8727 0.2316 0.4299
vn -0.0150 0.9706 0.2404
vn -0.9295 0.1781 0.3231
vn -0.7609 0.4151 0.4987
vn -0.5340 0.7670 0.3558
vn -0.1411 0.8336 -0.5340
vn 0.8511 0.5106 -0.1223
vn 0.6100 0.5155 -0.6018
vn 0.2170 0.4206 -0.8809
vn 0.2232 0.6257 0.7475
vn -0.3700 0.2751 0.8874
vn -0.5301 0.5095 0.6778
vn 0.5502 0.6028 0.5779
vn 0.4377 0.3496 0.8283
vn 0.6776 0.6472 0.3493
vn -0.2067 0.6954 0.6882
vn 0.0080 0.9993 -0.0366
vn 0.0332 0.9991 -0.0252
vn 0.3766 0.6845 -0.6242
vn -0.8308 0.3448 -0.4368
vn -0.8869 0.3601 0.2893
vn 0.1150 0.2557 -0.9599
vn -0.2193 0.5025 0.8363
vn -0.6522 0.1281 -0.7472
vn -0.3419 0.3206 0.8833
vn 0.7062 0.6609 0.2539
vn 0.4088 0.7245 0.5549
vn -0.3862 0.3694 -0.8452
vn -0.0746 0.2418 0.9675
vn -0.0665 0.6359 -0.7689
vn -0.1681 0.5753 0.8005
vn 0.2715 0.5878 -0.7621
vn 0.1728 0.7684 -0.6163
vn -0.4978 0.3382 -0.7987
vn -0.2471 0.9650 -0.0875
vn 0.7080 0.6410 -0.2964
vn -0.6925 0.5949 -0.4081
vn 0.2024 0.9098 -0.3623
vn 0.7593 0.1681 -0.6287
vn -0.8760 0.4785 0.0604
vn 0.0230 0.7754 0.6311
vn -0.3756 0.2377 0.8958
vn -0.8753 0.3609 -0.3217
vn -0.9327 0.3259 -0.1542
vn 0.0333 0.9485 -0.3149
vn 0.8498 0.4704 0.2379
vn 0.1493 0.7804 -0.6071
vn 0.4222 0.3088 -0.8523
vn 0.6257 0.3453 -0.6994
vn 0.9061 0.2506 -0.3407
vn -0.4136 0.7074 0.5731
vn -0.9033 0.3410 -0.2605
vn -0.5016 0.7665 0.4011
vn -0.4316 0.6867 0.5849
vn -0.1964 0.8896 0.4123
vn 0.6915 0.7083 0.1418
vn 0.0005 0.9999 -0.0123
vn -0.3675 0.7619 -0.5333
vn -0.8314 0.5439 -0.1137
vn 0.5575 0.8193 0.1336
vn 0.7927 0.6093 -0.0192
vn 0.5897 0.6201 -0.5173
vn 0.5829 0.6475 0.4909
vn 0.8336 0.5016 -0.2315
vn 0.2778 0.2422 -0.9296
vn -0.8753 0.4581 -0.1552
vn -0.8666 0.4985 -0.0213
vn -0.3157 0.2856 -0.9049
vn -0.7594 0.4471 -0.4726
vn -0.1893 0.9708 -0.1473
vn -0.1669 0.9797 0.1110
vn 0.0555 0.4496 -0.8915
vn 0.5507 0.1945 -0.8117
vn -0.6540 0.4051 0.6388
vn -0.2155 0.9378 0.2722
vn -0.2490 0.4237 -0.8709
vn 0.0327 0.9914 -0.1264
vn -0.8313 0.5446 -0.1110
vn 0.6969 0.5780 0.4245
vn 0.2311 0.9691 0.0857
vn -0.0998 0.4192 -0.9024
vn 0.4096 0.8884 0.2073
vn 0.2240 0.9238 0.3105
vn -0.3557 0.2304 0.9058
vn -0.4881 0.7347 0.4711
vn -0.6216 0.4175 -0.6629
vn -0.2937 0.1636 -0.9418
vn -0.3462 0.4791 0.8066
vn -0.1481 0.4644 -0.8732
vn -0.0329 0.2349 0.9715
vn -0.4109 0.3921 -0.8230
vn -0.2419 0.5340 0.8101
vn 0.0634 0.5121 -0.8566
vn 0.3559 0.7993 -0.4842
vn 0.5955 0.7955 0.1122
vn -0.3281 0.5625 -0.7589
vn -0.8728 0.4553 -0.1758
vn -0.7451 0.4375 -0.5033
vn -0.0697 0.3868 0.9195
vn -0.0896 0.8853 0.4563
vn -0.6533 0.7254 0.2166
vn -0.3981 0.7799 -0.4830
vn 0.2945 0.8922 0.3423
vn 0.5284 0.8015 0.2800
vn 0.0899 0.4814 0.8719
vn 0.3372 0.9414 -0.0092
vn 0.6977 0.6457 0.3102
vn -0.6874 0.6947 0.2117
vn -0.3441 0.8209 0.4558
vn -0.3160 0.5994 -0.7354
vn -0.2205 0.9394 -0.2624
vn -0.2120 0.3244 0.9219
vn -0.3046 0.3086 0.9011
vn -0.5037 0.4019 -0.7648
vn -0.1072 0.4380 -0.8926
vn 0.3486 0.7392 0.5763
vn 0.2809 0.7779 -0.5621
vn 0.0703 0.3034 -0.9503
vn -0.7193 0.6318 -0.2890
vn -0.0398 0.5547 0.8311
vn -0.7767 0.4292 -0.4610
vn -0.7438 0.3802 0.5498
vn 0.8252 0.4394 -0.3548
vn 0.9099 0.4085 0.0718
vn -0.3927 0.7796 -0.4879
vn 0.3113 0.7620 -0.5678
vn 0.7933 0.6086 -0.0164
vn 0.3686 0.8511 0.3738
vn 0.4024 0.6664 -0.6277
vn 0.1298 0.5039 0.8539
vn 0.2672 0.6745 -0.6882
vn -0.4734 0.4406 -0.7627
vn -0.6572 0.4704 -0.5888
vn -0.3882 0.5978 0.7014
vn -0.7335 0.5930 0.3320
vn -0.6795 0.7078 -0.1930
vn 0.2917 0.9408 0.1728
vn 0.2316 0.6265 -0.7442
vn 0.6814 0.7148 -0.1575
vn -0.8849 0.2262 -0.4071
vn -0.1200 0.6671 0.7352
vn -0.8335 0.5059 0.2220
vn -0.6262 0.1637 0.7623
vn -0.9251 0.3054 0.2255
vn 0.3145 0.5206 -0.7938
vn 0.6562 0.6800 0.3272
vn 0.4838 0.5567 0.6753
vn -0.2115 0.9650 -0.1551
vn -0.1952 0.9782 -0.0704
vn 0.0759 0.9971 0.0070
vn -0.4931 0.8542 -0.1652
vn 0.1043 0.5164 0.8500
vn 0.8590 0.3619 -0.3621
vn -0.3047 0.2611 0.9159
vn -0.0667 0.9575 -0.2807
vn 0.2082 0.8641 0.4583
vn -0.7105 0.6513 -0.2665
vn -0.5311 0.8449 -0.0635
vn 0.2228 0.9556 0.1931
vn 0.7492 0.6524 0.1143
vn 0.3324 0.6792 -0.6544
vn -0.5495 0.7974 0.2494
vn 0.1354 0.9908 -0.0018
vn 0.5653 0.5978 0.5684
vn -0.5712 0.6012 -0.5588
vn -0.3832 0.5249 -0.7600
vn 0.8472 0.4201 0.3252
vn -0.5672 0.3231 0.7576
vn -0.6629 0.7385 -0.1233
vn 0.6232 0.7664 -0.1557
vn -0.3833 0.8324 -0.4003
vn 0.9484 0.3168 -0.0135
vn 0.2128 0.2639 0.9408
vn 0.4486 0.5043 -0.7379
vn -0.4690 0.2328 -0.8520
vn -0.8261 0.5629 0.0259
vn 0.3294 0.7430 0.5826
vn -0.0130 0.4776 0.8785
vn -0.3168 0.7651 -0.5606
vn 0.0300 0.9539 0.2986
vn 0.2785 0.6500 0.7071
vn 0.0144 0.9991 0.0392
vn -0.6298 0.7094 -0.3165
vn -0.6678 0.4361 -0.6032
vn -0.1276 0.9298 0.3452
vn 0.1231 0.4010 -0.9078
vn 0.8505 0.5033 -0.1527
vn -0.3911 0.3217 -0.8623
vn -0.7251 0.6876 -0.0379
vn -0.4720 0.7248 0.5018
vn -0.0152 0.9993 0.0356
vn -0.0387 0.3088 -0.9503
vn -0.2999 0.7831 0.5447
vn 0.6729 0.7266 0.1385
vn 0.6157 0.4938 0.6141
vn -0.2181 0.5352 -0.8161
vn 0.0942 0.5186 0.8498
vn 0.1542 0.9051 -0.3963
vn 0.2745 0.9572 0.0920
vn -0.4292 0.6435 0.6339
vn -0.7939 0.6080 -0.0057
vn -0.9036 0.3847 -0.1882
vn -0.6787 0.2890 -0.6752
vn -0.9423 0.2267 0.2464
vn -0.9284 0.2213 0.2985
vn 0.4762 0.3120 -0.8221
vn -0.4498 0.7429 -0.4958
vn -0.7745 0.3903 -0.4978
vn -0.2904 0.3147 0.9037
vn 0.1902 0.9745 0.1192
vn -0.1096 0.4290 0.8966
vn -0.0911 0.5102 0.8552
vn -0.6754 0.6016 0.4266
vn -0.0202 0.9985 -0.0518
vn -0.5280 0.6824 -0.5054
vn 0.5564 0.8245 0.1028
vn 0.5345 0.6161 0.5786
vn -0.5483 0.5293 -0.6475
vn 0.8742 0.2889 -0.3903
vn 0.2617 0.8997 -0.3495
vn -0.8264 0.5616 -0.0413
vn 0.1561 0.9507 -0.2679
vn 0.2633 0.6523 -0.7108
vn 0.1739 0.7218 0.6700
vn 0.4849 0.8740 0.0326
vn 0.5772 0.7724 -0.2650
vn 0.3427 0.6800 -0.6482
vn -0.5876 0.6989 0.4078
vn -0.5664 0.5877 -0.5778
vn 0.0301 0.9681 -0.2488
vn -0.5630 0.7987 -0.2126
vn -0.1115 0.9255 0.3619
vn -0.2809 0.2591 0.9241
vn 0.6781 0.7182 -0.1562
vn -0.8431 0.2437 0.4795
vn -0.2715 0.4164 -0.8677
vn 0.0238 0.1682 0.9855
vn 0.2889 0.4302 -0.8553
vn 0.3814 0.7857 0.4871
vn 0.3844 0.8177 0.4284
vn 0.8774 0.4794 0.0193
vn -0.3210 0.9290 0.1840
vn -0.5726 0.6457 -0.5052
vn 0.0023 1.0000 -0.0077
vn 0.0885 0.9951 -0.0435
vn -0.0622 0.9952 0.0753
vn -0.1018 0.6558 -0.7481
vn -0.5593 0.8283 -0.0331
vn -0.6794 0.6382 -0.3621
vn 0.1489 0.5014 0.8523
vn 0.2455 0.7230 -0.6458
vn 0.2471 0.7694 -0.5890
vn 0.4224 0.4252 -0.8005
vn -0.3259 0.8154 -0.4784
vn -0.3759 0.9053 -0.1976
vn -0.4652 0.8828 -0.0653
vn -0.0814 0.8805 0.4670
vn -0.1579 0.9735 0.1656
vn 0.0314 0.9845 0.1728
vn -0.5665 0.1900 -0.8019
vn 0.0085 0.2748 0.9615
vn -0.8136 0.3534 -0.4617
vn 0.5038 0.7286 -0.4641
vn 0.5923 0.6298 0.5026
vn 0.6032 0.7489 0.2743
vn -0.9399 0.3230 0.1102
vn 0.5067 0.8296 -0.2347
vn -0.0032 0.9997 0.0240
vn -0.5589 0.5857 -0.5870
vn 0.1014 0.8484 0.5196
vn -0.6620 0.5312 -0.5288
vn -0.6280 0.6363 -0.4480
vn 0.7898 0.3650 0.4929
vn 0.3052 0.2598 -0.9161
vn -0.1329 0.9575 0.2560
vn -0.1523 0.9869 0.0527
vn -0.6144 0.6210 -0.4867
vn -0.6270 0.7418 -0.2378
vn -0.7711 0.2339 -0.5921
vn -0.9556 0.2531 -0.1508
vn -0.7196 0.2525 0.6468
vn 0.5610 0.7239 -0.4015
vn 0.0811 0.4433 -0.8927
vn -0.4190 0.6451 0.6389
vn -0.1344 0.7719 -0.6214
vn 0.5997 0.4816 0.6390
vn -0.0391 0.9989 -0.0249
vn -0.4161 0.6315 -0.6543
vn 0.7432 0.6340 0.2137
vn 0.7678 0.2478 -0.5908
vn -0.7174 0.6965 0.0122
vn -0.6409 0.7399 0.2044
vn -0.0109 0.9991 -0.0411
vn 0.0041 0.9998 -0.0180
vn 0.0981 0.9950 0.0196
vn -0.6192 0.5061 -0.6005
vn 0.6944 0.6806 0.2336
vn 0.5963 0.7490 -0.2888
vn 0.8110 0.5263 0.2554
vn -0.7660 0.5409 -0.3473
vn 0.5174 0.7341 0.4397
vn 0.6231 0.7291 0.2833
vn -0.7086 0.7003 -0.0859
vn 0.4307 0.3919 -0.8130
vn 0.4171 0.6105 -0.6733
vn 0.2671 0.5425 0.7965
vn 0.4053 0.6666 -0.6256
vn 0.3131 0.6149 0.7238
vn 0.3537 0.7124 0.6061
vn -0.1805 0.9755 -0.1259
vn -0.1247 0.9922 0.0063
vn 0.7196 0.5925 0.3621
vn -0.1633 0.4065 0.8990
vn 0.2293 0.9578 -0.1733
vn -0.4012 0.9071 -0.1271
vn -0.6453 0.7401 0.1894
vn -0.7157 0.5767 0.3940
vn 0.9086 0.3574 0.2162
vn 0.9483 0.2185 0.2304
vn 0.1860 0.7233 0.6650
vn 0.5908 0.7940 -0.1432
vn -0.4360 0.8781 -0.1970
vn -0.1384 0.9880 -0.0682
vn 0.6319 0.5063 -0.5868
vn 0.6875 0.4287 0.5861
vn 0.6129 0.6033 0.5103
vn 0.3204 0.9248 0.2051
vn 0.0837 0.9958 -0.0382
vn 0.0755 0.9950 -0.0650
vn -0.4383 0.7844 0.4389
vn 0.6936 0.6407 0.3292
vn 0.7011 0.5391 0.4667
vn 0.9069 0.3989 0.1356
vn 0.9053 0.4162 0.0845
vn -0.1185 0.3151 0.9416
vn -0.0503 0.9972 -0.0558
vn 0.1025 0.9941 0.0348
vn 0.3491 0.6910 -0.6329
vn 0.5884 0.7765 0.2255
vn 0.8636 0.4676 0.1883
vn 0.2775 0.4923 0.8250
vn 0.5131 0.8450 0.1508
vn 0.4275 0.8594 0.2804
vn 0.8848 0.4225 0.1965
vn -0.1774 0.3219 0.9300
vn 0.2537 0.8248 0.5053
vn -0.5922 0.4754 -0.6506
vn 0.1847 0.3523 0.9175
vn 0.4047 0.3303 0.8527
vn -0.2537 0.6576 -0.7094
vn 0.5448 0.8105 0.2152
vn 0.4435 0.8962 0.0070
vn -0.6044 0.6188 -0.5017
vn 0.3378 0.7453 -0.5748
vn -0.5394 0.5782 0.6122
vn -0.1594 0.9024 0.4003
vn -0.4188 0.6284 -0.6556
vn 0.0089 0.2160 -0.9763
vn 0.9272 0.3250 -0.1860
vn 0.8560 0.2745 0.4380
vn 0.7038 0.2190 -0.6758
vn 0.4005 0.6345 -0.6610
vn -0.0624 0.6422 0.7640
vn -0.1495 0.8733 0.4636
vn 0.8606 0.4029 0.3114
vn 0.1033 0.9944 -0.0225
vn 0.4349 0.8555 -0.2809
vn -0.5194 0.6630 -0.5391
vn 0.5937 0.7266 0.3459
vn 0.0405 0.8614 -0.5064
vn -0.4322 0.6783 -0.5943
vn 0.6284 0.4604 0.6271
vn -0.2570 0.3824 -0.8875
vn -0.2722 0.2810 -0.9203
vn 0.3373 0.9366 0.0950
vn -0.1396 0.9893 0.0434
vn -0.8128 0.3535 -0.4631
vn -0.7626 0.4996 0.4109
vn 0.1542 0.9330 0.3251
vn 0.2690 0.9578 -0.1010
vn 0.0208 0.9045 0.4259
vn -0.4253 0.5525 0.7168
vn 0.1290 0.9657 -0.2252
vn 0.3509 0.9210 -0.1693
vn 0.2866 0.8349 -0.4699
vn 0.0837 0.6197 0.7803
vn -0.3038 0.8473 0.4357
vn 0.6932 0.4276 0.5802
vn 0.0438 0.8078 -0.5879
vn 0.9304 0.3617 -0.0585
vn -0.9064 0.3419 -0.2480
vn -0.9165 0.3999 0.0061
vn -0.1618 0.5848 0.7949
vn 0.0316 0.8145 0.5794
vn 0.1760 0.9644 0.1973
vn 0.0391 0.9934 0.1078
vn -0.1199 0.2039 0.9716
vn 0.2973 0.6547 0.6949
vn 0.1603 0.9406 0.2993
vn 0.0785 0.2985 0.9512
vn -0.3924 0.9193 -0.0303
vn 0.0842 0.3983 0.9134
vn 0.0786 0.9858 0.1483
vn -0.2843 0.4540 -0.8444
vn -0.5033 0.5659 -0.6530
vn -0.7367 0.4964 -0.4592
vn -0.1911 0.5328 0.8244
vn 0.5191 0.6210 -0.5873
vn 0.1050 0.9939 -0.0325
vn 0.3147 0.8734 -0.3716
vn 0.0422 0.8994 0.4350
vn 0.4614 0.8458 -0.2678
vn 0.0413 0.5340 -0.8445
vn -0.5272 0.8442 -0.0965
vn 0.5024 0.2945 0.8130
vn 0.8483 0.4816 0.2201
vn -0.9195 0.3923 0.0266
vn -0.4670 0.8842 0.0115
vn 0.0091 0.9999 0.0114
vn -0.0646 0.9731 0.2210
vn 0.2808 0.8704 -0.4044
vn 0.2349 0.9031 0.3595
vn -0.0199 0.9985 0.0501
vn -0.1182 0.9860 -0.1173
vn 0.0086 0.9628 -0.2700
vn 0.1830 0.1922 0.9642
vn 0.1860 0.4236 0.8865
vn -0.2043 0.8211 -0.5330
vn 0.8508 0.4644 0.2459
vn -0.5721 0.3762 0.7288
vn 0.5406 0.8348 -0.1036
vn -0.0961 0.6499 0.7539
vn 0.0218 0.9960 0.0871
vn 0.0063 0.9965 -0.0839
vn 0.2202 0.8424 0.4919
vn -0.2335 0.5757 -0.7836
vn -0.5987 0.6102 0.5189
vn 0.2918 0.4760 0.8296
vn 0.5236 0.8138 0.2521
vn -0.7197 0.6449 -0.2572
vn 0.6442 0.6819 -0.3464
vn -0.9298 0.3668 0.0312
vn 0.2400 0.9399 -0.2429
vn 0.2281 0.9601 -0.1615
vn 0.0487 0.9615 0.2703
vn 0.0501 0.8719 0.4872
vn 0.0686 0.2210 -0.9729
vn -0.0247 0.5461 -0.8374
vn -0.2174 0.6653 0.7142
vn 0.2514 0.9367 0.2438
vn -0.0949 0.9955 -0.0058
vn -0.1591 0.9728 0.1684
vn -0.0543 0.9974 -0.0473
vn 0.3915 0.5170 0.7612
vn 0.1919 0.9770 0.0933
vn 0.8596 0.4753 -0.1877
vn 0.0021 0.9845 -0.1756
vn -0.3819 0.8678 -0.3179
vn 0.2036 0.7644 -0.6118
vn 0.5117 0.7774 0.3658
vn 0.7560 0.5455 0.3619
vn 0.3878 0.5269 -0.7563
vn 0.5191 0.3498 0.7798
vn 0.2578 0.9526 0.1616
vn -0.3029 0.8928 -0.3333
vn -0.0590 0.2342 -0.9704
vn 0.7701 0.4034 -0.4942
vn 0.5864 0.7857 -0.1968
vn 0.5617 0.8256 -0.0527
vn 0.0487 0.5131 -0.8569
vn 0.3093 0.7789 -0.5456
vn 0.6040 0.6368 0.4792
vn 0.0306 0.7338 -0.6786
vn -0.1494 0.9070 -0.3937
vn 0.6225 0.6387 0.4523
vn 0.7378 0.6318 -0.2378
vn 0.2339 0.6755 0.6992
vn -0.6903 0.6232 -0.3677
vn 0.4085 0.7264 0.5527
vn 0.4076 0.7405 0.5344
vn 0.6808 0.6825 0.2658
vn 0.1259 0.4390 -0.8896
vn 0.4900 0.5011 -0.7133
vn 0.8575 0.2814 0.4308
vn 0.2948 0.9346 -0.1990
vn -0.0288 0.9943 -0.1027
vn -0.5956 0.8020 0.0456
vn -0.6676 0.2113 -0.7139
vn -0.9805 0.1887 0.0544
vn -0.1995 0.3130 0.9286
vn 0.1270 0.8509 0.5097
vn 0.4658 0.8148 0.3451
vn 0.1367 0.9672 -0.2140
vn 0.5150 0.5446 -0.6619
vn 0.6428 0.7310 0.2289
vn -0.9380 0.3296 0.1070
vn 0.4889 0.4989 -0.7156
vn -0.0378 0.4295 -0.9023
vn -0.1112 0.2097 0.9714
vn 0.2912 0.6534 0.6988
vn 0.0362 0.9980 -0.0524
vn -0.0037 0.9978 0.0666
vn 0.1636 0.9675 0.1926
vn -0.3364 0.6324 -0.6978
vn -0.7209 0.3829 0.5776
vn -0.6243 0.6351 -0.4549
vn -0.4598 0.4497 -0.7657
vn 0.0075 0.9985 0.0547
vn -0.4170 0.5721 0.7063
vn 0.7762 0.5278 -0.3448
vn -0.7519 0.3973 -0.5262
vn -0.0939 0.5363 -0.8388
vn 0.3472 0.2379 0.9071
vn 0.5771 0.4418 -0.6869
vn 0.2605 0.4922 0.8306
vn -0.7532 0.2840 -0.5933
vn -0.8864 0.3341 0.3203
vn -0.4010 0.4749 -0.7834
vn -0.1977 0.6811 0.7049
vn -0.1636 0.4564 0.8746
vn -0.2487 0.6236 -0.7411
vn 0.0205 0.9562 -0.2920
vn 0.5791 0.8091 -0.0998
vn -0.4145 0.9036 -0.1084
vn 0.2002 0.7792 0.5939
vn 0.1941 0.9738 -0.1184
vn 0.6038 0.5975 -0.5277
vn 0.4876 0.5174 0.7032
vn -0.0383 0.8665 0.4977
vn -0.3688 0.7413 0.5608
vn 0.1361 0.4621 -0.8763
vn -0.3473 0.8214 0.4525
vn 0.0283 0.9792 -0.2008
vn 0.5849 0.7422 -0.3271
vn -0.0182 0.6155 0.7879
vn 0.2871 0.8580 -0.4259
vn 0.4243 0.4477 -0.7871
vn 0.8440 0.5362 0.0071
vn 0.7883 0.4652 -0.4027
vn 0.4520 0.6172 0.6441
vn -0.2284 0.8259 -0.5156
vn -0.1029 0.9938 0.0411
vn -0.4760 0.5666 0.6726
vn 0.7896 0.5336 -0.3030
vn 0.3293 0.5550 0.7639
vn 0.4386 0.7317 -0.5217
vn 0.3498 0.9359 0.0418
vn 0.7925 0.5874 0.1641
vn -0.0445 0.7856 -0.6171
vn -0.5661 0.6942 0.4445
vn 0.8607 0.4952 -0.1184
vn 0.2628 0.5937 -0.7606
vn -0.0100 0.8577 -0.5140
vn 0.0010 0.9999 -0.0129
vn 0.4402 0.8928 -0.0958
vn -0.1808 0.9079 0.3782
vn -0.1688 0.9811 0.0943
vn -0.8155 0.2332 -0.5297
vn 0.4651 0.7179 0.5179
vn 0.6869 0.7234 -0.0692
vn 0.8281 0.5079 0.2374
vn 0.5257 0.5892 0.6136
vn -0.7004 0.7105 0.0684
vn -0.3765 0.8034 -0.4612
vn 0.6825 0.5691 -0.4586
vn 0.8076 0.5054 0.3038
vn 0.5690 0.5262 0.6320
vn -0.6954 0.4931 0.5226
vn 0.1267 0.9828 0.1342
vn 0.0684 0.9766 -0.2037
vn 0.0522 0.9962 0.0698
vn 0.0154 0.9998 0.0137
vn 0.5996 0.7971 0.0714
vn -0.8457 0.3174 -0.4290
vn -0.9301 0.3102 -0.1966
vn -0.1464 0.3058 0.9408
vn -0.6123 0.6287 0.4793
vn 0.8556 0.4967 -0.1457
vn -0.8024 0.3191 0.5042
vn -0.5311 0.7574 0.3798
vn -0.2625 0.4392 0.8592
vn -0.4380 0.6509 -0.6200
vn -0.5838 0.7872 -0.1987
vn 0.6578 0.7478 0.0898
vn 0.6948 0.4769 -0.5384
vn 0.0292 0.5312 -0.8467
vn 0.2171 0.8509 -0.4784
vn 0.4708 0.8729 -0.1281
vn -0.0447 0.9505 0.3075
vn 0.0092 0.9995 -0.0313
vn 0.0278 0.9987 0.0433
vn -0.0830 0.7327 -0.6755
vn 0.4720 0.8668 0.1610
vn 0.3987 0.7610 0.5118
vn -0.1014 0.9887 0.1101
vn -0.0051 0.9446 0.3283
vn 0.1645 0.9864 -0.0007
vn -0.0002 0.5347 -0.8450
vn 0.7005 0.5683 -0.4316
vn 0.8339 0.5511 -0.0293
vn 0.2607 0.6907 -0.6745
vn -0.0520 0.9777 0.2033
vn -0.7928 0.5943 -0.1352
vn 0.9159 0.3378 -0.2166
vn 0.9145 0.3584 -0.1878
vn -0.5924 0.7879 -0.1680
vn -0.6044 0.6072 -0.5157
vn 0.3070 0.5507 -0.7762
vn 0.2034 0.7359 0.6458
vn 0.2601 0.6637 0.7013
vn -0.6383 0.4728 -0.6074
vn -0.7288 0.4956 -0.4725
vn -0.8376 0.4301 -0.3368
vn -0.8712 0.3417 0.3526
vn -0.0587 0.9741 0.2183
vn -0.4040 0.9146 -0.0161
vn -0.0095 0.9755 -0.2200
vn -0.2534 0.9588 0.1284
vn 0.7627 0.6311 0.1414
vn -0.2405 0.8302 -0.5029
vn -0.7927 0.3930 -0.4660
vn -0.8530 0.4171 -0.3137
vn -0.1132 0.8904 0.4410
vn -0.2926 0.9487 -0.1198
vn 0.6020 0.4727 0.6435
vn 0.2067 0.8113 0.5469
vn 0.5362 0.3850 0.7511
vn 0.4850 0.5169 0.7054
vn 0.0838 0.9766 0.1980
vn -0.2543 0.9663 0.0386
vn 0.1688 0.8962 -0.4103
vn 0.1295 0.9854 0.1110
vn -0.5133 0.8517 0.1057
vn -0.2465 0.5080 -0.8253
vn -0.4847 0.5163 0.7060
vn -0.7301 0.6822 0.0405
vn -0.8043 0.5453 0.2359
vn -0.5708 0.6692 0.4757
vn -0.5824 0.7797 0.2300
vn 0.5853 0.4828 -0.6514
vn -0.1081 0.9815 0.1582
vn 0.0843 0.9947 -0.0593
vn 0.2329 0.5588 0.7959
vn -0.3760 0.8217 -0.4282
vn 0.0126 0.7451 -0.6669
vn 0.4109 0.8408 -0.3526
vn -0.4506 0.6473 -0.6149
vn -0.4205 0.1098 -0.9006
vn 0.6727 0.7234 -0.1555
vn 0.3593 0.3749 -0.8546
vn 0.4564 0.4996 0.7363
vn -0.2318 0.9661 0.1134
vn 0.1780 0.8593 0.4794
vn -0.1839 0.7687 -0.6126
vn 0.0138 0.7715 0.6361
vn -0.4319 0.4476 -0.7830
vn 0.2221 0.5130 0.8292
vn 0.7244 0.1552 -0.6717
vn 0.5317 0.5986 0.5991
vn 0.4672 0.2655 -0.8433
vn -0.5037 0.6321 0.5888
vn -0.5051 0.7234 0.4707
vn 0.2667 0.5435 -0.7959
vn -0.7055 0.4423 -0.5537
vn 0.7847 0.2586 0.5633
vn 0.4325 0.4972 0.7521
vn -0.0438 0.5404 0.8403
vn 0.1278 0.9098 0.3950
vn -0.0001 0.9978 0.0659
vn -0.4399 0.7160 -0.5421
vn 0.0892 0.8945 0.4380
vn 0.3465 0.9308 -0.1168
vn -0.2994 0.5300 -0.7934
vn -0.4008 0.5103 0.7609
vn -0.4380 0.6343 0.6371
vn -0.0529 0.9964 -0.0656
vn -0.4654 0.8200 0.3331
vn 0.6375 0.6954 0.3315
vn 0.0047 0.9952 -0.0977
vn -0.5555 0.8088 -0.1932
vn 0.7831 0.6213 -0.0278
vn 0.4485 0.6795 0.5806
vn -0.7462 0.4925 -0.4479
vn 0.6198 0.3042 -0.7234
vn -0.6593 0.7515 0.0244
vn 0.7694 0.2544 -0.5859
vn 0.9199 0.3919 0.0156
vn 0.9039 0.2325 0.3591
vn -0.7317 0.5505 -0.4020
vn -0.4833 0.8115 0.3284
vn -0.5489 0.4358 -0.7133
vn 0.8631 0.2822 0.4189
vn 0.4645 0.6016 -0.6498
vn -0.3061 0.9520 0.0060
vn -0.6761 0.5265 0.5155
vn -0.0957 0.9926 0.0744
vn -0.8186 0.5043 -0.2747
vn 0.4668 0.5392 0.7010
vn 0.7396 0.5720 0.3547
vn 0.6316 0.5196 0.5755
vn 0.6324 0.4009 0.6628
vn 0.0224 0.8137 0.5809
vn -0.0478 0.3388 -0.9396
vn -0.2690 0.3511 0.8969
vn -0.2658 0.4237 0.8659
vn -0.1559 0.9125 -0.3782
vn -0.2871 0.9516 -0.1099
vn -0.2470 0.8586 0.4493
vn -0.2340 0.8852 0.4020
vn -0.3493 0.7011 -0.6217
vn 0.3429 0.6533 0.6750
vn 0.3061 0.9488 -0.0782
vn -0.2625 0.9283 0.2634
vn 0.1224 0.9763 0.1786
vn 0.5639 0.6450 0.5157
vn 0.0390 0.4158 0.9086
vn -0.6809 0.6164 0.3954
vn -0.5510 0.6425 0.5326
vn -0.2225 0.7751 -0.5914
vn -0.9018 0.4198 0.1028
vn -0.6143 0.3250 -0.7190
vn -0.9171 0.3878 -0.0921
vn -0.7495 0.5738 0.3301
vn 0.2609 0.8805 0.3957
vn 0.0368 0.9633 -0.2659
vn 0.7702 0.4762 -0.4243
vn 0.9339 0.2564 -0.2491
vn 0.4527 0.2580 0.8535
vn 0.6856 0.4114 0.6006
vn -0.3540 0.5475 0.7582
vn -0.5270 0.8225 -0.2137
vn -0.0873 0.6299 -0.7717
vn 0.2890 0.8700 0.3994
vn 0.5315 0.4986 -0.6848
vn 0.7376 0.6579 0.1520
vn 0.7280 0.6482 0.2231
vn -0.6287 0.5269 -0.5720
vn 0.4150 0.3242 0.8501
vn -0.1574 0.9260 -0.3430
vn 0.8843 0.4252 -0.1929
vn 0.1540 0.3937 0.9063
vn 0.3784 0.9130 -0.1525
vn 0.4663 0.3130 -0.8274
vn 0.4080 0.7543 0.5144
vn 0.0182 0.9964 -0.0826
vn 0.0557 0.9890 -0.1373
vn 0.2323 0.8784 0.4177
vn 0.1989 0.9742 0.1064
vn -0.1902 0.9448 -0.2669
vn -0.1121 0.9532 -0.2808
vn 0.5591 0.2422 -0.7929
vn 0.8624 0.3832 0.3309
vn -0.3848 0.6431 0.6620
vn 0.7482 0.6509 0.1283
vn 0.1136 0.4154 0.9025
vn 0.1771 0.9150 0.3626
vn -0.5924 0.7489 -0.2970
vn -0.3558 0.4607 -0.8131
vn -0.8911 0.4334 -0.1342
vn 0.7488 0.3883 -0.5372
vn 0.8614 0.4463 -0.2425
vn 0.6139 0.7832 -0.0990
vn 0.6152 0.7824 -0.0969
vn 0.4871 0.2625 -0.8330
vn 0.3781 0.2519 0.8908
vn -0.1754 0.8884 0.4243
vn 0.1177 0.9617 0.2476
vn 0.1950 0.8624 -0.4673
vn -0.1160 0.9689 0.2185
vn -0.7568 0.3550 0.5489
vn 0.0815 0.3649 -0.9275
vn 0.2554 0.6367 0.7276
vn 0.7264 0.6816 0.0877
vn 0.3992 0.9155 -0.0506
vn 0.3170 0.9483 -0.0163
vn -0.4268 0.4863 -0.7625
vn 0.5123 0.6998 0.4978
vn 0.4697 0.3503 -0.8103
vn 0.6671 0.3726 0.6451
vn 0.8704 0.4885 0.0611
vn 0.2844 0.9522 0.1116
vn 0.3572 0.7239 0.5902
vn 0.1866 0.3032 -0.9345
vn 0.1599 0.3255 -0.9319
vn -0.6368 0.6544 -0.4077
vn -0.2471 0.7090 -0.6605
vn 0.5864 0.3518 0.7297
vn 0.6470 0.5430 0.5353
vn 0.6080 0.6845 0.4023
vn 0.0290 0.9993 -0.0240
vn 0.1053 0.9872 0.1197
vn -0.6816 0.5370 -0.4970
vn -0.6653 0.5249 -0.5309
vn -0.7036 0.3921 -0.5926
vn 0.5531 0.5333 0.6401
vn 0.0662 0.4747 -0.8776
vn -0.0649 0.4370 -0.8971
vn 0.2690 0.8121 0.5179
vn 0.0536 0.9967 0.0618
vn -0.3406 0.3215 0.8835
vn -0.7484 0.4532 -0.4842
vn 0.1314 0.9910 -0.0268
vn 0.4122 0.6166 0.6708
vn 0.6238 0.3492 0.6993
vn -0.4775 0.6517 -0.5892
vn -0.6320 0.7120 -0.3061
vn -0.4827 0.3739 -0.7920
vn -0.2020 0.4459 0.8720
vn 0.6346 0.6735 0.3790
vn 0.0660 0.9840 -0.1658
vn 0.8614 0.4157 -0.2919
vn 0.3582 0.6500 -0.6702
vn 0.1629 0.8962 0.4127
vn -0.6545 0.2824 0.7014
vn -0.5763 0.7059 0.4117
vn 0.5493 0.8216 0.1524
vn -0.5882 0.4368 -0.6806
vn -0.1973 0.9557 -0.2185
vn 0.7105 0.3720 0.5973
vn 0.8726 0.4634 0.1543
vn 0.3202 0.2584 -0.9114
vn -0.4445 0.7000 0.5590
vn -0.5675 0.8121 -0.1359
vn 0.4963 0.8668 -0.0476
vn -0.2506 0.9386 -0.2371
vn 0.4535 0.8623 0.2254
vn -0.3278 0.9424 -0.0666
vn 0.4087 0.4235 0.8085
vn -0.2215 0.9616 -0.1622
vn -0.3570 0.6733 0.6475
vn -0.3888 0.9175 0.0836
vn 0.7124 0.6343 -0.3002
vn -0.0884 0.4342 -0.8964
vn 0.7396 0.4265 0.5208
vn 0.4109 0.5050 -0.7590
vn 0.1193 0.4601 0.8798
vn 0.7212 0.6926 0.0143
vn -0.7089 0.6617 -0.2442
vn 0.2151 0.9749 0.0566
vn 0.7730 0.1597 -0.6140
vn 0.9213 0.3424 0.1840
vn 0.4901 0.1720 0.8545
vn 0.8634 0.4446 0.2387
vn -0.3537 0.9095 0.2184
vn -0.9105 0.2896 -0.2951
vn 0.9385 0.3110 -0.1500
vn 0.4205 0.4235 0.8024
vn 0.7198 0.6778 0.1497
vn 0.7260 0.6820 0.0885
vn -0.0155 0.9871 -0.1593
vn -0.0554 0.7936 0.6059
vn 0.0896 0.9958 -0.0180
vn -0.4398 0.4283 -0.7894
vn 0.1590 0.9707 -0.1804
vn -0.7907 0.5558 0.2566
vn 0.6905 0.7223 0.0381
vn -0.3366 0.4530 0.8255
vn -0.4294 0.6976 0.5736
vn -0.4109 0.9110 -0.0343
vn -0.2667 0.9549 -0.1303
vn -0.2771 0.9560 0.0963
vn 0.0723 0.9904 -0.1182
vn 0.1207 0.9878 0.0988
vn 0.0040 0.9994 -0.0352
vn 0.4767 0.8571 0.1954
vn 0.4804 0.8223 0.3049
vn -0.6041 0.7644 0.2255
vn 0.9327 0.3030 -0.1956
vn 0.8630 0.1730 0.4747
vn 0.0833 0.7479 -0.6586
vn 0.1810 0.3554 0.9170
vn 0.6729 0.7372 -0.0615
vn 0.7179 0.5657 0.4056
vn 0.5924 0.6767 -0.4371
vn 0.5706 0.7168 -0.4008
vn 0.6765 0.1760 -0.7151
vn 0.6157 0.1618 -0.7712
vn -0.7916 0.5420 0.2822
vn -0.0244 0.9889 -0.1468
vn -0.0639 0.9681 0.2424
vn 0.0313 0.9979 -0.0560
vn 0.0629 0.9127 -0.4037
vn 0.4083 0.8789 -0.2467
vn -0.7669 0.4529 -0.4548
vn -0.3848 0.2323 -0.8933
vn 0.7230 0.6426 -0.2538
vn 0.6610 0.7372 -0.1398
vn -0.9240 0.2941 -0.2444
vn 0.7047 0.4442 0.5532
vn -0.6097 -0.0886 0.7877
vn 0.2363 0.9228 0.3043
vn 0.9834 0.1817 0.0031
vn -0.3280 0.7758 0.5391
vn -0.7772 0.6133 0.1404
vn -0.0053 0.8535 -0.5211
vn 0.3577 0.9146 -0.1885
vn -0.0275 0.9993 0.0242
vn 0.3682 0.7924 0.4864
vn -0.0324 0.9674 -0.2511
vn 0.0267 0.9343 -0.3554
vn 0.4819 0.8242 0.2974
vn -0.6408 0.3885 -0.6621
vn -0.5768 0.4453 -0.6848
vn -0.0294 0.2588 -0.9655
vn -0.5583 0.5174 -0.6485
vn -0.8406 0.4203 0.3417
vn 0.2960 0.5280 -0.7960
vn 0.2356 0.4913 -0.8385
vn 0.5491 0.7093 0.4420
vn 0.4768 0.6725 0.5661
vn -0.4044 0.8233 0.3984
vn -0.8962 0.2591 0.3602
vn -0.3220 0.3614 0.8750
vn 0.0778 0.9376 -0.3390
vn -0.4390 0.4799 -0.7596
vn 0.9424 0.3055 -0.1364
vn 0.1210 0.1209 0.9853
vn -0.1626 0.3350 0.9281
vn 0.0158 0.8094 -0.5870
vn 0.2695 0.8901 -0.3676
vn -0.0270 0.1413 0.9896
vn 0.4435 0.6481 0.6191
vn 0.7430 0.6204 -0.2511
vn 0.6160 0.7864 0.0470
vn -0.1011 0.4365 -0.8940
vn -0.1321 0.4547 -0.8808
vn -0.3129 0.2840 -0.9063
vn 0.8880 0.2296 0.3983
vn 0.9465 0.2967 0.1272
vn 0.7600 0.4011 -0.5113
vn -0.4606 0.4249 -0.7793
vn 0.6888 0.6364 0.3473
vn 0.1730 0.9509 -0.2567
vn -0.2181 0.8665 -0.4489
vn 0.6728 0.1760 -0.7186
vn -0.8994 0.1935 0.3920
vn -0.7214 0.6064 0.3346
vn 0.3048 0.6447 -0.7010
vn -0.4319 0.3447 -0.8334
vn -0.8615 0.2095 0.4625
vn 0.0272 0.2898 0.9567
vn -0.1647 0.6814 0.7131
vn 0.2889 0.7172 -0.6342
vn 0.2244 0.3218 -0.9198
vn -0.2551 0.3187 0.9129
vn 0.4244 0.8990 -0.1085
vn 0.0292 0.9786 -0.2039
vn 0.7127 0.5906 0.3783
vn 0.9199 0.1977 -0.3387
vn 0.8354 0.4341 -0.3372
vn 0.8195 0.3176 -0.4770
vn 0.7281 0.2415 -0.6415
vn 0.2308 0.8662 0.4433
vn 0.2102 0.9212 0.3274
vn -0.6000 0.5143 -0.6128
vn -0.2004 0.8039 -0.5600
vn -0.1114 0.1093 -0.9877
vn -0.3596 0.4363 -0.8249
vn 0.3507 0.6726 -0.6516
vn 0.3374 0.2501 0.9075
vn 0.2240 0.9426 -0.2477
vn -0.0904 0.8169 0.5697
vn -0.0095 0.9482 0.3174
vn 0.6413 0.5860 0.4952
vn -0.1776 0.4477 0.8764
vn -0.0580 0.4580 -0.8871
vn 0.3052 0.8059 0.5073
vn -0.7436 0.6285 -0.2283
vn -0.5061 0.4691 -0.7237
vn 0.4353 0.4562 0.7762
vn 0.8583 0.2022 -0.4717
vn 0.2594 0.3112 0.9143
vn -0.2849 0.8940 0.3457
vn 0.7112 0.5306 -0.4611
vn 0.3359 0.6437 0.6876
vn -0.9193 0.3759 -0.1164
vn -0.3277 0.8625 -0.3857
vn 0.0302 0.9629 0.2682
vn 0.6956 0.7060 0.1334
vn 0.6590 0.7183 0.2229
vn -0.6521 0.3518 0.6715
vn -0.0083 0.2881 0.9576
vn 0.5525 0.5363 -0.6380
vn 0.0275 0.3050 0.9520
vn 0.2146 0.8734 0.4372
vn 0.2729 0.7094 -0.6498
vn -0.1053 0.5715 -0.8138
vn 0.2850 0.9374 -0.2001
vn 0.8308 0.1896 -0.5233
vn 0.6788 0.5011 -0.5367
vn -0.8773 0.4281 0.2170
vn -0.8180 0.3316 0.4700
vn 0.4151 0.2404 -0.8774
vn 0.0947 0.9012 0.4230
vn -0.1960 0.8330 -0.5174
vn -0.1847 0.6737 -0.7155
vn 0.3940 0.7469 0.5357
vn 0.3278 0.9001 -0.2870
vn -0.7952 0.5427 0.2706
vn -0.4102 0.4323 -0.8030
vn 0.2894 0.4298 -0.8553
vn 0.9164 0.1909 -0.3517
vn 0.8855 0.2037 0.4177
vn 0.5404 0.6150 0.5742
vn 0.7048 0.5280 -0.4738
vn -0.4478 0.3394 -0.8272
vn 0.1352 0.1177 0.9838
vn 0.7141 0.3747 0.5913
vn 0.8021 0.5754 0.1599
vn -0.2430 0.5564 -0.7946
vn 0.5908 0.2798 -0.7567
vn -0.5655 0.5621 -0.6036
vn -0.5313 0.2366 0.8135
vn -0.3980 0.9173 -0.0082
vn -0.1628 0.8129 0.5592
vn -0.0521 0.9855 -0.1614
vn -0.6239 0.7671 0.1493
vn -0.0869 0.9294 -0.3586
vn -0.6896 0.6965 0.1982
vn -0.8192 0.5659 0.0925
vn 0.4335 0.8886 -0.1501
vn -0.7015 0.3103 -0.6415
vn -0.5110 0.1280 0.8500
vn 0.2131 0.3122 0.9258
vn 0.0129 0.3014 -0.9534
vn -0.7526 0.5593 -0.3475
vn -0.7878 0.2595 0.5586
vn -0.0921 0.1328 0.9868
vn -0.0651 0.9722 -0.2251
vn 0.1775 0.9756 -0.1293
vn 0.9052 0.4204 0.0620
vn 0.8899 0.4287 0.1555
vn 0.2471 0.9004 -0.3580
vn 0.2516 0.8205 -0.5133
vn -0.0825 0.9878 -0.1324
vn -0.5164 0.4531 -0.7266
vn -0.5903 0.3369 -0.7335
vn -0.5227 0.3167 -0.7915
vn 0.4731 0.5786 -0.6644
vn -0.3348 0.3146 0.8882
vn -0.7263 0.5425 -0.4221
vn -0.7037 0.4870 -0.5173
vn 0.3304 0.3376 0.8814
vn -0.7626 0.4647 0.4499
vn 0.5608 0.3927 -0.7289
vn -0.7423 0.3699 -0.5587
vn 0.0144 0.3027 0.9530
vn 0.7563 0.5631 0.3330
vn -0.8465 0.4122 -0.3370
vn 0.7848 0.3358 -0.5209
vn 0.5646 0.6483 -0.5108
vn 0.3965 0.2522 0.8827
vn -0.3784 0.8765 0.2976
vn -0.0472 0.9711 -0.2338
vn -0.2610 0.8042 -0.5340
vn 0.6045 0.7881 0.1162
vn -0.8345 0.3119 -0.4542
vn -0.5643 0.4960 0.6600
vn -0.6958 0.6846 0.2173
vn -0.8167 0.5759 -0.0358
vn 0.2943 0.6379 0.7116
vn 0.4141 0.8119 0.4115
vn 0.6950 0.7027 -0.1523
vn 0.6127 0.7151 0.3365
vn 0.3314 0.5527 -0.7646
vn 0.5501 0.4357 0.7124
vn 0.8408 0.2805 -0.4629
vn 0.8907 0.4009 -0.2142
vn -0.7358 0.2574 0.6264
vn -0.5328 0.5349 -0.6558
vn -0.5367 0.2583 -0.8033
vn -0.9480 0.2084 -0.2405
vn 0.1536 0.9823 0.1068
vn 0.0646 0.9975 -0.0278
vn -0.6794 0.3050 0.6674
vn 0.3177 0.6055 -0.7297
vn -0.8195 0.4920 0.2940
vn -0.6471 0.7466 -0.1543
vn -0.6462 0.7449 -0.1660
vn -0.6975 0.6703 -0.2533
vn 0.7320 0.1406 -0.6667
vn 0.4420 0.2688 -0.8558
vn 0.7761 0.2983 0.5556
vn 0.9469 0.2413 -0.2124
vn -0.5879 0.5291 -0.6119
vn -0.3912 0.5372 0.7472
vn -0.9588 0.2076 -0.1940
vn 0.1329 0.9786 -0.1568
vn 0.0484 0.9204 -0.3880
vn 0.2086 0.9716 0.1116
vn -0.1011 0.9577 -0.2695
vn 0.6354 0.4559 -0.6232
vn 0.0130 0.3828 0.9237
vn 0.9682 0.2381 -0.0763
vn -0.3079 0.9412 0.1388
vn -0.7890 0.4965 -0.3618
vn -0.6983 0.3444 0.6275
vn 0.7881 0.5979 -0.1462
vn 0.0669 0.9200 0.3861
vn -0.8190 0.4767 0.3193
vn 0.9119 0.2403 0.3326
vn 0.6851 0.1262 0.7175
vn 0.9286 0.1064 0.3555
vn -0.0682 0.8733 -0.4823
vn -0.2436 0.9511 -0.1898
vn 0.3118 0.4638 0.8292
vn 0.9575 0.2070 -0.2010
vn 0.0645 0.8802 0.4703
vn -0.9568 0.2222 -0.1874
vn -0.5577 0.2381 0.7952
vn 0.1285 0.5721 0.8101
vn 0.0222 0.4342 -0.9006
vn 0.8276 0.1862 -0.5295
vn -0.0035 0.4005 0.9163
vn -0.2040 0.4232 -0.8828
vn -0.8247 0.3613 -0.4352
vn -0.3319 0.1919 -0.9236
vn 0.8757 0.4014 -0.2683
vn 0.6528 0.3376 -0.6781
vn -0.8383 0.3080 0.4498
vn -0.1289 0.9693 0.2092
vn -0.9648 0.1544 0.2128
vn -0.9391 0.2183 -0.2655
vn -0.7769 0.3704 0.5091
vn -0.0798 0.9759 -0.2033
vn 0.0688 0.9976 0.0038
vn -0.1887 0.9187 0.3469
vn 0.0091 0.9811 0.1932
vn -0.0920 0.3806 0.9202
vn 0.9314 0.1547 0.3294
vn 0.3518 0.8591 0.3717
vn 0.1914 0.6575 -0.7287
vn 0.1388 0.7759 -0.6154
vn -0.2137 0.5348 -0.8175
vn -0.7214 0.6728 -0.1640
vn -0.3876 0.7774 -0.4954
vn 0.2972 0.4405 -0.8471
vn -0.0070 0.1952 0.9807
vn -0.6077 0.3004 0.7352
vn 0.5202 0.7698 0.3698
vn -0.6562 0.5867 0.4745
vn -0.7197 0.4727 -0.5086
vn -0.3795 0.1965 -0.9041
vn -0.7546 0.4470 -0.4804
vn -0.9873 0.1470 0.0611
vn 0.4553 0.6899 0.5628
vn 0.3517 0.5209 0.7778
vn 0.0411 0.9992 -0.0018
vn -0.2044 0.8368 -0.5080
vn -0.8883 0.2854 -0.3597
vn 0.6276 0.4023 -0.6665
vn -0.5847 0.5203 0.6224
vn 0.0099 0.8984 0.4390
vn -0.3271 0.9073 0.2642
vn -0.1937 0.8590 -0.4740
vn 0.1479 0.8261 0.5438
vn -0.0716 0.7336 -0.6758
vn -0.2404 0.1546 0.9583
vn 0.9022 0.3526 -0.2483
vn -0.2440 0.9586 0.1468
vn 0.2969 0.8114 0.5034
vn -0.1605 0.9714 0.1752
vn -0.1991 0.9756 0.0922
vn -0.0949 0.4411 -0.8924
vn -0.5286 0.8035 -0.2738
vn -0.7615 0.2361 -0.6037
vn 0.3977 0.6111 -0.6844
vn 0.8981 0.3435 -0.2745
vn -0.2474 0.9637 0.1002
vn -0.3718 0.1362 0.9183
vn 0.3696 0.6391 0.6745
vn -0.8791 0.3004 -0.3701
vn 0.0581 0.9335 0.3538
vn 0.6203 0.6313 -0.4656
vn -0.3181 0.9472 -0.0411
vn 0.0469 0.9988 0.0143
vn 0.9305 0.2726 -0.2447
vn 0.9895 0.1088 0.0956
vn 0.7838 0.1949 0.5896
vn 0.9008 0.2929 0.3205
vn -0.8626 0.5042 0.0409
vn 0.4086 0.7582 -0.5081
vn -0.4965 0.8529 -0.1612
vn -0.5413 0.8190 -0.1902
vn -0.2295 0.9725 0.0405
vn -0.3965 0.1164 -0.9106
vn 0.3302 0.7698 0.5463
vn 0.7953 0.2946 0.5299
vn 0.9628 0.2696 -0.0186
vn -0.4681 0.3991 0.7884
vn -0.9378 0.2210 0.2679
vn -0.9219 0.2707 0.2771
vn -0.8860 0.4636 0.0052
vn 0.7037 0.5494 0.4505
vn 0.4332 0.5397 0.7218
vn 0.0482 0.9937 0.1008
vn -0.3425 0.9385 -0.0431
vn -0.8277 0.5565 -0.0721
vn 0.8800 0.4749 -0.0023
vn 0.7701 0.2653 0.5801
vn -0.2563 0.8872 0.3836
vn 0.6882 0.7136 0.1310
vn 0.2426 0.6761 0.6957
vn 0.0983 0.9951 0.0098
vn 0.3081 0.9255 0.2202
vn -0.3506 0.4973 -0.7936
vn -0.8458 0.4878 0.2160
vn -0.8897 0.3092 0.3359
vn -0.6307 0.1058 0.7688
vn -0.6930 0.3122 -0.6499
vn -0.4040 0.6824 0.6091
vn -0.7503 0.4162 -0.5136
vn -0.9240 0.3291 -0.1946
vn -0.0926 0.9848 -0.1473
vn 0.3383 0.5991 0.7257
vn 0.0430 0.9990 -0.0104
vn 0.1624 0.9705 -0.1783
vn 0.9275 0.1553 0.3400
vn 0.5870 0.1001 0.8034
vn -0.0032 0.7232 -0.6906
vn -0.7616 0.5325 -0.3692
vn -0.3735 0.5724 0.7299
vn 0.0138 0.9983 0.0559
vn 0.1865 0.9418 -0.2797
vn -0.8315 0.5552 0.0194
vn -0.9175 0.1381 -0.3730
vn 0.3199 0.1659 0.9328
vn 0.9800 0.1989 -0.0048
vn 0.9159 0.3104 -0.2544
vn -0.7911 0.4119 0.4522
vn -0.9540 0.2018 -0.2218
vn -0.9582 0.2423 0.1522
vn -0.1980 0.7195 -0.6656
vn -0.9600 0.2549 -0.1158
vn -0.2210 0.9689 0.1113
vn 0.0856 0.9955 -0.0398
vn 0.1913 0.9764 -0.0998
vn -0.4575 0.4484 -0.7678
vn 0.4067 0.1638 -0.8987
vn 0.4352 0.0856 -0.8963
vn -0.6773 0.5041 -0.5359
vn 0.8320 0.5319 -0.1576
vn 0.8213 0.5152 -0.2449
vn 0.0263 0.9989 -0.0379
vn 0.1666 0.9843 0.0585
vn -0.7994 0.1109 -0.5905
vn -0.1048 0.2598 0.9600
vn 0.6996 0.3702 -0.6111
vn 0.1679 0.9841 0.0582
vn -0.6718 0.7402 0.0274
vn -0.5904 0.8053 -0.0541
vn -0.7673 0.4759 -0.4298
vn -0.0126 0.6354 0.7721
vn 0.0134 0.9975 -0.0701
vn -0.3966 0.7943 -0.4603
vn 0.2099 0.5563 -0.8040
vn 0.8914 0.4406 -0.1065
vn 0.5674 0.5282 -0.6317
vn -0.2314 0.4342 0.8706
vn -0.1580 0.9336 -0.3216
vn -0.2616 0.8880 0.3780
vn 0.0723 0.8033 -0.5912
vn 0.2350 0.9680 -0.0882
vn 0.0903 0.9824 0.1632
vn -0.8907 0.3863 0.2396
vn -0.4424 0.2662 0.8564
vn -0.8658 0.3245 0.3808
vn -0.8658 0.3406 0.3665
vn -0.2069 0.6533 -0.7283
vn -0.4265 0.5245 0.7369
vn -0.6800 0.6526 0.3342
vn 0.1056 0.9871 -0.1202
vn -0.7727 0.6129 -0.1652
vn 0.9580 0.1756 0.2266
vn 0.3730 0.9249 -0.0744
vn 0.6336 0.7479 -0.1980
vn 0.2608 0.9448 0.1982
vn -0.0946 0.9925 -0.0773
vn 0.0908 0.9930 0.0752
vn -0.8346 0.2562 0.4877
vn -0.4690 0.4272 0.7730
vn -0.5275 0.6154 -0.5857
vn -0.3106 0.5960 0.7405
vn -0.3343 0.3748 0.8647
vn -0.0488 0.9727 0.2271
vn 0.0870 0.9960 -0.0214
vn 0.4335 0.8740 -0.2195
vn 0.2084 0.9525 -0.2220
vn -0.0639 0.3557 -0.9324
vn 0.9571 0.1754 0.2305
vn -0.3180 0.5854 -0.7458
vn 0.1342 0.8580 0.4958
vn -0.8812 0.1087 -0.4601
vn -0.8617 0.3360 0.3803
vn -0.8587 0.5043 0.0909
vn -0.8257 0.5208 -0.2167
vn 0.0151 0.6944 0.7194
vn -0.6707 0.1628 -0.7236
vn 0.2688 0.2191 0.9380
vn 0.6406 0.6902 0.3365
vn 0.5616 0.7116 -0.4221
vn -0.3210 0.4834 -0.8144
vn 0.4510 0.2998 -0.8407
vn 0.8845 0.4147 -0.2139
vn 0.6390 0.7170 0.2785
vn 0.6448 0.7632 -0.0417
vn 0.0313 0.8744 -0.4843
vn -0.4223 0.8718 0.2484
vn 0.0621 0.9925 0.1058
vn -0.0397 0.9786 -0.2021
vn -0.0175 0.9556 -0.2940
vn -0.6148 0.5224 -0.5909
vn -0.5630 0.4702 -0.6796
vn 0.0944 0.9307 0.3534
vn -0.1909 0.9683 0.1612
vn -0.5561 0.8302 0.0392
vn -0.2337 0.9670 0.1014
vn -0.9859 0.1573 -0.0576
vn -0.7420 0.2295 -0.6299
vn -0.6038 0.1991 -0.7719
vn 0.4798 0.3698 0.7956
vn 0.1295 0.7843 0.6067
vn 0.5882 0.5688 0.5748
vn 0.9219 0.3814 0.0687
vn 0.8406 0.5022 -0.2031
vn 0.3423 0.6334 0.6940
vn 0.6434 0.7347 0.2149
vn -0.4957 0.2403 0.8346
vn 0.0896 0.9890 0.1175
vn -0.9405 0.2976 0.1639
vn -0.8552 0.5037 -0.1227
vn -0.0141 0.9927 -0.1197
vn -0.5704 0.5903 -0.5711
vn -0.2510 0.6578 0.7101
vn 0.0316 0.9727 -0.2301
vn -0.4971 0.7525 -0.4320
vn -0.4825 0.8124 0.3274
vn -0.6427 0.2900 -0.7091
vn -0.3873 0.5984 -0.7013
vn 0.2421 0.7736 0.5856
vn 0.5618 0.7823 0.2689
vn 0.4246 0.9042 -0.0457
vn 0.6689 0.4639 -0.5808
vn 0.6054 0.7569 -0.2462
vn 0.9282 0.3640 -0.0768
vn 0.8865 0.4402 0.1427
vn 0.9168 0.3955 -0.0554
vn 0.5140 0.8514 -0.1050
vn -0.5356 0.6161 -0.5776
vn -0.8275 0.1274 -0.5468
vn 0.1055 0.9865 -0.1252
vn 0.0899 0.9932 0.0743
vn -0.1957 0.9806 -0.0054
vn 0.0125 0.9999 0.0093
vn -0.0248 0.9451 0.3257
vn -0.4771 0.1919 -0.8576
vn -0.3880 0.1206 0.9137
vn 0.0071 0.8160 0.5781
vn 0.6366 0.6473 0.4192
vn 0.6586 0.7244 -0.2035
vn 0.7501 0.6451 0.1456
vn -0.7945 0.1330 0.5925
vn -0.8022 0.2619 0.5365
vn -0.2782 0.9473 -0.1587
vn 0.5714 0.8030 0.1693
vn 0.2282 0.9162 0.3295
vn 0.1295 0.9914 0.0166
vn -0.2675 0.9634 -0.0163
vn -0.8601 0.5096 0.0249
vn -0.8531 0.4994 -0.1512
vn 0.1655 0.9547 -0.2473
vn 0.9708 0.1933 -0.1424
vn 0.0064 0.2435 0.9699
vn 0.9737 0.1922 -0.1219
vn 0.9542 0.2881 -0.0801
vn -0.3176 0.9340 -0.1638
vn -0.9419 0.3357 0.0123
vn 0.1745 0.9824 -0.0671
vn 0.1186 0.9922 0.0375
vn -0.2595 0.9364 0.2364
vn -0.5848 0.2900 -0.7576
vn -0.5484 0.2809 -0.7876
vn -0.6507 0.2872 -0.7030
vn 0.9456 0.3253 -0.0024
vn 0.8518 0.2360 -0.4677
vn 0.1851 0.2962 -0.9370
vn 0.2254 0.4099 0.8838
vn 0.9177 0.3185 -0.2376
vn 0.9121 0.4098 0.0055
vn 0.5911 0.4694 0.6559
vn 0.2113 0.9682 -0.1336
vn -0.2918 0.7096 0.6414
vn -0.2689 0.8412 0.4691
vn -0.5478 0.8219 0.1563
vn -0.8513 0.3432 0.3969
vn -0.0478 0.9919 -0.1178
vn -0.5728 0.8124 -0.1092
vn 0.0209 0.9982 0.0555
vn 0.4074 0.9130 0.0220
vn -0.1749 0.9843 0.0241
vn 0.0734 0.9123 -0.4029
vn 0.0552 0.9982 -0.0254
vn -0.2649 0.1387 0.9542
vn -0.2565 0.2594 0.9311
vn 0.0932 0.2930 0.9516
vn -0.6650 0.5308 0.5254
vn -0.0226 0.7330 -0.6799
vn 0.9445 0.3283 -0.0109
vn 0.9580 0.1882 0.2165
vn 0.9765 0.2032 -0.0719
vn 0.9692 0.1909 0.1555
vn 0.7865 0.5441 -0.2923
vn -0.6085 0.6820 -0.4058
vn -0.5866 0.7942 0.1582
vn -0.5973 0.7802 0.1856
vn 0.1237 0.9881 0.0915
vn -0.5263 0.8422 0.1172
vn -0.3138 0.8083 -0.4982
vn 0.4094 0.7204 0.5599
vn 0.2143 0.9124 0.3488
vn 0.0856 0.8507 0.5187
vn -0.0504 0.9923 -0.1128
vn -0.2608 0.9628 -0.0711
vn -0.3643 0.9280 0.0784
vn -0.1855 0.5787 -0.7941
vn -0.6496 0.2861 -0.7044
vn -0.4246 0.2430 -0.8722
vn -0.5156 0.1857 -0.8365
vn -0.8174 0.5212 -0.2453
vn 0.5932 0.3710 -0.7144
vn 0.5468 0.6536 0.5232
vn -0.9141 0.3529 0.1997
vn 0.1042 0.9931 -0.0544
vn 0.0542 0.9984 0.0149
vn 0.6004 0.6191 -0.5062
vn 0.3077 0.8166 0.4883
vn 0.1567 0.9840 -0.0845
vn -0.2479 0.9127 -0.3248
vn 0.2448 0.9589 0.1437
vn -0.1997 0.9663 -0.1623
vn 0.0119 0.9998 0.0152
vn -0.0325 0.9340 0.3559
vn -0.9431 0.1685 0.2866
vn 0.0743 0.7075 -0.7028
vn 0.5529 0.3464 -0.7578
vn 0.4349 0.1803 -0.8822
vn 0.9001 0.2066 -0.3835
vn 0.7699 0.4839 0.4160
vn 0.9441 0.2081 -0.2556
vn 0.7041 0.1453 -0.6951
vn 0.4025 0.2392 -0.8836
vn -0.4713 0.5384 0.6985
vn -0.2579 0.7979 0.5448
vn -0.3618 0.9312 -0.0452
vn -0.8922 0.3880 0.2311
vn -0.4665 0.7679 -0.4391
vn 0.4215 0.8630 0.2786
vn 0.0223 0.9938 0.1085
vn -0.0672 0.9560 -0.2855
vn -0.0737 0.9888 0.1295
vn 0.0182 0.9998 0.0069
vn -0.1185 0.9927 0.0209
vn -0.3689 0.9265 0.0742
vn -0.6915 0.6213 -0.3686
vn 0.0942 0.3903 0.9159
vn 0.7028 0.4095 0.5817
vn 0.5714 0.3770 0.7290
vn 0.7386 0.3306 0.5875
vn 0.2717 0.1918 -0.9431
vn 0.9685 0.2014 -0.1464
vn 0.9639 0.2037 -0.1715
vn 0.4894 0.4115 0.7688
vn 0.1875 0.8960 0.4025
vn -0.4375 0.8540 0.2814
vn -0.7290 0.4978 -0.4697
vn -0.0152 0.9988 0.0458
vn -0.1251 0.9747 -0.1854
vn -0.2197 0.4149 -0.8829
vn -0.1979 0.2420 0.9499
vn 0.0727 0.2970 0.9521
vn 0.9504 0.1904 0.2461
vn 0.8391 0.2181 0.4984
vn 0.4248 0.3813 -0.8211
vn 0.9722 0.2257 0.0621
vn 0.0724 0.9961 -0.0497
vn -0.6875 0.7169 0.1158
vn -0.0695 0.9975 0.0119
vn 0.0250 0.9985 -0.0489
vn -0.2330 0.9721 -0.0275
vn 0.3962 0.3032 0.8667
vn -0.8461 0.5007 0.1827
vn -0.7912 0.5596 0.2469
vn -0.6453 0.5673 0.5117
vn 0.1251 0.9908 -0.0519
vn -0.1444 0.9410 0.3062
vn 0.1189 0.9666 -0.2268
vn -0.1838 0.9160 -0.3565
vn -0.8869 0.3865 -0.2530
vn -0.8876 0.2203 0.4044
vn -0.7903 0.4796 0.3814
vn -0.7559 0.6541 0.0281
vn -0.6976 0.3254 0.6383
vn -0.5901 0.6782 -0.4381
vn -0.3217 0.8250 0.4647
vn -0.2816 0.7114 0.6439
vn 0.2381 0.9708 0.0300
vn -0.0582 0.9930 -0.1025
vn -0.0478 0.9986 0.0221
vn 0.0946 0.9903 0.1020
vn 0.3986 0.8485 0.3480
vn 0.0647 0.9038 -0.4231
vn 0.1471 0.9789 -0.1419
vn -0.0607 0.9982 -0.0010
vn 0.0691 0.9939 0.0862
vn -0.1199 0.7842 -0.6088
vn 0.5638 0.1949 -0.8026
vn -0.2320 0.5012 0.8336
vn -0.1840 0.4258 -0.8859
vn -0.7684 0.3283 -0.5493
vn -0.7289 0.2570 -0.6346
vn -0.7668 0.6083 0.2048
vn -0.1471 0.9259 -0.3480
vn -0.2242 0.7281 0.6477
vn -0.6296 0.7763 -0.0316
vn 0.0744 0.9925 0.0967
vn -0.0852 0.9055 -0.4157
vn 0.1015 0.9919 0.0761
vn -0.0274 0.9996 -0.0107
vn 0.3231 0.1976 -0.9255
vn -0.4387 0.1714 0.8821
vn -0.7607 0.3827 -0.5243
vn 0.0193 0.4174 0.9085
vn -0.8467 0.3237 -0.4222
vn -0.7985 0.1883 0.5718
vn -0.8082 0.1942 0.5559
vn 0.5637 0.4589 0.6868
vn 0.0228 0.9996 0.0151
vn -0.0482 0.9953 0.0843
vn 0.1046 0.9866 -0.1255
vn -0.0852 0.7908 0.6062
vn -0.1059 0.9935 -0.0419
vn -0.1241 0.9919 -0.0266
vn -0.0821 0.9957 0.0440
vn 0.1079 0.9941 -0.0078
vn -0.0530 0.9954 0.0798
vn -0.1146 0.9925 0.0431
vn -0.1566 0.9757 -0.1534
vn 0.0706 0.9961 -0.0523
vn -0.1553 0.7715 -0.6170
vn 0.4552 0.2213 -0.8624
vn 0.4657 0.2286 -0.8549
vn -0.4152 0.1904 0.8896
vn -0.4599 0.2290 0.8580
vn 0.0742 0.2164 -0.9735
vn -0.5111 0.4335 0.7422
vn -0.8957 0.4162 -0.1567
vn -0.9089 0.3322 0.2522
vn -0.7367 0.1717 0.6540
vn -0.9727 0.2305 0.0276
vn -0.9702 0.2327 0.0673
vn -0.8737 0.3876 0.2941
vn -0.6971 0.7014 -0.1487
vn -0.3668 0.7644 0.5302
vn 0.3412 0.9395 0.0303
vn 0.2854 0.9240 0.2545
vn 0.2105 0.9694 0.1259
vn -0.0048 0.9945 -0.1048
vn 0.0226 0.9997 0.0135
vn 0.0196 0.9996 0.0182
vn -0.2225 0.9156 -0.3348
vn -0.0808 0.9892 0.1220
vn -0.5137 0.8547 0.0751
vn -0.2327 0.9384 0.2556
vn -0.1217 0.9900 0.0717
vn -0.2353 0.9716 0.0261
vn -0.3410 0.1858 0.9215
vn -0.8438 0.5300 -0.0838
vn -0.8911 0.3632 0.2719
vn -0.5872 0.8067 0.0669
vn 0.6692 0.3330 -0.6643
vn 0.8954 0.4281 -0.1223
vn 0.7235 0.5415 0.4282
vn 0.1506 0.9879 0.0363
vn -0.0722 0.9973 0.0089
vn -0.2129 0.9539 -0.2117
vn -0.2360 0.9437 0.2318
vn -0.2395 0.8911 0.3855
vn 0.0532 0.9965 -0.0647
vn -0.0287 0.9996 -0.0076
vn -0.1516 0.9874 0.0455
vn -0.4077 0.2513 0.8779
vn -0.8045 0.4206 -0.4193
vn -0.5449 0.5260 -0.6530
vn -0.6174 0.1864 -0.7642
vn -0.9435 0.1478 0.2964
vn -0.9662 0.2017 -0.1603
vn -0.9622 0.2720 0.0108
vn 0.0299 0.9994 0.0156
vn 0.0314 0.9994 -0.0151
vn -0.3802 0.8238 -0.4205
vn -0.5678 0.7651 0.3037
vn -0.0971 0.9495 0.2983
vn -0.0322 0.9994 -0.0113
vn -0.1414 0.7692 -0.6232
vn -0.8603 0.4643 -0.2106
vn -0.2253 0.4152 -0.8814
vn -0.9315 0.3460 -0.1123
vn -0.8438 0.3259 -0.4264
vn -0.9628 0.2569 0.0835
vn -0.5210 0.7690 -0.3704
vn 0.0881 0.5852 0.8061
vn 0.1165 0.9850 -0.1272
vn 0.1783 0.9838 0.0197
vn 0.2157 0.8709 0.4416
vn -0.0912 0.9732 -0.2109
vn -0.3085 0.9464 -0.0957
vn -0.0345 0.9994 -0.0034
vn -0.1785 0.9830 0.0441
vn 0.0164 0.9736 -0.2275
vn -0.0078 0.9640 0.2659
vn -0.4564 0.4582 -0.7627
vn -0.8122 0.2200 -0.5402
vn -0.6398 0.2772 0.7168
vn -0.5490 0.1908 0.8138
vn -0.8709 0.4706 0.1416
vn -0.9320 0.3038 -0.1976
vn -0.8229 0.5607 0.0926
vn 0.0577 0.8948 -0.4428
vn 0.0593 0.9914 0.1164
vn 0.0505 0.9965 0.0660
vn -0.1118 0.9866 0.1185
vn 0.1887 0.8957 -0.4025
vn -0.0278 0.9971 -0.0705
vn -0.2104 0.1463 -0.9666
vn -0.7357 0.6715 0.0884
vn -0.8346 0.5505 0.0198
vn 0.8942 0.4074 0.1858
vn 0.1744 0.9804 -0.0914
vn 0.2040 0.9618 -0.1824
vn -0.0830 0.9963 0.0210
vn -0.0458 0.9989 -0.0072
vn -0.0782 0.9910 0.1082
vn -0.0309 0.1810 -0.9830
vn -0.2548 0.2636 0.9304
vn -0.9647 0.2596 0.0448
vn -0.3379 0.9367 0.0917
vn 0.6932 0.3170 -0.6473
vn 0.1737 0.2723 0.9464
vn 0.1648 0.9828 -0.0837
vn 0.5497 0.8343 -0.0418
vn 0.4607 0.8593 -0.2221
vn 0.3301 0.9319 0.1506
vn -0.0271 0.9976 0.0644
vn 0.1492 0.9870 -0.0590
vn -0.5372 0.2259 -0.8126
vn -0.4567 0.1508 0.8767
vn 0.0644 0.6462 -0.7605
vn -0.4924 0.8522 -0.1768
vn -0.2464 0.9172 -0.3131
vn 0.7612 0.4104 -0.5022
vn 0.2014 0.9792 0.0239
vn 0.0697 0.9966 0.0438
vn -0.0563 0.9961 0.0686
vn 0.5201 0.7823 -0.3429
vn 0.4613 0.8031 0.3772
vn -0.0486 0.9859 0.1601
vn -0.1763 0.9835 0.0406
vn -0.8714 0.2536 -0.4200
vn -0.9013 0.4042 0.1556
vn -0.0735 0.3485 0.9344
vn 0.0100 0.5972 0.8020
vn -0.4629 0.8376 0.2901
vn -0.6799 0.7318 0.0468
vn 0.0534 0.9696 -0.2389
vn 0.1920 0.9747 0.1144
vn -0.1668 0.9844 -0.0550
vn -0.0180 0.9996 0.0221
vn -0.0094 0.9998 0.0176
vn 0.2266 0.3934 -0.8910
vn -0.8573 0.4869 0.1671
vn 0.5480 0.7010 0.4565
vn -0.5794 0.6489 -0.4932
vn 0.2233 0.9707 -0.0882
vn -0.1860 0.9719 0.1446
vn -0.4194 0.8768 -0.2352
vn -0.4572 0.6834 0.5692
vn 0.2245 0.6423 0.7328
vn 0.4886 0.8611 0.1406
vn 0.0219 0.9902 -0.1376
vn 0.0391 0.9924 0.1162
vn 0.0681 0.9846 -0.1608
vn 0.5139 0.7880 -0.3389
vn -0.2072 0.9476 0.2432
vn -0.0514 0.9954 0.0805
vn -0.0839 0.9825 -0.1664
vn 0.0937 0.3931 -0.9147
vn -0.1055 0.9754 0.1934
vn 0.0422 0.9939 -0.1016
vn 0.0456 0.9920 0.1173
vn -0.0871 0.8699 -0.4854
vn 0.3192 0.9443 0.0794
vn 0.2020 0.9748 0.0946
vn -0.1673 0.9844 -0.0546
vn 0.5187 0.7793 -0.3517
vn 0.0011 0.9984 0.0573
vn -0.0684 0.9750 -0.2113
vn -0.9043 0.2380 -0.3545
vn -0.1382 0.3914 -0.9098
vn 0.0296 0.6084 0.7931
vn -0.6400 0.7677 -0.0329
vn 0.0839 0.9544 -0.2866
vn -0.2231 0.9440 -0.2431
vn 0.1813 0.9736 -0.1385
vn 0.0320 0.9718 -0.2336
vn 0.3181 0.2926 -0.9018
vn -0.1023 0.9874 0.1211
vn -0.4281 0.8308 0.3555
vn 0.0146 0.9531 0.3022
vn -0.2916 0.9447 -0.1499
vn 0.3799 0.9235 -0.0532
vn -0.9521 0.1839 0.2444
vn -0.4225 0.8765 0.2310
vn -0.1437 0.7048 0.6947
vn 0.3307 0.8330 0.4435
vn -0.0001 0.9559 0.2938
vn -0.2266 0.9739 -0.0103
vn -0.0100 0.9986 0.0515
vn 0.0032 0.9994 0.0349
vn 0.3581 0.9298 0.0848
vn -0.5727 0.4423 -0.6902
vn -0.2846 0.9310 0.2284
vn -0.0513 0.9958 0.0763
vn 0.0561 0.9230 -0.3808
vn -0.0941 0.9472 -0.3064
vn -0.0377 0.9900 0.1358
vn 0.2290 0.9494 0.2148
vn -0.4255 0.7887 0.4437
vn -0.0122 0.9999 0.0026
vn -0.0780 0.9856 -0.1504
vn -0.8848 0.4554 -0.0989
vn -0.1904 0.9716 0.1404
vn 0.0718 0.9915 -0.1086
vn -0.2013 0.9629 0.1799
vn -0.3869 0.2143 0.8969
vn -0.5276 0.6439 0.5541
vn 0.3042 0.9427 -0.1371
vn -0.0691 0.9902 -0.1214
vn -0.2267 0.9736 -0.0268
vn 0.1027 0.9947 -0.0102
vn -0.0227 0.9681 -0.2495
vn -0.8772 0.3245 0.3540
vn 0.8922 0.4376 0.1119
vn 0.4642 0.4178 0.7810
vn -0.6611 0.4565 -0.5954
vn -0.4162 0.8546 -0.3105
vn -0.4578 0.4427 -0.7710
vn -0.6528 0.3228 -0.6853
vn -0.8762 0.4161 -0.2433
vn -0.3565 0.5435 0.7600
vn 0.2997 0.8587 -0.4157
vn 0.1019 0.9391 0.3281
vn 0.1713 0.9684 0.1812
vn -0.0474 0.8761 -0.4798
vn -0.4780 0.7275 -0.4922
vn -0.1927 0.8781 -0.4379
vn 0.2034 0.7673 0.6082
vn -0.8115 0.5785 0.0824
vn 0.6784 0.4599 -0.5729
vn -0.0353 0.9934 0.1096
vn -0.0359 0.9988 0.0324
vn -0.3980 0.9171 0.0218
vn -0.3679 0.9270 0.0733
vn -0.2037 0.9370 -0.2838
vn -0.0680 0.9759 -0.2073
vn 0.2177 0.9581 -0.1861
vn -0.0692 0.9958 0.0595
vn -0.4575 0.8855 -0.0814
vn 0.0154 0.9998 -0.0116
vn 0.0067 0.9996 0.0278
vn 0.5600 0.8031 -0.2033
vn -0.5100 0.3973 0.7629
vn -0.6737 0.4624 0.5764
vn -0.0994 0.9524 -0.2883
vn -0.1181 0.9521 -0.2821
vn 0.1720 0.9060 0.3866
vn -0.2645 0.8577 -0.4409
vn -0.9248 0.3108 0.2193
vn 0.2091 0.9690 0.1314
vn -0.0377 0.9915 -0.1247
vn -0.0676 0.7006 -0.7103
vn -0.1243 0.9918 0.0307
vn 0.3483 0.8678 -0.3543
vn 0.0499 0.9988 0.0008
vn 0.3740 0.4937 -0.7851
vn -0.7926 0.4957 -0.3550
vn -0.0819 0.4447 -0.8919
vn -0.1807 0.3951 -0.9007
vn 0.4124 0.4188 0.8090
vn 0.5168 0.8190 0.2494
vn -0.2679 0.9380 0.2199
vn 0.1619 0.9766 0.1414
vn -0.2156 0.9735 0.0758
vn -0.1531 0.9293 0.3362
vn 0.1836 0.9779 0.1001
vn -0.1240 0.9518 0.2806
vn -0.6857 0.7277 -0.0134
vn -0.1129 0.9932 -0.0285
vn 0.2737 0.9605 0.0496
vn 0.2082 0.7902 -0.5764
vn -0.0952 0.9416 -0.3230
vn -0.3432 0.9202 0.1882
vn -0.0766 0.9565 -0.2816
vn -0.0630 0.9964 0.0560
vn -0.7692 0.6381 0.0357
vn -0.4702 0.8810 -0.0515
vn -0.4746 0.7730 0.4211
vn 0.0300 0.9995 0.0103
vn -0.5438 0.6930 0.4733
vn -0.6229 0.6228 -0.4734
vn -0.3718 0.8983 -0.2343
vn 0.1563 0.9877 -0.0051
vn -0.2269 0.9733 -0.0351
vn -0.2602 0.9638 -0.0579
vn 0.3157 0.9448 -0.0877
vn -0.0098 0.9916 -0.1291
vn 0.0356 0.9994 -0.0033
vn -0.0008 0.9996 0.0295
vn -0.2463 0.8538 0.4586
vn 0.0114 0.9949 -0.1000
vn -0.4661 0.8561 0.2233
vn -0.7013 0.5516 0.4517
vn 0.1984 0.9787 0.0536
vn -0.1764 0.9762 -0.1258
vn -0.0441 0.9988 0.0227
vn -0.0159 0.9997 0.0202
vn -0.0003 0.9995 -0.0329
vn -0.3295 0.9031 0.2754
vn -0.1443 0.9736 0.1768
vn 0.1323 0.9660 -0.2219
vn -0.8085 0.5883 -0.0151
vn -0.1493 0.0388 0.9880
vn -0.6684 0.3177 0.6725
vn 0.0291 0.9992 0.0284
vn 0.3036 0.8250 -0.4767
vn -0.0467 0.9909 -0.1264
vn -0.7217 0.4551 0.5216
vn -0.3555 0.9259 0.1279
vn 0.1475 0.9601 -0.2376
vn -0.1608 0.9805 0.1131
vn -0.2569 0.9634 0.0771
vn -0.0449 0.9987 0.0225
vn -0.7497 0.2838 -0.5978
vn -0.3587 0.6784 0.6411
vn -0.2945 0.9317 -0.2126
vn -0.5050 0.4385 -0.7434
vn 0.0067 1.0000 0.0062
vn -0.0164 0.9515 -0.3071
vn -0.1597 0.9854 0.0581
vn -0.3534 0.9232 0.1511
vn 0.0103 0.9925 -0.1217
vn -0.7166 0.6972 0.0192
vn -0.0244 0.9997 0.0041
vn -0.0346 0.9994 0.0099
vn -0.1374 0.9905 0.0046
vn -0.7095 0.6511 -0.2697
vn -0.6976 0.6239 -0.3523
vn -0.5295 0.3796 0.7586
vn -0.2307 0.9724 -0.0347
vn -0.0789 0.9732 -0.2161
vn 0.0277 0.9990 -0.0356
vn -0.1542 0.9471 0.2816
vn -0.0062 1.0000 0.0029
vn -0.0250 0.9997 -0.0016
vn -0.0791 0.9962 0.0378
vn -0.6164 0.6794 -0.3981
vn -0.2117 0.9676 -0.1375
vn -0.2990 0.9135 -0.2758
vn -0.3178 0.7867 0.5293
vn -0.3467 0.8924 -0.2889
vn -0.3411 0.9089 0.2400
vn -0.3932 0.8246 0.4067
vn -0.5003 0.8649 0.0411
vn -0.2690 0.8850 0.3799
vn 0.0651 0.9846 0.1620
vn -0.2941 0.8498 -0.4373
vn -0.2084 0.9780 0.0082
vn -0.0978 0.9952 0.0059
vn -0.0751 0.9969 0.0218
vn -0.1317 0.8596 -0.4937
vn -0.7537 0.6399 0.1501
vn -0.5693 0.4788 -0.6683
vn -0.8562 0.4931 0.1541
vn -0.5860 0.7912 0.1746
vn -0.0303 0.9947 -0.0987
vn 0.0090 0.9999 0.0057
vn -0.3656 0.8413 0.3981
vn -0.0468 0.9988 -0.0168
vn -0.3709 0.8960 -0.2442
vn -0.5441 0.3492 -0.7629
vn -0.0023 1.0000 -0.0024
vn -0.4067 0.9042 -0.1302
vn -0.2416 0.9680 0.0683
vn -0.1164 0.9898 -0.0825
vn -0.0221 0.9992 -0.0347
vn -0.6044 0.7900 -0.1031
vn -0.2153 0.9257 -0.3112
vn -0.0761 0.9964 0.0378
vn -0.4025 0.8864 -0.2288
vn -0.1307 0.9903 0.0465
vn -0.2103 0.9697 -0.1241
vn -0.1219 0.9888 0.0859
vn -0.5433 0.8394 -0.0150
vn -0.2947 0.9554 0.0188
vn -0.1457 0.9890 0.0246
vn -0.6038 0.7306 0.3188
vn -0.1805 0.9742 -0.1353
vn -0.2062 0.9707 0.1236
vn -0.0286 0.9996 -0.0006
vn -0.0247 0.9976 -0.0651
vn -0.0036 0.9999 -0.0144
vn -0.0307 0.9995 0.0016
vt 0.071262 0.029557
vt 0.154627 0.023211
vt 0.178390 0.000203
vt 0.835629 0.012971
vt 0.970519 0.036187
vt 0.794108 0.001625
vt 0.999716 0.000070
vt 0.733450 0.007170
vt 0.751016 0.015848
vt 0.763327 0.001183
vt 0.229552 0.002735
vt 0.252963 0.029667
vt 0.262913 0.001556
vt 0.850639 0.022203
vt 0.184506 0.023715
vt 0.596209 0.002248
vt 0.614262 0.030399
vt 0.655996 0.001090
vt 0.678270 0.015999
vt 0.680655 0.000062
vt 0.816895 0.021465
vt 0.525562 0.021317
vt 0.531515 0.000292
vt 0.650201 0.021271
vt 0.795336 0.029227
vt 0.000003 -0.000033
vt 0.021569 0.032983
vt 0.366095 0.029258
vt 0.359728 0.000633
vt 0.696312 0.020617
vt 0.111214 0.055456
vt 0.978685 0.029590
vt 0.430497 0.001853
vt 0.997418 0.024376
vt 0.199977 0.050054
vt 0.396108 0.002791
vt 0.688133 0.032697
vt 0.834257 0.025839
vt 0.000416 0.047672
vt 0.291095 0.047488
vt 0.427339 0.038038
vt 0.588935 0.078108
vt 0.761043 0.046291
vt 0.903756 0.057734
vt 0.163757 0.065683
vt 0.833804 0.048609
vt 0.219645 0.043106
vt 0.459673 0.050352
vt 0.668155 0.050507
vt 0.237746 0.050934
vt 0.862425 0.058115
vt 0.035551 0.065808
vt 0.711944 0.068733
vt 0.786421 0.049008
vt 0.355409 0.048824
vt 0.639900 0.059646
vt 0.693574 0.054513
vt 0.066198 0.078343
vt 0.018799 0.062817
vt 0.385390 0.059678
vt 0.321487 0.073399
vt 0.211466 0.057019
vt 0.233266 0.058068
vt 0.842821 0.062195
vt 0.339136 0.064623
vt 0.916288 0.075798
vt 0.366446 0.065409
vt 0.469763 0.092666
vt 0.878819 0.079844
vt 0.222010 0.071424
vt 0.252351 0.067494
vt 0.278990 0.069215
vt 0.292582 0.072091
vt 0.308789 0.084333
vt 0.744737 0.075165
vt 0.762329 0.081951
vt 0.798226 0.069911
vt 0.670249 0.077662
vt 0.754008 0.061382
vt 0.187697 0.067981
vt 0.215221 0.073009
vt 0.230633 0.072648
vt 0.412038 0.082178
vt 0.895730 0.077974
vt 0.657037 0.075873
vt 0.192054 0.083222
vt 0.203264 0.073134
vt 0.717662 0.088435
vt 0.140972 0.091625
vt 0.345847 0.077027
vt 0.376536 0.080028
vt 0.263887 0.077864
vt 0.331557 0.075427
vt 0.003853 0.083481
vt 0.173892 0.081546
vt 0.243801 0.080030
vt 0.360383 0.081954
vt 0.730970 0.085595
vt 0.223769 0.082326
vt 0.291211 0.085795
vt 0.632471 0.094066
vt 0.205934 0.082590
vt 0.211955 0.085684
vt 0.326311 0.085980
vt 0.229941 0.086905
vt 0.255564 0.089869
vt 0.277376 0.086759
vt 0.350684 0.086010
vt 0.814398 0.088712
vt 0.896529 0.090050
vt 0.028913 0.096343
vt 0.089141 0.099770
vt 0.923084 0.101180
vt 0.158960 0.094945
vt 0.239947 0.089926
vt 0.392580 0.095847
vt 0.193738 0.092189
vt 0.440205 0.097803
vt 0.703183 0.099635
vt 0.788547 0.106560
vt 0.179361 0.094272
vt 0.265068 0.092211
vt 0.297445 0.096333
vt 0.370808 0.094161
vt 0.378990 0.091928
vt 0.856361 0.100591
vt 0.998982 0.112568
vt 0.348722 0.096278
vt 0.739592 0.097295
vt 0.829408 0.115579
vt 0.167805 0.102261
vt 0.201739 0.097216
vt 0.273705 0.094369
vt 0.326921 0.098780
vt 0.970713 0.108070
vt 0.107486 0.109865
vt 0.237154 0.099405
vt 0.306155 0.111856
vt 0.402109 0.107575
vt 0.488996 0.129492
vt 0.874189 0.101401
vt 0.147303 0.107723
vt 0.282814 0.101370
vt 0.358236 0.101095
vt 0.421398 0.100986
vt 0.492205 0.110248
vt 0.731707 0.103973
vt 0.213730 0.106964
vt 0.226087 0.106091
vt 0.249021 0.104200
vt 0.257694 0.103096
vt 0.381386 0.103913
vt 0.810652 0.111080
vt 0.001517 0.124510
vt 0.030731 0.139107
vt 0.124224 0.115009
vt 0.170470 0.106708
vt 0.180529 0.103133
vt 0.271170 0.104877
vt 0.296907 0.105942
vt 0.337173 0.104479
vt 0.369419 0.104321
vt 0.460338 0.106602
vt 0.756268 0.110234
vt 0.187436 0.108718
vt 0.464640 0.118935
vt 0.239337 0.113429
vt 0.327712 0.108387
vt 0.348994 0.107625
vt 0.203788 0.113315
vt 0.232228 0.107398
vt 0.280869 0.111243
vt 0.319199 0.109634
vt 0.389273 0.113437
vt 0.413774 0.109125
vt 0.446752 0.117881
vt 0.160229 0.114698
vt 0.171502 0.113746
vt 0.266037 0.113057
vt 0.292157 0.112767
vt 0.600258 0.134824
vt 0.908164 0.125735
vt 0.092195 0.121206
vt 0.262359 0.121226
vt 0.362105 0.120799
vt 0.695875 0.138939
vt 0.053949 0.125602
vt 0.137971 0.116319
vt 0.420557 0.117044
vt 0.624947 0.125227
vt 0.636505 0.127153
vt 0.741864 0.128020
vt 0.834915 0.128658
vt 0.867163 0.126309
vt 0.936584 0.117717
vt 0.965861 0.128699
vt 0.151405 0.128551
vt 0.282267 0.122783
vt 0.312621 0.117935
vt 0.332536 0.119638
vt 0.346745 0.124235
vt 0.375111 0.123039
vt 0.181749 0.127512
vt 0.196900 0.121694
vt 0.247311 0.123390
vt 0.315398 0.123757
vt 0.398324 0.120165
vt 0.409201 0.121387
vt 0.478654 0.120799
vt 0.766976 0.119841
vt 0.107723 0.130898
vt 0.168886 0.123615
vt 0.221780 0.120057
vt 0.229022 0.124828
vt 0.297366 0.125594
vt 0.432961 0.122822
vt 0.145732 0.126145
vt 0.074795 0.132873
vt 0.133930 0.129196
vt 0.255748 0.128944
vt 0.392655 0.129219
vt 0.776368 0.133510
vt 0.162029 0.132864
vt 0.219946 0.130556
vt 0.271563 0.131445
vt 0.447853 0.133498
vt 0.980591 0.147667
vt 0.197100 0.141710
vt 0.291173 0.131626
vt 0.300948 0.133948
vt 0.332241 0.137113
vt 0.468253 0.136224
vt 0.802212 0.140510
vt 0.999741 0.154642
vt 0.173133 0.137717
vt 0.402183 0.136074
vt 0.419703 0.138723
vt 0.822929 0.142301
vt 0.854420 0.141884
vt 0.054583 0.143227
vt 0.235577 0.137313
vt 0.248574 0.139992
vt 0.314176 0.141348
vt 0.349300 0.139874
vt 0.385364 0.136008
vt 0.929573 0.145895
vt 0.132078 0.138039
vt 0.265607 0.146616
vt 0.369050 0.146601
vt 0.441556 0.150790
vt 0.729778 0.174113
vt 0.882825 0.164672
vt 0.146041 0.142543
vt 0.212907 0.147076
vt 0.281547 0.145618
vt 0.567885 0.156719
vt 0.838004 0.143366
vt 0.041844 0.163663
vt 0.099888 0.152626
vt 0.121311 0.146867
vt 0.156670 0.146161
vt 0.302526 0.143031
vt 0.062149 0.148926
vt 0.081498 0.154233
vt 0.135268 0.148225
vt 0.170744 0.149319
vt 0.229996 0.150899
vt 0.388831 0.162291
vt 0.003062 0.175300
vt 0.297294 0.154387
vt 0.310002 0.152872
vt 0.795616 0.163819
vt 0.837198 0.159097
vt 0.900967 0.161039
vt 0.142703 0.152261
vt 0.333025 0.157541
vt 0.358827 0.166605
vt 0.821745 0.154197
vt 0.118917 0.154247
vt 0.128059 0.154469
vt 0.150841 0.154336
vt 0.183874 0.157050
vt 0.193162 0.155041
vt 0.208704 0.157593
vt 0.285032 0.158597
vt 0.601670 0.195470
vt 0.678532 0.179659
vt 0.699433 0.162583
vt 0.813962 0.161104
vt 0.858800 0.172366
vt 0.061178 0.165487
vt 0.110754 0.163848
vt 0.159883 0.161259
vt 0.261096 0.170276
vt 0.650395 0.184816
vt 0.220513 0.169786
vt 0.774440 0.190152
vt 0.931940 0.168318
vt 0.172478 0.163272
vt 0.309213 0.162743
vt 0.434799 0.175296
vt 0.453594 0.182274
vt 0.542762 0.172295
vt 0.129044 0.167157
vt 0.119966 0.165877
vt 0.143940 0.164003
vt 0.176058 0.171424
vt 0.327351 0.174131
vt 0.979385 0.171328
vt 0.186247 0.173268
vt 0.206287 0.172290
vt 0.295851 0.172151
vt 0.079375 0.176254
vt 0.167094 0.170229
vt 0.196950 0.169509
vt 0.329934 0.188379
vt 0.157744 0.172859
vt 0.313842 0.172494
vt 0.893004 0.175212
vt 0.103347 0.176863
vt 0.219551 0.192427
vt 0.285862 0.173836
vt 0.523198 0.206304
vt 0.571591 0.188546
vt 0.058317 0.186871
vt 0.138357 0.172058
vt 0.146108 0.175091
vt 0.825876 0.190136
vt 0.092181 0.184377
vt 0.209283 0.185135
vt 0.350563 0.183837
vt 0.401125 0.192717
vt 0.873580 0.183072
vt 0.043361 0.189095
vt 0.112270 0.185657
vt 0.121833 0.186518
vt 0.311531 0.180308
vt 0.960863 0.189493
vt 0.134597 0.180802
vt 0.171853 0.180304
vt 0.194883 0.185750
vt 0.913134 0.184688
vt 0.023397 0.190097
vt 0.943399 0.192036
vt 0.980091 0.189399
vt 0.999565 0.192290
vt 0.179567 0.188857
vt 0.928189 0.190822
vt 0.154057 0.188031
vt 0.300894 0.188661
vt 0.736298 0.213504
vt 0.278266 0.196903
vt 0.362953 0.198923
vt 0.854556 0.190775
vt 0.891171 0.194139
vt 0.070402 0.197233
vt 0.136702 0.192034
vt 0.167536 0.190544
vt 0.083146 0.195459
vt 0.100102 0.189494
vt 0.114943 0.201246
vt 0.694308 0.202989
vt 0.198086 0.196337
vt 0.225651 0.211371
vt 0.045447 0.205706
vt 0.090370 0.201163
vt 0.182615 0.198311
vt 0.258530 0.211689
vt 0.028761 0.203263
vt 0.058614 0.199596
vt 0.147213 0.199516
vt 0.309481 0.199152
vt 0.922375 0.205228
vt 0.000814 0.211574
vt 0.103353 0.201527
vt 0.125629 0.203541
vt 0.135751 0.201743
vt 0.286938 0.206716
vt 0.168368 0.204254
vt 0.299002 0.215600
vt 0.965396 0.207516
vt 0.040415 0.202303
vt 0.077318 0.206165
vt 0.326916 0.210531
vt 0.442329 0.217617
vt 0.577835 0.229003
vt 0.876514 0.207287
vt 0.981699 0.212548
vt 0.658070 0.230895
vt 0.773159 0.230503
vt 0.013877 0.216722
vt 0.848520 0.219820
vt 0.947619 0.216719
vt 0.059198 0.210718
vt 0.149337 0.209834
vt 0.161154 0.209242
vt 0.192512 0.214477
vt 0.206112 0.215605
vt 0.377300 0.236720
vt 0.561565 0.218432
vt 0.812888 0.236114
vt 0.109490 0.214975
vt 0.309267 0.216900
vt 0.889226 0.219243
vt 0.030851 0.213416
vt 0.100208 0.213683
vt 0.137546 0.217407
vt 0.214709 0.218208
vt 0.044752 0.217484
vt 0.092530 0.224416
vt 0.284820 0.218826
vt 0.412718 0.227536
vt 0.931261 0.220458
vt 0.996668 0.226652
vt 0.125988 0.221457
vt 0.156275 0.219106
vt 0.169857 0.220501
vt 0.864775 0.223093
vt 0.076461 0.219613
vt 0.476836 0.239674
vt 0.004086 0.227491
vt 0.059551 0.217198
vt 0.147012 0.220517
vt 0.258649 0.229042
vt 0.919330 0.224221
vt 0.193653 0.228746
vt 0.357387 0.227899
vt 0.606324 0.238191
vt 0.073989 0.224208
vt 0.703620 0.247055
vt 0.971675 0.238119
vt 0.037495 0.233871
vt 0.045407 0.222164
vt 0.106959 0.226909
vt 0.116750 0.228341
vt 0.178806 0.232715
vt 0.201206 0.225313
vt 0.290083 0.230308
vt 0.304261 0.227090
vt 0.314600 0.232026
vt 0.520768 0.254288
vt 0.149343 0.232785
vt 0.957039 0.238796
vt 0.021358 0.233364
vt 0.326685 0.233651
vt 0.068388 0.246743
vt 0.163503 0.236568
vt 0.228952 0.244599
vt 0.053770 0.249352
vt 0.061167 0.234967
vt 0.087218 0.239788
vt 0.099084 0.238308
vt 0.112610 0.235999
vt 0.130729 0.237497
vt 0.192594 0.239598
vt 0.209542 0.240117
vt 0.439009 0.253152
vt 0.876099 0.241999
vt 0.121737 0.237686
vt 0.860003 0.255153
vt 0.910266 0.247054
vt 0.145911 0.241794
vt 0.166384 0.242744
vt 0.281143 0.244044
vt 0.761771 0.255753
vt 0.298769 0.245614
vt 0.933141 0.246484
vt 0.180976 0.255794
vt 0.267401 0.250950
vt 0.321896 0.262136
vt 0.351623 0.255694
vt 0.977479 0.252210
vt 0.997151 0.254162
vt 0.028991 0.271537
vt 0.081974 0.252698
vt 0.115037 0.245764
vt 0.173640 0.251769
vt 0.133128 0.248205
vt 0.408138 0.288992
vt 0.642496 0.270642
vt 0.158084 0.257265
vt 0.165877 0.251897
vt 0.592634 0.258044
vt 0.115582 0.251365
vt 0.143351 0.253873
vt 0.870260 0.270422
vt 0.102770 0.257278
vt 0.255206 0.270222
vt 0.284505 0.255481
vt 0.570258 0.273256
vt 0.609600 0.266141
vt 0.797700 0.268120
vt 0.932610 0.263581
vt 0.091264 0.262064
vt 0.133089 0.256859
vt 0.207217 0.261032
vt 0.295040 0.255399
vt 0.730205 0.281141
vt 0.141205 0.263073
vt 0.194455 0.262036
vt 0.049493 0.267771
vt 0.115932 0.264343
vt 0.308344 0.264134
vt 0.060277 0.272522
vt 0.233321 0.265164
vt 0.956053 0.270496
vt 0.987662 0.267673
vt 0.003740 0.321366
vt 0.096303 0.266418
vt 0.126459 0.265716
vt 0.156199 0.269881
vt 0.167216 0.266066
vt 0.183251 0.267512
vt 0.276781 0.268537
vt 0.976459 0.268715
vt 0.072097 0.270699
vt 0.080568 0.275015
vt 0.680423 0.289367
vt 0.823374 0.281211
vt 0.385376 0.286936
vt 0.499567 0.316597
vt 0.762604 0.284021
vt 0.916412 0.286277
vt 0.138873 0.279423
vt 0.170980 0.276883
vt 0.087942 0.277534
vt 0.186565 0.280346
vt 0.295282 0.280934
vt 0.332715 0.288272
vt 0.629918 0.288555
vt 0.100184 0.281503
vt 0.113461 0.280226
vt 0.202944 0.284647
vt 0.309723 0.278480
vt 0.353935 0.282488
vt 0.582938 0.287733
vt 0.157995 0.279708
vt 0.975844 0.280618
vt 0.254863 0.300468
vt 0.276612 0.285930
vt 0.057554 0.282181
vt 0.793850 0.306038
vt 0.868593 0.290419
vt 0.983622 0.292912
vt 0.074000 0.289006
vt 0.163594 0.290335
vt 0.226622 0.298731
vt 0.317798 0.294305
vt 0.363668 0.301249
vt 0.081397 0.289161
vt 0.125840 0.294213
vt 0.949957 0.298248
vt 0.966726 0.295422
vt 0.042228 0.292149
vt 0.107688 0.292999
vt 0.147270 0.293090
vt 0.540280 0.307512
vt 0.603586 0.308889
vt 0.827729 0.300846
vt 0.999189 0.307289
vt 0.180087 0.306955
vt 0.621126 0.306039
vt 0.071666 0.299350
vt 0.151723 0.304147
vt 0.274446 0.304247
vt 0.455245 0.307270
vt 0.084862 0.299410
vt 0.709459 0.305578
vt 0.120834 0.303931
vt 0.163033 0.299724
vt 0.880061 0.322026
vt 0.911046 0.309801
vt 0.055030 0.307272
vt 0.095450 0.302539
vt 0.197165 0.303277
vt 0.209119 0.314239
vt 0.078792 0.305712
vt 0.164085 0.312783
vt 0.393326 0.316965
vt 0.067674 0.304711
vt 0.103128 0.308582
vt 0.977578 0.308742
vt 0.040186 0.308819
vt 0.109588 0.313168
vt 0.085607 0.310417
vt 0.125669 0.317178
vt 0.565187 0.319105
vt 0.633539 0.331335
vt 0.835704 0.320221
vt 0.957000 0.312212
vt 0.147758 0.316972
vt 0.191333 0.317653
vt 0.301986 0.325486
vt 0.595003 0.339214
vt 0.852904 0.325311
vt 0.941268 0.319680
vt 0.984867 0.318149
vt 0.067148 0.314786
vt 0.096721 0.315041
vt 0.336466 0.333210
vt 0.703254 0.334167
vt 0.970210 0.319411
vt 0.050706 0.326597
vt 0.082050 0.319030
vt 0.216427 0.329551
vt 0.248944 0.334561
vt 0.272102 0.327069
vt 0.750136 0.335342
vt 0.107301 0.320271
vt 0.177822 0.322921
vt 0.471442 0.345185
vt 0.528371 0.333194
vt 0.069654 0.327428
vt 0.166935 0.326349
vt 0.201631 0.331316
vt 0.920311 0.326824
vt 0.966174 0.335666
vt 0.998107 0.324242
vt 0.144789 0.331922
vt 0.159672 0.334109
vt 0.234507 0.333413
vt 0.369199 0.332417
vt 0.438753 0.383587
vt 0.807847 0.340167
vt 0.896238 0.338184
vt 0.089676 0.334430
vt 0.128036 0.332048
vt 0.945168 0.332940
vt 0.113755 0.329188
vt 0.186645 0.330592
vt 0.057591 0.336879
vt 0.410064 0.351092
vt 0.102263 0.341800
vt 0.176668 0.345109
vt 0.552167 0.346512
vt 0.654544 0.344562
vt 0.035093 0.345981
vt 0.117104 0.341158
vt 0.136532 0.342043
vt 0.576320 0.345167
vt 0.074798 0.343626
vt 0.787848 0.351484
vt 0.837377 0.357271
vt 0.985008 0.345168
vt 0.125141 0.342827
vt 0.195273 0.345388
vt 0.351530 0.352499
vt 0.055013 0.348350
vt 0.110392 0.349005
vt 0.230455 0.352502
vt 0.272195 0.348789
vt 0.514845 0.348699
vt 0.671330 0.359956
vt 0.872346 0.362378
vt 0.147928 0.350530
vt 0.160898 0.351047
vt 0.731102 0.374000
vt 0.927499 0.354031
vt 0.283040 0.364388
vt 0.376180 0.353939
vt 0.120512 0.352119
vt 0.303339 0.375986
vt 0.693786 0.361524
vt 0.064991 0.359967
vt 0.998649 0.368059
vt 0.089943 0.363137
vt 0.137442 0.360180
vt 0.209932 0.357367
vt 0.251699 0.362672
vt 0.490437 0.371288
vt 0.523876 0.364873
vt 0.616556 0.361611
vt 0.178836 0.366873
vt 0.043831 0.366710
vt 0.107151 0.366253
vt 0.473119 0.368975
vt 0.001938 0.376644
vt 0.116917 0.362450
vt 0.126778 0.367441
vt 0.059001 0.366983
vt 0.891699 0.363829
vt 0.078362 0.369786
vt 0.191709 0.377104
vt 0.552775 0.376932
vt 0.569432 0.377531
vt 0.659505 0.376463
vt 0.758179 0.383236
vt 0.096945 0.372606
vt 0.213670 0.372519
vt 0.377976 0.383098
vt 0.595453 0.383951
vt 0.807806 0.383710
vt 0.940965 0.380927
vt 0.337179 0.376262
vt 0.977578 0.375342
vt 0.118057 0.369323
vt 0.136810 0.387102
vt 0.236907 0.377092
vt 0.783208 0.376228
vt 0.832302 0.385442
vt 0.701202 0.384093
vt 0.856579 0.392953
vt 0.074541 0.379190
vt 0.155458 0.395071
vt 0.914393 0.378350
vt 0.040663 0.384266
vt 0.062424 0.375408
vt 0.114347 0.382309
vt 0.122055 0.389694
vt 0.269470 0.388301
vt 0.625831 0.392111
vt 0.101641 0.383849
vt 0.470219 0.386373
vt 0.520313 0.390323
vt 0.063854 0.384201
vt 0.086309 0.384804
vt 0.335346 0.428887
vt 0.884085 0.394052
vt 0.918990 0.389793
vt 0.968113 0.391022
vt 0.980825 0.404856
vt 0.020203 0.393456
vt 0.198884 0.395296
vt 0.948239 0.394367
vt 0.243909 0.397545
vt 0.056979 0.391138
vt 0.220653 0.399121
vt 0.063588 0.395539
vt 0.106917 0.394168
vt 0.179246 0.402863
vt 0.561839 0.401961
vt 0.054287 0.398217
vt 0.434035 0.431020
vt 0.486909 0.395819
vt 0.650658 0.399582
vt 0.669276 0.411226
vt 0.749528 0.408434
vt 0.924652 0.394908
vt 0.072799 0.402918
vt 0.904737 0.400193
vt 0.406258 0.430814
vt 0.030477 0.404179
vt 0.084461 0.399274
vt 0.461062 0.403007
vt 0.718762 0.412372
vt 0.770026 0.413989
vt 0.833592 0.411275
vt 0.000391 0.397045
vt 0.050588 0.404722
vt 0.798327 0.417258
vt 0.961716 0.406328
vt 0.095012 0.403398
vt 0.112262 0.401922
vt 0.370165 0.430188
vt 0.599919 0.416793
vt 0.690658 0.431122
vt 0.860236 0.414619
vt 0.017182 0.425359
vt 0.103287 0.410014
vt 0.134442 0.408644
vt 0.571044 0.422292
vt 0.932142 0.412001
vt 0.114603 0.409564
vt 0.196373 0.419190
vt 0.276377 0.417306
vt 0.450529 0.423551
vt 0.485554 0.418494
vt 0.912199 0.412339
vt 0.165851 0.426667
vt 0.223260 0.423636
vt 0.245770 0.425783
vt 0.076444 0.413978
vt 0.083841 0.421220
vt 0.627287 0.421524
vt 0.654912 0.430759
vt 0.059073 0.423046
vt 0.092538 0.415598
vt 0.745751 0.422418
vt 0.891400 0.421425
vt 0.729423 0.426877
vt 0.945423 0.427561
vt 0.114982 0.422154
vt 0.998021 0.440973
vt 0.034739 0.425683
vt 0.045430 0.417564
vt 0.100890 0.421003
vt 0.129492 0.424496
vt 0.142828 0.432714
vt 0.088634 0.427669
vt 0.465357 0.439205
vt 0.508163 0.434318
vt 0.768386 0.434505
vt 0.882590 0.438839
vt 0.001926 0.439508
vt 0.292344 0.444417
vt 0.804832 0.442565
vt 0.931625 0.434762
vt 0.970169 0.433638
vt 0.067778 0.433032
vt 0.831963 0.445849
vt 0.902800 0.426716
vt 0.913808 0.434952
vt 0.951156 0.440550
vt 0.211849 0.433201
vt 0.261807 0.439964
vt 0.481048 0.435538
vt 0.671557 0.444086
vt 0.077726 0.434142
vt 0.783108 0.437576
vt 0.048043 0.442651
vt 0.100523 0.433848
vt 0.114560 0.429731
vt 0.622016 0.447901
vt 0.026457 0.443031
vt 0.199614 0.449400
vt 0.640000 0.442477
vt 0.105925 0.442693
vt 0.123145 0.440960
vt 0.303542 0.468687
vt 0.391576 0.460489
vt 0.535965 0.454844
vt 0.587810 0.451698
vt 0.740166 0.446102
vt 0.758317 0.443615
vt 0.053845 0.452117
vt 0.071074 0.444183
vt 0.078858 0.442649
vt 0.156648 0.454758
vt 0.721791 0.454110
vt 0.092047 0.445008
vt 0.171016 0.463488
vt 0.237615 0.449332
vt 0.494284 0.462545
vt 0.673652 0.462024
vt 0.967770 0.456518
vt 0.126510 0.450116
vt 0.145544 0.453511
vt 0.899195 0.457488
vt 0.997333 0.463882
vt 0.113520 0.451363
vt 0.352181 0.465552
vt 0.766504 0.457519
vt 0.069132 0.449774
vt 0.471602 0.454614
vt 0.787845 0.455162
vt 0.923682 0.459133
vt 0.078567 0.454557
vt 0.102982 0.456359
vt 0.653410 0.472283
vt 0.747072 0.458510
vt 0.947972 0.456703
vt 0.455037 0.467603
vt 0.700241 0.486901
vt 0.842281 0.473609
vt 0.874803 0.475503
vt 0.089292 0.457479
vt 0.136172 0.460723
vt 0.124461 0.461279
vt 0.257627 0.480212
vt 0.068241 0.458221
vt 0.066931 0.469194
vt 0.420253 0.488962
vt 0.820126 0.473450
vt 0.098554 0.472773
vt 0.148127 0.465551
vt 0.553060 0.485489
vt 0.907576 0.481544
vt 0.950989 0.476107
vt 0.035973 0.484577
vt 0.076819 0.465811
vt 0.621269 0.479558
vt 0.784627 0.475170
vt 0.212881 0.474512
vt 0.504755 0.488031
vt 0.756938 0.484214
vt 0.894798 0.480276
vt 0.940001 0.486862
vt 0.046055 0.479727
vt 0.055350 0.484411
vt 0.578033 0.494509
vt 0.587821 0.473238
vt 0.088924 0.474507
vt 0.113942 0.471955
vt 0.136487 0.473788
vt 0.348435 0.486840
vt 0.075285 0.475657
vt 0.151414 0.480398
vt 0.275305 0.489580
vt 0.740283 0.484504
vt 0.972255 0.503892
vt 0.181305 0.494529
vt 0.450398 0.489639
vt 0.483427 0.484200
vt 0.674182 0.485391
vt 0.067678 0.482940
vt 0.118560 0.485814
vt 0.798350 0.489622
vt 0.079593 0.486993
vt 0.097095 0.496877
vt 0.140363 0.482329
vt 0.831439 0.489555
vt 0.366149 0.537414
vt 0.532300 0.494360
vt 0.634947 0.498825
vt 0.997084 0.493588
vt 0.852788 0.502376
vt 0.021757 0.512157
vt 0.065676 0.491979
vt 0.135731 0.494908
vt 0.165170 0.495751
vt 0.773400 0.497414
vt 0.050378 0.497284
vt 0.071909 0.503904
vt 0.145274 0.493032
vt 0.208171 0.508314
vt 0.464289 0.508807
vt 0.926495 0.503774
vt 0.954749 0.499869
vt 0.296653 0.503028
vt 0.655913 0.503657
vt 0.120477 0.502605
vt 0.600593 0.512765
vt 0.910294 0.504399
vt 0.085970 0.507131
vt 0.730937 0.504127
vt 0.153118 0.503300
vt 0.514769 0.504319
vt 0.754114 0.515489
vt 0.830627 0.506727
vt 0.871171 0.514241
vt 0.034445 0.518770
vt 0.437022 0.508823
vt 0.548593 0.509932
vt 0.789458 0.506927
vt 0.948834 0.514061
vt 0.805534 0.513876
vt 0.889012 0.512372
vt 0.058306 0.507453
vt 0.156344 0.513451
vt 0.475745 0.521107
vt 0.098039 0.511913
vt 0.137177 0.508713
vt 0.145096 0.510312
vt 0.165986 0.517267
vt 0.336242 0.535403
vt 0.046214 0.515822
vt 0.296547 0.526875
vt 0.412701 0.538526
vt 0.496014 0.524552
vt 0.567436 0.519805
vt 0.631465 0.521965
vt 0.694440 0.519103
vt 0.899565 0.518478
vt 0.184335 0.525020
vt 0.059108 0.519163
vt 0.078424 0.517624
vt 0.210111 0.538652
vt 0.254056 0.529345
vt 0.714651 0.529043
vt 0.731732 0.523982
vt 0.126427 0.522535
vt 0.534860 0.530331
vt 0.845548 0.521264
vt 0.991289 0.520596
vt 0.778859 0.524422
vt 0.823597 0.526221
vt 0.999849 0.512964
vt 0.000077 0.534779
vt 0.015556 0.531069
vt 0.125346 0.533996
vt 0.141275 0.531314
vt 0.945242 0.518788
vt 0.065238 0.529643
vt 0.085746 0.522281
vt 0.447628 0.528498
vt 0.608990 0.539301
vt 0.648719 0.530220
vt 0.917963 0.528770
vt 0.979319 0.529872
vt 0.103337 0.527452
vt 0.881014 0.534470
vt 0.803553 0.538886
vt 0.045520 0.536703
vt 0.083506 0.531713
vt 0.155617 0.530597
vt 0.170397 0.540515
vt 0.516572 0.548878
vt 0.685383 0.538283
vt 0.969409 0.539027
vt 0.999823 0.541282
vt 0.573836 0.541084
vt 0.857919 0.536790
vt 0.944857 0.545764
vt 0.030194 0.544518
vt 0.091029 0.542142
vt 0.893521 0.538817
vt 0.903778 0.545109
vt 0.078996 0.540635
vt 0.741946 0.542363
vt 0.466071 0.544121
vt 0.770143 0.543191
vt 0.099624 0.542437
vt 0.141392 0.545445
vt 0.844607 0.552413
vt 0.015077 0.551511
vt 0.230591 0.558350
vt 0.668878 0.559207
vt 0.922204 0.547613
vt 0.062896 0.546544
vt 0.115152 0.546144
vt 0.154266 0.544707
vt 0.180480 0.554570
vt 0.443156 0.548288
vt 0.716619 0.552335
vt 0.120723 0.556434
vt 0.262439 0.568335
vt 0.802004 0.555899
vt 0.132431 0.551512
vt 0.376949 0.557397
vt 0.651318 0.564590
vt 0.868729 0.557161
vt 0.988681 0.557957
vt 0.097756 0.553153
vt 0.157369 0.559253
vt 0.418768 0.556991
vt 0.485976 0.570349
vt 0.506299 0.572271
vt 0.615044 0.565387
vt 0.690808 0.558547
vt 0.884531 0.554075
vt 0.968518 0.555532
vt 0.532574 0.570521
vt 0.755796 0.564990
vt 0.822495 0.558447
vt 0.006373 0.573057
vt 0.214183 0.576802
vt 0.775575 0.561999
vt 0.900310 0.559229
vt 0.925783 0.558706
vt 0.943071 0.561332
vt 0.026285 0.562674
vt 0.040365 0.569726
vt 0.059831 0.572307
vt 0.074264 0.566100
vt 0.085851 0.562574
vt 0.103988 0.564010
vt 0.132253 0.564573
vt 0.435253 0.569679
vt 0.852175 0.559501
vt 0.913060 0.567431
vt 0.095972 0.563780
vt 0.305307 0.577346
vt 0.343628 0.578827
vt 0.451980 0.583819
vt 0.730886 0.573025
vt 0.979983 0.567531
vt 0.184132 0.584779
vt 0.400884 0.588953
vt 0.816365 0.574838
vt 0.892782 0.567196
vt 0.168443 0.571614
vt 0.707246 0.580499
vt 0.838422 0.571103
vt 0.950246 0.571414
vt 0.999444 0.576175
vt 0.117373 0.570090
vt 0.777224 0.573195
vt 0.859621 0.573819
vt 0.147077 0.578104
vt 0.581004 0.585728
vt 0.683843 0.582851
vt 0.799901 0.581331
vt 0.824901 0.572476
vt 0.904709 0.571512
vt 0.920061 0.572036
vt 0.930518 0.572819
vt 0.968841 0.575531
vt 0.016165 0.582310
vt 0.109162 0.576485
vt 0.879342 0.571931
vt 0.889025 0.576492
vt 0.082677 0.584536
vt 0.097303 0.584172
vt 0.135377 0.574399
vt 0.234997 0.589273
vt 0.377886 0.587846
vt 0.809250 0.579708
vt 0.852470 0.578907
vt 0.941514 0.577911
vt 0.022653 0.584818
vt 0.495751 0.592404
vt 0.543032 0.601726
vt 0.782578 0.585586
vt 0.832259 0.578967
vt 0.843806 0.577650
vt 0.869260 0.580560
vt 0.902542 0.576913
vt 0.954623 0.579230
vt 0.121100 0.580446
vt 0.879330 0.579751
vt 0.912705 0.583922
vt 0.062522 0.592317
vt 0.190300 0.601620
vt 0.419952 0.599646
vt 0.633192 0.602570
vt 0.756667 0.586131
vt 0.823028 0.584332
vt 0.039056 0.588976
vt 0.157413 0.589322
vt 0.171783 0.583647
vt 0.671776 0.604405
vt 0.771023 0.582949
vt 0.862600 0.583598
vt 0.893706 0.586622
vt 0.789870 0.586756
vt 0.900914 0.586438
vt 0.926587 0.592732
vt 0.973002 0.590175
vt 0.132258 0.594800
vt 0.726002 0.599327
vt 0.884257 0.587689
vt 0.940599 0.591671
vt 0.965816 0.585712
vt 0.000518 0.588617
vt 0.117643 0.588147
vt 0.125350 0.593240
vt 0.209714 0.595911
vt 0.322884 0.606983
vt 0.480195 0.610469
vt 0.812513 0.596271
vt 0.988299 0.599903
vt 0.999792 0.594407
vt 0.027549 0.598215
vt 0.164046 0.596114
vt 0.172954 0.597047
vt 0.768582 0.593684
vt 0.905710 0.596643
vt 0.105323 0.595311
vt 0.221395 0.597276
vt 0.842806 0.597070
vt 0.088984 0.598631
vt 0.522915 0.598700
vt 0.707469 0.611927
vt 0.873614 0.599192
vt 0.897897 0.595096
vt 0.144261 0.600843
vt 0.153358 0.598975
vt 0.286154 0.622243
vt 0.760203 0.601022
vt 0.965743 0.603678
vt 0.018119 0.602209
vt 0.046294 0.604638
vt 0.349332 0.611442
vt 0.380507 0.610786
vt 0.750904 0.608799
vt 0.778045 0.603544
vt 0.861853 0.603006
vt 0.930583 0.609395
vt 0.063483 0.607990
vt 0.742529 0.604709
vt 0.907893 0.605548
vt 0.006754 0.622434
vt 0.116727 0.604669
vt 0.134313 0.606950
vt 0.234796 0.618245
vt 0.434501 0.628085
vt 0.606115 0.624784
vt 0.940379 0.610740
vt 0.105093 0.611324
vt 0.159300 0.608294
vt 0.034015 0.609970
vt 0.087172 0.607029
vt 0.146979 0.609123
vt 0.728518 0.616136
vt 0.888409 0.617385
vt 0.166786 0.611840
vt 0.203914 0.615200
vt 0.811142 0.618866
vt 0.839083 0.618487
vt 0.906626 0.610385
vt 0.083505 0.614609
vt 0.129179 0.616726
vt 0.177859 0.618833
vt 0.783024 0.619315
vt 0.876173 0.621808
vt 0.154346 0.616446
vt 0.208515 0.624135
vt 0.637150 0.627988
vt 0.914597 0.616491
vt 0.962314 0.620231
vt 0.063606 0.619822
vt 0.688893 0.620851
vt 0.763662 0.624691
vt 0.982733 0.620546
vt 0.027933 0.616783
vt 0.054995 0.624755
vt 0.093276 0.624993
vt 0.143991 0.619124
vt 0.394101 0.621033
vt 0.500817 0.627498
vt 0.119994 0.625320
vt 0.185104 0.627527
vt 0.714665 0.623088
vt 0.898591 0.628953
vt 0.126053 0.623997
vt 0.744369 0.626945
vt 0.855700 0.628878
vt 0.933751 0.626967
vt 0.044658 0.628506
vt 0.557674 0.637666
vt 0.676560 0.634003
vt 0.915100 0.621530
vt 0.953414 0.630882
vt 0.031358 0.625528
vt 0.077813 0.626589
vt 0.144611 0.625215
vt 0.375129 0.638584
vt 0.111089 0.636655
vt 0.154318 0.629798
vt 0.313923 0.665719
vt 0.010931 0.637373
vt 0.164088 0.633852
vt 0.658889 0.639733
vt 0.705518 0.634074
vt 0.782719 0.644931
vt 0.933153 0.640358
vt 0.988152 0.636888
vt 0.001731 0.635777
vt 0.021702 0.639361
vt 0.131195 0.636486
vt 0.404837 0.637580
vt 0.504462 0.666496
vt 0.830953 0.639900
vt 0.887575 0.641038
vt 0.924487 0.633281
vt 0.967218 0.642073
vt 0.235854 0.643769
vt 0.694849 0.642086
vt 0.714161 0.635503
vt 0.722145 0.645737
vt 0.905585 0.634288
vt 0.056098 0.637841
vt 0.091027 0.640907
vt 0.352180 0.649370
vt 0.743750 0.646188
vt 0.922000 0.642937
vt 0.035731 0.637174
vt 0.071714 0.635289
vt 0.141311 0.641922
vt 0.572258 0.656155
vt 0.755227 0.653823
vt 0.860796 0.649891
vt 0.897539 0.646363
vt 0.081296 0.648882
vt 0.493361 0.647758
vt 0.683348 0.645220
vt 0.999810 0.648992
vt 0.044600 0.647581
vt 0.064237 0.646233
vt 0.148818 0.655207
vt 0.155665 0.640171
vt 0.181997 0.648634
vt 0.456482 0.663820
vt 0.946851 0.645137
vt 0.595060 0.652586
vt 0.875928 0.658222
vt 0.910786 0.647472
vt 0.037099 0.647204
vt 0.118844 0.647074
vt 0.131284 0.657712
vt 0.169819 0.651215
vt 0.287732 0.662522
vt 0.415018 0.659990
vt 0.620534 0.652570
vt 0.705512 0.656106
vt 0.106450 0.649510
vt 0.388796 0.665457
vt 0.669625 0.659241
vt 0.812492 0.658856
vt 0.020489 0.651478
vt 0.161424 0.653557
vt 0.256286 0.668194
vt 0.840733 0.655378
vt 0.904880 0.655735
vt 0.928076 0.652937
vt 0.978575 0.666981
vt 0.045062 0.657774
vt 0.109717 0.658085
vt 0.139710 0.655101
vt 0.946431 0.660318
vt 0.061119 0.657914
vt 0.073422 0.660544
vt 0.192487 0.658677
vt 0.213326 0.679583
vt 0.545801 0.687739
vt 0.692022 0.660615
vt 0.721889 0.661228
vt 0.798817 0.675641
vt 0.889571 0.663581
vt 0.964733 0.669434
vt 0.999000 0.662207
vt 0.092712 0.663125
vt 0.435254 0.676736
vt 0.022423 0.678407
vt 0.125912 0.665473
vt 0.537637 0.728812
vt 0.647633 0.671950
vt 0.857061 0.663889
vt 0.907755 0.666483
vt 0.915704 0.662051
vt 0.164539 0.667056
vt 0.481554 0.679568
vt 0.043401 0.668584
vt 0.152144 0.668986
vt 0.925386 0.669708
vt 0.000325 0.718315
vt 0.034774 0.674083
vt 0.058525 0.668664
vt 0.076612 0.668903
vt 0.108726 0.670995
vt 0.139639 0.667700
vt 0.171152 0.671075
vt 0.283396 0.677520
vt 0.766246 0.678356
vt 0.820638 0.678264
vt 0.835085 0.669425
vt 0.197498 0.679431
vt 0.347017 0.683968
vt 0.580150 0.675933
vt 0.844547 0.675522
vt 0.868860 0.680026
vt 0.911150 0.673488
vt 0.944372 0.674645
vt 0.186174 0.677061
vt 0.690092 0.679977
vt 0.704018 0.671992
vt 0.725155 0.680957
vt 0.861495 0.680594
vt 0.955120 0.672387
vt 0.092080 0.683043
vt 0.135880 0.678012
vt 0.161117 0.676159
vt 0.902034 0.680465
vt 0.059225 0.675303
vt 0.117717 0.684599
vt 0.151783 0.677352
vt 0.565206 0.688427
vt 0.709400 0.683782
vt 0.744185 0.683011
vt 0.971045 0.681328
vt 0.988490 0.676266
vt 0.049806 0.685563
vt 0.066945 0.681051
vt 0.299359 0.686105
vt 0.318134 0.678879
vt 0.451343 0.691453
vt 0.785740 0.692756
vt 0.853977 0.679654
vt 0.884224 0.675080
vt 0.931225 0.685664
vt 0.940166 0.682030
vt 0.999081 0.684932
vt 0.411424 0.706654
vt 0.631637 0.696562
vt 0.834779 0.683266
vt 0.914592 0.678824
vt 0.922856 0.680808
vt 0.080090 0.684399
vt 0.165706 0.682000
vt 0.145455 0.687460
vt 0.242364 0.706198
vt 0.594030 0.696549
vt 0.875503 0.689807
vt 0.893726 0.686619
vt 0.956915 0.687762
vt 0.196599 0.689399
vt 0.857449 0.688947
vt 0.031742 0.692860
vt 0.105699 0.688997
vt 0.168868 0.689428
vt 0.222551 0.705552
vt 0.336239 0.699619
vt 0.919186 0.692169
vt 0.158273 0.689925
vt 0.183982 0.691955
vt 0.373745 0.698500
vt 0.665607 0.704364
vt 0.705827 0.701522
vt 0.904937 0.695346
vt 0.976865 0.691215
vt 0.041953 0.694518
vt 0.069098 0.699653
vt 0.086063 0.699570
vt 0.258324 0.707275
vt 0.305295 0.698345
vt 0.322203 0.688662
vt 0.688777 0.710057
vt 0.848340 0.700027
vt 0.911126 0.690956
vt 0.929955 0.696353
vt 0.056802 0.695348
vt 0.476858 0.707062
vt 0.800477 0.704905
vt 0.953841 0.698802
vt 0.998948 0.701777
vt 0.127636 0.701528
vt 0.831509 0.701600
vt 0.884376 0.700064
vt 0.944263 0.696762
vt 0.099868 0.709739
vt 0.171561 0.697954
vt 0.210872 0.709718
vt 0.279685 0.704244
vt 0.321205 0.696258
vt 0.351935 0.698284
vt 0.818168 0.711010
vt 0.870421 0.698562
vt 0.157899 0.701474
vt 0.164603 0.699864
vt 0.495916 0.725393
vt 0.858196 0.697699
vt 0.893919 0.703192
vt 0.976512 0.707220
vt 0.190103 0.707484
vt 0.198857 0.706170
vt 0.759535 0.713584
vt 0.146348 0.704711
vt 0.311767 0.708240
vt 0.559228 0.711027
vt 0.914419 0.704826
vt 0.058974 0.711229
vt 0.113249 0.710747
vt 0.326645 0.709224
vt 0.381408 0.715204
vt 0.723960 0.716273
vt 0.903629 0.704200
vt 0.925432 0.706643
vt 0.947318 0.706240
vt 0.023074 0.716719
vt 0.051784 0.712250
vt 0.174680 0.707127
vt 0.348211 0.712517
vt 0.358969 0.708488
vt 0.451902 0.716353
vt 0.845008 0.708817
vt 0.861713 0.709581
vt 0.869837 0.705723
vt 0.933577 0.709571
vt 0.168390 0.711664
vt 0.294499 0.711674
vt 0.881289 0.711060
vt 0.940425 0.714714
vt 0.962921 0.712690
vt 0.075530 0.719405
vt 0.137222 0.715960
vt 0.337290 0.714932
vt 0.360365 0.719748
vt 0.616066 0.730901
vt 0.889143 0.716274
vt 0.041547 0.717093
vt 0.155993 0.718105
vt 0.186111 0.718342
vt 0.706943 0.722385
vt 0.790959 0.724659
vt 0.065919 0.719876
vt 0.270844 0.722110
vt 0.515497 0.735549
vt 0.839472 0.720701
vt 0.900493 0.717244
vt 0.910203 0.717208
vt 0.917314 0.715003
vt 0.198908 0.717819
vt 0.285763 0.719470
vt 0.319178 0.726961
vt 0.330461 0.724071
vt 0.651146 0.730833
vt 0.862078 0.720028
vt 0.923124 0.720698
vt 0.955786 0.716637
vt 0.080362 0.728363
vt 0.218689 0.728388
vt 0.298775 0.723946
vt 0.308838 0.724066
vt 0.474872 0.727444
vt 0.976428 0.728103
vt 0.054314 0.723396
vt 0.123944 0.728768
vt 0.338774 0.729437
vt 0.760814 0.731491
vt 0.877683 0.720875
vt 0.931901 0.727062
vt 0.944328 0.727101
vt 0.035213 0.733152
vt 0.048212 0.730238
vt 0.104190 0.731811
vt 0.166058 0.725823
vt 0.348726 0.724931
vt 0.381822 0.730779
vt 0.115059 0.726952
vt 0.196018 0.726192
vt 0.557303 0.730967
vt 0.585953 0.730220
vt 0.875593 0.724477
vt 0.998795 0.732674
vt 0.131725 0.733674
vt 0.150588 0.728437
vt 0.183633 0.730000
vt 0.200009 0.734056
vt 0.228449 0.739730
vt 0.258259 0.736977
vt 0.358198 0.732456
vt 0.407337 0.740448
vt 0.435736 0.745684
vt 0.821027 0.732455
vt 0.888913 0.728440
vt 0.902075 0.727073
vt 0.911272 0.729941
vt 0.922757 0.728235
vt 0.966388 0.733707
vt 0.027267 0.735947
vt 0.093018 0.734891
vt 0.243603 0.732018
vt 0.728222 0.751111
vt 0.852455 0.732568
vt 0.059200 0.735312
vt 0.718646 0.738838
vt 0.867272 0.733969
vt 0.160476 0.732821
vt 0.267265 0.727507
vt 0.352191 0.737726
vt 0.681902 0.737052
vt 0.776952 0.749488
vt 0.298073 0.739066
vt 0.311717 0.740935
vt 0.324549 0.737585
vt 0.456057 0.742743
vt 0.897961 0.735125
vt 0.943767 0.736083
vt 0.011661 0.739913
vt 0.117392 0.743515
vt 0.279438 0.737192
vt 0.370913 0.744660
vt 0.699517 0.740416
vt 0.797315 0.744019
vt 0.881186 0.739703
vt 0.905594 0.738811
vt 0.927760 0.738063
vt 0.949193 0.737995
vt 0.075380 0.745480
vt 0.140886 0.739982
vt 0.493413 0.737796
vt 0.580137 0.744690
vt 0.600112 0.755221
vt 0.918213 0.740160
vt 0.151927 0.739412
vt 0.169232 0.743704
vt 0.346495 0.743963
vt 0.477860 0.748517
vt 0.551175 0.741244
vt 0.866039 0.747240
vt 0.051466 0.739277
vt 0.183975 0.743895
vt 0.207533 0.743631
vt 0.332570 0.746203
vt 0.521009 0.748087
vt 0.542100 0.750233
vt 0.749313 0.747357
vt 0.830640 0.747669
vt 0.893623 0.739759
vt 0.979424 0.748212
vt 0.147953 0.745585
vt 0.200342 0.746065
vt 0.289769 0.748474
vt 0.325782 0.750472
vt 0.358798 0.746006
vt 0.493963 0.746643
vt 0.642315 0.770825
vt 0.704741 0.750160
vt 0.853333 0.753805
vt 0.966608 0.752380
vt 0.029986 0.751273
vt 0.060318 0.745265
vt 0.093956 0.755333
vt 0.259438 0.751877
vt 0.416206 0.763750
vt 0.692585 0.754026
vt 0.901499 0.746977
vt 0.929309 0.751041
vt 0.943166 0.744599
vt 0.003813 0.759053
vt 0.053089 0.751958
vt 0.126471 0.753144
vt 0.176823 0.756451
vt 0.238673 0.752863
vt 0.277894 0.755117
vt 0.558365 0.754020
vt 0.666731 0.756614
vt 0.810517 0.751486
vt 0.881907 0.757611
vt 0.912580 0.748697
vt 0.955833 0.758230
vt 0.142189 0.748131
vt 0.387087 0.765259
vt 0.574619 0.753418
vt 0.618608 0.756759
vt 0.307458 0.758704
vt 0.342011 0.758194
vt 0.459090 0.756274
vt 0.509941 0.758754
vt 0.543400 0.756608
vt 0.919136 0.752018
vt 0.191314 0.757313
vt 0.218026 0.754945
vt 0.362833 0.758716
vt 0.450795 0.761868
vt 0.500239 0.752647
vt 0.770333 0.760323
vt 0.826468 0.755978
vt 0.893988 0.756504
vt 0.933827 0.758651
vt 0.133141 0.761242
vt 0.153863 0.760266
vt 0.207648 0.754586
vt 0.354932 0.759464
vt 0.444695 0.765506
vt 0.801603 0.759268
vt 0.901964 0.755544
vt 0.999342 0.758882
vt 0.047389 0.761022
vt 0.120370 0.758964
vt 0.279275 0.767565
vt 0.566053 0.762533
vt 0.923887 0.761187
vt 0.105504 0.761074
vt 0.317103 0.763137
vt 0.480142 0.762677
vt 0.586391 0.766991
vt 0.848163 0.758565
vt 0.871383 0.762390
vt 0.916250 0.758160
vt 0.981348 0.761457
vt 0.069373 0.765894
vt 0.078671 0.768896
vt 0.144888 0.768972
vt 0.245754 0.770614
vt 0.326352 0.766016
vt 0.369451 0.771198
vt 0.553498 0.765388
vt 0.695261 0.764803
vt 0.711641 0.769745
vt 0.789500 0.766947
vt 0.817695 0.769464
vt 0.948815 0.766397
vt 0.032503 0.766145
vt 0.055229 0.763636
vt 0.574926 0.767326
vt 0.903331 0.768094
vt 0.913933 0.763958
vt 0.964757 0.763574
vt 0.200592 0.767589
vt 0.210169 0.770043
vt 0.217551 0.765880
vt 0.235014 0.767911
vt 0.257744 0.772897
vt 0.538940 0.766545
vt 0.969309 0.768948
vt 0.018955 0.775228
vt 0.095972 0.769506
vt 0.123157 0.770797
vt 0.160125 0.768335
vt 0.179596 0.776486
vt 0.338202 0.771083
vt 0.665894 0.775287
vt 0.677669 0.771240
vt 0.826234 0.771706
vt 0.841416 0.778559
vt 0.860750 0.768457
vt 0.059880 0.771295
vt 0.131637 0.776436
vt 0.150522 0.770303
vt 0.227592 0.772973
vt 0.359209 0.767701
vt 0.460015 0.777192
vt 0.530307 0.775138
vt 0.739375 0.773715
vt 0.893101 0.772852
vt 0.935816 0.768383
vt 0.959531 0.770647
vt 0.192769 0.775031
vt 0.304177 0.777528
vt 0.348197 0.776566
vt 0.436396 0.772358
vt 0.606689 0.775389
vt 0.622621 0.774186
vt 0.686737 0.777708
vt 0.768940 0.773597
vt 0.807802 0.771855
vt 0.883244 0.775466
vt 0.363859 0.773535
vt 0.399821 0.778647
vt 0.427363 0.781376
vt 0.561346 0.774504
vt 0.910194 0.772380
vt 0.918746 0.773049
vt 0.106370 0.776124
vt 0.445568 0.783247
vt 0.579551 0.779329
vt 0.595047 0.779355
vt 0.697201 0.780144
vt 0.802135 0.775609
vt 0.872533 0.780258
vt 1.000313 0.778380
vt 0.033643 0.793116
vt 0.046706 0.785742
vt 0.152206 0.778716
vt 0.208797 0.779291
vt 0.242722 0.782348
vt 0.285500 0.785061
vt 0.928425 0.776522
vt 0.939241 0.780905
vt 0.975673 0.787998
vt 0.068325 0.789243
vt 0.120340 0.777170
vt 0.162192 0.778069
vt 0.166819 0.786415
vt 0.255974 0.781872
vt 0.267673 0.783929
vt 0.385290 0.782765
vt 0.474394 0.794763
vt 0.501617 0.791661
vt 0.675755 0.783940
vt 0.780959 0.786098
vt 0.789532 0.780767
vt 0.862419 0.782098
vt 0.910095 0.780118
vt 0.950204 0.780681
vt 0.082100 0.784202
vt 0.092682 0.782179
vt 0.199604 0.780720
vt 0.232607 0.784816
vt 0.372010 0.780953
vt 0.416548 0.785541
vt 0.529444 0.798549
vt 0.824584 0.782661
vt 0.901897 0.780340
vt 0.064490 0.781318
vt 0.145743 0.785522
vt 0.194042 0.789369
vt 0.215805 0.790144
vt 0.326156 0.786396
vt 0.643567 0.788144
vt 0.811144 0.785510
vt 0.918599 0.784873
vt 0.000109 0.787279
vt 0.101074 0.784256
vt 0.114869 0.789401
vt 0.123899 0.788184
vt 0.539098 0.786334
vt 0.565213 0.784534
vt 0.587353 0.785718
vt 0.614397 0.791366
vt 0.660678 0.788541
vt 0.689947 0.788977
vt 0.760475 0.786726
vt 0.768254 0.789122
vt 0.887221 0.790347
vt 0.020160 0.789794
vt 0.347937 0.795927
vt 0.603981 0.795046
vt 0.669015 0.791328
vt 0.717002 0.788887
vt 0.738406 0.786665
vt 0.789220 0.792050
vt 0.845600 0.787361
vt 0.893727 0.795132
vt 0.907668 0.787860
vt 0.058286 0.791611
vt 0.150610 0.795976
vt 0.174565 0.796149
vt 0.201241 0.791666
vt 0.360789 0.792583
vt 0.384779 0.789869
vt 0.563547 0.795428
vt 0.594683 0.791758
vt 0.631290 0.793918
vt 0.694796 0.794940
vt 0.709913 0.795430
vt 0.828170 0.792911
vt 0.856029 0.794238
vt 0.934811 0.795528
vt 0.952847 0.792760
vt 0.093151 0.796143
vt 0.103667 0.792009
vt 0.369669 0.793280
vt 0.407979 0.791846
vt 0.780705 0.793444
vt 0.798062 0.796252
vt 0.836995 0.791269
vt 0.872727 0.794300
vt 0.880486 0.794054
vt 0.135061 0.792423
vt 0.223057 0.796934
vt 0.254460 0.793219
vt 0.308486 0.802801
vt 0.754513 0.795681
vt 0.083860 0.796549
vt 0.160388 0.795802
vt 0.230483 0.800794
vt 0.290511 0.798764
vt 0.376619 0.798464
vt 0.400948 0.799877
vt 0.431131 0.799237
vt 0.518283 0.807633
vt 0.656907 0.795758
vt 0.764560 0.798715
vt 0.808001 0.798647
vt 0.010157 0.809404
vt 0.050143 0.806112
vt 0.074102 0.798605
vt 0.117909 0.802850
vt 0.236827 0.796264
vt 0.245853 0.802224
vt 0.270135 0.803830
vt 0.383663 0.799319
vt 0.544796 0.801755
vt 0.578276 0.802099
vt 0.683713 0.796008
vt 0.731623 0.804569
vt 0.741772 0.813248
vt 0.978990 0.842223
vt 0.101728 0.801712
vt 0.141023 0.806853
vt 0.193312 0.799050
vt 0.210610 0.801016
vt 0.330936 0.798564
vt 0.905120 0.809303
vt 0.918594 0.800400
vt 0.412948 0.803481
vt 0.617787 0.804672
vt 0.674039 0.804186
vt 0.777321 0.803169
vt 0.866097 0.806757
vt 0.000043 0.809120
vt 0.024959 0.808419
vt 0.280106 0.808957
vt 0.392186 0.807852
vt 0.598716 0.805639
vt 0.646135 0.804534
vt 0.785416 0.807274
vt 0.202712 0.806585
vt 0.335619 0.810712
vt 0.455858 0.815680
vt 0.484707 0.811218
vt 0.560127 0.808312
vt 0.589090 0.805100
vt 0.689057 0.807684
vt 0.702117 0.805944
vt 0.749594 0.808775
vt 0.814862 0.808882
vt 0.841075 0.808897
vt 0.068192 0.811962
vt 0.079239 0.805861
vt 0.109634 0.811092
vt 0.162388 0.804502
vt 0.216090 0.809250
vt 0.367289 0.812965
vt 0.718980 0.806457
vt 0.873326 0.812021
vt 0.886636 0.809779
vt 0.130450 0.813641
vt 0.154602 0.812459
vt 0.181682 0.809348
vt 0.260212 0.815039
vt 0.349094 0.814862
vt 0.402403 0.810014
vt 0.602468 0.815660
vt 0.709077 0.812767
vt 0.760985 0.811310
vt 0.920730 0.812083
vt 0.998490 0.837021
vt 0.040325 0.818479
vt 0.231732 0.812999
vt 0.416314 0.812985
vt 0.578294 0.820660
vt 0.633334 0.811397
vt 0.665676 0.817022
vt 0.798223 0.812264
vt 0.861678 0.814667
vt 0.091195 0.812389
vt 0.166573 0.818767
vt 0.222555 0.818607
vt 0.378905 0.814380
vt 0.441337 0.812819
vt 0.509619 0.818691
vt 0.620857 0.814336
vt 0.653539 0.814846
vt 0.773340 0.812113
vt 0.825916 0.818271
vt 0.191387 0.820495
vt 0.534424 0.818552
vt 0.784634 0.818597
vt 0.011863 0.819952
vt 0.101937 0.819433
vt 0.145979 0.824016
vt 0.203892 0.819796
vt 0.594401 0.821880
vt 0.024938 0.829054
vt 0.065596 0.825670
vt 0.086501 0.820169
vt 0.248730 0.822697
vt 0.422915 0.823544
vt 0.467386 0.829739
vt 0.612537 0.823805
vt 0.644441 0.824829
vt 0.687598 0.818968
vt 0.701554 0.823751
vt 0.724561 0.823461
vt 0.753130 0.822704
vt 0.847086 0.823680
vt 0.889349 0.821400
vt 0.121562 0.823207
vt 0.137483 0.824907
vt 0.290853 0.828356
vt 0.409601 0.822930
vt 0.553108 0.822272
vt 0.628737 0.825051
vt 0.635835 0.818643
vt 0.718719 0.818435
vt 0.765734 0.820097
vt 0.810411 0.824244
vt 0.053166 0.829900
vt 0.102940 0.831058
vt 0.173269 0.824072
vt 0.209261 0.826208
vt 0.229717 0.825357
vt 0.237438 0.827277
vt 0.315962 0.830100
vt 0.365162 0.821615
vt 0.382662 0.822331
vt 0.496488 0.830463
vt 0.878480 0.827815
vt 0.901861 0.826033
vt 0.922701 0.826737
vt 0.094495 0.824558
vt 0.398539 0.825661
vt 0.429538 0.832246
vt 0.440957 0.832527
vt 0.688095 0.827358
vt 0.778364 0.823286
vt 0.836273 0.828453
vt 0.862327 0.831261
vt 0.154977 0.828384
vt 0.174815 0.835232
vt 0.254068 0.830433
vt 0.269008 0.834946
vt 0.484828 0.835611
vt 0.590202 0.830855
vt 0.606575 0.829577
vt 0.619603 0.829221
vt 0.672457 0.827502
vt 0.728619 0.828174
vt 0.743055 0.828034
vt 0.786515 0.826421
vt 0.824315 0.829391
vt 0.000697 0.830924
vt 0.216460 0.826703
vt 0.342590 0.834766
vt 0.354547 0.828815
vt 0.377385 0.828514
vt 0.391296 0.832095
vt 0.416594 0.830903
vt 0.514403 0.834787
vt 0.534316 0.828875
vt 0.556864 0.832830
vt 0.657457 0.828566
vt 0.763474 0.828307
vt 0.772776 0.831604
vt 0.075395 0.837091
vt 0.407093 0.831062
vt 0.461050 0.843482
vt 0.709211 0.834555
vt 0.790312 0.837517
vt 0.801068 0.831660
vt 0.038920 0.838374
vt 0.185944 0.832369
vt 0.198294 0.832480
vt 0.366011 0.835137
vt 0.545130 0.834422
vt 0.579156 0.833453
vt 0.779470 0.834797
vt 0.165933 0.835218
vt 0.221680 0.836213
vt 0.646874 0.833859
vt 0.757579 0.836975
vt 0.902744 0.840604
vt 0.065234 0.836889
vt 0.115805 0.838135
vt 0.127440 0.840533
vt 0.140493 0.838627
vt 0.149337 0.841920
vt 0.158590 0.843237
vt 0.333865 0.845510
vt 0.501513 0.848916
vt 0.538432 0.837363
vt 0.597167 0.840413
vt 0.607954 0.839682
vt 0.667904 0.842452
vt 0.679094 0.838825
vt 0.732552 0.835622
vt 0.747538 0.839047
vt 0.815874 0.839994
vt 0.889250 0.842387
vt 0.956932 0.873867
vt 0.207198 0.842452
vt 0.412513 0.839958
vt 0.475442 0.841937
vt 0.629480 0.841644
vt 0.652241 0.842101
vt 0.660201 0.842192
vt 0.824719 0.850635
vt 0.916266 0.843778
vt 0.936515 0.849411
vt 0.086597 0.843266
vt 0.105104 0.841530
vt 0.241419 0.845177
vt 0.393365 0.844180
vt 0.522799 0.842657
vt 0.587009 0.839781
vt 0.836433 0.845399
vt 0.873171 0.841703
vt 0.023650 0.855161
vt 0.054533 0.848576
vt 0.250292 0.846736
vt 0.288049 0.847863
vt 0.346616 0.843097
vt 0.404211 0.844429
vt 0.421979 0.843604
vt 0.563079 0.845326
vt 0.572447 0.843857
vt 0.687766 0.843880
vt 0.698253 0.841570
vt 0.721301 0.846794
vt 0.767903 0.844792
vt 0.216434 0.846889
vt 0.260727 0.844739
vt 0.373347 0.847902
vt 0.441237 0.846867
vt 0.545154 0.847271
vt 0.798109 0.843172
vt 0.853145 0.842881
vt 0.041176 0.852812
vt 0.059576 0.858643
vt 0.168721 0.847453
vt 0.185936 0.843592
vt 0.195612 0.846954
vt 0.230862 0.851609
vt 0.430250 0.850099
vt 0.525839 0.851226
vt 0.587615 0.846092
vt 0.655121 0.851599
vt 0.751961 0.845616
vt 0.779202 0.843796
vt 0.483154 0.849085
vt 0.615316 0.852223
vt 0.686252 0.853670
vt 0.733158 0.850952
vt 0.761089 0.851754
vt 0.806874 0.852016
vt 0.095098 0.852386
vt 0.111359 0.850370
vt 0.174891 0.850429
vt 0.307378 0.854865
vt 0.398876 0.851867
vt 0.673325 0.852838
vt 0.792905 0.850735
vt 0.136403 0.852254
vt 0.148413 0.851709
vt 0.350019 0.856727
vt 0.415664 0.854705
vt 0.443076 0.856555
vt 0.470419 0.853909
vt 0.588026 0.858922
vt 0.632579 0.855540
vt 0.696038 0.854148
vt 0.706707 0.854284
vt 0.717447 0.852541
vt 0.786088 0.855316
vt 0.864006 0.861595
vt 0.873949 0.852674
vt 0.075407 0.859751
vt 0.198332 0.859162
vt 0.333736 0.857257
vt 0.361417 0.863897
vt 0.777068 0.853830
vt 0.902853 0.854546
vt 0.122825 0.858820
vt 0.159875 0.856521
vt 0.186279 0.856226
vt 0.208622 0.863102
vt 0.251205 0.858629
vt 0.259576 0.856583
vt 0.449103 0.863806
vt 0.533523 0.861956
vt 0.567235 0.853972
vt 0.746346 0.856915
vt 0.846745 0.858820
vt 0.893293 0.861001
vt 0.918230 0.861227
vt 0.087203 0.860900
vt 0.218724 0.861387
vt 0.266650 0.868193
vt 0.276945 0.858941
vt 0.382935 0.861709
vt 0.437434 0.860947
vt 0.731108 0.858689
vt 0.766384 0.858277
vt 0.149824 0.860157
vt 0.239380 0.865844
vt 0.287742 0.868078
vt 0.318256 0.864395
vt 0.421327 0.865669
vt 0.461084 0.863927
vt 0.481696 0.859676
vt 0.493895 0.861516
vt 0.548930 0.867727
vt 0.649462 0.865151
vt 0.796991 0.858872
vt 0.998724 0.876112
vt 0.136382 0.860620
vt 0.172772 0.863703
vt 0.401811 0.864770
vt 0.514654 0.870697
vt 0.664656 0.864323
vt 0.683420 0.862846
vt 0.704089 0.864004
vt 0.774328 0.865555
vt 0.103926 0.871158
vt 0.116054 0.871695
vt 0.300931 0.871605
vt 0.413195 0.871198
vt 0.563233 0.862638
vt 0.586648 0.873436
vt 0.611979 0.863854
vt 0.716380 0.870312
vt 0.822741 0.866812
vt 0.856513 0.870256
vt 0.899501 0.872129
vt 0.043794 0.870587
vt 0.191339 0.870206
vt 0.229749 0.867477
vt 0.384927 0.875801
vt 0.572129 0.865416
vt 0.631789 0.864989
vt 0.689434 0.867563
vt 0.754968 0.864900
vt 0.759745 0.871159
vt 0.144392 0.866302
vt 0.156341 0.866474
vt 0.255979 0.868351
vt 0.371691 0.874759
vt 0.696308 0.871644
vt 0.806616 0.872263
vt 0.873503 0.876065
vt 0.980773 0.870839
vt 0.006399 0.873528
vt 0.053150 0.870412
vt 0.085314 0.872016
vt 0.138440 0.872155
vt 0.164876 0.867668
vt 0.335260 0.871755
vt 0.597494 0.872550
vt 0.745338 0.872653
vt 0.790428 0.872612
vt 0.846362 0.879570
vt 0.931819 0.881593
vt 0.021334 0.889241
vt 0.031336 0.875561
vt 0.123746 0.881534
vt 0.314404 0.874386
vt 0.429446 0.869218
vt 0.443952 0.872766
vt 0.486292 0.871515
vt 0.627405 0.878991
vt 0.770924 0.873808
vt 0.911850 0.872354
vt 0.067823 0.872358
vt 0.146642 0.874751
vt 0.157601 0.876909
vt 0.184517 0.874236
vt 0.206332 0.879424
vt 0.346512 0.880520
vt 0.554057 0.876459
vt 0.668269 0.884485
vt 0.674023 0.878720
vt 0.727209 0.873754
vt 0.076092 0.878370
vt 0.170493 0.877564
vt 0.270337 0.875606
vt 0.393819 0.883437
vt 0.467004 0.876103
vt 0.533959 0.877692
vt 0.650514 0.873746
vt 0.702450 0.876817
vt 0.750694 0.875497
vt 0.798492 0.878540
vt 0.217368 0.880596
vt 0.237798 0.882369
vt 0.259684 0.878782
vt 0.332571 0.879941
vt 0.417754 0.880789
vt 0.436225 0.878669
vt 0.608531 0.881059
vt 0.753480 0.881330
vt 0.776540 0.877107
vt 0.884377 0.883835
vt 0.912244 0.887088
vt 0.055745 0.881769
vt 0.247421 0.884888
vt 0.294439 0.890945
vt 0.407906 0.886589
vt 0.502759 0.879680
vt 0.542205 0.880276
vt 0.716332 0.881132
vt 0.092161 0.883222
vt 0.159637 0.884738
vt 0.182050 0.884295
vt 0.226618 0.884593
vt 0.380740 0.889119
vt 0.449617 0.885151
vt 0.518587 0.882336
vt 0.562922 0.886206
vt 0.734541 0.882492
vt 0.045417 0.884056
vt 0.115357 0.887146
vt 0.422769 0.885730
vt 0.495689 0.887948
vt 0.623676 0.883544
vt 0.629427 0.891351
vt 0.647196 0.894502
vt 0.743933 0.883452
vt 0.807134 0.889487
vt 0.819599 0.890472
vt 0.268093 0.892138
vt 0.399384 0.886297
vt 0.465935 0.882621
vt 0.473688 0.885899
vt 0.597770 0.897954
vt 0.686341 0.888938
vt 0.770279 0.884645
vt 0.979602 0.887326
vt 0.061730 0.892282
vt 0.082561 0.886514
vt 0.128151 0.890654
vt 0.144250 0.895357
vt 0.202002 0.888506
vt 0.331942 0.892524
vt 0.480295 0.888513
vt 0.542445 0.892178
vt 0.621971 0.889781
vt 0.639150 0.898694
vt 0.708979 0.888356
vt 0.041073 0.896171
vt 0.072050 0.891750
vt 0.359675 0.891545
vt 0.368261 0.892241
vt 0.527367 0.886738
vt 0.718361 0.897474
vt 0.740113 0.891133
vt 0.000878 0.899923
vt 0.164090 0.896377
vt 0.189708 0.892664
vt 0.251246 0.895688
vt 0.315157 0.895347
vt 0.341704 0.897491
vt 0.435848 0.891105
vt 0.443845 0.893149
vt 0.488771 0.894043
vt 0.661751 0.893129
vt 0.705149 0.895236
vt 0.860559 0.902388
vt 0.877234 0.892193
vt 0.968595 0.898700
vt 0.089018 0.898098
vt 0.107680 0.899773
vt 0.180475 0.895435
vt 0.215356 0.899095
vt 0.451066 0.892609
vt 0.585432 0.897239
vt 0.654359 0.895729
vt 0.773978 0.894065
vt 0.781226 0.899740
vt 0.400238 0.898579
vt 0.413819 0.901489
vt 0.520335 0.893769
vt 0.761343 0.894738
vt 0.839689 0.908540
vt 0.913613 0.907330
vt 0.994061 0.904747
vt 0.064282 0.898135
vt 0.171218 0.902406
vt 0.197116 0.897323
vt 0.228267 0.904177
vt 0.237809 0.897300
vt 0.456767 0.900269
vt 0.475646 0.897830
vt 0.481583 0.897309
vt 0.542868 0.902439
vt 0.609679 0.904872
vt 0.797345 0.900313
vt 0.945073 0.914395
vt 0.138630 0.899051
vt 0.346571 0.904338
vt 0.376790 0.901852
vt 0.389955 0.906732
vt 0.507850 0.898260
vt 0.563319 0.902112
vt 0.676029 0.903740
vt 0.897246 0.899279
vt 0.052824 0.906319
vt 0.366963 0.906992
vt 0.422398 0.908704
vt 0.657511 0.902897
vt 0.726311 0.904124
vt 0.817029 0.911882
vt 0.875664 0.901415
vt 0.093429 0.904930
vt 0.098954 0.907711
vt 0.125260 0.921097
vt 0.258102 0.905431
vt 0.278292 0.909151
vt 0.449630 0.902776
vt 0.487592 0.905482
vt 0.624359 0.904755
vt 0.744792 0.907086
vt 0.760414 0.904619
vt 0.786291 0.903123
vt 0.886424 0.913244
vt 0.072169 0.903189
vt 0.296897 0.907099
vt 0.518447 0.903768
vt 0.028633 0.910736
vt 0.114541 0.914788
vt 0.157867 0.906826
vt 0.200098 0.908390
vt 0.244393 0.911556
vt 0.319362 0.910176
vt 0.436445 0.914526
vt 0.468486 0.908248
vt 0.693132 0.911574
vt 0.968956 0.916948
vt 0.060747 0.914830
vt 0.081002 0.909840
vt 0.187136 0.909852
vt 0.477303 0.908194
vt 0.546096 0.916404
vt 0.710317 0.914431
vt 0.795321 0.909834
vt 0.869679 0.919194
vt 0.040233 0.916999
vt 0.262541 0.913316
vt 0.415258 0.917377
vt 0.461245 0.911494
vt 0.499775 0.910653
vt 0.512203 0.914840
vt 0.636176 0.908474
vt 0.000573 0.928592
vt 0.107888 0.911557
vt 0.151922 0.915085
vt 0.217095 0.915796
vt 0.224816 0.916398
vt 0.381223 0.916129
vt 0.645204 0.914459
vt 0.672768 0.915698
vt 0.988729 0.912676
vt 0.173740 0.914227
vt 0.658838 0.917320
vt 0.784052 0.921016
vt 0.086474 0.915059
vt 0.139949 0.920024
vt 0.186142 0.918091
vt 0.325477 0.920104
vt 0.347359 0.915935
vt 0.522821 0.916868
vt 0.564074 0.919819
vt 0.589480 0.918743
vt 0.623235 0.919824
vt 0.736483 0.924164
vt 0.018131 0.927593
vt 0.097557 0.920684
vt 0.193526 0.918057
vt 0.281121 0.920752
vt 0.293161 0.919595
vt 0.356712 0.920296
vt 0.362542 0.923332
vt 0.395260 0.917605
vt 0.770592 0.924027
vt 0.804802 0.920077
vt 0.846441 0.921722
vt 0.051536 0.923271
vt 0.071248 0.920165
vt 0.112605 0.921157
vt 0.238812 0.920736
vt 0.272351 0.922884
vt 0.311550 0.923824
vt 0.441217 0.928676
vt 0.460415 0.924407
vt 0.912300 0.928308
vt 0.991088 0.927025
vt 0.205038 0.921870
vt 0.376539 0.925060
vt 0.487248 0.929497
vt 0.669658 0.924275
vt 0.681764 0.929906
vt 0.696565 0.925401
vt 0.035594 0.923369
vt 0.162659 0.926025
vt 0.195056 0.928250
vt 0.318881 0.930394
vt 0.333040 0.926991
vt 0.424152 0.929145
vt 0.826591 0.928450
vt 0.882493 0.934576
vt 0.075785 0.931779
vt 0.090869 0.928290
vt 0.148577 0.924962
vt 0.175192 0.930365
vt 0.215215 0.933125
vt 0.347151 0.927858
vt 0.388790 0.926856
vt 0.399160 0.928348
vt 0.533076 0.933887
vt 0.650393 0.929018
vt 0.712097 0.935439
vt 0.746143 0.934331
vt 0.118995 0.933535
vt 0.137620 0.933435
vt 0.186548 0.928252
vt 0.259210 0.934703
vt 0.293598 0.929386
vt 0.373376 0.932037
vt 0.567200 0.941656
vt 0.630734 0.931468
vt 0.809757 0.935268
vt 0.973160 0.941135
vt 0.043906 0.937135
vt 0.061123 0.932999
vt 0.109402 0.930600
vt 0.204967 0.932482
vt 0.511268 0.932846
vt 0.580183 0.938081
vt 0.597414 0.932616
vt 0.997481 0.950592
vt 0.146364 0.934211
vt 0.155608 0.933174
vt 0.225880 0.932205
vt 0.238201 0.933078
vt 0.308928 0.935076
vt 0.334955 0.932159
vt 0.408791 0.932913
vt 0.457370 0.934364
vt 0.667308 0.932682
vt 0.694710 0.936114
vt 0.793365 0.943084
vt 0.837237 0.941953
vt 0.940573 0.938003
vt 0.162461 0.938448
vt 0.248440 0.936383
vt 0.269536 0.934351
vt 0.276210 0.935911
vt 0.368609 0.936731
vt 0.615783 0.932513
vt 0.079153 0.942132
vt 0.288107 0.934441
vt 0.851445 0.948567
vt 0.034412 0.946096
vt 0.106392 0.939511
vt 0.202270 0.940016
vt 0.349888 0.940269
vt 0.490125 0.945487
vt 0.759011 0.940485
vt 0.780729 0.949105
vt 0.325267 0.938774
vt 0.335361 0.946497
vt 0.379042 0.947371
vt 0.388369 0.942088
vt 0.434728 0.945860
vt 0.546874 0.945035
vt 0.651438 0.944490
vt 0.681478 0.942030
vt 0.734008 0.945378
vt 0.017909 0.947567
vt 0.154735 0.943058
vt 0.231110 0.942682
vt 0.263997 0.944491
vt 0.462026 0.947576
vt 0.099554 0.948554
vt 0.168739 0.949375
vt 0.213022 0.940830
vt 0.277761 0.954400
vt 0.288580 0.949589
vt 0.422882 0.945074
vt 0.512451 0.952161
vt 0.596697 0.948031
vt 0.626625 0.951041
vt 0.893245 0.951570
vt 0.002056 0.957896
vt 0.059306 0.952599
vt 0.088380 0.946778
vt 0.116647 0.945681
vt 0.180178 0.946748
vt 0.311993 0.945295
vt 0.356119 0.947561
vt 0.371046 0.952007
vt 0.393743 0.953351
vt 0.525762 0.954774
vt 0.669297 0.949656
vt 0.709840 0.957126
vt 0.812615 0.952178
vt 0.105139 0.952657
vt 0.194263 0.952033
vt 0.217303 0.952440
vt 0.410573 0.949595
vt 0.693994 0.947791
vt 0.912714 0.961686
vt 0.133867 0.948230
vt 0.248255 0.955524
vt 0.496856 0.961583
vt 0.574320 0.956448
vt 0.937087 0.958520
vt 0.067402 0.962382
vt 0.236525 0.954876
vt 0.426245 0.958800
vt 0.555805 0.952982
vt 0.611444 0.962638
vt 0.680778 0.959752
vt 0.760478 0.954065
vt 0.965898 0.954557
vt 0.043293 0.960127
vt 0.148049 0.955687
vt 0.158265 0.955580
vt 0.314705 0.958487
vt 0.440881 0.961723
vt 0.479521 0.958788
vt 0.413796 0.961624
vt 0.644337 0.962452
vt 0.874725 0.964521
vt 0.084362 0.966664
vt 0.123635 0.965313
vt 0.341480 0.960176
vt 0.405635 0.963852
vt 0.668837 0.967135
vt 0.724206 0.959830
vt 0.745568 0.961894
vt 0.790153 0.960500
vt 0.091946 0.961226
vt 0.112439 0.969924
vt 0.138185 0.959558
vt 0.204266 0.961758
vt 0.367295 0.962509
vt 0.459792 0.961106
vt 0.589695 0.968098
vt 0.731750 0.965911
vt 0.164622 0.966344
vt 0.225950 0.966121
vt 0.263929 0.962795
vt 0.355897 0.966856
vt 0.544902 0.962665
vt 0.821091 0.966589
vt 0.850555 0.973863
vt 0.143091 0.967133
vt 0.177129 0.966111
vt 0.280206 0.968589
vt 0.482052 0.968194
vt 0.625500 0.970487
vt 0.658309 0.964758
vt 0.693001 0.975688
vt 0.030548 0.979155
vt 0.073742 0.971712
vt 0.234308 0.965839
vt 0.386274 0.967378
vt 0.514654 0.971579
vt 0.529518 0.967764
vt 0.564604 0.974304
vt 0.013500 0.971378
vt 0.095006 0.976200
vt 0.323617 0.971639
vt 0.679449 0.972187
vt 0.762990 0.975173
vt 0.056910 0.970749
vt 0.740777 0.970894
vt 0.750896 0.976650
vt 0.790147 0.973683
vt 0.953042 0.978329
vt 0.079918 0.977996
vt 0.189556 0.975268
vt 0.300121 0.978028
vt 0.318421 0.981732
vt 0.345199 0.979320
vt 0.468040 0.976279
vt 0.999963 0.999967
vt 0.148836 0.974894
vt 0.374330 0.980125
vt 0.417649 0.975206
vt 0.430139 0.980828
vt 0.129322 0.976391
vt 0.393915 0.980547
vt 0.405213 0.975170
vt 0.492477 0.976916
vt 0.541262 0.983998
vt 0.645568 0.978163
vt 0.661573 0.978103
vt 0.718928 0.981375
vt 0.107586 0.980721
vt 0.228505 0.984363
vt 0.451403 0.978967
vt 0.475182 0.983181
vt 0.925555 0.982996
vt 0.066839 0.982222
vt 0.087356 0.979865
vt 0.158686 0.982915
vt 0.360446 0.980446
vt 0.591959 0.985770
vt 0.610465 0.986371
vt 0.818240 0.982253
vt 0.045513 0.983750
vt 0.052046 0.983167
vt 0.126560 0.981399
vt 0.213850 0.986409
vt 0.282619 0.983566
vt 0.527913 0.982157
vt 0.560209 0.985813
vt 0.000723 0.984000
vt 0.676170 0.983435
vt 0.900934 0.986278
vt 0.083320 0.998370
vt 0.186669 0.987963
vt 0.253736 0.990547
vt 0.501062 0.997882
vt 0.573615 0.985142
vt 0.000815 0.999360
vt 0.405419 0.992036
vt 0.652171 0.999753
vt 0.861127 0.997849
vt 0.104572 0.999485
vt 0.263039 1.000127
vt 0.072926 0.989286
vt 0.125940 0.990149
vt 0.242123 0.999594
vt 0.309349 0.998813
vt 0.517497 0.999978
vt 0.599627 0.999007
vt 0.684038 0.998084
vt 0.144319 0.999933
vt 0.451873 0.999068
vt 0.475566 0.999479
vt 0.633582 0.997709
vt 0.921666 0.998287
vt 0.030791 0.999863
vt 0.339116 0.998352
vt 0.741361 0.999506
vt 0.787177 0.998086
vt 0.061483 0.999550
vt 0.359263 0.999683
vt 0.420858 0.999642
vt 0.541389 0.999816
vt 0.216763 0.999091
vt 0.387841 0.999867
vt 0.123995 1.000002
vt 0.182299 0.999082
vt 0.405796 0.999946
s 0
f 33/1/1 37/2/1 2/3/1
f 21/4/2 17/5/2 14/6/2
f 14/6/3 17/5/3 15/7/3
f 12/8/4 32/9/4 13/10/4
f 3/11/5 34/12/5 4/13/5
f 21/4/6 22/14/6 17/5/6
f 37/2/7 19/15/7 2/3/7
f 9/16/8 38/17/8 10/18/8
f 10/18/9 23/19/9 11/20/9
f 16/21/10 21/4/10 14/6/10
f 2/3/11 19/15/11 3/11/11
f 18/22/12 9/16/12 8/23/12
f 20/24/13 23/19/13 10/18/13
f 14/6/14 26/25/14 16/21/14
f 1/26/15 27/27/15 2/3/15
f 4/13/16 25/28/16 5/29/16
f 11/20/17 23/19/17 24/30/17
f 24/30/18 12/8/18 11/20/18
f 51/31/19 37/2/19 33/1/19
f 17/5/20 28/32/20 15/7/20
f 7/33/21 18/22/21 8/23/21
f 10/18/22 38/17/22 20/24/22
f 28/32/23 29/34/23 15/7/23
f 32/9/24 14/6/24 13/10/24
f 27/27/25 33/1/25 2/3/25
f 19/15/26 30/35/26 3/11/26
f 5/29/27 25/28/27 6/36/27
f 20/24/28 35/37/28 23/19/28
f 21/4/29 39/38/29 22/14/29
f 1/26/30 36/39/30 27/27/30
f 23/19/31 35/37/31 24/30/31
f 24/30/32 35/37/32 12/8/32
f 16/21/33 39/38/33 21/4/33
f 41/40/34 25/28/34 4/13/34
f 6/36/35 40/41/35 7/33/35
f 31/42/36 38/17/36 9/16/36
f 32/9/37 42/43/37 14/6/37
f 35/37/38 32/9/38 12/8/38
f 22/14/39 48/44/39 17/5/39
f 51/31/40 44/45/40 37/2/40
f 16/21/41 43/46/41 39/38/41
f 30/35/42 45/47/42 3/11/42
f 3/11/43 45/47/43 34/12/43
f 34/12/44 41/40/44 4/13/44
f 7/33/45 40/41/45 18/22/45
f 40/41/46 47/48/46 18/22/46
f 18/22/47 31/42/47 9/16/47
f 25/28/48 40/41/48 6/36/48
f 20/24/49 52/49/49 35/37/49
f 42/43/50 26/25/50 14/6/50
f 39/38/51 43/46/51 22/14/51
f 45/47/52 59/50/52 34/12/52
f 50/51/53 48/44/53 22/14/53
f 27/27/54 54/52/54 33/1/54
f 35/37/55 53/53/55 32/9/55
f 53/53/56 42/43/56 32/9/56
f 49/54/57 43/46/57 16/21/57
f 41/40/58 46/55/58 25/28/58
f 38/17/59 55/56/59 20/24/59
f 52/49/60 56/57/60 35/37/60
f 35/37/61 56/57/61 53/53/61
f 43/46/62 50/51/62 22/14/62
f 28/32/63 17/5/63 29/34/63
f 54/52/64 70/58/64 33/1/64
f 44/45/65 19/15/65 37/2/65
f 34/12/66 59/50/66 41/40/66
f 42/43/67 49/54/67 26/25/67
f 26/25/68 49/54/68 16/21/68
f 27/27/69 58/59/69 54/52/69
f 33/1/70 70/58/70 51/31/70
f 25/28/71 65/60/71 40/41/71
f 20/24/72 55/56/72 52/49/72
f 27/27/73 36/39/73 58/59/73
f 41/40/74 60/61/74 46/55/74
f 45/47/75 62/62/75 59/50/75
f 62/62/76 63/63/76 59/50/76
f 46/55/77 65/60/77 25/28/77
f 31/42/78 55/56/78 38/17/78
f 66/64/79 50/51/79 43/46/79
f 60/61/80 64/65/80 46/55/80
f 30/35/81 62/62/81 45/47/81
f 48/44/82 57/66/82 17/5/82
f 19/15/83 44/45/83 30/35/83
f 46/55/84 72/67/84 65/60/84
f 47/48/85 91/68/85 18/22/85
f 50/51/86 73/69/86 48/44/86
f 62/62/87 75/70/87 63/63/87
f 59/50/88 67/71/88 41/40/88
f 67/71/89 76/72/89 41/40/89
f 41/40/90 71/73/90 68/74/90
f 68/74/91 60/61/91 41/40/91
f 53/53/92 77/75/92 42/43/92
f 49/54/93 78/76/93 69/77/93
f 59/50/94 63/63/94 67/71/94
f 41/40/95 76/72/95 71/73/95
f 105/78/96 56/57/96 52/49/96
f 42/43/97 77/75/97 61/79/97
f 42/43/98 61/79/98 78/76/98
f 42/43/99 78/76/99 49/54/99
f 49/54/100 69/77/100 43/46/100
f 44/45/101 74/80/101 30/35/101
f 30/35/102 74/80/102 62/62/102
f 79/81/103 75/70/103 62/62/103
f 64/65/104 72/67/104 46/55/104
f 55/56/105 105/78/105 52/49/105
f 75/70/106 81/82/106 63/63/106
f 65/60/107 82/83/107 40/41/107
f 82/83/108 47/48/108 40/41/108
f 73/69/109 80/84/109 48/44/109
f 55/56/110 83/85/110 105/78/110
f 105/78/111 53/53/111 56/57/111
f 74/80/112 86/86/112 62/62/112
f 62/62/113 84/87/113 79/81/113
f 53/53/114 100/88/114 77/75/114
f 51/31/115 85/89/115 44/45/115
f 64/65/116 88/90/116 72/67/116
f 72/67/117 90/91/117 65/60/117
f 86/86/118 84/87/118 62/62/118
f 67/71/119 98/92/119 76/72/119
f 60/61/120 87/93/120 64/65/120
f 87/93/121 88/90/121 64/65/121
f 80/84/122 57/66/122 48/44/122
f 36/39/123 92/94/123 58/59/123
f 44/45/124 93/95/124 74/80/124
f 63/63/125 81/82/125 94/96/125
f 88/90/126 95/97/126 72/67/126
f 95/97/127 90/91/127 72/67/127
f 65/60/128 90/91/128 82/83/128
f 47/48/129 82/83/129 91/68/129
f 100/88/130 96/98/130 77/75/130
f 77/75/131 78/76/131 61/79/131
f 75/70/132 97/99/132 81/82/132
f 63/63/133 94/96/133 67/71/133
f 94/96/134 98/92/134 67/71/134
f 71/73/135 104/100/135 68/74/135
f 31/42/136 89/101/136 55/56/136
f 89/101/137 83/85/137 55/56/137
f 85/89/138 93/95/138 44/45/138
f 84/87/139 101/102/139 79/81/139
f 79/81/140 115/103/140 75/70/140
f 60/61/141 99/104/141 87/93/141
f 93/95/142 86/86/142 74/80/142
f 86/86/143 101/102/143 84/87/143
f 101/102/144 115/103/144 79/81/144
f 75/70/145 115/103/145 97/99/145
f 97/99/146 102/105/146 81/82/146
f 81/82/147 102/105/147 94/96/147
f 110/106/148 103/107/148 98/92/148
f 98/92/149 103/107/149 76/72/149
f 88/90/150 111/108/150 95/97/150
f 69/77/151 106/109/151 43/46/151
f 43/46/152 106/109/152 66/64/152
f 80/84/153 119/110/153 57/66/153
f 58/59/154 92/94/154 54/52/154
f 54/52/155 108/111/155 70/58/155
f 51/31/156 120/112/156 85/89/156
f 87/93/157 99/104/157 88/90/157
f 96/98/158 78/76/158 77/75/158
f 57/66/159 107/113/159 17/5/159
f 70/58/160 120/112/160 51/31/160
f 85/89/161 109/114/161 93/95/161
f 94/96/162 116/115/162 98/92/162
f 76/72/163 103/107/163 71/73/163
f 90/91/164 113/116/164 82/83/164
f 92/94/165 108/111/165 54/52/165
f 86/86/166 114/117/166 101/102/166
f 102/105/167 116/115/167 94/96/167
f 103/107/168 104/100/168 71/73/168
f 68/74/169 99/104/169 60/61/169
f 99/104/170 111/108/170 88/90/170
f 82/83/171 117/118/171 91/68/171
f 105/78/172 118/119/172 53/53/172
f 118/119/173 100/88/173 53/53/173
f 78/76/174 158/120/174 69/77/174
f 158/120/175 106/109/175 69/77/175
f 119/110/176 80/84/176 73/69/176
f 109/114/177 121/121/177 93/95/177
f 93/95/178 121/121/178 86/86/178
f 116/115/179 110/106/179 98/92/179
f 110/106/180 126/122/180 103/107/180
f 104/100/181 122/123/181 68/74/181
f 130/124/182 112/125/182 90/91/182
f 90/91/183 112/125/183 113/116/183
f 50/51/184 123/126/184 73/69/184
f 119/110/185 107/113/185 57/66/185
f 17/5/186 124/127/186 29/34/186
f 121/121/187 114/117/187 86/86/187
f 99/104/188 129/128/188 111/108/188
f 95/97/189 130/124/189 90/91/189
f 96/98/190 131/129/190 78/76/190
f 106/109/191 132/130/191 66/64/191
f 66/64/192 123/126/192 50/51/192
f 109/114/193 133/131/193 121/121/193
f 114/117/194 134/132/194 101/102/194
f 101/102/195 134/132/195 115/103/195
f 115/103/196 102/105/196 97/99/196
f 126/122/197 127/133/197 103/107/197
f 128/134/198 129/128/198 99/104/198
f 129/128/199 95/97/199 111/108/199
f 107/113/200 136/135/200 17/5/200
f 125/136/201 85/89/201 120/112/201
f 102/105/202 137/137/202 116/115/202
f 116/115/203 137/137/203 110/106/203
f 122/123/204 138/138/204 68/74/204
f 113/116/205 144/139/205 82/83/205
f 18/22/206 204/140/206 31/42/206
f 100/88/207 131/129/207 96/98/207
f 73/69/208 135/141/208 119/110/208
f 85/89/209 160/142/209 109/114/209
f 127/133/210 142/143/210 103/107/210
f 103/107/211 142/143/211 104/100/211
f 104/100/212 142/143/212 122/123/212
f 138/138/213 99/104/213 68/74/213
f 129/128/214 143/144/214 95/97/214
f 95/97/215 143/144/215 130/124/215
f 82/83/216 139/145/216 117/118/216
f 91/68/217 145/146/217 18/22/217
f 118/119/218 146/147/218 100/88/218
f 123/126/219 135/141/219 73/69/219
f 115/103/220 149/148/220 102/105/220
f 161/149/221 137/137/221 102/105/221
f 137/137/222 150/150/222 110/106/222
f 150/150/223 151/151/223 110/106/223
f 110/106/224 151/151/224 126/122/224
f 126/122/225 151/151/225 127/133/225
f 112/125/226 170/152/226 113/116/226
f 82/83/227 144/139/227 139/145/227
f 89/101/228 105/78/228 83/85/228
f 100/88/229 146/147/229 131/129/229
f 158/120/230 147/153/230 106/109/230
f 140/154/231 108/111/231 92/94/231
f 108/111/232 207/155/232 70/58/232
f 125/136/233 141/156/233 85/89/233
f 133/131/234 153/157/234 121/121/234
f 153/157/235 148/158/235 121/121/235
f 148/158/236 114/117/236 121/121/236
f 151/151/237 159/159/237 127/133/237
f 127/133/238 159/159/238 142/143/238
f 142/143/239 154/160/239 122/123/239
f 122/123/240 154/160/240 138/138/240
f 128/134/241 155/161/241 129/128/241
f 130/124/242 152/162/242 112/125/242
f 152/162/243 170/152/243 112/125/243
f 117/118/244 156/163/244 91/68/244
f 131/129/245 157/164/245 78/76/245
f 157/164/246 158/120/246 78/76/246
f 66/64/247 132/130/247 123/126/247
f 136/135/248 124/127/248 17/5/248
f 177/165/249 134/132/249 114/117/249
f 134/132/250 149/148/250 115/103/250
f 138/138/251 128/134/251 99/104/251
f 130/124/252 143/144/252 152/162/252
f 156/163/253 185/166/253 91/68/253
f 147/153/254 132/130/254 106/109/254
f 149/148/255 161/149/255 102/105/255
f 137/137/256 162/167/256 150/150/256
f 128/134/257 164/168/257 155/161/257
f 155/161/258 165/169/258 129/128/258
f 129/128/259 165/169/259 143/144/259
f 135/141/260 107/113/260 119/110/260
f 134/132/261 168/170/261 149/148/261
f 161/149/262 169/171/262 137/137/262
f 137/137/263 169/171/263 162/167/263
f 159/159/264 183/172/264 142/143/264
f 138/138/265 163/173/265 128/134/265
f 128/134/266 163/173/266 164/168/266
f 170/152/267 171/174/267 113/116/267
f 113/116/268 171/174/268 144/139/268
f 144/139/269 166/175/269 139/145/269
f 139/145/270 172/176/270 117/118/270
f 31/42/271 204/140/271 89/101/271
f 141/156/272 160/142/272 85/89/272
f 109/114/273 160/142/273 133/131/273
f 160/142/274 175/177/274 133/131/274
f 175/177/275 153/157/275 133/131/275
f 153/157/276 176/178/276 148/158/276
f 148/158/277 177/165/277 114/117/277
f 177/165/278 168/170/278 134/132/278
f 151/151/279 178/179/279 159/159/279
f 142/143/280 179/180/280 154/160/280
f 185/166/281 145/146/281 91/68/281
f 145/146/282 204/140/282 18/22/282
f 204/140/283 180/181/283 89/101/283
f 146/147/284 157/164/284 131/129/284
f 135/141/285 167/182/285 107/113/285
f 181/183/286 125/136/286 120/112/286
f 148/158/287 176/178/287 177/165/287
f 151/151/288 182/184/288 178/179/288
f 143/144/289 184/185/289 152/162/289
f 172/176/290 156/163/290 117/118/290
f 118/119/291 105/78/291 216/186/291
f 207/155/292 208/187/292 70/58/292
f 186/188/293 160/142/293 141/156/293
f 150/150/294 182/184/294 151/151/294
f 183/172/295 179/180/295 142/143/295
f 152/162/296 184/185/296 170/152/296
f 166/175/297 187/189/297 139/145/297
f 188/190/298 189/191/298 89/101/298
f 118/119/299 190/192/299 146/147/299
f 132/130/300 205/193/300 123/126/300
f 206/194/301 167/182/301 135/141/301
f 173/195/302 174/196/302 107/113/302
f 107/113/303 174/196/303 136/135/303
f 70/58/304 208/187/304 120/112/304
f 160/142/305 191/197/305 175/177/305
f 161/149/306 162/167/306 169/171/306
f 150/150/307 162/167/307 182/184/307
f 159/159/308 193/198/308 183/172/308
f 138/138/309 194/199/309 163/173/309
f 164/168/310 195/200/310 155/161/310
f 195/200/311 165/169/311 155/161/311
f 165/169/312 196/201/312 143/144/312
f 184/185/313 202/202/313 170/152/313
f 202/202/314 171/174/314 170/152/314
f 187/189/315 172/176/315 139/145/315
f 180/181/316 188/190/316 89/101/316
f 199/203/317 192/204/317 168/170/317
f 162/167/318 201/205/318 182/184/318
f 194/199/319 221/206/319 163/173/319
f 163/173/320 221/206/320 164/168/320
f 164/168/321 221/206/321 195/200/321
f 196/201/322 184/185/322 143/144/322
f 171/174/323 203/207/323 144/139/323
f 144/139/324 212/208/324 166/175/324
f 212/208/325 187/189/325 166/175/325
f 185/166/326 213/209/326 145/146/326
f 197/210/327 158/120/327 157/164/327
f 147/153/328 205/193/328 132/130/328
f 123/126/329 206/194/329 135/141/329
f 181/183/330 198/211/330 125/136/330
f 125/136/331 198/211/331 141/156/331
f 175/177/332 209/212/332 153/157/332
f 149/148/333 168/170/333 200/213/333
f 149/148/334 200/213/334 161/149/334
f 161/149/335 210/214/335 162/167/335
f 178/179/336 193/198/336 159/159/336
f 183/172/337 193/198/337 179/180/337
f 179/180/338 211/215/338 154/160/338
f 154/160/339 211/215/339 138/138/339
f 187/189/340 215/216/340 172/176/340
f 190/192/341 157/164/341 146/147/341
f 205/193/342 206/194/342 123/126/342
f 136/135/343 174/196/343 124/127/343
f 140/154/344 207/155/344 108/111/344
f 186/188/345 214/217/345 160/142/345
f 160/142/346 214/217/346 191/197/346
f 153/157/347 209/212/347 176/178/347
f 176/178/348 209/212/348 177/165/348
f 177/165/349 199/203/349 168/170/349
f 161/149/350 200/213/350 210/214/350
f 144/139/351 203/207/351 212/208/351
f 172/176/352 185/166/352 156/163/352
f 145/146/353 213/209/353 204/140/353
f 216/186/354 190/192/354 118/119/354
f 208/187/355 218/218/355 120/112/355
f 141/156/356 219/219/356 186/188/356
f 210/214/357 201/205/357 162/167/357
f 201/205/358 220/220/358 182/184/358
f 182/184/359 193/198/359 178/179/359
f 138/138/360 211/215/360 194/199/360
f 189/191/361 216/186/361 89/101/361
f 120/112/362 218/218/362 181/183/362
f 186/188/363 219/219/363 214/217/363
f 193/198/364 211/215/364 179/180/364
f 195/200/365 196/201/365 165/169/365
f 202/202/366 222/221/366 171/174/366
f 197/210/367 217/222/367 158/120/367
f 167/182/368 173/195/368 107/113/368
f 198/211/369 219/219/369 141/156/369
f 191/197/370 224/223/370 175/177/370
f 175/177/371 224/223/371 209/212/371
f 177/165/372 209/212/372 199/203/372
f 168/170/373 223/224/373 200/213/373
f 200/213/374 223/224/374 210/214/374
f 182/184/375 226/225/375 193/198/375
f 171/174/376 222/221/376 203/207/376
f 187/189/377 212/208/377 215/216/377
f 237/226/378 185/166/378 172/176/378
f 89/101/379 216/186/379 105/78/379
f 174/196/380 232/227/380 124/127/380
f 192/204/381 253/228/381 168/170/381
f 227/229/382 228/230/382 211/215/382
f 211/215/383 228/230/383 194/199/383
f 194/199/384 228/230/384 221/206/384
f 235/231/385 195/200/385 221/206/385
f 185/166/386 229/232/386 213/209/386
f 157/164/387 217/222/387 197/210/387
f 217/222/388 230/233/388 158/120/388
f 158/120/389 230/233/389 147/153/389
f 232/227/390 233/234/390 124/127/390
f 224/223/391 234/235/391 209/212/391
f 220/220/392 226/225/392 182/184/392
f 193/198/393 227/229/393 211/215/393
f 203/207/394 222/221/394 212/208/394
f 222/221/395 236/236/395 212/208/395
f 212/208/396 244/237/396 215/216/396
f 215/216/397 237/226/397 172/176/397
f 237/226/398 229/232/398 185/166/398
f 229/232/399 204/140/399 213/209/399
f 147/153/400 238/238/400 205/193/400
f 239/239/401 206/194/401 205/193/401
f 208/187/402 245/240/402 218/218/402
f 234/235/403 199/203/403 209/212/403
f 253/228/404 223/224/404 168/170/404
f 210/214/405 240/241/405 201/205/405
f 201/205/406 240/241/406 225/242/406
f 226/225/407 227/229/407 193/198/407
f 243/243/408 235/231/408 221/206/408
f 195/200/409 235/231/409 196/201/409
f 235/231/410 241/244/410 196/201/410
f 196/201/411 241/244/411 184/185/411
f 202/202/412 242/245/412 222/221/412
f 167/182/413 231/246/413 173/195/413
f 207/155/414 245/240/414 208/187/414
f 181/183/415 218/218/415 198/211/415
f 225/242/416 220/220/416 201/205/416
f 228/230/417 243/243/417 221/206/417
f 198/211/418 246/247/418 219/219/418
f 220/220/419 248/248/419 226/225/419
f 241/244/420 261/249/420 184/185/420
f 184/185/421 261/249/421 202/202/421
f 215/216/422 254/250/422 237/226/422
f 216/186/423 250/251/423 190/192/423
f 157/164/424 190/192/424 217/222/424
f 206/194/425 251/252/425 167/182/425
f 246/247/426 252/253/426 219/219/426
f 219/219/427 252/253/427 214/217/427
f 214/217/428 252/253/428 191/197/428
f 199/203/429 253/228/429 192/204/429
f 253/228/430 247/254/430 223/224/430
f 248/248/431 263/255/431 226/225/431
f 236/236/432 244/237/432 212/208/432
f 249/256/433 180/181/433 204/140/433
f 230/233/434 238/238/434 147/153/434
f 205/193/435 255/257/435 239/239/435
f 231/246/436 174/196/436 173/195/436
f 207/155/437 256/258/437 245/240/437
f 191/197/438 252/253/438 224/223/438
f 223/224/439 247/254/439 210/214/439
f 202/202/440 261/249/440 242/245/440
f 215/216/441 244/237/441 254/250/441
f 262/259/442 258/260/442 198/211/442
f 258/260/443 246/247/443 198/211/443
f 252/253/444 259/261/444 224/223/444
f 247/254/445 240/241/445 210/214/445
f 226/225/446 263/255/446 227/229/446
f 227/229/447 263/255/447 228/230/447
f 228/230/448 260/262/448 243/243/448
f 238/238/449 255/257/449 205/193/449
f 245/240/450 268/263/450 218/218/450
f 268/263/451 257/264/451 218/218/451
f 218/218/452 257/264/452 198/211/452
f 265/265/453 252/253/453 246/247/453
f 224/223/454 272/266/454 234/235/454
f 199/203/455 234/235/455 253/228/455
f 247/254/456 266/267/456 240/241/456
f 240/241/457 266/267/457 225/242/457
f 261/249/458 267/268/458 242/245/458
f 140/154/459 264/269/459 207/155/459
f 257/264/460 262/259/460 198/211/460
f 263/255/461 269/270/461 228/230/461
f 228/230/462 269/270/462 260/262/462
f 243/243/463 270/271/463 235/231/463
f 242/245/464 236/236/464 222/221/464
f 237/226/465 254/250/465 229/232/465
f 180/181/466 189/191/466 188/190/466
f 271/272/467 230/233/467 217/222/467
f 258/260/468 265/265/468 246/247/468
f 259/261/469 272/266/469 224/223/469
f 220/220/470 225/242/470 248/248/470
f 260/262/471 270/271/471 243/243/471
f 238/238/472 273/273/472 255/257/472
f 167/182/473 274/274/473 231/246/473
f 265/265/474 283/275/474 252/253/474
f 270/271/475 277/276/475 235/231/475
f 235/231/476 277/276/476 241/244/476
f 241/244/477 299/277/477 261/249/477
f 242/245/478 267/268/478 236/236/478
f 236/236/479 267/268/479 244/237/479
f 250/251/480 217/222/480 190/192/480
f 230/233/481 280/278/481 238/238/481
f 280/278/482 273/273/482 238/238/482
f 262/259/483 281/279/483 258/260/483
f 258/260/484 282/280/484 265/265/484
f 283/275/485 284/281/485 252/253/485
f 252/253/486 284/281/486 259/261/486
f 234/235/487 272/266/487 275/282/487
f 253/228/488 276/283/488 247/254/488
f 247/254/489 285/284/489 266/267/489
f 248/248/490 286/285/490 263/255/490
f 269/270/491 270/271/491 260/262/491
f 249/256/492 334/286/492 180/181/492
f 189/191/493 313/287/493 216/186/493
f 313/287/494 279/288/494 216/186/494
f 302/289/495 280/278/495 230/233/495
f 255/257/496 273/273/496 239/239/496
f 239/239/497 287/290/497 206/194/497
f 251/252/498 274/274/498 167/182/498
f 245/240/499 288/291/499 268/263/499
f 262/259/500 294/292/500 281/279/500
f 258/260/501 281/279/501 282/280/501
f 259/261/502 289/293/502 272/266/502
f 234/235/503 275/282/503 253/228/503
f 275/282/504 276/283/504 253/228/504
f 247/254/505 276/283/505 285/284/505
f 225/242/506 291/294/506 248/248/506
f 180/181/507 292/295/507 189/191/507
f 271/272/508 302/289/508 230/233/508
f 206/194/509 287/290/509 251/252/509
f 265/265/510 282/280/510 283/275/510
f 285/284/511 290/296/511 266/267/511
f 266/267/512 291/294/512 225/242/512
f 250/251/513 293/297/513 217/222/513
f 273/273/514 287/290/514 239/239/514
f 274/274/515 307/298/515 231/246/515
f 231/246/516 307/298/516 174/196/516
f 307/298/517 232/227/517 174/196/517
f 289/293/518 295/299/518 272/266/518
f 263/255/519 286/285/519 269/270/519
f 269/270/520 309/300/520 270/271/520
f 244/237/521 296/301/521 254/250/521
f 229/232/522 347/302/522 204/140/522
f 278/303/523 249/256/523 204/140/523
f 180/181/524 334/286/524 292/295/524
f 217/222/525 293/297/525 271/272/525
f 256/258/526 288/291/526 245/240/526
f 282/280/527 298/304/527 283/275/527
f 283/275/528 298/304/528 284/281/528
f 284/281/529 289/293/529 259/261/529
f 272/266/530 295/299/530 275/282/530
f 279/288/531 250/251/531 216/186/531
f 264/269/532 256/258/532 207/155/532
f 281/279/533 294/292/533 297/305/533
f 281/279/534 298/304/534 282/280/534
f 298/304/535 300/306/535 284/281/535
f 295/299/536 301/307/536 275/282/536
f 270/271/537 306/308/537 277/276/537
f 232/227/538 314/309/538 233/234/538
f 284/281/539 300/306/539 289/293/539
f 275/282/540 303/310/540 276/283/540
f 285/284/541 304/311/541 290/296/541
f 248/248/542 291/294/542 286/285/542
f 286/285/543 305/312/543 269/270/543
f 309/300/544 306/308/544 270/271/544
f 241/244/545 277/276/545 299/277/545
f 244/237/546 267/268/546 296/301/546
f 229/232/547 254/250/547 347/302/547
f 189/191/548 292/295/548 313/287/548
f 280/278/549 302/289/549 273/273/549
f 288/291/550 257/264/550 268/263/550
f 257/264/551 324/313/551 262/259/551
f 281/279/552 297/305/552 298/304/552
f 289/293/553 308/314/553 295/299/553
f 301/307/554 303/310/554 275/282/554
f 276/283/555 317/315/555 285/284/555
f 317/315/556 304/311/556 285/284/556
f 277/276/557 353/316/557 299/277/557
f 300/306/558 310/317/558 289/293/558
f 303/310/559 317/315/559 276/283/559
f 305/312/560 309/300/560 269/270/560
f 309/300/561 312/318/561 306/308/561
f 299/277/562 267/268/562 261/249/562
f 251/252/563 331/319/563 274/274/563
f 307/298/564 314/309/564 232/227/564
f 324/313/565 315/320/565 262/259/565
f 262/259/566 315/320/566 294/292/566
f 289/293/567 310/317/567 308/314/567
f 266/267/568 290/296/568 318/321/568
f 266/267/569 318/321/569 291/294/569
f 311/322/570 305/312/570 286/285/570
f 254/250/571 296/301/571 347/302/571
f 347/302/572 320/323/572 204/140/572
f 278/303/573 329/324/573 249/256/573
f 256/258/574 321/325/574 288/291/574
f 322/326/575 316/327/575 300/306/575
f 302/289/576 323/328/576 273/273/576
f 274/274/577 331/319/577 307/298/577
f 288/291/578 324/313/578 257/264/578
f 324/313/579 325/329/579 315/320/579
f 294/292/580 315/320/580 297/305/580
f 298/304/581 322/326/581 300/306/581
f 316/327/582 310/317/582 300/306/582
f 308/314/583 301/307/583 295/299/583
f 326/330/584 290/296/584 304/311/584
f 306/308/585 353/316/585 277/276/585
f 353/316/586 319/331/586 299/277/586
f 267/268/587 328/332/587 296/301/587
f 271/272/588 323/328/588 302/289/588
f 287/290/589 330/333/589 251/252/589
f 256/258/590 332/334/590 321/325/590
f 288/291/591 321/325/591 324/313/591
f 315/320/592 333/335/592 297/305/592
f 297/305/593 344/336/593 298/304/593
f 327/337/594 312/318/594 309/300/594
f 323/328/595 287/290/595 273/273/595
f 307/298/596 336/338/596 314/309/596
f 297/305/597 333/335/597 344/336/597
f 298/304/598 337/339/598 322/326/598
f 310/317/599 338/340/599 308/314/599
f 303/310/600 345/341/600 317/315/600
f 317/315/601 345/341/601 304/311/601
f 327/337/602 306/308/602 312/318/602
f 329/324/603 334/286/603 249/256/603
f 331/319/604 339/342/604 307/298/604
f 264/269/605 359/343/605 256/258/605
f 298/304/606 344/336/606 337/339/606
f 337/339/607 316/327/607 322/326/607
f 308/314/608 338/340/608 301/307/608
f 301/307/609 338/340/609 303/310/609
f 345/341/610 326/330/610 304/311/610
f 291/294/611 311/322/611 286/285/611
f 305/312/612 327/337/612 309/300/612
f 313/287/613 250/251/613 279/288/613
f 330/333/614 331/319/614 251/252/614
f 307/298/615 340/344/615 336/338/615
f 336/338/616 341/345/616 314/309/616
f 314/309/617 342/346/617 233/234/617
f 338/340/618 343/347/618 303/310/618
f 326/330/619 318/321/619 290/296/619
f 339/342/620 335/348/620 307/298/620
f 359/343/621 332/334/621 256/258/621
f 316/327/622 351/349/622 310/317/622
f 343/347/623 345/341/623 303/310/623
f 305/312/624 346/350/624 327/337/624
f 250/251/625 401/351/625 293/297/625
f 341/345/626 342/346/626 314/309/626
f 310/317/627 351/349/627 338/340/627
f 291/294/628 352/352/628 311/322/628
f 327/337/629 353/316/629 306/308/629
f 319/331/630 367/353/630 299/277/630
f 299/277/631 367/353/631 267/268/631
f 323/328/632 348/354/632 287/290/632
f 287/290/633 348/354/633 330/333/633
f 330/333/634 349/355/634 331/319/634
f 321/325/635 350/356/635 324/313/635
f 350/356/636 325/329/636 324/313/636
f 337/339/637 357/357/637 316/327/637
f 357/357/638 351/349/638 316/327/638
f 358/358/639 343/347/639 338/340/639
f 311/322/640 352/352/640 305/312/640
f 367/353/641 328/332/641 267/268/641
f 307/298/642 335/348/642 340/344/642
f 350/356/643 354/359/643 325/329/643
f 325/329/644 355/360/644 315/320/644
f 355/360/645 333/335/645 315/320/645
f 333/335/646 356/361/646 344/336/646
f 344/336/647 357/357/647 337/339/647
f 351/349/648 358/358/648 338/340/648
f 352/352/649 346/350/649 305/312/649
f 346/350/650 353/316/650 327/337/650
f 313/287/651 375/362/651 250/251/651
f 345/341/652 360/363/652 326/330/652
f 318/321/653 413/364/653 291/294/653
f 349/355/654 339/342/654 331/319/654
f 332/334/655 362/365/655 321/325/655
f 354/359/656 363/366/656 325/329/656
f 325/329/657 363/366/657 355/360/657
f 343/347/658 372/367/658 345/341/658
f 372/367/659 360/363/659 345/341/659
f 413/364/660 361/368/660 291/294/660
f 361/368/661 352/352/661 291/294/661
f 296/301/662 328/332/662 347/302/662
f 278/303/663 204/140/663 320/323/663
f 365/369/664 332/334/664 359/343/664
f 369/370/665 350/356/665 321/325/665
f 357/357/666 366/371/666 351/349/666
f 346/350/667 364/372/667 353/316/667
f 353/316/668 367/353/668 319/331/668
f 339/342/669 383/373/669 335/348/669
f 264/269/670 368/374/670 359/343/670
f 355/360/671 370/375/671 333/335/671
f 370/375/672 356/361/672 333/335/672
f 344/336/673 377/376/673 357/357/673
f 377/376/674 371/377/674 357/357/674
f 371/377/675 366/371/675 357/357/675
f 366/371/676 358/358/676 351/349/676
f 358/358/677 372/367/677 343/347/677
f 352/352/678 378/378/678 346/350/678
f 293/297/679 323/328/679 271/272/679
f 362/365/680 369/370/680 321/325/680
f 363/366/681 370/375/681 355/360/681
f 356/361/682 377/376/682 344/336/682
f 366/371/683 385/379/683 358/358/683
f 373/380/684 364/372/684 346/350/684
f 336/338/685 379/381/685 341/345/685
f 365/369/686 376/382/686 332/334/686
f 376/382/687 362/365/687 332/334/687
f 350/356/688 380/383/688 354/359/688
f 360/363/689 318/321/689 326/330/689
f 378/378/690 373/380/690 346/350/690
f 374/384/691 367/353/691 353/316/691
f 328/332/692 399/385/692 347/302/692
f 320/323/693 329/324/693 278/303/693
f 329/324/694 389/386/694 334/286/694
f 348/354/695 382/387/695 330/333/695
f 330/333/696 382/387/696 349/355/696
f 349/355/697 383/373/697 339/342/697
f 379/381/698 384/388/698 341/345/698
f 358/358/699 385/379/699 372/367/699
f 292/295/700 400/389/700 313/287/700
f 401/351/701 425/390/701 293/297/701
f 335/348/702 383/373/702 340/344/702
f 341/345/703 384/388/703 342/346/703
f 395/391/704 365/369/704 359/343/704
f 380/383/705 363/366/705 354/359/705
f 364/372/706 374/384/706 353/316/706
f 313/287/707 400/389/707 375/362/707
f 381/392/708 382/387/708 348/354/708
f 340/344/709 394/393/709 336/338/709
f 369/370/710 396/394/710 350/356/710
f 366/371/711 371/377/711 387/395/711
f 366/371/712 390/396/712 385/379/712
f 372/367/713 388/397/713 360/363/713
f 360/363/714 391/398/714 318/321/714
f 367/353/715 392/399/715 328/332/715
f 347/302/716 399/385/716 320/323/716
f 329/324/717 320/323/717 386/400/717
f 375/362/718 401/351/718 250/251/718
f 293/297/719 429/401/719 323/328/719
f 323/328/720 381/392/720 348/354/720
f 383/373/721 394/393/721 340/344/721
f 368/374/722 395/391/722 359/343/722
f 362/365/723 396/394/723 369/370/723
f 396/394/724 380/383/724 350/356/724
f 397/402/725 356/361/725 370/375/725
f 372/367/726 385/379/726 388/397/726
f 373/380/727 398/403/727 364/372/727
f 349/355/728 382/387/728 393/404/728
f 393/404/729 383/373/729 349/355/729
f 365/369/730 402/405/730 376/382/730
f 376/382/731 402/405/731 362/365/731
f 363/366/732 403/406/732 370/375/732
f 403/406/733 397/402/733 370/375/733
f 397/402/734 377/376/734 356/361/734
f 377/376/735 404/407/735 371/377/735
f 387/395/736 390/396/736 366/371/736
f 318/321/737 405/408/737 413/364/737
f 398/403/738 374/384/738 364/372/738
f 394/393/739 379/381/739 336/338/739
f 395/391/740 402/405/740 365/369/740
f 362/365/741 411/409/741 396/394/741
f 415/410/742 403/406/742 363/366/742
f 416/411/743 378/378/743 352/352/743
f 409/412/744 399/385/744 328/332/744
f 334/286/745 400/389/745 292/295/745
f 383/373/746 410/413/746 394/393/746
f 384/388/747 431/414/747 342/346/747
f 397/402/748 434/415/748 377/376/748
f 377/376/749 434/415/749 404/407/749
f 371/377/750 404/407/750 387/395/750
f 387/395/751 412/416/751 390/396/751
f 408/417/752 388/397/752 385/379/752
f 360/363/753 388/397/753 391/398/753
f 391/398/754 405/408/754 318/321/754
f 361/368/755 416/411/755 352/352/755
f 381/392/756 407/418/756 382/387/756
f 402/405/757 411/409/757 362/365/757
f 421/419/758 415/410/758 380/383/758
f 380/383/759 415/410/759 363/366/759
f 412/416/760 408/417/760 390/396/760
f 390/396/761 408/417/761 385/379/761
f 399/385/762 417/420/762 320/323/762
f 329/324/763 386/400/763 389/386/763
f 368/374/764 419/421/764 395/391/764
f 420/422/765 421/419/765 396/394/765
f 396/394/766 421/419/766 380/383/766
f 404/407/767 422/423/767 387/395/767
f 413/364/768 414/424/768 361/368/768
f 378/378/769 416/411/769 373/380/769
f 407/418/770 393/404/770 382/387/770
f 383/373/771 418/425/771 410/413/771
f 387/395/772 422/423/772 412/416/772
f 408/417/773 423/426/773 388/397/773
f 414/424/774 416/411/774 361/368/774
f 374/384/775 406/427/775 367/353/775
f 334/286/776 428/428/776 400/389/776
f 411/409/777 420/422/777 396/394/777
f 420/422/778 427/429/778 421/419/778
f 406/427/779 392/399/779 367/353/779
f 428/428/780 334/286/780 389/386/780
f 400/389/781 424/430/781 375/362/781
f 425/390/782 429/401/782 293/297/782
f 323/328/783 429/401/783 381/392/783
f 379/381/784 430/431/784 384/388/784
f 402/405/785 432/432/785 411/409/785
f 411/409/786 432/432/786 426/433/786
f 426/433/787 420/422/787 411/409/787
f 415/410/788 441/434/788 403/406/788
f 403/406/789 441/434/789 397/402/789
f 433/435/790 434/415/790 397/402/790
f 408/417/791 442/436/791 423/426/791
f 388/397/792 435/437/792 391/398/792
f 416/411/793 436/438/793 373/380/793
f 373/380/794 437/439/794 398/403/794
f 398/403/795 438/440/795 374/384/795
f 320/323/796 439/441/796 386/400/796
f 424/430/797 401/351/797 375/362/797
f 426/433/798 427/429/798 420/422/798
f 441/434/799 433/435/799 397/402/799
f 412/416/800 444/442/800 408/417/800
f 423/426/801 435/437/801 388/397/801
f 435/437/802 405/408/802 391/398/802
f 414/424/803 436/438/803 416/411/803
f 437/439/804 438/440/804 398/403/804
f 392/399/805 409/412/805 328/332/805
f 383/373/806 393/404/806 418/425/806
f 379/381/807 443/443/807 430/431/807
f 402/405/808 395/391/808 440/444/808
f 440/444/809 432/432/809 402/405/809
f 422/423/810 444/442/810 412/416/810
f 438/440/811 447/445/811 374/384/811
f 394/393/812 443/443/812 379/381/812
f 427/429/813 451/446/813 421/419/813
f 404/407/814 444/442/814 422/423/814
f 444/442/815 445/447/815 408/417/815
f 405/408/816 446/448/816 413/364/816
f 436/438/817 437/439/817 373/380/817
f 447/445/818 406/427/818 374/384/818
f 410/413/819 443/443/819 394/393/819
f 430/431/820 431/414/820 384/388/820
f 419/421/821 440/444/821 395/391/821
f 432/432/822 449/449/822 426/433/822
f 449/449/823 450/450/823 426/433/823
f 426/433/824 450/450/824 427/429/824
f 450/450/825 451/446/825 427/429/825
f 451/446/826 452/451/826 421/419/826
f 421/419/827 452/451/827 415/410/827
f 453/452/828 441/434/828 415/410/828
f 441/434/829 464/453/829 433/435/829
f 433/435/830 454/454/830 434/415/830
f 434/415/831 454/454/831 404/407/831
f 454/454/832 444/442/832 404/407/832
f 445/447/833 442/436/833 408/417/833
f 442/436/834 455/455/834 423/426/834
f 423/426/835 456/456/835 435/437/835
f 435/437/836 456/456/836 405/408/836
f 446/448/837 414/424/837 413/364/837
f 409/412/838 459/457/838 399/385/838
f 407/418/839 448/458/839 393/404/839
f 441/434/840 453/452/840 464/453/840
f 433/435/841 462/459/841 454/454/841
f 456/456/842 446/448/842 405/408/842
f 503/460/843 407/418/843 381/392/843
f 393/404/844 448/458/844 460/461/844
f 460/461/845 418/425/845 393/404/845
f 415/410/846 452/451/846 453/452/846
f 464/453/847 462/459/847 433/435/847
f 454/454/848 463/462/848 444/442/848
f 445/447/849 471/463/849 442/436/849
f 414/424/850 458/464/850 436/438/850
f 417/420/851 439/441/851 320/323/851
f 401/351/852 457/465/852 425/390/852
f 423/426/853 455/455/853 456/456/853
f 465/466/854 437/439/854 436/438/854
f 418/425/855 460/461/855 410/413/855
f 460/461/856 466/467/856 410/413/856
f 410/413/857 466/467/857 443/443/857
f 463/462/858 445/447/858 444/442/858
f 442/436/859 474/468/859 455/455/859
f 414/424/860 467/469/860 458/464/860
f 458/464/861 465/466/861 436/438/861
f 438/440/862 465/466/862 447/445/862
f 447/445/863 487/470/863 406/427/863
f 487/470/864 468/471/864 406/427/864
f 399/385/865 459/457/865 417/420/865
f 407/418/866 503/460/866 448/458/866
f 477/472/867 461/473/867 431/414/867
f 469/474/868 432/432/868 440/444/868
f 452/451/869 479/475/869 453/452/869
f 453/452/870 470/476/870 464/453/870
f 464/453/871 470/476/871 462/459/871
f 471/463/872 472/477/872 442/436/872
f 437/439/873 465/466/873 438/440/873
f 386/400/874 439/441/874 389/386/874
f 449/449/875 451/446/875 450/450/875
f 470/476/876 454/454/876 462/459/876
f 454/454/877 473/478/877 463/462/877
f 472/477/878 474/468/878 442/436/878
f 468/471/879 392/399/879 406/427/879
f 409/412/838 540/479/838 459/457/838
f 428/428/880 476/480/880 400/389/880
f 429/401/881 503/460/881 381/392/881
f 430/431/882 477/472/882 431/414/882
f 463/462/883 478/481/883 445/447/883
f 478/481/884 471/463/884 445/447/884
f 483/482/885 472/477/885 471/463/885
f 389/386/886 489/483/886 428/428/886
f 443/443/887 477/472/887 430/431/887
f 419/421/888 469/474/888 440/444/888
f 451/446/889 479/475/889 452/451/889
f 480/484/890 454/454/890 470/476/890
f 473/478/891 481/485/891 463/462/891
f 446/448/892 467/469/892 414/424/892
f 465/466/893 487/470/893 447/445/893
f 491/486/894 460/461/894 448/458/894
f 453/452/895 482/487/895 470/476/895
f 478/481/896 483/482/896 471/463/896
f 446/448/897 484/488/897 467/469/897
f 458/464/898 485/489/898 465/466/898
f 389/386/899 488/490/899 489/483/899
f 428/428/900 489/483/900 475/491/900
f 425/390/901 490/492/901 429/401/901
f 504/493/902 443/443/902 466/467/902
f 479/475/903 492/494/903 453/452/903
f 453/452/904 492/494/904 482/487/904
f 470/476/905 482/487/905 480/484/905
f 480/484/906 473/478/906 454/454/906
f 473/478/907 493/495/907 481/485/907
f 455/455/908 494/496/908 456/456/908
f 485/489/909 486/497/909 465/466/909
f 409/412/910 392/399/910 540/479/910
f 424/430/911 498/498/911 401/351/911
f 463/462/912 508/499/912 478/481/912
f 455/455/913 496/500/913 494/496/913
f 456/456/914 494/496/914 446/448/914
f 439/441/915 488/490/915 389/386/915
f 425/390/916 457/465/916 490/492/916
f 432/432/917 499/501/917 449/449/917
f 501/502/918 473/478/918 480/484/918
f 474/468/919 496/500/919 455/455/919
f 467/469/920 485/489/920 458/464/920
f 486/497/921 502/503/921 465/466/921
f 503/460/922 491/486/922 448/458/922
f 451/446/923 500/504/923 479/475/923
f 473/478/924 501/502/924 493/495/924
f 494/496/925 497/505/925 446/448/925
f 497/505/926 484/488/926 446/448/926
f 465/466/927 502/503/927 487/470/927
f 428/428/928 475/491/928 476/480/928
f 504/493/929 495/506/929 443/443/929
f 477/472/930 505/507/930 461/473/930
f 506/508/931 469/474/931 419/421/931
f 449/449/932 500/504/932 451/446/932
f 492/494/933 507/509/933 482/487/933
f 482/487/934 501/502/934 480/484/934
f 481/485/935 508/499/935 463/462/935
f 401/351/936 498/498/936 457/465/936
f 501/502/937 510/510/937 493/495/937
f 493/495/938 508/499/938 481/485/938
f 508/499/939 511/511/939 478/481/939
f 478/481/940 512/512/940 483/482/940
f 483/482/941 512/512/941 472/477/941
f 472/477/942 512/512/942 474/468/942
f 474/468/943 513/513/943 496/500/943
f 467/469/944 519/514/944 485/489/944
f 460/461/945 504/493/945 466/467/945
f 443/443/946 495/506/946 477/472/946
f 477/472/947 515/515/947 505/507/947
f 509/516/948 516/517/948 479/475/948
f 479/475/949 516/517/949 492/494/949
f 493/495/950 510/510/950 508/499/950
f 485/489/951 519/514/951 486/497/951
f 526/518/952 498/498/952 424/430/952
f 490/492/953 527/519/953 429/401/953
f 429/401/954 527/519/954 503/460/954
f 495/506/955 515/515/955 477/472/955
f 432/432/956 469/474/956 499/501/956
f 449/449/957 499/501/957 500/504/957
f 478/481/958 511/511/958 512/512/958
f 484/488/959 519/514/959 467/469/959
f 468/471/960 514/520/960 392/399/960
f 417/420/961 517/521/961 439/441/961
f 400/389/962 526/518/962 424/430/962
f 457/465/963 518/522/963 490/492/963
f 491/486/964 520/523/964 460/461/964
f 460/461/965 520/523/965 504/493/965
f 479/475/966 500/504/966 509/516/966
f 482/487/967 507/509/967 501/502/967
f 510/510/968 521/524/968 508/499/968
f 512/512/969 522/525/969 474/468/969
f 476/480/970 526/518/970 400/389/970
f 516/517/971 523/526/971 492/494/971
f 522/525/972 513/513/972 474/468/972
f 513/513/973 524/527/973 496/500/973
f 496/500/974 524/527/974 494/496/974
f 519/514/975 531/528/975 486/497/975
f 486/497/976 531/528/976 502/503/976
f 487/470/977 544/529/977 468/471/977
f 475/491/978 538/530/978 476/480/978
f 527/519/979 491/486/979 503/460/979
f 492/494/980 523/526/980 507/509/980
f 507/509/981 528/531/981 501/502/981
f 501/502/982 529/532/982 510/510/982
f 508/499/983 521/524/983 511/511/983
f 524/527/984 530/533/984 494/496/984
f 531/528/985 525/534/985 502/503/985
f 502/503/986 525/534/986 487/470/986
f 468/471/987 532/535/987 514/520/987
f 488/490/988 554/536/988 489/483/988
f 504/493/989 520/523/989 495/506/989
f 528/531/990 529/532/990 501/502/990
f 511/511/991 522/525/991 512/512/991
f 494/496/992 530/533/992 497/505/992
f 544/529/993 532/535/993 468/471/993
f 459/457/994 540/479/994 417/420/994
f 489/483/995 554/536/995 475/491/995
f 507/509/996 523/526/996 528/531/996
f 521/524/997 533/537/997 511/511/997
f 513/513/998 522/525/998 524/527/998
f 525/534/999 544/529/999 487/470/999
f 417/420/1000 540/479/1000 517/521/1000
f 495/506/1001 536/538/1001 515/515/1001
f 533/537/1002 522/525/1002 511/511/1002
f 497/505/1003 534/539/1003 484/488/1003
f 484/488/1004 535/540/1004 519/514/1004
f 519/514/1005 535/540/1005 531/528/1005
f 514/520/1006 540/479/1006 392/399/1006
f 499/501/1007 537/541/1007 500/504/1007
f 509/516/1008 500/504/1008 516/517/1008
f 510/510/1009 529/532/1009 521/524/1009
f 457/465/1010 498/498/1010 518/522/1010
f 518/522/1011 541/542/1011 490/492/1011
f 491/486/1012 539/543/1012 520/523/1012
f 515/515/1013 536/538/1013 505/507/1013
f 505/507/1014 552/544/1014 461/473/1014
f 469/474/1015 537/541/1015 499/501/1015
f 537/541/1016 543/545/1016 500/504/1016
f 543/545/1017 516/517/1017 500/504/1017
f 522/525/1018 550/546/1018 524/527/1018
f 497/505/1019 551/547/1019 534/539/1019
f 525/534/1020 557/548/1020 544/529/1020
f 532/535/1021 561/549/1021 514/520/1021
f 516/517/1022 546/550/1022 523/526/1022
f 529/532/1023 553/551/1023 521/524/1023
f 533/537/1024 550/546/1024 522/525/1024
f 520/523/1025 545/552/1025 495/506/1025
f 495/506/1026 547/553/1026 536/538/1026
f 536/538/1027 552/544/1027 505/507/1027
f 542/554/1028 537/541/1028 469/474/1028
f 543/545/1029 546/550/1029 516/517/1029
f 523/526/1030 546/550/1030 528/531/1030
f 528/531/1031 548/555/1031 529/532/1031
f 549/556/1032 550/546/1032 533/537/1032
f 534/539/1033 535/540/1033 484/488/1033
f 490/492/1034 541/542/1034 527/519/1034
f 545/552/1035 547/553/1035 495/506/1035
f 589/557/1036 488/490/1036 439/441/1036
f 548/555/1037 553/551/1037 529/532/1037
f 553/551/1038 549/556/1038 521/524/1038
f 521/524/1039 549/556/1039 533/537/1039
f 531/528/1040 557/548/1040 525/534/1040
f 475/491/1041 562/558/1041 538/530/1041
f 527/519/1042 558/559/1042 491/486/1042
f 491/486/1043 558/559/1043 539/543/1043
f 547/553/1044 552/544/1044 536/538/1044
f 552/544/1045 559/560/1045 461/473/1045
f 506/508/1046 542/554/1046 469/474/1046
f 546/550/1047 548/555/1047 528/531/1047
f 550/546/1048 560/561/1048 524/527/1048
f 530/533/1049 551/547/1049 497/505/1049
f 554/536/1050 562/558/1050 475/491/1050
f 562/558/1051 555/562/1051 538/530/1051
f 537/541/1052 542/554/1052 556/563/1052
f 537/541/1053 556/563/1053 543/545/1053
f 553/551/1054 565/564/1054 549/556/1054
f 524/527/1055 560/561/1055 530/533/1055
f 534/539/1056 588/565/1056 535/540/1056
f 544/529/1057 561/549/1057 532/535/1057
f 567/566/1058 517/521/1058 540/479/1058
f 543/545/1059 564/567/1059 546/550/1059
f 439/441/1060 517/521/1060 589/557/1060
f 526/518/1061 569/568/1061 498/498/1061
f 543/545/1062 556/563/1062 564/567/1062
f 548/555/1063 570/569/1063 553/551/1063
f 549/556/1064 571/570/1064 550/546/1064
f 550/546/1065 571/570/1065 560/561/1065
f 476/480/1066 538/530/1066 526/518/1066
f 539/543/1067 578/571/1067 520/523/1067
f 578/571/1068 568/572/1068 520/523/1068
f 542/554/1069 575/573/1069 556/563/1069
f 564/567/1070 572/574/1070 546/550/1070
f 546/550/1071 572/574/1071 548/555/1071
f 560/561/1072 573/575/1072 530/533/1072
f 574/576/1073 551/547/1073 530/533/1073
f 588/565/1074 531/528/1074 535/540/1074
f 556/563/1075 576/577/1075 564/567/1075
f 571/570/1076 577/578/1076 560/561/1076
f 514/520/1077 566/579/1077 540/479/1077
f 589/557/1078 554/536/1078 488/490/1078
f 575/573/1079 579/580/1079 556/563/1079
f 572/574/1080 580/581/1080 548/555/1080
f 548/555/1081 580/581/1081 570/569/1081
f 549/556/1082 565/564/1082 571/570/1082
f 547/553/1083 583/582/1083 552/544/1083
f 563/583/1084 575/573/1084 542/554/1084
f 579/580/1085 576/577/1085 556/563/1085
f 580/581/1086 598/584/1086 570/569/1086
f 573/575/1087 574/576/1087 530/533/1087
f 527/519/1088 541/542/1088 558/559/1088
f 576/577/1089 586/585/1089 564/567/1089
f 564/567/1090 586/585/1090 572/574/1090
f 570/569/1091 587/586/1091 553/551/1091
f 565/564/1092 577/578/1092 571/570/1092
f 589/557/1093 584/587/1093 554/536/1093
f 538/530/1094 581/588/1094 526/518/1094
f 558/559/1095 608/589/1095 539/543/1095
f 545/552/1096 585/590/1096 547/553/1096
f 583/582/1097 559/560/1097 552/544/1097
f 506/508/1098 563/583/1098 542/554/1098
f 579/580/1099 586/585/1099 576/577/1099
f 553/551/1100 590/591/1100 565/564/1100
f 560/561/1101 591/592/1101 573/575/1101
f 573/575/1102 591/592/1102 574/576/1102
f 531/528/1103 592/593/1103 557/548/1103
f 557/548/1104 592/593/1104 544/529/1104
f 561/549/1105 566/579/1105 514/520/1105
f 554/536/1106 593/594/1106 562/558/1106
f 608/589/1107 582/595/1107 539/543/1107
f 520/523/1108 594/596/1108 545/552/1108
f 583/582/1109 595/597/1109 559/560/1109
f 575/573/1110 596/598/1110 579/580/1110
f 586/585/1111 597/599/1111 572/574/1111
f 572/574/1112 597/599/1112 580/581/1112
f 588/565/1113 592/593/1113 531/528/1113
f 629/600/1114 561/549/1114 544/529/1114
f 584/587/1115 593/594/1115 554/536/1115
f 555/562/1116 581/588/1116 538/530/1116
f 568/572/1117 594/596/1117 520/523/1117
f 585/590/1118 583/582/1118 547/553/1118
f 597/599/1119 598/584/1119 580/581/1119
f 553/551/1120 587/586/1120 590/591/1120
f 526/518/1121 620/601/1121 569/568/1121
f 582/595/1122 578/571/1122 539/543/1122
f 545/552/1123 594/596/1123 585/590/1123
f 585/590/1124 599/602/1124 583/582/1124
f 563/583/1125 600/603/1125 575/573/1125
f 601/604/1126 586/585/1126 579/580/1126
f 601/604/1127 597/599/1127 586/585/1127
f 590/591/1128 577/578/1128 565/564/1128
f 574/576/1129 625/605/1129 551/547/1129
f 551/547/1130 602/606/1130 534/539/1130
f 534/539/1131 603/607/1131 588/565/1131
f 518/522/1132 498/498/1132 626/608/1132
f 596/598/1133 601/604/1133 579/580/1133
f 597/599/1134 605/609/1134 598/584/1134
f 598/584/1135 587/586/1135 570/569/1135
f 551/547/1136 625/605/1136 602/606/1136
f 592/593/1137 629/600/1137 544/529/1137
f 581/588/1138 620/601/1138 526/518/1138
f 541/542/1139 608/589/1139 558/559/1139
f 575/573/1140 600/603/1140 596/598/1140
f 605/609/1141 587/586/1141 598/584/1141
f 577/578/1142 606/610/1142 560/561/1142
f 606/610/1143 591/592/1143 560/561/1143
f 540/479/1144 609/611/1144 567/566/1144
f 567/566/1145 609/611/1145 517/521/1145
f 517/521/1146 607/612/1146 589/557/1146
f 583/582/1147 599/602/1147 595/597/1147
f 596/598/1148 616/613/1148 601/604/1148
f 611/614/1149 606/610/1149 577/578/1149
f 591/592/1150 612/615/1150 574/576/1150
f 602/606/1151 603/607/1151 534/539/1151
f 588/565/1152 603/607/1152 592/593/1152
f 569/568/1153 620/601/1153 498/498/1153
f 604/616/1154 594/596/1154 568/572/1154
f 585/590/1155 622/617/1155 599/602/1155
f 595/597/1156 615/618/1156 559/560/1156
f 600/603/1157 616/613/1157 596/598/1157
f 601/604/1158 605/609/1158 597/599/1158
f 587/586/1159 610/619/1159 590/591/1159
f 590/591/1160 617/620/1160 577/578/1160
f 618/621/1161 602/606/1161 625/605/1161
f 629/600/1162 613/622/1162 561/549/1162
f 540/479/1163 619/623/1163 609/611/1163
f 562/558/1164 581/588/1164 555/562/1164
f 541/542/1165 621/624/1165 608/589/1165
f 614/625/1166 604/616/1166 568/572/1166
f 601/604/1167 623/626/1167 605/609/1167
f 624/627/1168 610/619/1168 587/586/1168
f 617/620/1169 611/614/1169 577/578/1169
f 589/557/1170 607/612/1170 584/587/1170
f 620/601/1171 626/608/1171 498/498/1171
f 578/571/1172 614/625/1172 568/572/1172
f 633/628/1173 585/590/1173 594/596/1173
f 605/609/1174 627/629/1174 587/586/1174
f 590/591/1175 610/619/1175 617/620/1175
f 606/610/1176 628/630/1176 591/592/1176
f 574/576/1177 612/615/1177 625/605/1177
f 626/608/1178 621/624/1178 541/542/1178
f 616/613/1179 623/626/1179 601/604/1179
f 623/626/1180 627/629/1180 605/609/1180
f 627/629/1181 624/627/1181 587/586/1181
f 591/592/1182 628/630/1182 612/615/1182
f 561/549/1183 613/622/1183 566/579/1183
f 518/522/1184 626/608/1184 541/542/1184
f 585/590/1185 633/628/1185 622/617/1185
f 599/602/1186 615/618/1186 595/597/1186
f 600/603/1187 631/631/1187 616/613/1187
f 566/579/1188 632/632/1188 540/479/1188
f 604/616/1189 633/628/1189 594/596/1189
f 623/626/1190 634/633/1190 627/629/1190
f 611/614/1191 635/634/1191 606/610/1191
f 540/479/1192 632/632/1192 619/623/1192
f 607/612/1193 630/635/1193 584/587/1193
f 581/588/1194 636/636/1194 620/601/1194
f 563/583/1195 638/637/1195 600/603/1195
f 627/629/1196 640/638/1196 624/627/1196
f 624/627/1197 637/639/1197 610/619/1197
f 606/610/1198 635/634/1198 628/630/1198
f 584/587/1199 656/640/1199 593/594/1199
f 599/602/1200 622/617/1200 615/618/1200
f 506/508/1201 638/637/1201 563/583/1201
f 631/631/1202 639/641/1202 616/613/1202
f 616/613/1203 639/641/1203 623/626/1203
f 634/633/1204 640/638/1204 627/629/1204
f 617/620/1205 635/634/1205 611/614/1205
f 613/622/1206 632/632/1206 566/579/1206
f 630/635/1207 656/640/1207 584/587/1207
f 593/594/1208 581/588/1208 562/558/1208
f 626/608/1209 657/642/1209 621/624/1209
f 621/624/1210 644/643/1210 608/589/1210
f 622/617/1211 653/644/1211 615/618/1211
f 638/637/1212 631/631/1212 600/603/1212
f 640/638/1213 645/645/1213 624/627/1213
f 628/630/1214 654/646/1214 612/615/1214
f 612/615/1215 654/646/1215 625/605/1215
f 629/600/1216 646/647/1216 613/622/1216
f 638/637/1217 660/648/1217 631/631/1217
f 634/633/1218 647/649/1218 640/638/1218
f 625/605/1219 649/650/1219 618/621/1219
f 641/651/1220 592/593/1220 603/607/1220
f 609/611/1221 643/652/1221 517/521/1221
f 517/521/1222 643/652/1222 607/612/1222
f 636/636/1223 650/653/1223 620/601/1223
f 582/595/1224 652/654/1224 578/571/1224
f 645/645/1225 637/639/1225 624/627/1225
f 648/655/1226 617/620/1226 610/619/1226
f 617/620/1227 658/656/1227 635/634/1227
f 635/634/1228 654/646/1228 628/630/1228
f 602/606/1229 641/651/1229 603/607/1229
f 620/601/1230 651/657/1230 626/608/1230
f 608/589/1231 644/643/1231 582/595/1231
f 631/631/1232 660/648/1232 639/641/1232
f 654/646/1233 649/650/1233 625/605/1233
f 649/650/1234 602/606/1234 618/621/1234
f 643/652/1235 630/635/1235 607/612/1235
f 582/595/1236 644/643/1236 652/654/1236
f 633/628/1237 604/616/1237 663/658/1237
f 637/639/1238 648/655/1238 610/619/1238
f 592/593/1239 641/651/1239 642/659/1239
f 655/660/1240 632/632/1240 613/622/1240
f 663/658/1241 622/617/1241 633/628/1241
f 639/641/1242 634/633/1242 623/626/1242
f 647/649/1243 662/661/1243 640/638/1243
f 648/655/1244 658/656/1244 617/620/1244
f 592/593/1245 661/662/1245 629/600/1245
f 650/653/1246 674/663/1246 620/601/1246
f 674/663/1247 651/657/1247 620/601/1247
f 614/625/1248 663/658/1248 604/616/1248
f 660/648/1249 664/664/1249 639/641/1249
f 640/638/1250 662/661/1250 645/645/1250
f 653/644/1251 672/665/1251 615/618/1251
f 664/664/1252 668/666/1252 639/641/1252
f 639/641/1253 668/666/1253 634/633/1253
f 662/661/1254 669/667/1254 645/645/1254
f 645/645/1255 669/667/1255 637/639/1255
f 654/646/1256 665/668/1256 649/650/1256
f 649/650/1257 670/669/1257 602/606/1257
f 670/669/1258 641/651/1258 602/606/1258
f 609/611/1259 680/670/1259 643/652/1259
f 643/652/1260 688/671/1260 630/635/1260
f 593/594/1261 666/672/1261 581/588/1261
f 652/654/1262 614/625/1262 578/571/1262
f 669/667/1263 648/655/1263 637/639/1263
f 635/634/1264 692/673/1264 654/646/1264
f 638/637/1265 667/674/1265 660/648/1265
f 634/633/1266 675/675/1266 647/649/1266
f 619/623/1267 673/676/1267 609/611/1267
f 622/617/1268 663/658/1268 653/644/1268
f 659/677/1269 638/637/1269 506/508/1269
f 675/675/1270 679/678/1270 647/649/1270
f 647/649/1271 679/678/1271 662/661/1271
f 669/667/1272 662/661/1272 676/679/1272
f 654/646/1273 692/673/1273 665/668/1273
f 670/669/1274 642/659/1274 641/651/1274
f 581/588/1275 666/672/1275 636/636/1275
f 678/680/1276 664/664/1276 660/648/1276
f 668/666/1277 675/675/1277 634/633/1277
f 648/655/1278 669/667/1278 658/656/1278
f 658/656/1279 692/673/1279 635/634/1279
f 673/676/1280 680/670/1280 609/611/1280
f 677/681/1281 663/658/1281 614/625/1281
f 664/664/1282 684/682/1282 668/666/1282
f 679/678/1283 676/679/1283 662/661/1283
f 685/683/1284 665/668/1284 692/673/1284
f 642/659/1285 661/662/1285 592/593/1285
f 646/647/1286 655/660/1286 613/622/1286
f 680/670/1287 688/671/1287 643/652/1287
f 688/671/1288 686/684/1288 630/635/1288
f 630/635/1289 683/685/1289 656/640/1289
f 683/685/1290 593/594/1290 656/640/1290
f 666/672/1291 687/686/1291 636/636/1291
f 626/608/1292 671/687/1292 657/642/1292
f 614/625/1293 652/654/1293 677/681/1293
f 660/648/1294 667/674/1294 678/680/1294
f 668/666/1295 700/688/1295 675/675/1295
f 665/668/1296 685/683/1296 704/689/1296
f 665/668/1297 704/689/1297 649/650/1297
f 693/690/1298 632/632/1298 655/660/1298
f 630/635/1299 686/684/1299 683/685/1299
f 593/594/1300 694/691/1300 666/672/1300
f 687/686/1301 650/653/1301 636/636/1301
f 657/642/1302 689/692/1302 621/624/1302
f 621/624/1303 689/692/1303 644/643/1303
f 663/658/1304 701/693/1304 653/644/1304
f 629/600/1305 661/662/1305 682/694/1305
f 626/608/1306 651/657/1306 671/687/1306
f 701/693/1307 711/695/1307 653/644/1307
f 653/644/1308 711/695/1308 672/665/1308
f 638/637/1309 659/677/1309 667/674/1309
f 664/664/1310 678/680/1310 684/682/1310
f 691/696/1311 676/679/1311 679/678/1311
f 669/667/1312 718/697/1312 658/656/1312
f 649/650/1313 695/698/1313 670/669/1313
f 629/600/1314 682/694/1314 646/647/1314
f 683/685/1315 694/691/1315 593/594/1315
f 681/699/1316 689/692/1316 657/642/1316
f 675/675/1317 691/696/1317 679/678/1317
f 718/697/1318 692/673/1318 658/656/1318
f 671/687/1319 681/699/1319 657/642/1319
f 689/692/1320 696/700/1320 644/643/1320
f 710/701/1321 651/657/1321 674/663/1321
f 697/702/1322 652/654/1322 644/643/1322
f 678/680/1323 702/703/1323 684/682/1323
f 684/682/1324 700/688/1324 668/666/1324
f 676/679/1325 718/697/1325 669/667/1325
f 718/697/1326 703/704/1326 692/673/1326
f 704/689/1327 695/698/1327 649/650/1327
f 682/694/1328 655/660/1328 646/647/1328
f 677/681/1329 690/705/1329 663/658/1329
f 698/706/1330 699/707/1330 667/674/1330
f 667/674/1331 699/707/1331 678/680/1331
f 699/707/1332 702/703/1332 678/680/1332
f 675/675/1333 706/708/1333 691/696/1333
f 691/696/1334 707/709/1334 676/679/1334
f 670/669/1335 708/710/1335 642/659/1335
f 682/694/1336 693/690/1336 655/660/1336
f 666/672/1337 705/711/1337 687/686/1337
f 690/705/1338 701/693/1338 663/658/1338
f 659/677/1339 698/706/1339 667/674/1339
f 700/688/1340 712/712/1340 675/675/1340
f 706/708/1341 707/709/1341 691/696/1341
f 676/679/1342 707/709/1342 718/697/1342
f 673/676/1343 619/623/1343 709/713/1343
f 680/670/1344 719/714/1344 688/671/1344
f 650/653/1345 687/686/1345 674/663/1345
f 699/707/1346 717/715/1346 702/703/1346
f 684/682/1347 714/716/1347 700/688/1347
f 712/712/1348 706/708/1348 675/675/1348
f 670/669/1349 695/698/1349 708/710/1349
f 682/694/1350 661/662/1350 713/717/1350
f 688/671/1351 719/714/1351 686/684/1351
f 696/700/1352 697/702/1352 644/643/1352
f 652/654/1353 720/718/1353 677/681/1353
f 720/718/1354 690/705/1354 677/681/1354
f 690/705/1355 731/719/1355 701/693/1355
f 701/693/1356 715/720/1356 711/695/1356
f 711/695/1357 716/721/1357 672/665/1357
f 659/677/1358 724/722/1358 698/706/1358
f 702/703/1359 714/716/1359 684/682/1359
f 714/716/1360 712/712/1360 700/688/1360
f 685/683/1361 722/723/1361 704/689/1361
f 673/676/1362 709/713/1362 680/670/1362
f 674/663/1363 687/686/1363 710/701/1363
f 701/693/1364 723/724/1364 715/720/1364
f 695/698/1365 741/725/1365 708/710/1365
f 694/691/1366 705/711/1366 666/672/1366
f 699/707/1367 698/706/1367 721/726/1367
f 704/689/1368 727/727/1368 695/698/1368
f 642/659/1369 708/710/1369 661/662/1369
f 693/690/1370 619/623/1370 632/632/1370
f 652/654/1371 697/702/1371 720/718/1371
f 699/707/1372 721/726/1372 717/715/1372
f 717/715/1373 734/728/1373 702/703/1373
f 712/712/1374 725/729/1374 706/708/1374
f 692/673/1375 726/730/1375 685/683/1375
f 683/685/1376 729/731/1376 694/691/1376
f 733/732/1377 721/726/1377 698/706/1377
f 714/716/1378 725/729/1378 712/712/1378
f 706/708/1379 725/729/1379 707/709/1379
f 685/683/1380 726/730/1380 722/723/1380
f 693/690/1381 791/733/1381 619/623/1381
f 709/713/1382 728/734/1382 680/670/1382
f 728/734/1383 719/714/1383 680/670/1383
f 705/711/1384 730/735/1384 687/686/1384
f 687/686/1303 736/736/1303 710/701/1303
f 651/657/1385 759/737/1385 671/687/1385
f 738/738/1386 723/724/1386 701/693/1386
f 711/695/1387 715/720/1387 716/721/1387
f 717/715/1388 721/726/1388 734/728/1388
f 702/703/1389 737/739/1389 714/716/1389
f 692/673/1390 703/704/1390 726/730/1390
f 722/723/1391 727/727/1391 704/689/1391
f 727/727/1392 741/725/1392 695/698/1392
f 720/718/1393 744/740/1393 690/705/1393
f 731/719/1394 738/738/1394 701/693/1394
f 682/694/1395 713/717/1395 693/690/1395
f 693/690/1396 739/741/1396 791/733/1396
f 744/740/1397 731/719/1397 690/705/1397
f 724/722/1398 740/742/1398 698/706/1398
f 714/716/1399 737/739/1399 735/743/1399
f 735/743/1400 725/729/1400 714/716/1400
f 619/623/1401 742/744/1401 709/713/1401
f 686/684/1402 729/731/1402 683/685/1402
f 730/735/1403 736/736/1403 687/686/1403
f 710/701/1404 758/745/1404 651/657/1404
f 671/687/1405 748/746/1405 681/699/1405
f 696/700/1406 743/747/1406 697/702/1406
f 744/740/1407 738/738/1407 731/719/1407
f 659/677/1408 732/748/1408 724/722/1408
f 740/742/1409 745/749/1409 698/706/1409
f 698/706/1410 745/749/1410 733/732/1410
f 721/726/1411 733/732/1411 734/728/1411
f 734/728/1412 737/739/1412 702/703/1412
f 681/699/1413 749/750/1413 689/692/1413
f 723/724/1414 750/751/1414 715/720/1414
f 735/743/1415 752/752/1415 725/729/1415
f 725/729/1416 753/753/1416 707/709/1416
f 713/717/1417 746/754/1417 693/690/1417
f 694/691/1418 747/755/1418 705/711/1418
f 736/736/1419 773/756/1419 710/701/1419
f 651/657/1420 758/745/1420 759/737/1420
f 719/714/1421 729/731/1421 686/684/1421
f 748/746/1422 749/750/1422 681/699/1422
f 697/702/1423 775/757/1423 720/718/1423
f 732/748/1424 751/758/1424 724/722/1424
f 725/729/1425 763/759/1425 753/753/1425
f 754/760/1426 703/704/1426 718/697/1426
f 742/744/1427 728/734/1427 709/713/1427
f 729/731/1428 757/761/1428 694/691/1428
f 671/687/1429 759/737/1429 748/746/1429
f 738/738/1430 755/762/1430 723/724/1430
f 724/722/1431 751/758/1431 740/742/1431
f 733/732/1432 737/739/1432 734/728/1432
f 752/752/1433 763/759/1433 725/729/1433
f 764/763/1434 707/709/1434 753/753/1434
f 707/709/1435 754/760/1435 718/697/1435
f 722/723/1436 760/764/1436 727/727/1436
f 708/710/1437 761/765/1437 661/662/1437
f 619/623/1438 791/733/1438 742/744/1438
f 791/733/1439 756/766/1439 742/744/1439
f 728/734/1440 778/767/1440 719/714/1440
f 773/756/1441 758/745/1441 710/701/1441
f 749/750/1442 696/700/1442 689/692/1442
f 744/740/1443 768/768/1443 738/738/1443
f 768/768/1444 755/762/1444 738/738/1444
f 763/759/1445 764/763/1445 753/753/1445
f 703/704/1446 765/769/1446 726/730/1446
f 722/723/1447 726/730/1447 760/764/1447
f 760/764/1448 766/770/1448 727/727/1448
f 741/725/1449 767/771/1449 708/710/1449
f 696/700/1450 749/750/1450 743/747/1450
f 764/763/1451 754/760/1451 707/709/1451
f 727/727/1452 766/770/1452 741/725/1452
f 761/765/1453 713/717/1453 661/662/1453
f 742/744/1454 778/767/1454 728/734/1454
f 743/747/1455 775/757/1455 697/702/1455
f 715/720/1456 750/751/1456 716/721/1456
f 733/732/1457 745/749/1457 737/739/1457
f 737/739/1458 762/772/1458 735/743/1458
f 762/772/1459 771/773/1459 735/743/1459
f 735/743/1460 771/773/1460 752/752/1460
f 708/710/1461 767/771/1461 761/765/1461
f 757/761/1462 747/755/1462 694/691/1462
f 747/755/1463 772/774/1463 705/711/1463
f 705/711/1464 772/774/1464 730/735/1464
f 779/775/1465 736/736/1465 730/735/1465
f 745/749/1466 770/776/1466 737/739/1466
f 771/773/1467 776/777/1467 752/752/1467
f 776/777/1468 763/759/1468 752/752/1468
f 758/745/1469 792/778/1469 759/737/1469
f 720/718/1470 780/779/1470 744/740/1470
f 780/779/1471 768/768/1471 744/740/1471
f 755/762/1472 750/751/1472 723/724/1472
f 737/739/1473 770/776/1473 762/772/1473
f 766/770/1474 767/771/1474 741/725/1474
f 719/714/1475 757/761/1475 729/731/1475
f 772/774/1476 779/775/1476 730/735/1476
f 758/745/1477 774/780/1477 792/778/1477
f 792/778/1478 748/746/1478 759/737/1478
f 755/762/1479 781/781/1479 750/751/1479
f 763/759/1480 783/782/1480 764/763/1480
f 756/766/1481 778/767/1481 742/744/1481
f 716/721/1482 784/783/1482 672/665/1482
f 740/742/1483 785/784/1483 745/749/1483
f 745/749/1484 785/784/1484 769/785/1484
f 776/777/1485 782/786/1485 763/759/1485
f 763/759/1486 782/786/1486 783/782/1486
f 764/763/1487 783/782/1487 754/760/1487
f 783/782/1488 787/787/1488 754/760/1488
f 754/760/1489 812/788/1489 703/704/1489
f 693/690/1490 746/754/1490 739/741/1490
f 771/773/1491 786/789/1491 776/777/1491
f 786/789/1492 782/786/1492 776/777/1492
f 787/787/1493 812/788/1493 754/760/1493
f 756/766/1494 795/790/1494 778/767/1494
f 719/714/1495 801/791/1495 757/761/1495
f 792/778/1496 788/792/1496 748/746/1496
f 775/757/1497 813/793/1497 720/718/1497
f 732/748/1498 790/794/1498 751/758/1498
f 751/758/1499 785/784/1499 740/742/1499
f 769/785/1500 770/776/1500 745/749/1500
f 777/795/1501 713/717/1501 761/765/1501
f 778/767/1502 801/791/1502 719/714/1502
f 749/750/1503 810/796/1503 743/747/1503
f 755/762/1504 797/797/1504 781/781/1504
f 716/721/1505 811/798/1505 784/783/1505
f 770/776/1506 793/799/1506 762/772/1506
f 812/788/1507 765/769/1507 703/704/1507
f 743/747/1508 838/800/1508 775/757/1508
f 720/718/1509 813/793/1509 780/779/1509
f 780/779/1510 789/801/1510 768/768/1510
f 768/768/1511 796/802/1511 755/762/1511
f 796/802/1512 797/797/1512 755/762/1512
f 781/781/1513 803/803/1513 750/751/1513
f 750/751/1514 811/798/1514 716/721/1514
f 793/799/1515 771/773/1515 762/772/1515
f 783/782/1516 782/786/1516 786/789/1516
f 726/730/1517 765/769/1517 760/764/1517
f 760/764/1518 798/804/1518 766/770/1518
f 767/771/1519 799/805/1519 761/765/1519
f 795/790/1520 800/806/1520 778/767/1520
f 779/775/1521 802/807/1521 736/736/1521
f 789/801/1522 796/802/1522 768/768/1522
f 803/803/1523 811/798/1523 750/751/1523
f 793/799/1524 804/808/1524 771/773/1524
f 736/736/1525 802/807/1525 773/756/1525
f 748/746/1526 809/809/1526 749/750/1526
f 785/784/1527 820/810/1527 769/785/1527
f 820/810/1528 770/776/1528 769/785/1528
f 771/773/1529 804/808/1529 786/789/1529
f 786/789/1530 806/811/1530 783/782/1530
f 783/782/1531 806/811/1531 794/812/1531
f 783/782/1532 794/812/1532 787/787/1532
f 799/805/1533 777/795/1533 761/765/1533
f 747/755/1534 805/813/1534 772/774/1534
f 788/792/1535 809/809/1535 748/746/1535
f 809/809/1536 810/796/1536 749/750/1536
f 751/758/1537 828/814/1537 785/784/1537
f 760/764/1538 807/815/1538 798/804/1538
f 800/806/1539 801/791/1539 778/767/1539
f 772/774/1540 808/816/1540 779/775/1540
f 810/796/1541 838/800/1541 743/747/1541
f 780/779/1542 813/793/1542 789/801/1542
f 785/784/1543 828/814/1543 820/810/1543
f 806/811/1544 814/817/1544 794/812/1544
f 794/812/1545 815/818/1545 787/787/1545
f 815/818/1546 812/788/1546 787/787/1546
f 777/795/1547 850/819/1547 713/717/1547
f 746/754/1548 840/820/1548 739/741/1548
f 801/791/1549 826/821/1549 757/761/1549
f 757/761/1550 817/822/1550 747/755/1550
f 827/823/1551 819/824/1551 792/778/1551
f 792/778/1552 819/824/1552 788/792/1552
f 789/801/1553 813/793/1553 796/802/1553
f 765/769/1554 807/815/1554 760/764/1554
f 747/755/1555 817/822/1555 805/813/1555
f 774/780/1556 827/823/1556 792/778/1556
f 838/800/1557 813/793/1557 775/757/1557
f 820/810/1558 821/825/1558 770/776/1558
f 821/825/1559 793/799/1559 770/776/1559
f 822/826/1560 804/808/1560 793/799/1560
f 804/808/1561 829/827/1561 786/789/1561
f 814/817/1562 815/818/1562 794/812/1562
f 812/788/1563 824/828/1563 765/769/1563
f 758/745/1564 818/829/1564 774/780/1564
f 797/797/1565 803/803/1565 781/781/1565
f 790/794/1566 828/814/1566 751/758/1566
f 786/789/1567 823/830/1567 806/811/1567
f 765/769/1568 816/831/1568 807/815/1568
f 766/770/1569 825/832/1569 767/771/1569
f 825/832/1570 799/805/1570 767/771/1570
f 805/813/1571 808/816/1571 772/774/1571
f 822/826/1572 829/827/1572 804/808/1572
f 829/827/1573 823/830/1573 786/789/1573
f 823/830/1574 814/817/1574 806/811/1574
f 798/804/1575 825/832/1575 766/770/1575
f 800/806/1576 831/833/1576 801/791/1576
f 802/807/1577 832/834/1577 773/756/1577
f 833/835/1578 811/798/1578 803/803/1578
f 821/825/1579 822/826/1579 793/799/1579
f 812/788/1580 835/836/1580 830/837/1580
f 830/837/1581 824/828/1581 812/788/1581
f 824/828/1582 816/831/1582 765/769/1582
f 834/838/1583 796/802/1583 813/793/1583
f 811/798/1584 853/839/1584 784/783/1584
f 846/840/1585 815/818/1585 814/817/1585
f 815/818/1586 835/836/1586 812/788/1586
f 836/841/1587 746/754/1587 713/717/1587
f 773/756/1588 818/829/1588 758/745/1588
f 819/824/1589 837/842/1589 788/792/1589
f 821/825/1590 839/843/1590 822/826/1590
f 822/826/1591 839/843/1591 829/827/1591
f 739/741/1592 840/820/1592 791/733/1592
f 795/790/1593 841/844/1593 800/806/1593
f 757/761/1594 826/821/1594 817/822/1594
f 774/780/1595 818/829/1595 827/823/1595
f 809/809/1596 842/845/1596 810/796/1596
f 834/838/1597 843/846/1597 796/802/1597
f 796/802/1598 843/846/1598 797/797/1598
f 833/835/1599 853/839/1599 811/798/1599
f 839/843/1600 844/847/1600 829/827/1600
f 829/827/1601 844/847/1601 823/830/1601
f 823/830/1602 845/848/1602 814/817/1602
f 815/818/1603 846/840/1603 835/836/1603
f 841/844/1604 831/833/1604 800/806/1604
f 847/849/1605 802/807/1605 779/775/1605
f 827/823/1606 848/850/1606 819/824/1606
f 788/792/1607 842/845/1607 809/809/1607
f 843/846/1608 803/803/1608 797/797/1608
f 843/846/1609 849/851/1609 803/803/1609
f 845/848/1610 846/840/1610 814/817/1610
f 807/815/1611 825/832/1611 798/804/1611
f 791/733/1612 851/852/1612 756/766/1612
f 756/766/1613 851/852/1613 795/790/1613
f 773/756/1614 852/853/1614 818/829/1614
f 838/800/1615 873/854/1615 813/793/1615
f 856/855/1616 834/838/1616 813/793/1616
f 844/847/1617 854/856/1617 823/830/1617
f 823/830/1618 854/856/1618 845/848/1618
f 855/857/1619 830/837/1619 835/836/1619
f 803/803/1620 849/851/1620 833/835/1620
f 846/840/1621 857/858/1621 835/836/1621
f 799/805/1622 858/859/1622 777/795/1622
f 746/754/1623 836/841/1623 840/820/1623
f 851/852/1624 841/844/1624 795/790/1624
f 831/833/1625 826/821/1625 801/791/1625
f 805/813/1626 847/849/1626 808/816/1626
f 837/842/1627 842/845/1627 788/792/1627
f 839/843/1628 859/860/1628 844/847/1628
f 835/836/1629 857/858/1629 855/857/1629
f 808/816/1630 847/849/1630 779/775/1630
f 818/829/1631 848/850/1631 827/823/1631
f 819/824/1632 848/850/1632 837/842/1632
f 821/825/1633 860/861/1633 839/843/1633
f 839/843/1634 860/861/1634 859/860/1634
f 845/848/1635 857/858/1635 846/840/1635
f 840/820/1636 862/862/1636 791/733/1636
f 810/796/1637 863/863/1637 838/800/1637
f 861/864/1638 845/848/1638 854/856/1638
f 864/865/1639 824/828/1639 830/837/1639
f 825/832/1640 858/859/1640 799/805/1640
f 858/859/1641 850/819/1641 777/795/1641
f 826/821/1642 887/866/1642 817/822/1642
f 847/849/1643 832/834/1643 802/807/1643
f 834/838/1644 871/867/1644 843/846/1644
f 843/846/1645 878/868/1645 849/851/1645
f 828/814/1646 866/869/1646 820/810/1646
f 859/860/1647 860/861/1647 844/847/1647
f 867/870/1648 854/856/1648 844/847/1648
f 855/857/1649 864/865/1649 830/837/1649
f 862/862/1650 851/852/1650 791/733/1650
f 865/871/1651 847/849/1651 805/813/1651
f 842/845/1652 869/872/1652 810/796/1652
f 813/793/1653 873/854/1653 856/855/1653
f 860/861/1654 867/870/1654 844/847/1654
f 807/815/1655 885/873/1655 825/832/1655
f 713/717/1656 850/819/1656 836/841/1656
f 851/852/1657 831/833/1657 841/844/1657
f 831/833/1658 899/874/1658 826/821/1658
f 848/850/1659 872/875/1659 837/842/1659
f 837/842/1660 869/872/1660 842/845/1660
f 810/796/1661 869/872/1661 863/863/1661
f 856/855/1662 870/876/1662 834/838/1662
f 843/846/1663 897/877/1663 878/868/1663
f 874/878/1664 875/879/1664 821/825/1664
f 821/825/1665 875/879/1665 860/861/1665
f 816/831/1666 885/873/1666 807/815/1666
f 877/880/1667 868/881/1667 817/822/1667
f 832/834/1668 852/853/1668 773/756/1668
f 849/851/1669 878/868/1669 833/835/1669
f 867/870/1670 879/882/1670 854/856/1670
f 879/882/1671 861/864/1671 854/856/1671
f 845/848/1672 880/883/1672 857/858/1672
f 880/883/1673 881/884/1673 857/858/1673
f 857/858/1674 881/884/1674 855/857/1674
f 850/819/1675 883/885/1675 836/841/1675
f 863/863/1676 873/854/1676 838/800/1676
f 820/810/1677 874/878/1677 821/825/1677
f 867/870/1678 860/861/1678 876/886/1678
f 867/870/1679 876/886/1679 879/882/1679
f 855/857/1680 881/884/1680 864/865/1680
f 881/884/1681 884/887/1681 864/865/1681
f 864/865/1682 816/831/1682 824/828/1682
f 858/859/1683 882/888/1683 850/819/1683
f 817/822/1684 865/871/1684 805/813/1684
f 818/829/1685 891/889/1685 848/850/1685
f 891/889/1686 872/875/1686 848/850/1686
f 834/838/1687 870/876/1687 871/867/1687
f 866/869/1688 874/878/1688 820/810/1688
f 861/864/1689 880/883/1689 845/848/1689
f 884/887/1690 816/831/1690 864/865/1690
f 825/832/1691 885/873/1691 858/859/1691
f 868/881/1692 865/871/1692 817/822/1692
f 833/835/1693 886/890/1693 853/839/1693
f 889/891/1694 885/873/1694 816/831/1694
f 862/862/1695 890/892/1695 851/852/1695
f 851/852/1696 893/893/1696 831/833/1696
f 887/866/1697 877/880/1697 817/822/1697
f 847/849/1698 894/894/1698 832/834/1698
f 894/894/1699 852/853/1699 832/834/1699
f 892/895/1700 876/886/1700 860/861/1700
f 880/883/1701 888/896/1701 881/884/1701
f 837/842/1702 872/875/1702 869/872/1702
f 869/872/1703 900/897/1703 863/863/1703
f 876/886/1704 895/898/1704 879/882/1704
f 893/893/1705 899/874/1705 831/833/1705
f 875/879/1706 892/895/1706 860/861/1706
f 895/898/1707 898/899/1707 879/882/1707
f 881/884/1708 896/900/1708 884/887/1708
f 890/892/1709 893/893/1709 851/852/1709
f 852/853/1710 891/889/1710 818/829/1710
f 863/863/1711 901/901/1711 873/854/1711
f 843/846/1712 871/867/1712 897/877/1712
f 876/886/1713 892/895/1713 895/898/1713
f 977/902/1714 862/862/1714 840/820/1714
f 899/874/1715 903/903/1715 826/821/1715
f 826/821/1716 903/903/1716 887/866/1716
f 865/871/1717 904/904/1717 847/849/1717
f 833/835/1718 878/868/1718 886/890/1718
f 886/890/1719 905/905/1719 853/839/1719
f 879/882/1720 898/899/1720 861/864/1720
f 836/841/1721 883/885/1721 840/820/1721
f 883/885/1722 977/902/1722 840/820/1722
f 901/901/1723 906/906/1723 873/854/1723
f 923/907/1724 866/869/1724 828/814/1724
f 875/879/1725 907/908/1725 892/895/1725
f 881/884/1726 908/909/1726 896/900/1726
f 884/887/1727 902/910/1727 816/831/1727
f 902/910/1728 889/891/1728 816/831/1728
f 872/875/1729 911/911/1729 869/872/1729
f 873/854/1730 906/906/1730 856/855/1730
f 790/794/1731 923/907/1731 828/814/1731
f 874/878/1732 913/912/1732 875/879/1732
f 892/895/1733 914/913/1733 895/898/1733
f 908/909/1734 915/914/1734 896/900/1734
f 885/873/1735 909/915/1735 858/859/1735
f 890/892/1736 916/916/1736 893/893/1736
f 900/897/1737 901/901/1737 863/863/1737
f 871/867/1738 918/917/1738 897/877/1738
f 878/868/1739 897/877/1739 912/918/1739
f 896/900/1740 915/914/1740 884/887/1740
f 882/888/1741 910/919/1741 850/819/1741
f 917/920/1742 894/894/1742 847/849/1742
f 911/911/1743 900/897/1743 869/872/1743
f 913/912/1744 907/908/1744 875/879/1744
f 880/883/1745 920/921/1745 888/896/1745
f 881/884/1746 888/896/1746 908/909/1746
f 884/887/1747 915/914/1747 902/910/1747
f 850/819/1748 910/919/1748 883/885/1748
f 868/881/1749 877/880/1749 865/871/1749
f 877/880/1750 940/922/1750 865/871/1750
f 904/904/1751 917/920/1751 847/849/1751
f 921/923/1752 918/917/1752 871/867/1752
f 878/868/1753 912/918/1753 886/890/1753
f 866/869/1754 913/912/1754 874/878/1754
f 907/908/1755 914/913/1755 892/895/1755
f 895/898/1756 919/924/1756 898/899/1756
f 861/864/1757 898/899/1757 880/883/1757
f 888/896/1758 920/921/1758 908/909/1758
f 889/891/1759 909/915/1759 885/873/1759
f 852/853/1760 941/925/1760 891/889/1760
f 870/876/1761 921/923/1761 871/867/1761
f 895/898/1762 914/913/1762 919/924/1762
f 928/926/1763 902/910/1763 915/914/1763
f 899/874/1764 924/927/1764 903/903/1764
f 939/928/1765 911/911/1765 872/875/1765
f 936/929/1766 906/906/1766 901/901/1766
f 856/855/1767 932/930/1767 870/876/1767
f 923/907/1768 922/931/1768 866/869/1768
f 862/862/1769 929/932/1769 890/892/1769
f 903/903/1770 930/933/1770 887/866/1770
f 887/866/1771 930/933/1771 877/880/1771
f 865/871/1772 940/922/1772 904/904/1772
f 891/889/1773 941/925/1773 872/875/1773
f 911/911/1774 931/934/1774 900/897/1774
f 906/906/1775 932/930/1775 856/855/1775
f 897/877/1776 926/935/1776 912/918/1776
f 898/899/1777 920/921/1777 880/883/1777
f 900/897/1778 949/936/1778 901/901/1778
f 870/876/1779 932/930/1779 925/937/1779
f 925/937/1780 921/923/1780 870/876/1780
f 913/912/1781 933/938/1781 907/908/1781
f 928/926/1782 944/939/1782 902/910/1782
f 929/932/1783 916/916/1783 890/892/1783
f 893/893/1784 916/916/1784 969/940/1784
f 866/869/1785 922/931/1785 913/912/1785
f 907/908/1786 933/938/1786 914/913/1786
f 898/899/1787 919/924/1787 934/941/1787
f 920/921/1788 937/942/1788 908/909/1788
f 937/942/1789 938/943/1789 908/909/1789
f 908/909/1790 938/943/1790 915/914/1790
f 915/914/1791 938/943/1791 928/926/1791
f 902/910/1792 967/944/1792 889/891/1792
f 883/885/1793 910/919/1793 935/945/1793
f 894/894/1794 917/920/1794 852/853/1794
f 941/925/1795 939/928/1795 872/875/1795
f 897/877/1796 918/917/1796 926/935/1796
f 931/934/1797 949/936/1797 900/897/1797
f 949/936/1798 936/929/1798 901/901/1798
f 922/931/1799 943/946/1799 913/912/1799
f 913/912/1800 943/946/1800 933/938/1800
f 956/947/1801 935/945/1801 910/919/1801
f 977/902/1802 945/948/1802 862/862/1802
f 893/893/1803 946/949/1803 899/874/1803
f 899/874/1804 946/949/1804 924/927/1804
f 930/933/1805 970/950/1805 877/880/1805
f 904/904/1806 947/951/1806 917/920/1806
f 852/853/1807 952/952/1807 941/925/1807
f 925/937/1808 950/953/1808 921/923/1808
f 902/910/1809 944/939/1809 967/944/1809
f 967/944/1810 951/954/1810 889/891/1810
f 969/940/1811 946/949/1811 893/893/1811
f 877/880/1812 970/950/1812 940/922/1812
f 912/918/1813 926/935/1813 886/890/1813
f 953/955/1814 914/913/1814 933/938/1814
f 914/913/1815 954/956/1815 919/924/1815
f 951/954/1816 909/915/1816 889/891/1816
f 909/915/1817 968/957/1817 858/859/1817
f 882/888/1818 957/958/1818 910/919/1818
f 862/862/1819 945/948/1819 929/932/1819
f 917/920/1820 952/952/1820 852/853/1820
f 952/952/1821 975/959/1821 941/925/1821
f 941/925/1822 948/960/1822 939/928/1822
f 898/899/1823 934/941/1823 920/921/1823
f 920/921/1824 955/961/1824 937/942/1824
f 938/943/1825 944/939/1825 928/926/1825
f 935/945/1826 977/902/1826 883/885/1826
f 924/927/1827 961/962/1827 903/903/1827
f 959/963/1828 906/906/1828 936/929/1828
f 905/905/1829 886/890/1829 942/964/1829
f 943/946/1830 953/955/1830 933/938/1830
f 953/955/1831 954/956/1831 914/913/1831
f 968/957/1832 957/958/1832 858/859/1832
f 903/903/1833 961/962/1833 930/933/1833
f 941/925/1834 975/959/1834 948/960/1834
f 939/928/1835 958/965/1835 911/911/1835
f 911/911/1836 958/965/1836 931/934/1836
f 949/936/1837 963/966/1837 936/929/1837
f 963/966/1838 959/963/1838 936/929/1838
f 905/905/1839 942/964/1839 927/967/1839
f 964/968/1840 923/907/1840 790/794/1840
f 976/969/1841 922/931/1841 923/907/1841
f 954/956/1842 934/941/1842 919/924/1842
f 934/941/1843 960/970/1843 920/921/1843
f 937/942/1844 966/971/1844 938/943/1844
f 938/943/1845 966/971/1845 944/939/1845
f 858/859/1846 957/958/1846 882/888/1846
f 957/958/1847 956/947/1847 910/919/1847
f 940/922/1848 947/951/1848 904/904/1848
f 918/917/1849 971/972/1849 926/935/1849
f 953/955/1850 972/973/1850 954/956/1850
f 954/956/1851 965/974/1851 934/941/1851
f 920/921/1852 960/970/1852 955/961/1852
f 929/932/1853 983/975/1853 916/916/1853
f 946/949/1854 961/962/1854 924/927/1854
f 974/976/1855 947/951/1855 940/922/1855
f 947/951/1856 962/977/1856 917/920/1856
f 962/977/1857 952/952/1857 917/920/1857
f 921/923/1858 980/978/1858 918/917/1858
f 886/890/1859 981/979/1859 942/964/1859
f 934/941/1860 965/974/1860 973/980/1860
f 955/961/1861 966/971/1861 937/942/1861
f 931/934/1862 958/965/1862 949/936/1862
f 959/963/1863 932/930/1863 906/906/1863
f 925/937/1864 995/981/1864 950/953/1864
f 934/941/1865 973/980/1865 960/970/1865
f 944/939/1866 966/971/1866 967/944/1866
f 945/948/1867 983/975/1867 929/932/1867
f 916/916/1868 983/975/1868 969/940/1868
f 978/982/1869 963/966/1869 949/936/1869
f 932/930/1870 995/981/1870 925/937/1870
f 950/953/1871 980/978/1871 921/923/1871
f 918/917/1872 980/978/1872 971/972/1872
f 922/931/1873 984/983/1873 943/946/1873
f 943/946/1874 984/983/1874 953/955/1874
f 954/956/1875 985/984/1875 965/974/1875
f 965/974/1876 985/984/1876 973/980/1876
f 966/971/1877 982/985/1877 967/944/1877
f 986/986/1878 951/954/1878 967/944/1878
f 951/954/1879 968/957/1879 909/915/1879
f 946/949/1880 999/987/1880 961/962/1880
f 962/977/1881 988/988/1881 952/952/1881
f 958/965/1882 978/982/1882 949/936/1882
f 886/890/1883 989/989/1883 981/979/1883
f 942/964/1884 990/990/1884 927/967/1884
f 964/968/1885 976/969/1885 923/907/1885
f 930/933/1886 961/962/1886 970/950/1886
f 970/950/1887 987/991/1887 940/922/1887
f 959/963/1888 979/992/1888 932/930/1888
f 971/972/1889 1006/993/1889 926/935/1889
f 926/935/1890 989/989/1890 886/890/1890
f 993/994/1891 984/983/1891 922/931/1891
f 972/973/1892 985/984/1892 954/956/1892
f 985/984/1893 994/995/1893 973/980/1893
f 955/961/1894 960/970/1894 966/971/1894
f 967/944/1895 982/985/1895 986/986/1895
f 952/952/1896 988/988/1896 975/959/1896
f 995/981/1897 992/996/1897 950/953/1897
f 950/953/1898 992/996/1898 980/978/1898
f 992/996/1899 996/997/1899 980/978/1899
f 981/979/1900 990/990/1900 942/964/1900
f 984/983/1901 972/973/1901 953/955/1901
f 972/973/1902 997/998/1902 985/984/1902
f 939/928/1903 1000/999/1903 958/965/1903
f 979/992/1904 995/981/1904 932/930/1904
f 1002/1000/1905 969/940/1905 983/975/1905
f 948/960/1906 1000/999/1906 939/928/1906
f 1000/999/1907 991/1001/1907 958/965/1907
f 926/935/1908 1006/993/1908 989/989/1908
f 994/995/1909 1003/1002/1909 973/980/1909
f 966/971/1910 1005/1003/1910 982/985/1910
f 969/940/1911 1002/1000/1911 946/949/1911
f 963/966/1912 1017/1004/1912 959/963/1912
f 976/969/1913 1001/1005/1913 993/994/1913
f 976/969/1914 993/994/1914 922/931/1914
f 973/980/1915 1003/1002/1915 960/970/1915
f 968/957/1916 1009/1006/1916 957/958/1916
f 987/991/1917 974/976/1917 940/922/1917
f 947/951/1918 974/976/1918 962/977/1918
f 962/977/1919 1011/1007/1919 988/988/1919
f 958/965/1920 991/1001/1920 978/982/1920
f 996/997/1921 1013/1008/1921 980/978/1921
f 980/978/1922 1006/993/1922 971/972/1922
f 964/968/1923 1001/1005/1923 976/969/1923
f 984/983/1924 1014/1009/1924 972/973/1924
f 1014/1009/1925 997/998/1925 972/973/1925
f 1003/1002/1926 1004/1010/1926 960/970/1926
f 1005/1003/1927 1016/1011/1927 982/985/1927
f 1016/1011/1928 986/986/1928 982/985/1928
f 986/986/1929 1008/1012/1929 951/954/1929
f 983/975/1930 945/948/1930 998/1013/1930
f 998/1013/1931 1002/1000/1931 983/975/1931
f 961/962/1932 987/991/1932 970/950/1932
f 975/959/1933 1023/1014/1933 948/960/1933
f 1023/1014/1934 1000/999/1934 948/960/1934
f 1017/1004/1935 979/992/1935 959/963/1935
f 997/998/1936 994/995/1936 985/984/1936
f 960/970/1937 1004/1010/1937 1007/1015/1937
f 960/970/1938 1005/1003/1938 966/971/1938
f 1010/1016/1939 956/947/1939 957/958/1939
f 978/982/1940 1012/1017/1940 963/966/1940
f 980/978/1941 1013/1008/1941 1006/993/1941
f 1007/1015/1942 1015/1018/1942 960/970/1942
f 960/970/1943 1015/1018/1943 1005/1003/1943
f 1031/1019/1944 945/948/1944 977/902/1944
f 962/977/1945 1018/1020/1945 1011/1007/1945
f 979/992/1946 1028/1021/1946 995/981/1946
f 981/979/1947 1020/1022/1947 990/990/1947
f 1021/1023/1948 1004/1010/1948 1003/1002/1948
f 988/988/1949 1023/1014/1949 975/959/1949
f 1012/1017/1950 1017/1004/1950 963/966/1950
f 1016/1011/1951 1025/1024/1951 986/986/1951
f 1008/1012/1952 968/957/1952 951/954/1952
f 945/948/1953 1032/1025/1953 998/1013/1953
f 946/949/1954 1026/1026/1954 999/987/1954
f 1026/1026/1955 1027/1027/1955 999/987/1955
f 974/976/1956 1022/1028/1956 962/977/1956
f 1011/1007/1957 1019/1029/1957 988/988/1957
f 995/981/1958 1024/1030/1958 992/996/1958
f 1006/993/1959 1029/1031/1959 989/989/1959
f 981/979/1960 989/989/1960 1020/1022/1960
f 994/995/1961 1021/1023/1961 1003/1002/1961
f 1033/1032/1962 987/991/1962 961/962/1962
f 991/1001/1963 1000/999/1963 1036/1033/1963
f 1012/1017/1964 1034/1034/1964 1017/1004/1964
f 992/996/1965 1024/1030/1965 996/997/1965
f 1030/1035/1966 1001/1005/1966 964/968/1966
f 1005/1003/1967 1025/1024/1967 1016/1011/1967
f 968/957/1968 1035/1036/1968 1009/1006/1968
f 1002/1000/1969 1026/1026/1969 946/949/1969
f 1036/1033/1970 1037/1037/1970 991/1001/1970
f 991/1001/1971 1037/1037/1971 978/982/1971
f 1028/1021/1972 1024/1030/1972 995/981/1972
f 996/997/1973 1040/1038/1973 1013/1008/1973
f 1029/1031/1974 1020/1022/1974 989/989/1974
f 1025/1024/1975 1008/1012/1975 986/986/1975
f 1009/1006/1976 1010/1016/1976 957/958/1976
f 999/987/1977 1033/1032/1977 961/962/1977
f 987/991/1978 1022/1028/1978 974/976/1978
f 1037/1037/1979 1012/1017/1979 978/982/1979
f 979/992/1980 1017/1004/1980 1028/1021/1980
f 1024/1030/1981 1040/1038/1981 996/997/1981
f 1040/1038/1982 1041/1039/1982 1013/1008/1982
f 1013/1008/1983 1041/1039/1983 1006/993/1983
f 1041/1039/1984 1038/1040/1984 1006/993/1984
f 1001/1005/1985 1042/1041/1985 993/994/1985
f 984/983/1986 1063/1042/1986 1014/1009/1986
f 1063/1042/1987 1039/1043/1987 1014/1009/1987
f 1014/1009/1988 1043/1044/1988 997/998/1988
f 997/998/1989 1044/1045/1989 994/995/1989
f 994/995/1990 1044/1045/1990 1021/1023/1990
f 1021/1023/1991 1045/1046/1991 1004/1010/1991
f 1057/1047/1992 1025/1024/1992 1005/1003/1992
f 1022/1028/1993 1018/1020/1993 962/977/1993
f 1019/1029/1994 1023/1014/1994 988/988/1994
f 1038/1040/1995 1029/1031/1995 1006/993/1995
f 993/994/1996 1042/1041/1996 984/983/1996
f 997/998/1997 1043/1044/1997 1044/1045/1997
f 1045/1046/1998 1007/1015/1998 1004/1010/1998
f 1015/1018/1999 1057/1047/1999 1005/1003/1999
f 1031/1019/2000 1032/1025/2000 945/948/2000
f 1032/1025/2001 1046/1048/2001 998/1013/2001
f 1017/1004/2002 1052/1049/2002 1028/1021/2002
f 1040/1038/2003 1048/1050/2003 1041/1039/2003
f 1039/1043/2004 1043/1044/2004 1014/1009/2004
f 1021/1023/2005 1049/1051/2005 1045/1046/2005
f 956/947/2006 1050/1052/2006 935/945/2006
f 935/945/2007 1051/1053/2007 977/902/2007
f 998/1013/2008 1047/1054/2008 1002/1000/2008
f 1023/1014/2009 1073/1055/2009 1000/999/2009
f 1029/1031/2010 1053/1056/2010 1020/1022/2010
f 1008/1012/2011 1064/1057/2011 968/957/2011
f 1010/1016/2012 1050/1052/2012 956/947/2012
f 1050/1052/2013 1051/1053/2013 935/945/2013
f 1031/1019/2014 1058/1058/2014 1032/1025/2014
f 1047/1054/2015 1026/1026/2015 1002/1000/2015
f 1012/1017/2016 1055/1059/2016 1034/1034/2016
f 1034/1034/2017 1052/1049/2017 1017/1004/2017
f 1024/1030/2018 1062/1060/2018 1040/1038/2018
f 1044/1045/2019 1049/1051/2019 1021/1023/2019
f 1007/1015/2020 1057/1047/2020 1015/1018/2020
f 1025/1024/2021 1054/1061/2021 1008/1012/2021
f 1051/1053/2022 1031/1019/2022 977/902/2022
f 1019/1029/2023 1060/1062/2023 1023/1014/2023
f 1073/1055/2024 1036/1033/2024 1000/999/2024
f 1034/1034/2025 1061/1063/2025 1052/1049/2025
f 1038/1040/2026 1076/1064/2026 1029/1031/2026
f 1020/1022/2027 1056/1065/2027 990/990/2027
f 1042/1041/2028 1063/1042/2028 984/983/2028
f 1071/1066/2029 1057/1047/2029 1007/1015/2029
f 1064/1057/2030 1035/1036/2030 968/957/2030
f 1046/1048/2031 1047/1054/2031 998/1013/2031
f 999/987/2032 1027/1027/2032 1033/1032/2032
f 1037/1037/2033 1085/1067/2033 1012/1017/2033
f 1052/1049/2034 1067/1068/2034 1028/1021/2034
f 1025/1024/2035 1084/1069/2035 1054/1061/2035
f 1059/1070/2036 1022/1028/2036 987/991/2036
f 1019/1029/2037 1072/1071/2037 1060/1062/2037
f 1085/1067/2038 1065/1072/2038 1012/1017/2038
f 1034/1034/2039 1074/1073/2039 1061/1063/2039
f 1062/1060/2040 1080/1074/2040 1040/1038/2040
f 1040/1038/2041 1080/1074/2041 1048/1050/2041
f 1048/1050/2042 1068/1075/2042 1041/1039/2042
f 1069/1076/2043 1038/1040/2043 1041/1039/2043
f 1076/1064/2044 1070/1077/2044 1029/1031/2044
f 1029/1031/2045 1070/1077/2045 1053/1056/2045
f 1001/1005/2046 1114/1078/2046 1042/1041/2046
f 1066/1079/2047 1071/1066/2047 1045/1046/2047
f 1045/1046/2048 1071/1066/2048 1007/1015/2048
f 1011/1007/2049 1072/1071/2049 1019/1029/2049
f 1052/1049/2050 1061/1063/2050 1067/1068/2050
f 1028/1021/2051 1075/1080/2051 1024/1030/2051
f 1075/1080/2052 1062/1060/2052 1024/1030/2052
f 1053/1056/2053 1056/1065/2053 1020/1022/2053
f 1030/1035/2054 1114/1078/2054 1001/1005/2054
f 1033/1032/2055 1059/1070/2055 987/991/2055
f 1023/1014/2056 1060/1062/2056 1073/1055/2056
f 1036/1033/2057 1085/1067/2057 1037/1037/2057
f 1012/1017/2058 1065/1072/2058 1055/1059/2058
f 1055/1059/2059 1074/1073/2059 1034/1034/2059
f 1075/1080/2060 1079/1081/2060 1062/1060/2060
f 1068/1075/2061 1069/1076/2061 1041/1039/2061
f 1043/1044/2062 1082/1082/2062 1044/1045/2062
f 1049/1051/2063 1083/1083/2063 1045/1046/2063
f 1083/1083/2064 1066/1079/2064 1045/1046/2064
f 1057/1047/2065 1077/1084/2065 1025/1024/2065
f 1077/1084/2066 1084/1069/2066 1025/1024/2066
f 1008/1012/2067 1054/1061/2067 1064/1057/2067
f 1035/1036/2068 1078/1085/2068 1009/1006/2068
f 1031/1019/2069 1099/1086/2069 1058/1058/2069
f 1065/1072/2070 1086/1087/2070 1055/1059/2070
f 1061/1063/2071 1087/1088/2071 1067/1068/2071
f 1069/1076/2072 1089/1089/2072 1038/1040/2072
f 1089/1089/2073 1076/1064/2073 1038/1040/2073
f 1114/1078/2074 1090/1090/2074 1042/1041/2074
f 1090/1090/2075 1063/1042/2075 1042/1041/2075
f 1044/1045/2076 1082/1082/2076 1049/1051/2076
f 1071/1066/2077 1077/1084/2077 1057/1047/2077
f 1009/1006/2078 1078/1085/2078 1010/1016/2078
f 1026/1026/2079 1091/1091/2079 1027/1027/2079
f 1033/1032/2080 1092/1092/2080 1059/1070/2080
f 1109/1093/2081 1065/1072/2081 1085/1067/2081
f 1074/1073/2082 1094/1094/2082 1061/1063/2082
f 1061/1063/2083 1100/1095/2083 1087/1088/2083
f 1067/1068/2084 1095/1096/2084 1028/1021/2084
f 1028/1021/2085 1095/1096/2085 1075/1080/2085
f 1062/1060/2086 1079/1081/2086 1080/1074/2086
f 1096/1097/2087 1048/1050/2087 1080/1074/2087
f 1076/1064/2088 1097/1098/2088 1070/1077/2088
f 1066/1079/2089 1098/1099/2089 1071/1066/2089
f 1071/1066/2090 1098/1099/2090 1077/1084/2090
f 1094/1094/2091 1100/1095/2091 1061/1063/2091
f 1095/1096/2092 1088/1100/2092 1075/1080/2092
f 1075/1080/2093 1088/1100/2093 1079/1081/2093
f 1079/1081/2094 1096/1097/2094 1080/1074/2094
f 1048/1050/2095 1101/1101/2095 1068/1075/2095
f 1039/1043/2096 1103/1102/2096 1043/1044/2096
f 1043/1044/2097 1103/1102/2097 1082/1082/2097
f 1064/1057/2098 1136/1103/2098 1035/1036/2098
f 1163/1104/2099 1046/1048/2099 1032/1025/2099
f 1022/1028/2100 1105/1105/2100 1018/1020/2100
f 1073/1055/2101 1125/1106/2101 1036/1033/2101
f 1036/1033/2102 1125/1106/2102 1085/1067/2102
f 1055/1059/2103 1106/1107/2103 1074/1073/2103
f 1074/1073/2104 1106/1107/2104 1094/1094/2104
f 1096/1097/2105 1101/1101/2105 1048/1050/2105
f 1089/1089/2106 1097/1098/2106 1076/1064/2106
f 1053/1056/2107 1070/1077/2107 1056/1065/2107
f 1063/1042/2108 1102/1108/2108 1039/1043/2108
f 1082/1082/2109 1083/1083/2109 1049/1051/2109
f 1084/1069/2110 1107/1109/2110 1054/1061/2110
f 1054/1061/2111 1104/1110/2111 1064/1057/2111
f 1018/1020/2112 1108/1111/2112 1011/1007/2112
f 1125/1106/2113 1093/1112/2113 1085/1067/2113
f 1086/1087/2114 1106/1107/2114 1055/1059/2114
f 1087/1088/2115 1110/1113/2115 1067/1068/2115
f 1067/1068/2116 1110/1113/2116 1095/1096/2116
f 1111/1114/2117 1096/1097/2117 1079/1081/2117
f 1090/1090/2118 1102/1108/2118 1063/1042/2118
f 1054/1061/2119 1107/1109/2119 1104/1110/2119
f 1046/1048/2120 1163/1104/2120 1047/1054/2120
f 1093/1112/2121 1109/1093/2121 1085/1067/2121
f 1109/1093/2122 1116/1115/2122 1065/1072/2122
f 1096/1097/2123 1122/1116/2123 1101/1101/2123
f 1068/1075/2124 1101/1101/2124 1069/1076/2124
f 1069/1076/2125 1101/1101/2125 1112/1117/2125
f 1070/1077/2126 1123/1118/2126 1056/1065/2126
f 1098/1099/2127 1119/1119/2127 1077/1084/2127
f 1077/1084/2128 1119/1119/2128 1084/1069/2128
f 1031/1019/2129 1051/1053/2129 1099/1086/2129
f 1058/1058/2130 1163/1104/2130 1032/1025/2130
f 1073/1055/2131 1121/1120/2131 1125/1106/2131
f 1088/1100/2132 1127/1121/2132 1079/1081/2132
f 1079/1081/2133 1127/1121/2133 1111/1114/2133
f 1111/1114/2134 1122/1116/2134 1096/1097/2134
f 1069/1076/2135 1117/1122/2135 1089/1089/2135
f 1097/1098/2136 1113/1123/2136 1070/1077/2136
f 1113/1123/2137 1123/1118/2137 1070/1077/2137
f 1081/1124/2138 1114/1078/2138 1030/1035/2138
f 1066/1079/2139 1115/1125/2139 1098/1099/2139
f 1124/1126/2140 1119/1119/2140 1098/1099/2140
f 1150/1127/2141 1078/1085/2141 1035/1036/2141
f 1050/1052/2142 1120/1128/2142 1051/1053/2142
f 1132/1129/2143 1026/1026/2143 1047/1054/2143
f 1105/1105/2144 1108/1111/2144 1018/1020/2144
f 1086/1087/2145 1126/1130/2145 1106/1107/2145
f 1094/1094/2146 1106/1107/2146 1100/1095/2146
f 1095/1096/2147 1110/1113/2147 1088/1100/2147
f 1069/1076/2148 1112/1117/2148 1117/1122/2148
f 1128/1131/2149 1118/1132/2149 1056/1065/2149
f 1090/1090/2150 1129/1133/2150 1102/1108/2150
f 1119/1119/2151 1107/1109/2151 1084/1069/2151
f 1107/1109/2152 1130/1134/2152 1104/1110/2152
f 1130/1134/2153 1131/1135/2153 1104/1110/2153
f 1026/1026/2154 1132/1129/2154 1091/1091/2154
f 1011/1007/2155 1108/1111/2155 1072/1071/2155
f 1093/1112/2156 1133/1136/2156 1109/1093/2156
f 1065/1072/2157 1116/1115/2157 1126/1130/2157
f 1065/1072/2158 1126/1130/2158 1086/1087/2158
f 1110/1113/2159 1127/1121/2159 1088/1100/2159
f 1122/1116/2160 1134/1137/2160 1101/1101/2160
f 1089/1089/2161 1113/1123/2161 1097/1098/2161
f 1123/1118/2162 1128/1131/2162 1056/1065/2162
f 1102/1108/2163 1103/1102/2163 1039/1043/2163
f 1083/1083/2164 1135/1138/2164 1066/1079/2164
f 1066/1079/2165 1135/1138/2165 1115/1125/2165
f 1115/1125/2166 1124/1126/2166 1098/1099/2166
f 1150/1127/2167 1137/1139/2167 1078/1085/2167
f 1125/1106/2168 1133/1136/2168 1093/1112/2168
f 1106/1107/2169 1139/1140/2169 1100/1095/2169
f 1100/1095/2170 1110/1113/2170 1087/1088/2170
f 1089/1089/2171 1117/1122/2171 1113/1123/2171
f 1082/1082/2172 1160/1141/2172 1083/1083/2172
f 1160/1141/2173 1135/1138/2173 1083/1083/2173
f 1131/1135/2174 1064/1057/2174 1104/1110/2174
f 1033/1032/2175 1138/1142/2175 1092/1092/2175
f 1022/1028/2176 1059/1070/2176 1105/1105/2176
f 1060/1062/2177 1165/1143/2177 1073/1055/2177
f 1100/1095/2178 1139/1140/2178 1110/1113/2178
f 1110/1113/2179 1140/1144/2179 1127/1121/2179
f 1111/1114/2180 1142/1145/2180 1122/1116/2180
f 1107/1109/2181 1149/1146/2181 1141/1147/2181
f 1010/1016/2182 1151/1148/2182 1050/1052/2182
f 1165/1143/2183 1121/1120/2183 1073/1055/2183
f 1147/1149/2184 1133/1136/2184 1125/1106/2184
f 1122/1116/2185 1142/1145/2185 1134/1137/2185
f 1143/1150/2186 1123/1118/2186 1113/1123/2186
f 1081/1124/2187 1148/1151/2187 1114/1078/2187
f 1114/1078/2188 1148/1151/2188 1090/1090/2188
f 1090/1090/2189 1148/1151/2189 1129/1133/2189
f 1144/1152/2190 1103/1102/2190 1102/1108/2190
f 1119/1119/2191 1149/1146/2191 1107/1109/2191
f 1136/1103/2192 1150/1127/2192 1035/1036/2192
f 1051/1053/2193 1157/1153/2193 1099/1086/2193
f 1099/1086/2194 1171/1154/2194 1058/1058/2194
f 1027/1027/2195 1138/1142/2195 1033/1032/2195
f 1108/1111/2196 1060/1062/2196 1072/1071/2196
f 1146/1155/2197 1147/1149/2197 1125/1106/2197
f 1133/1136/2198 1152/1156/2198 1109/1093/2198
f 1152/1156/2199 1116/1115/2199 1109/1093/2199
f 1116/1115/2200 1152/1156/2200 1126/1130/2200
f 1126/1130/2201 1139/1140/2201 1106/1107/2201
f 1139/1140/2202 1153/1157/2202 1110/1113/2202
f 1153/1157/2203 1140/1144/2203 1110/1113/2203
f 1101/1101/2204 1154/1158/2204 1112/1117/2204
f 1117/1122/2205 1143/1150/2205 1113/1123/2205
f 1102/1108/2206 1129/1133/2206 1144/1152/2206
f 1103/1102/2207 1156/1159/2207 1082/1082/2207
f 1120/1128/2208 1157/1153/2208 1051/1053/2208
f 1027/1027/2209 1091/1091/2209 1138/1142/2209
f 1121/1120/2210 1145/1160/2210 1125/1106/2210
f 1145/1160/2211 1146/1155/2211 1125/1106/2211
f 1142/1145/2212 1158/1161/2212 1134/1137/2212
f 1123/1118/2213 1143/1150/2213 1128/1131/2213
f 1155/1162/2214 1148/1151/2214 1081/1124/2214
f 1115/1125/2215 1161/1163/2215 1124/1126/2215
f 1124/1126/2216 1162/1164/2216 1119/1119/2216
f 1162/1164/2217 1149/1146/2217 1119/1119/2217
f 1141/1147/2218 1130/1134/2218 1107/1109/2218
f 1131/1135/2219 1136/1103/2219 1064/1057/2219
f 1078/1085/2220 1180/1165/2220 1010/1016/2220
f 1163/1104/2221 1164/1166/2221 1047/1054/2221
f 1059/1070/2222 1168/1167/2222 1105/1105/2222
f 1108/1111/2223 1165/1143/2223 1060/1062/2223
f 1127/1121/2224 1140/1144/2224 1111/1114/2224
f 1134/1137/2225 1158/1161/2225 1101/1101/2225
f 1112/1117/2226 1159/1168/2226 1117/1122/2226
f 1159/1168/2227 1143/1150/2227 1117/1122/2227
f 1160/1141/2228 1167/1169/2228 1135/1138/2228
f 1135/1138/2229 1161/1163/2229 1115/1125/2229
f 1130/1134/2230 1173/1170/2230 1131/1135/2230
f 1151/1148/2231 1120/1128/2231 1050/1052/2231
f 1147/1149/2232 1152/1156/2232 1133/1136/2232
f 1158/1161/2233 1154/1158/2233 1101/1101/2233
f 1148/1151/2234 1169/1171/2234 1129/1133/2234
f 1129/1133/2235 1169/1171/2235 1144/1152/2235
f 1144/1152/2236 1156/1159/2236 1103/1102/2236
f 1082/1082/2237 1156/1159/2237 1160/1141/2237
f 1166/1172/2238 1167/1169/2238 1160/1141/2238
f 1161/1163/2239 1162/1164/2239 1124/1126/2239
f 1149/1146/2240 1170/1173/2240 1141/1147/2240
f 1130/1134/2241 1141/1147/2241 1173/1170/2241
f 1157/1153/2242 1171/1154/2242 1099/1086/2242
f 1171/1154/2243 1163/1104/2243 1058/1058/2243
f 1121/1120/2244 1181/1174/2244 1145/1160/2244
f 1140/1144/2245 1172/1175/2245 1111/1114/2245
f 1111/1114/2246 1172/1175/2246 1142/1145/2246
f 1167/1169/2247 1161/1163/2247 1135/1138/2247
f 1170/1173/2248 1173/1170/2248 1141/1147/2248
f 1173/1170/2249 1174/1176/2249 1131/1135/2249
f 1175/1177/2250 1137/1139/2250 1150/1127/2250
f 1132/1129/2251 1138/1142/2251 1091/1091/2251
f 1176/1178/2252 1177/1179/2252 1126/1130/2252
f 1177/1179/2253 1139/1140/2253 1126/1130/2253
f 1139/1140/2254 1177/1179/2254 1153/1157/2254
f 1142/1145/2255 1178/1180/2255 1158/1161/2255
f 1179/1181/2256 1166/1172/2256 1160/1141/2256
f 1166/1172/2257 1179/1181/2257 1167/1169/2257
f 1161/1163/2258 1190/1182/2258 1162/1164/2258
f 1131/1135/2259 1185/1183/2259 1136/1103/2259
f 1180/1165/2260 1078/1085/2260 1137/1139/2260
f 1182/1184/2261 1126/1130/2261 1152/1156/2261
f 1153/1157/2262 1183/1185/2262 1140/1144/2262
f 1172/1175/2263 1178/1180/2263 1142/1145/2263
f 1112/1117/2264 1154/1158/2264 1159/1168/2264
f 1156/1159/2265 1179/1181/2265 1160/1141/2265
f 1162/1164/2266 1170/1173/2266 1149/1146/2266
f 1184/1186/2267 1173/1170/2267 1170/1173/2267
f 1174/1176/2268 1185/1183/2268 1131/1135/2268
f 1197/1187/2269 1180/1165/2269 1137/1139/2269
f 1180/1165/2270 1151/1148/2270 1010/1016/2270
f 1164/1166/2271 1132/1129/2271 1047/1054/2271
f 1168/1167/2272 1187/1188/2272 1105/1105/2272
f 1147/1149/2273 1146/1155/2273 1152/1156/2273
f 1182/1184/2274 1176/1178/2274 1126/1130/2274
f 1158/1161/2275 1204/1189/2275 1154/1158/2275
f 1159/1168/2276 1192/1190/2276 1143/1150/2276
f 1156/1159/2277 1189/1191/2277 1179/1181/2277
f 1136/1103/2278 1175/1177/2278 1150/1127/2278
f 1092/1092/2279 1168/1167/2279 1059/1070/2279
f 1105/1105/2280 1187/1188/2280 1108/1111/2280
f 1191/1192/2281 1165/1143/2281 1108/1111/2281
f 1165/1143/2282 1181/1174/2282 1121/1120/2282
f 1146/1155/2283 1221/1193/2283 1152/1156/2283
f 1140/1144/2284 1183/1185/2284 1172/1175/2284
f 1178/1180/2285 1204/1189/2285 1158/1161/2285
f 1128/1131/2286 1143/1150/2286 1188/1194/2286
f 1155/1162/2287 1193/1195/2287 1148/1151/2287
f 1148/1151/2288 1193/1195/2288 1169/1171/2288
f 1144/1152/2289 1194/1196/2289 1156/1159/2289
f 1179/1181/2290 1195/1197/2290 1167/1169/2290
f 1167/1169/2291 1190/1182/2291 1161/1163/2291
f 1162/1164/2292 1196/1198/2292 1170/1173/2292
f 1196/1198/2293 1184/1186/2293 1170/1173/2293
f 1175/1177/2294 1197/1187/2294 1137/1139/2294
f 1171/1154/2295 1186/1199/2295 1163/1104/2295
f 1201/1200/2296 1092/1092/2296 1138/1142/2296
f 1181/1174/2297 1146/1155/2297 1145/1160/2297
f 1152/1156/2298 1221/1193/2298 1182/1184/2298
f 1192/1190/2299 1188/1194/2299 1143/1150/2299
f 1188/1194/2300 1118/1132/2300 1128/1131/2300
f 1167/1169/2301 1199/1201/2301 1190/1182/2301
f 1184/1186/2302 1174/1176/2302 1173/1170/2302
f 1185/1183/2303 1200/1202/2303 1136/1103/2303
f 1136/1103/2304 1200/1202/2304 1175/1177/2304
f 1132/1129/2305 1201/1200/2305 1138/1142/2305
f 1165/1143/2306 1202/1203/2306 1181/1174/2306
f 1172/1175/2307 1203/1204/2307 1178/1180/2307
f 1203/1204/2308 1204/1189/2308 1178/1180/2308
f 1194/1196/2309 1189/1191/2309 1156/1159/2309
f 1199/1201/2310 1206/1205/2310 1190/1182/2310
f 1181/1174/2311 1208/1206/2311 1146/1155/2311
f 1177/1179/2312 1211/1207/2312 1153/1157/2312
f 1153/1157/2313 1211/1207/2313 1183/1185/2313
f 1154/1158/2314 1209/1208/2314 1159/1168/2314
f 1169/1171/2315 1198/1209/2315 1144/1152/2315
f 1144/1152/2316 1198/1209/2316 1194/1196/2316
f 1162/1164/2317 1190/1182/2317 1196/1198/2317
f 1216/1210/2318 1168/1167/2318 1092/1092/2318
f 1108/1111/2319 1210/1211/2319 1191/1192/2319
f 1146/1155/2320 1208/1206/2320 1221/1193/2320
f 1204/1189/2321 1212/1212/2321 1154/1158/2321
f 1159/1168/2322 1213/1213/2322 1192/1190/2322
f 1155/1162/2323 1214/1214/2323 1193/1195/2323
f 1205/1215/2324 1195/1197/2324 1179/1181/2324
f 1196/1198/2325 1217/1216/2325 1184/1186/2325
f 1184/1186/2326 1185/1183/2326 1174/1176/2326
f 1175/1177/2327 1200/1202/2327 1197/1187/2327
f 1157/1153/2328 1215/1217/2328 1171/1154/2328
f 1191/1192/2329 1202/1203/2329 1165/1143/2329
f 1212/1212/2330 1209/1208/2330 1154/1158/2330
f 1193/1195/2331 1214/1214/2331 1169/1171/2331
f 1167/1169/2332 1242/1218/2332 1199/1201/2332
f 1190/1182/2333 1217/1216/2333 1196/1198/2333
f 1217/1216/2334 1218/1219/2334 1184/1186/2334
f 1120/1128/2335 1207/1220/2335 1157/1153/2335
f 1203/1204/2336 1212/1212/2336 1204/1189/2336
f 1155/1162/2337 1222/1221/2337 1214/1214/2337
f 1189/1191/2338 1205/1215/2338 1179/1181/2338
f 1184/1186/2339 1224/1222/2339 1185/1183/2339
f 1171/1154/2340 1215/1217/2340 1186/1199/2340
f 1187/1188/2341 1219/1223/2341 1108/1111/2341
f 1191/1192/2342 1220/1224/2342 1202/1203/2342
f 1221/1193/2343 1226/1225/2343 1182/1184/2343
f 1209/1208/2344 1227/1226/2344 1159/1168/2344
f 1227/1226/2345 1213/1213/2345 1159/1168/2345
f 1228/1227/2346 1118/1132/2346 1188/1194/2346
f 1081/1124/2347 1229/1228/2347 1155/1162/2347
f 1222/1221/2348 1230/1229/2348 1214/1214/2348
f 1169/1171/2349 1214/1214/2349 1198/1209/2349
f 1190/1182/2350 1206/1205/2350 1217/1216/2350
f 1206/1205/2351 1231/1230/2351 1217/1216/2351
f 1186/1199/2352 1233/1231/2352 1163/1104/2352
f 1201/1200/2353 1225/1232/2353 1092/1092/2353
f 1176/1178/2354 1235/1233/2354 1177/1179/2354
f 1172/1175/2355 1236/1234/2355 1203/1204/2355
f 1212/1212/2356 1237/1235/2356 1209/1208/2356
f 1192/1190/2357 1245/1236/2357 1188/1194/2357
f 1195/1197/2358 1242/1218/2358 1167/1169/2358
f 1218/1219/2359 1224/1222/2359 1184/1186/2359
f 1238/1237/2360 1151/1148/2360 1180/1165/2360
f 1163/1104/2361 1233/1231/2361 1164/1166/2361
f 1108/1111/2362 1219/1223/2362 1210/1211/2362
f 1234/1238/2363 1220/1224/2363 1191/1192/2363
f 1220/1224/2364 1239/1239/2364 1202/1203/2364
f 1239/1239/2365 1181/1174/2365 1202/1203/2365
f 1181/1174/2366 1243/1240/2366 1208/1206/2366
f 1183/1185/2367 1236/1234/2367 1172/1175/2367
f 1203/1204/2368 1240/1241/2368 1212/1212/2368
f 1194/1196/2369 1198/1209/2369 1223/1242/2369
f 1189/1191/2370 1194/1196/2370 1205/1215/2370
f 1205/1215/2371 1241/1243/2371 1195/1197/2371
f 1185/1183/2372 1224/1222/2372 1200/1202/2372
f 1207/1220/2373 1232/1244/2373 1157/1153/2373
f 1210/1211/2374 1234/1238/2374 1191/1192/2374
f 1239/1239/2375 1243/1240/2375 1181/1174/2375
f 1208/1206/2376 1265/1245/2376 1221/1193/2376
f 1240/1241/2377 1244/1246/2377 1212/1212/2377
f 1244/1246/2378 1237/1235/2378 1212/1212/2378
f 1213/1213/2379 1245/1236/2379 1192/1190/2379
f 1214/1214/2380 1246/1247/2380 1198/1209/2380
f 1194/1196/2381 1247/1248/2381 1205/1215/2381
f 1199/1201/2382 1231/1230/2382 1206/1205/2382
f 1226/1225/2383 1176/1178/2383 1182/1184/2383
f 1237/1235/2384 1227/1226/2384 1209/1208/2384
f 1245/1236/2385 1228/1227/2385 1188/1194/2385
f 1230/1229/2386 1246/1247/2386 1214/1214/2386
f 1194/1196/2387 1223/1242/2387 1247/1248/2387
f 1231/1230/2388 1248/1249/2388 1217/1216/2388
f 1157/1153/2389 1232/1244/2389 1215/1217/2389
f 1216/1210/2390 1249/1250/2390 1168/1167/2390
f 1265/1245/2391 1287/1251/2391 1221/1193/2391
f 1211/1207/2392 1266/1252/2392 1183/1185/2392
f 1236/1234/2393 1251/1253/2393 1203/1204/2393
f 1251/1253/2394 1240/1241/2394 1203/1204/2394
f 1247/1248/2395 1253/1254/2395 1205/1215/2395
f 1253/1254/2396 1241/1243/2396 1205/1215/2396
f 1195/1197/2397 1241/1243/2397 1242/1218/2397
f 1242/1218/2398 1231/1230/2398 1199/1201/2398
f 1215/1217/2399 1233/1231/2399 1186/1199/2399
f 1256/1255/2400 1225/1232/2400 1201/1200/2400
f 1210/1211/2401 1264/1256/2401 1234/1238/2401
f 1228/1227/2402 1252/1257/2402 1118/1132/2402
f 1155/1162/2403 1229/1228/2403 1222/1221/2403
f 1246/1247/2404 1257/1258/2404 1198/1209/2404
f 1223/1242/2405 1258/1259/2405 1247/1248/2405
f 1248/1249/2406 1259/1260/2406 1217/1216/2406
f 1217/1216/2407 1259/1260/2407 1218/1219/2407
f 1259/1260/2408 1260/1261/2408 1218/1219/2408
f 1218/1219/2409 1260/1261/2409 1224/1222/2409
f 1261/1262/2410 1197/1187/2410 1200/1202/2410
f 1197/1187/2411 1238/1237/2411 1180/1165/2411
f 1132/1129/2412 1255/1263/2412 1201/1200/2412
f 1177/1179/2413 1235/1233/2413 1211/1207/2413
f 1235/1233/2414 1266/1252/2414 1211/1207/2414
f 1237/1235/2415 1244/1246/2415 1227/1226/2415
f 1227/1226/2416 1270/1264/2416 1213/1213/2416
f 1198/1209/2417 1257/1258/2417 1223/1242/2417
f 1224/1222/2418 1261/1262/2418 1200/1202/2418
f 1164/1166/2419 1255/1263/2419 1132/1129/2419
f 1249/1250/2420 1250/1265/2420 1168/1167/2420
f 1243/1240/2421 1265/1245/2421 1208/1206/2421
f 1287/1251/2422 1226/1225/2422 1221/1193/2422
f 1176/1178/2423 1226/1225/2423 1235/1233/2423
f 1183/1185/2424 1267/1266/2424 1236/1234/2424
f 1251/1253/2425 1269/1267/2425 1240/1241/2425
f 1240/1241/2426 1269/1267/2426 1244/1246/2426
f 1246/1247/2427 1271/1268/2427 1257/1258/2427
f 1242/1218/2428 1268/1269/2428 1231/1230/2428
f 1268/1269/2429 1273/1270/2429 1231/1230/2429
f 1254/1271/2430 1261/1262/2430 1224/1222/2430
f 1261/1262/2431 1238/1237/2431 1197/1187/2431
f 1151/1148/2432 1274/1272/2432 1120/1128/2432
f 1274/1272/2433 1207/1220/2433 1120/1128/2433
f 1233/1231/2434 1275/1273/2434 1164/1166/2434
f 1168/1167/2435 1263/1274/2435 1187/1188/2435
f 1234/1238/2436 1276/1275/2436 1220/1224/2436
f 1276/1275/2437 1239/1239/2437 1220/1224/2437
f 1266/1252/2438 1267/1266/2438 1183/1185/2438
f 1213/1213/2439 1270/1264/2439 1245/1236/2439
f 1230/1229/2440 1271/1268/2440 1246/1247/2440
f 1258/1259/2441 1253/1254/2441 1247/1248/2441
f 1241/1243/2442 1272/1276/2442 1242/1218/2442
f 1215/1217/2443 1285/1277/2443 1233/1231/2443
f 1250/1265/2444 1263/1274/2444 1168/1167/2444
f 1219/1223/2445 1286/1278/2445 1210/1211/2445
f 1226/1225/2446 1281/1279/2446 1235/1233/2446
f 1229/1228/2447 1277/1280/2447 1222/1221/2447
f 1222/1221/2448 1277/1280/2448 1230/1229/2448
f 1230/1229/2449 1277/1280/2449 1271/1268/2449
f 1242/1218/2450 1272/1276/2450 1268/1269/2450
f 1273/1270/2451 1248/1249/2451 1231/1230/2451
f 1260/1261/2452 1279/1281/2452 1224/1222/2452
f 1224/1222/2453 1279/1281/2453 1254/1271/2453
f 1255/1263/2454 1256/1255/2454 1201/1200/2454
f 1286/1278/2455 1264/1256/2455 1210/1211/2455
f 1259/1260/2456 1279/1281/2456 1260/1261/2456
f 1238/1237/2457 1280/1282/2457 1151/1148/2457
f 1263/1274/2458 1219/1223/2458 1187/1188/2458
f 1282/1283/2459 1266/1252/2459 1235/1233/2459
f 1251/1253/2460 1288/1284/2460 1269/1267/2460
f 1244/1246/2461 1289/1285/2461 1227/1226/2461
f 1227/1226/2462 1289/1285/2462 1270/1264/2462
f 1283/1286/2463 1252/1257/2463 1228/1227/2463
f 1257/1258/2464 1291/1287/2464 1223/1242/2464
f 1272/1276/2465 1294/1288/2465 1268/1269/2465
f 1248/1249/2466 1273/1270/2466 1278/1289/2466
f 1239/1239/2467 1276/1275/2467 1243/1240/2467
f 1236/1234/2468 1288/1284/2468 1251/1253/2468
f 1269/1267/2469 1289/1285/2469 1244/1246/2469
f 1270/1264/2470 1290/1290/2470 1245/1236/2470
f 1277/1280/2471 1291/1287/2471 1271/1268/2471
f 1223/1242/2472 1292/1291/2472 1258/1259/2472
f 1258/1259/2473 1293/1292/2473 1253/1254/2473
f 1268/1269/2474 1294/1288/2474 1273/1270/2474
f 1278/1289/2475 1259/1260/2475 1248/1249/2475
f 1261/1262/2476 1295/1293/2476 1238/1237/2476
f 1238/1237/2477 1295/1293/2477 1262/1294/2477
f 1280/1282/2478 1274/1272/2478 1151/1148/2478
f 1092/1092/2479 1296/1295/2479 1216/1210/2479
f 1264/1256/2480 1301/1296/2480 1234/1238/2480
f 1243/1240/2481 1303/1297/2481 1265/1245/2481
f 1226/1225/2482 1297/1298/2482 1281/1279/2482
f 1235/1233/2483 1281/1279/2483 1282/1283/2483
f 1267/1266/2484 1327/1299/2484 1236/1234/2484
f 1245/1236/2485 1298/1300/2485 1228/1227/2485
f 1283/1286/2486 1299/1301/2486 1252/1257/2486
f 1223/1242/2487 1291/1287/2487 1292/1291/2487
f 1300/1302/2488 1272/1276/2488 1241/1243/2488
f 1254/1271/2489 1295/1293/2489 1261/1262/2489
f 1285/1277/2490 1275/1273/2490 1233/1231/2490
f 1275/1273/2491 1304/1303/2491 1164/1166/2491
f 1263/1274/2492 1286/1278/2492 1219/1223/2492
f 1234/1238/2493 1301/1296/2493 1276/1275/2493
f 1236/1234/2494 1327/1299/2494 1288/1284/2494
f 1289/1285/2495 1290/1290/2495 1270/1264/2495
f 1290/1290/2496 1298/1300/2496 1245/1236/2496
f 1298/1300/2497 1283/1286/2497 1228/1227/2497
f 1229/1228/2498 1317/1304/2498 1277/1280/2498
f 1271/1268/2499 1291/1287/2499 1257/1258/2499
f 1258/1259/2500 1292/1291/2500 1293/1292/2500
f 1253/1254/2501 1300/1302/2501 1241/1243/2501
f 1300/1302/2502 1294/1288/2502 1272/1276/2502
f 1294/1288/2503 1302/1305/2503 1273/1270/2503
f 1264/1256/2504 1286/1278/2504 1301/1296/2504
f 1304/1303/2505 1255/1263/2505 1164/1166/2505
f 1225/1232/2506 1305/1306/2506 1092/1092/2506
f 1092/1092/2507 1305/1306/2507 1296/1295/2507
f 1263/1274/2508 1306/1307/2508 1286/1278/2508
f 1276/1275/2509 1303/1297/2509 1243/1240/2509
f 1308/1308/2510 1267/1266/2510 1266/1252/2510
f 1327/1299/2511 1309/1309/2511 1288/1284/2511
f 1288/1284/2512 1310/1310/2512 1269/1267/2512
f 1269/1267/2513 1310/1310/2513 1289/1285/2513
f 1293/1292/2514 1300/1302/2514 1253/1254/2514
f 1279/1281/2515 1311/1311/2515 1254/1271/2515
f 1255/1263/2516 1356/1312/2516 1256/1255/2516
f 1296/1295/2517 1249/1250/2517 1216/1210/2517
f 1309/1309/2518 1310/1310/2518 1288/1284/2518
f 1291/1287/2519 1313/1313/2519 1292/1291/2519
f 1315/1314/2520 1279/1281/2520 1259/1260/2520
f 1279/1281/2521 1315/1314/2521 1311/1311/2521
f 1311/1311/2522 1295/1293/2522 1254/1271/2522
f 1232/1244/2523 1285/1277/2523 1215/1217/2523
f 1303/1297/2524 1287/1251/2524 1265/1245/2524
f 1282/1283/2525 1308/1308/2525 1266/1252/2525
f 1310/1310/2526 1316/1315/2526 1289/1285/2526
f 1289/1285/2527 1316/1315/2527 1290/1290/2527
f 1229/1228/2528 1284/1316/2528 1317/1304/2528
f 1277/1280/2529 1318/1317/2529 1291/1287/2529
f 1313/1313/2530 1314/1318/2530 1292/1291/2530
f 1293/1292/2531 1319/1319/2531 1300/1302/2531
f 1294/1288/2532 1329/1320/2532 1302/1305/2532
f 1273/1270/2533 1320/1321/2533 1278/1289/2533
f 1278/1289/2534 1320/1321/2534 1259/1260/2534
f 1320/1321/2535 1315/1314/2535 1259/1260/2535
f 1311/1311/2536 1321/1322/2536 1295/1293/2536
f 1280/1282/2537 1323/1323/2537 1274/1272/2537
f 1356/1312/2538 1225/1232/2538 1256/1255/2538
f 1287/1251/2539 1307/1324/2539 1226/1225/2539
f 1282/1283/2540 1325/1325/2540 1312/1326/2540
f 1292/1291/2541 1314/1318/2541 1293/1292/2541
f 1300/1302/2542 1329/1320/2542 1294/1288/2542
f 1322/1327/2543 1262/1294/2543 1295/1293/2543
f 1354/1328/2544 1285/1277/2544 1232/1244/2544
f 1249/1250/2545 1330/1329/2545 1250/1265/2545
f 1307/1324/2546 1297/1298/2546 1226/1225/2546
f 1281/1279/2547 1325/1325/2547 1282/1283/2547
f 1312/1326/2548 1326/1330/2548 1282/1283/2548
f 1308/1308/2549 1332/1331/2549 1267/1266/2549
f 1327/1299/2550 1333/1332/2550 1309/1309/2550
f 1316/1315/2551 1328/1333/2551 1290/1290/2551
f 1318/1317/2552 1313/1313/2552 1291/1287/2552
f 1314/1318/2553 1319/1319/2553 1293/1292/2553
f 1321/1322/2554 1344/1334/2554 1295/1293/2554
f 1286/1278/2555 1336/1335/2555 1301/1296/2555
f 1336/1335/2556 1331/1336/2556 1276/1275/2556
f 1276/1275/2557 1331/1336/2557 1303/1297/2557
f 1337/1337/2558 1287/1251/2558 1303/1297/2558
f 1308/1308/2559 1338/1338/2559 1332/1331/2559
f 1310/1310/2560 1333/1332/2560 1316/1315/2560
f 1328/1333/2561 1334/1339/2561 1290/1290/2561
f 1290/1290/2562 1334/1339/2562 1298/1300/2562
f 1277/1280/2563 1317/1304/2563 1318/1317/2563
f 1341/1340/2564 1329/1320/2564 1300/1302/2564
f 1302/1305/2565 1342/1341/2565 1273/1270/2565
f 1273/1270/2566 1342/1341/2566 1320/1321/2566
f 1315/1314/2567 1343/1342/2567 1311/1311/2567
f 1295/1293/2568 1344/1334/2568 1322/1327/2568
f 1282/1283/2569 1326/1330/2569 1308/1308/2569
f 1267/1266/2570 1332/1331/2570 1327/1299/2570
f 1345/1343/2571 1333/1332/2571 1327/1299/2571
f 1309/1309/2572 1333/1332/2572 1310/1310/2572
f 1314/1318/2573 1340/1344/2573 1319/1319/2573
f 1329/1320/2574 1346/1345/2574 1302/1305/2574
f 1342/1341/2575 1347/1346/2575 1320/1321/2575
f 1347/1346/2576 1315/1314/2576 1320/1321/2576
f 1207/1220/2577 1354/1328/2577 1232/1244/2577
f 1296/1295/2578 1350/1347/2578 1249/1250/2578
f 1301/1296/2579 1336/1335/2579 1276/1275/2579
f 1303/1297/2580 1357/1348/2580 1337/1337/2580
f 1287/1251/2581 1337/1337/2581 1324/1349/2581
f 1298/1300/2582 1352/1350/2582 1283/1286/2582
f 1283/1286/2583 1339/1351/2583 1299/1301/2583
f 1313/1313/2584 1364/1352/2584 1314/1318/2584
f 1340/1344/2585 1353/1353/2585 1319/1319/2585
f 1315/1314/2586 1347/1346/2586 1343/1342/2586
f 1348/1354/2587 1207/1220/2587 1274/1272/2587
f 1349/1355/2588 1354/1328/2588 1207/1220/2588
f 1255/1263/2589 1355/1356/2589 1356/1312/2589
f 1331/1336/2590 1357/1348/2590 1303/1297/2590
f 1324/1349/2591 1307/1324/2591 1287/1251/2591
f 1307/1324/2592 1358/1357/2592 1297/1298/2592
f 1326/1330/2593 1359/1358/2593 1308/1308/2593
f 1308/1308/2594 1359/1358/2594 1338/1338/2594
f 1332/1331/2595 1351/1359/2595 1327/1299/2595
f 1327/1299/2596 1351/1359/2596 1345/1343/2596
f 1360/1360/2597 1361/1361/2597 1316/1315/2597
f 1316/1315/2598 1361/1361/2598 1328/1333/2598
f 1339/1351/2599 1362/1362/2599 1299/1301/2599
f 1343/1342/2600 1321/1322/2600 1311/1311/2600
f 1285/1277/2601 1394/1363/2601 1275/1273/2601
f 1250/1265/2602 1335/1364/2602 1263/1274/2602
f 1297/1298/2603 1325/1325/2603 1281/1279/2603
f 1312/1326/2604 1325/1325/2604 1370/1365/2604
f 1333/1332/2605 1363/1366/2605 1316/1315/2605
f 1316/1315/2606 1363/1366/2606 1372/1367/2606
f 1372/1367/2607 1360/1360/2607 1316/1315/2607
f 1364/1352/2608 1340/1344/2608 1314/1318/2608
f 1319/1319/2609 1367/1368/2609 1300/1302/2609
f 1300/1302/2610 1367/1368/2610 1341/1340/2610
f 1321/1322/2611 1365/1369/2611 1344/1334/2611
f 1323/1323/2612 1348/1354/2612 1274/1272/2612
f 1249/1250/2613 1350/1347/2613 1330/1329/2613
f 1263/1274/2614 1335/1364/2614 1306/1307/2614
f 1326/1330/2615 1370/1365/2615 1359/1358/2615
f 1334/1339/2616 1352/1350/2616 1298/1300/2616
f 1283/1286/2617 1352/1350/2617 1339/1351/2617
f 1313/1313/2618 1318/1317/2618 1364/1352/2618
f 1353/1353/2619 1367/1368/2619 1319/1319/2619
f 1342/1341/2620 1378/1370/2620 1347/1346/2620
f 1343/1342/2621 1365/1369/2621 1321/1322/2621
f 1238/1237/2622 1368/1371/2622 1280/1282/2622
f 1348/1354/2623 1349/1355/2623 1207/1220/2623
f 1304/1303/2624 1355/1356/2624 1255/1263/2624
f 1330/1329/2625 1369/1372/2625 1250/1265/2625
f 1336/1335/2626 1357/1348/2626 1331/1336/2626
f 1370/1365/2627 1326/1330/2627 1312/1326/2627
f 1332/1331/2628 1377/1373/2628 1351/1359/2628
f 1351/1359/2629 1371/1374/2629 1345/1343/2629
f 1345/1343/2630 1363/1366/2630 1333/1332/2630
f 1334/1339/2631 1328/1333/2631 1366/1375/2631
f 1364/1352/2632 1353/1353/2632 1340/1344/2632
f 1346/1345/2633 1342/1341/2633 1302/1305/2633
f 1322/1327/2634 1375/1376/2634 1262/1294/2634
f 1359/1358/2635 1376/1377/2635 1338/1338/2635
f 1351/1359/2636 1377/1373/2636 1371/1374/2636
f 1317/1304/2637 1373/1378/2637 1318/1317/2637
f 1341/1340/2638 1374/1379/2638 1329/1320/2638
f 1374/1379/2639 1346/1345/2639 1329/1320/2639
f 1347/1346/2640 1378/1370/2640 1343/1342/2640
f 1365/1369/2641 1397/1380/2641 1344/1334/2641
f 1262/1294/2642 1413/1381/2642 1238/1237/2642
f 1238/1237/2643 1413/1381/2643 1368/1371/2643
f 1349/1355/2644 1379/1382/2644 1354/1328/2644
f 1363/1366/2645 1381/1383/2645 1372/1367/2645
f 1328/1333/2646 1361/1361/2646 1366/1375/2646
f 1366/1375/2647 1352/1350/2647 1334/1339/2647
f 1378/1370/2648 1383/1384/2648 1343/1342/2648
f 1343/1342/2649 1383/1384/2649 1365/1369/2649
f 1397/1380/2650 1384/1385/2650 1344/1334/2650
f 1354/1328/2651 1393/1386/2651 1285/1277/2651
f 1275/1273/2652 1394/1363/2652 1304/1303/2652
f 1286/1278/2653 1422/1387/2653 1336/1335/2653
f 1380/1388/2654 1357/1348/2654 1336/1335/2654
f 1387/1389/2655 1363/1366/2655 1345/1343/2655
f 1388/1390/2656 1339/1351/2656 1352/1350/2656
f 1318/1317/2657 1389/1391/2657 1364/1352/2657
f 1353/1353/2658 1382/1392/2658 1367/1368/2658
f 1367/1368/2659 1390/1393/2659 1341/1340/2659
f 1346/1345/2660 1378/1370/2660 1342/1341/2660
f 1344/1334/2661 1384/1385/2661 1322/1327/2661
f 1322/1327/2662 1384/1385/2662 1375/1376/2662
f 1280/1282/2663 1399/1394/2663 1323/1323/2663
f 1348/1354/2664 1392/1395/2664 1349/1355/2664
f 1385/1396/2665 1379/1382/2665 1349/1355/2665
f 1250/1265/2666 1369/1372/2666 1335/1364/2666
f 1336/1335/2667 1386/1397/2667 1380/1388/2667
f 1370/1365/2668 1403/1398/2668 1359/1358/2668
f 1338/1338/2669 1376/1377/2669 1332/1331/2669
f 1387/1389/2670 1395/1399/2670 1363/1366/2670
f 1363/1366/2671 1395/1399/2671 1381/1383/2671
f 1360/1360/2672 1404/1400/2672 1361/1361/2672
f 1388/1390/2673 1362/1362/2673 1339/1351/2673
f 1373/1378/2674 1389/1391/2674 1318/1317/2674
f 1364/1352/2675 1396/1401/2675 1353/1353/2675
f 1396/1401/2676 1382/1392/2676 1353/1353/2676
f 1383/1384/2677 1397/1380/2677 1365/1369/2677
f 1368/1371/2678 1399/1394/2678 1280/1282/2678
f 1392/1395/2679 1385/1396/2679 1349/1355/2679
f 1355/1356/2680 1400/1402/2680 1356/1312/2680
f 1350/1347/2681 1369/1372/2681 1330/1329/2681
f 1297/1298/2682 1401/1403/2682 1325/1325/2682
f 1332/1331/2683 1376/1377/2683 1377/1373/2683
f 1371/1374/2684 1387/1389/2684 1345/1343/2684
f 1361/1361/2685 1405/1404/2685 1366/1375/2685
f 1388/1390/2686 1418/1405/2686 1362/1362/2686
f 1346/1345/2687 1419/1406/2687 1378/1370/2687
f 1358/1357/2688 1401/1403/2688 1297/1298/2688
f 1325/1325/2689 1402/1407/2689 1370/1365/2689
f 1402/1407/2690 1403/1398/2690 1370/1365/2690
f 1359/1358/2691 1403/1398/2691 1376/1377/2691
f 1377/1373/2692 1428/1408/2692 1371/1374/2692
f 1372/1367/2693 1381/1383/2693 1360/1360/2693
f 1408/1409/2694 1405/1404/2694 1361/1361/2694
f 1366/1375/2695 1388/1390/2695 1352/1350/2695
f 1389/1391/2696 1396/1401/2696 1364/1352/2696
f 1341/1340/2697 1409/1410/2697 1374/1379/2697
f 1411/1411/2698 1384/1385/2698 1397/1380/2698
f 1375/1376/2699 1412/1412/2699 1262/1294/2699
f 1323/1323/2700 1391/1413/2700 1348/1354/2700
f 1392/1395/2701 1406/1414/2701 1385/1396/2701
f 1385/1396/2702 1406/1414/2702 1379/1382/2702
f 1354/1328/2703 1414/1415/2703 1393/1386/2703
f 1285/1277/2704 1393/1386/2704 1394/1363/2704
f 1356/1312/2705 1400/1402/2705 1225/1232/2705
f 1401/1403/2706 1416/1416/2706 1325/1325/2706
f 1325/1325/2707 1416/1416/2707 1402/1407/2707
f 1376/1377/2708 1417/1417/2708 1377/1373/2708
f 1404/1400/2709 1408/1409/2709 1361/1361/2709
f 1284/1316/2710 1373/1378/2710 1317/1304/2710
f 1367/1368/2711 1382/1392/2711 1390/1393/2711
f 1378/1370/2712 1420/1418/2712 1383/1384/2712
f 1383/1384/2713 1420/1418/2713 1397/1380/2713
f 1397/1380/2714 1420/1418/2714 1410/1419/2714
f 1410/1419/2715 1411/1411/2715 1397/1380/2715
f 1262/1294/2716 1412/1412/2716 1413/1381/2716
f 1399/1394/2717 1391/1413/2717 1323/1323/2717
f 1379/1382/2718 1414/1415/2718 1354/1328/2718
f 1400/1402/2719 1415/1420/2719 1225/1232/2719
f 1225/1232/2720 1415/1420/2720 1305/1306/2720
f 1335/1364/2721 1286/1278/2721 1306/1307/2721
f 1380/1388/2722 1337/1337/2722 1357/1348/2722
f 1403/1398/2723 1407/1421/2723 1376/1377/2723
f 1407/1421/2724 1417/1417/2724 1376/1377/2724
f 1377/1373/2725 1417/1417/2725 1428/1408/2725
f 1428/1408/2726 1423/1422/2726 1371/1374/2726
f 1371/1374/2727 1423/1422/2727 1387/1389/2727
f 1381/1383/2728 1404/1400/2728 1360/1360/2728
f 1366/1375/2729 1405/1404/2729 1388/1390/2729
f 1388/1390/2730 1424/1423/2730 1418/1405/2730
f 1374/1379/2731 1419/1406/2731 1346/1345/2731
f 1421/1424/2732 1375/1376/2732 1384/1385/2732
f 1421/1424/2733 1398/1425/2733 1375/1376/2733
f 1394/1363/2734 1355/1356/2734 1304/1303/2734
f 1324/1349/2735 1427/1426/2735 1307/1324/2735
f 1387/1389/2736 1381/1383/2736 1395/1399/2736
f 1390/1393/2737 1409/1410/2737 1341/1340/2737
f 1378/1370/2738 1425/1427/2738 1420/1418/2738
f 1375/1376/2739 1398/1425/2739 1412/1412/2739
f 1391/1413/2740 1392/1395/2740 1348/1354/2740
f 1392/1395/2741 1432/1428/2741 1406/1414/2741
f 1350/1347/2742 1426/1429/2742 1369/1372/2742
f 1307/1324/2743 1427/1426/2743 1358/1357/2743
f 1387/1389/2744 1429/1430/2744 1381/1383/2744
f 1429/1430/2745 1404/1400/2745 1381/1383/2745
f 1430/1431/2746 1382/1392/2746 1396/1401/2746
f 1374/1379/2747 1431/1432/2747 1419/1406/2747
f 1378/1370/2748 1419/1406/2748 1425/1427/2748
f 1406/1414/2749 1440/1433/2749 1379/1382/2749
f 1393/1386/2750 1434/1434/2750 1394/1363/2750
f 1296/1295/2751 1426/1429/2751 1350/1347/2751
f 1335/1364/2752 1422/1387/2752 1286/1278/2752
f 1422/1387/2753 1386/1397/2753 1336/1335/2753
f 1337/1337/2754 1443/1435/2754 1324/1349/2754
f 1423/1422/2755 1435/1436/2755 1387/1389/2755
f 1436/1437/2756 1408/1409/2756 1404/1400/2756
f 1408/1409/2757 1437/1438/2757 1405/1404/2757
f 1405/1404/2758 1424/1423/2758 1388/1390/2758
f 1284/1316/2759 1447/1439/2759 1373/1378/2759
f 1389/1391/2760 1438/1440/2760 1396/1401/2760
f 1410/1419/2761 1439/1441/2761 1411/1411/2761
f 1411/1411/2762 1421/1424/2762 1384/1385/2762
f 1432/1428/2763 1440/1433/2763 1406/1414/2763
f 1379/1382/2764 1441/1442/2764 1414/1415/2764
f 1441/1442/2765 1433/1443/2765 1414/1415/2765
f 1464/1444/2766 1400/1402/2766 1355/1356/2766
f 1380/1388/2767 1443/1435/2767 1337/1337/2767
f 1402/1407/2768 1444/1445/2768 1403/1398/2768
f 1407/1421/2769 1450/1446/2769 1417/1417/2769
f 1417/1417/2770 1445/1447/2770 1428/1408/2770
f 1387/1389/2771 1435/1436/2771 1429/1430/2771
f 1429/1430/2772 1436/1437/2772 1404/1400/2772
f 1436/1437/2773 1446/1448/2773 1408/1409/2773
f 1396/1401/2774 1438/1440/2774 1430/1431/2774
f 1409/1410/2775 1431/1432/2775 1374/1379/2775
f 1420/1418/2776 1448/1449/2776 1410/1419/2776
f 1411/1411/2777 1439/1441/2777 1421/1424/2777
f 1391/1413/2778 1449/1450/2778 1392/1395/2778
f 1449/1450/2779 1432/1428/2779 1392/1395/2779
f 1414/1415/2780 1433/1443/2780 1393/1386/2780
f 1403/1398/2781 1450/1446/2781 1407/1421/2781
f 1450/1446/2782 1445/1447/2782 1417/1417/2782
f 1445/1447/2783 1451/1451/2783 1428/1408/2783
f 1446/1448/2784 1452/1452/2784 1408/1409/2784
f 1452/1452/2785 1437/1438/2785 1408/1409/2785
f 1405/1404/2786 1458/1453/2786 1424/1423/2786
f 1447/1439/2787 1389/1391/2787 1373/1378/2787
f 1382/1392/2788 1453/1454/2788 1390/1393/2788
f 1431/1432/2789 1454/1455/2789 1419/1406/2789
f 1410/1419/2790 1448/1449/2790 1439/1441/2790
f 1440/1433/2791 1455/1456/2791 1379/1382/2791
f 1455/1456/2792 1441/1442/2792 1379/1382/2792
f 1433/1443/2793 1483/1457/2793 1393/1386/2793
f 1369/1372/2794 1442/1458/2794 1335/1364/2794
f 1457/1459/2795 1435/1436/2795 1423/1422/2795
f 1437/1438/2796 1458/1453/2796 1405/1404/2796
f 1389/1391/2797 1459/1460/2797 1438/1440/2797
f 1425/1427/2798 1461/1461/2798 1420/1418/2798
f 1439/1441/2799 1462/1462/2799 1421/1424/2799
f 1386/1397/2800 1465/1463/2800 1380/1388/2800
f 1427/1426/2801 1456/1464/2801 1358/1357/2801
f 1456/1464/2802 1401/1403/2802 1358/1357/2802
f 1403/1398/2803 1444/1445/2803 1450/1446/2803
f 1428/1408/2804 1451/1451/2804 1423/1422/2804
f 1460/1465/2805 1453/1454/2805 1382/1392/2805
f 1419/1406/2806 1454/1455/2806 1425/1427/2806
f 1420/1418/2807 1461/1461/2807 1448/1449/2807
f 1399/1394/2808 1463/1466/2808 1391/1413/2808
f 1483/1457/2809 1434/1434/2809 1393/1386/2809
f 1355/1356/2810 1394/1363/2810 1464/1444/2810
f 1415/1420/2811 1468/1467/2811 1305/1306/2811
f 1402/1407/2812 1469/1468/2812 1444/1445/2812
f 1450/1446/2813 1451/1451/2813 1445/1447/2813
f 1435/1436/2814 1470/1469/2814 1429/1430/2814
f 1471/1470/2815 1472/1471/2815 1429/1430/2815
f 1429/1430/2816 1472/1471/2816 1436/1437/2816
f 1447/1439/2817 1459/1460/2817 1389/1391/2817
f 1430/1431/2818 1460/1465/2818 1382/1392/2818
f 1453/1454/2819 1409/1410/2819 1390/1393/2819
f 1473/1472/2820 1412/1412/2820 1398/1425/2820
f 1463/1466/2821 1474/1473/2821 1391/1413/2821
f 1474/1473/2822 1449/1450/2822 1391/1413/2822
f 1432/1428/2823 1475/1474/2823 1440/1433/2823
f 1475/1474/2824 1476/1475/2824 1440/1433/2824
f 1335/1364/2825 1477/1476/2825 1422/1387/2825
f 1444/1445/2826 1478/1477/2826 1450/1446/2826
f 1457/1459/2827 1470/1469/2827 1435/1436/2827
f 1470/1469/2828 1471/1470/2828 1429/1430/2828
f 1436/1437/2829 1505/1478/2829 1446/1448/2829
f 1437/1438/2830 1479/1479/2830 1458/1453/2830
f 1453/1454/2831 1480/1480/2831 1409/1410/2831
f 1413/1381/2832 1501/1481/2832 1368/1371/2832
f 1449/1450/2833 1482/1482/2833 1432/1428/2833
f 1432/1428/2834 1482/1482/2834 1466/1483/2834
f 1441/1442/2835 1483/1457/2835 1433/1443/2835
f 1400/1402/2836 1489/1484/2836 1415/1420/2836
f 1305/1306/2837 1426/1429/2837 1296/1295/2837
f 1380/1388/2838 1465/1463/2838 1443/1435/2838
f 1401/1403/2839 1456/1464/2839 1416/1416/2839
f 1478/1477/2840 1451/1451/2840 1450/1446/2840
f 1451/1451/2841 1457/1459/2841 1423/1422/2841
f 1472/1471/2842 1505/1478/2842 1436/1437/2842
f 1452/1452/2843 1479/1479/2843 1437/1438/2843
f 1458/1453/2844 1486/1485/2844 1424/1423/2844
f 1438/1440/2845 1487/1486/2845 1430/1431/2845
f 1431/1432/2846 1481/1487/2846 1454/1455/2846
f 1462/1462/2847 1473/1472/2847 1421/1424/2847
f 1421/1424/2848 1473/1472/2848 1398/1425/2848
f 1412/1412/2849 1501/1481/2849 1413/1381/2849
f 1455/1456/2850 1488/1488/2850 1441/1442/2850
f 1464/1444/2851 1489/1484/2851 1400/1402/2851
f 1443/1435/2852 1427/1426/2852 1324/1349/2852
f 1484/1489/2853 1456/1464/2853 1427/1426/2853
f 1416/1416/2854 1469/1468/2854 1402/1407/2854
f 1478/1477/2855 1485/1490/2855 1451/1451/2855
f 1505/1478/2856 1490/1491/2856 1446/1448/2856
f 1446/1448/2857 1490/1491/2857 1452/1452/2857
f 1452/1452/2858 1518/1492/2858 1479/1479/2858
f 1447/1439/2859 1491/1493/2859 1459/1460/2859
f 1459/1460/2860 1492/1494/2860 1438/1440/2860
f 1409/1410/2861 1493/1495/2861 1431/1432/2861
f 1461/1461/2862 1494/1496/2862 1448/1449/2862
f 1448/1449/2863 1494/1496/2863 1439/1441/2863
f 1432/1428/2864 1466/1483/2864 1475/1474/2864
f 1488/1488/2865 1496/1497/2865 1441/1442/2865
f 1496/1497/2866 1483/1457/2866 1441/1442/2866
f 1434/1434/2867 1467/1498/2867 1394/1363/2867
f 1451/1451/2868 1485/1490/2868 1457/1459/2868
f 1479/1479/2869 1486/1485/2869 1458/1453/2869
f 1430/1431/2870 1487/1486/2870 1460/1465/2870
f 1480/1480/2871 1493/1495/2871 1409/1410/2871
f 1431/1432/2872 1498/1499/2872 1481/1487/2872
f 1425/1427/2873 1454/1455/2873 1461/1461/2873
f 1462/1462/2874 1500/1500/2874 1473/1472/2874
f 1500/1500/2875 1412/1412/2875 1473/1472/2875
f 1440/1433/2876 1476/1475/2876 1455/1456/2876
f 1369/1372/2877 1503/1501/2877 1512/1502/2877
f 1477/1476/2878 1386/1397/2878 1422/1387/2878
f 1444/1445/2879 1469/1468/2879 1478/1477/2879
f 1478/1477/2880 1504/1503/2880 1485/1490/2880
f 1424/1423/2881 1506/1504/2881 1418/1405/2881
f 1492/1494/2882 1487/1486/2882 1438/1440/2882
f 1431/1432/2883 1493/1495/2883 1498/1499/2883
f 1499/1505/2884 1507/1506/2884 1454/1455/2884
f 1494/1496/2885 1462/1462/2885 1439/1441/2885
f 1527/1507/2886 1500/1500/2886 1462/1462/2886
f 1508/1508/2887 1501/1481/2887 1412/1412/2887
f 1501/1481/2888 1495/1509/2888 1368/1371/2888
f 1368/1371/2889 1509/1510/2889 1399/1394/2889
f 1399/1394/2890 1509/1510/2890 1463/1466/2890
f 1449/1450/2891 1474/1473/2891 1482/1482/2891
f 1483/1457/2892 1520/1511/2892 1434/1434/2892
f 1467/1498/2893 1497/1512/2893 1394/1363/2893
f 1394/1363/2894 1511/1513/2894 1464/1444/2894
f 1305/1306/2895 1503/1501/2895 1426/1429/2895
f 1426/1429/2896 1503/1501/2896 1369/1372/2896
f 1369/1372/2897 1512/1502/2897 1442/1458/2897
f 1335/1364/2898 1442/1458/2898 1477/1476/2898
f 1416/1416/2899 1513/1514/2899 1469/1468/2899
f 1485/1490/2900 1514/1515/2900 1457/1459/2900
f 1514/1515/2901 1470/1469/2901 1457/1459/2901
f 1470/1469/2902 1515/1516/2902 1471/1470/2902
f 1471/1470/2903 1516/1517/2903 1472/1471/2903
f 1505/1478/2904 1517/1518/2904 1490/1491/2904
f 1490/1491/2905 1518/1492/2905 1452/1452/2905
f 1479/1479/2906 1519/1519/2906 1486/1485/2906
f 1447/1439/2907 1522/1520/2907 1491/1493/2907
f 1538/1521/2908 1493/1495/2908 1480/1480/2908
f 1481/1487/2909 1499/1505/2909 1454/1455/2909
f 1454/1455/2910 1507/1506/2910 1461/1461/2910
f 1461/1461/2911 1507/1506/2911 1494/1496/2911
f 1500/1500/2912 1508/1508/2912 1412/1412/2912
f 1524/1522/2913 1509/1510/2913 1368/1371/2913
f 1496/1497/2914 1520/1511/2914 1483/1457/2914
f 1443/1435/2915 1521/1523/2915 1427/1426/2915
f 1469/1468/2916 1559/1524/2916 1478/1477/2916
f 1515/1516/2917 1516/1517/2917 1471/1470/2917
f 1472/1471/2918 1516/1517/2918 1505/1478/2918
f 1516/1517/2919 1517/1518/2919 1505/1478/2919
f 1459/1460/2920 1491/1493/2920 1492/1494/2920
f 1487/1486/2921 1523/1525/2921 1460/1465/2921
f 1495/1509/2922 1524/1522/2922 1368/1371/2922
f 1476/1475/2923 1488/1488/2923 1455/1456/2923
f 1497/1512/2924 1511/1513/2924 1394/1363/2924
f 1465/1463/2925 1530/1526/2925 1443/1435/2925
f 1521/1523/2926 1484/1489/2926 1427/1426/2926
f 1478/1477/2927 1525/1527/2927 1504/1503/2927
f 1514/1515/2928 1515/1516/2928 1470/1469/2928
f 1424/1423/2929 1486/1485/2929 1506/1504/2929
f 1507/1506/2930 1526/1528/2930 1494/1496/2930
f 1509/1510/2931 1510/1529/2931 1463/1466/2931
f 1528/1530/2932 1520/1511/2932 1496/1497/2932
f 1541/1531/2933 1465/1463/2933 1386/1397/2933
f 1484/1489/2934 1531/1532/2934 1456/1464/2934
f 1416/1416/2935 1456/1464/2935 1513/1514/2935
f 1284/1316/2936 1522/1520/2936 1447/1439/2936
f 1492/1494/2937 1523/1525/2937 1487/1486/2937
f 1510/1529/2938 1474/1473/2938 1463/1466/2938
f 1474/1473/2939 1533/1533/2939 1482/1482/2939
f 1466/1483/2940 1534/1534/2940 1475/1474/2940
f 1475/1474/2941 1535/1535/2941 1476/1475/2941
f 1535/1535/2942 1488/1488/2942 1476/1475/2942
f 1511/1513/2943 1502/1536/2943 1464/1444/2943
f 1502/1536/2944 1489/1484/2944 1464/1444/2944
f 1443/1435/2945 1530/1526/2945 1521/1523/2945
f 1513/1514/2946 1559/1524/2946 1469/1468/2946
f 1478/1477/2947 1559/1524/2947 1525/1527/2947
f 1536/1537/2948 1515/1516/2948 1514/1515/2948
f 1537/1538/2949 1479/1479/2949 1518/1492/2949
f 1284/1316/2950 1532/1539/2950 1522/1520/2950
f 1460/1465/2951 1523/1525/2951 1453/1454/2951
f 1498/1499/2952 1539/1540/2952 1481/1487/2952
f 1494/1496/2953 1527/1507/2953 1462/1462/2953
f 1510/1529/2954 1555/1541/2954 1474/1473/2954
f 1474/1473/2955 1555/1541/2955 1533/1533/2955
f 1482/1482/2956 1533/1533/2956 1466/1483/2956
f 1466/1483/2957 1533/1533/2957 1534/1534/2957
f 1488/1488/2958 1528/1530/2958 1496/1497/2958
f 1520/1511/2959 1540/1542/2959 1434/1434/2959
f 1434/1434/2960 1540/1542/2960 1467/1498/2960
f 1477/1476/2961 1541/1531/2961 1386/1397/2961
f 1465/1463/2962 1542/1543/2962 1530/1526/2962
f 1456/1464/2963 1565/1544/2963 1513/1514/2963
f 1504/1503/2964 1543/1545/2964 1485/1490/2964
f 1536/1537/2965 1544/1546/2965 1515/1516/2965
f 1515/1516/2966 1544/1546/2966 1516/1517/2966
f 1517/1518/2967 1546/1547/2967 1490/1491/2967
f 1537/1538/2968 1547/1548/2968 1479/1479/2968
f 1453/1454/2969 1548/1549/2969 1480/1480/2969
f 1499/1505/2970 1549/1550/2970 1507/1506/2970
f 1415/1420/2971 1529/1551/2971 1468/1467/2971
f 1503/1501/2972 1551/1552/2972 1512/1502/2972
f 1512/1502/2973 1552/1553/2973 1442/1458/2973
f 1525/1527/2974 1543/1545/2974 1504/1503/2974
f 1485/1490/2975 1543/1545/2975 1514/1515/2975
f 1517/1518/2976 1516/1517/2976 1545/1554/2976
f 1490/1491/2977 1537/1538/2977 1518/1492/2977
f 1523/1525/2978 1548/1549/2978 1453/1454/2978
f 1493/1495/2979 1539/1540/2979 1498/1499/2979
f 1549/1550/2980 1553/1555/2980 1507/1506/2980
f 1507/1506/2981 1553/1555/2981 1526/1528/2981
f 1554/1556/2982 1527/1507/2982 1494/1496/2982
f 1509/1510/2983 1555/1541/2983 1510/1529/2983
f 1488/1488/2984 1550/1557/2984 1528/1530/2984
f 1415/1420/2985 1556/1558/2985 1529/1551/2985
f 1305/1306/2986 1558/1559/2986 1503/1501/2986
f 1531/1532/2987 1565/1544/2987 1456/1464/2987
f 1559/1524/2988 1572/1560/2988 1525/1527/2988
f 1543/1545/2989 1536/1537/2989 1514/1515/2989
f 1517/1518/2990 1545/1554/2990 1546/1547/2990
f 1547/1548/2991 1519/1519/2991 1479/1479/2991
f 1491/1493/2992 1561/1561/2992 1492/1494/2992
f 1492/1494/2993 1561/1561/2993 1523/1525/2993
f 1526/1528/2994 1554/1556/2994 1494/1496/2994
f 1527/1507/2995 1569/1562/2995 1500/1500/2995
f 1501/1481/2996 1508/1508/2996 1577/1563/2996
f 1475/1474/2997 1534/1534/2997 1535/1535/2997
f 1535/1535/2998 1562/1564/2998 1488/1488/2998
f 1489/1484/2999 1556/1558/2999 1415/1420/2999
f 1468/1467/3000 1557/1565/3000 1305/1306/3000
f 1557/1565/3001 1563/1566/3001 1305/1306/3001
f 1558/1559/3002 1551/1552/3002 1503/1501/3002
f 1541/1531/3003 1542/1543/3003 1465/1463/3003
f 1521/1523/3004 1564/1567/3004 1484/1489/3004
f 1513/1514/3005 1566/1568/3005 1559/1524/3005
f 1536/1537/3006 1543/1545/3006 1560/1569/3006
f 1490/1491/3007 1546/1547/3007 1537/1538/3007
f 1486/1485/3008 1594/1570/3008 1506/1504/3008
f 1548/1549/3009 1538/1521/3009 1480/1480/3009
f 1481/1487/3010 1539/1540/3010 1499/1505/3010
f 1553/1555/3011 1576/1571/3011 1526/1528/3011
f 1554/1556/3012 1569/1562/3012 1527/1507/3012
f 1500/1500/3013 1569/1562/3013 1508/1508/3013
f 1569/1562/3014 1570/1572/3014 1508/1508/3014
f 1555/1541/3015 1578/1573/3015 1533/1533/3015
f 1534/1534/3016 1571/1574/3016 1535/1535/3016
f 1571/1574/3017 1562/1564/3017 1535/1535/3017
f 1562/1564/3018 1550/1557/3018 1488/1488/3018
f 1528/1530/3019 1590/1575/3019 1520/1511/3019
f 1520/1511/3020 1590/1575/3020 1540/1542/3020
f 1529/1551/3021 1579/1576/3021 1468/1467/3021
f 1512/1502/3022 1551/1552/3022 1552/1553/3022
f 1600/1577/3023 1477/1476/3023 1442/1458/3023
f 1542/1543/3024 1581/1578/3024 1530/1526/3024
f 1567/1579/3025 1572/1560/3025 1559/1524/3025
f 1525/1527/3026 1572/1560/3026 1543/1545/3026
f 1573/1580/3027 1486/1485/3027 1519/1519/3027
f 1522/1520/3028 1574/1581/3028 1491/1493/3028
f 1561/1561/3029 1575/1582/3029 1523/1525/3029
f 1538/1521/3030 1568/1583/3030 1493/1495/3030
f 1549/1550/3031 1576/1571/3031 1553/1555/3031
f 1576/1571/3032 1554/1556/3032 1526/1528/3032
f 1570/1572/3033 1577/1563/3033 1508/1508/3033
f 1577/1563/3034 1495/1509/3034 1501/1481/3034
f 1509/1510/3035 1597/1584/3035 1555/1541/3035
f 1497/1512/3036 1611/1585/3036 1511/1513/3036
f 1502/1536/3037 1556/1558/3037 1489/1484/3037
f 1305/1306/3038 1563/1566/3038 1558/1559/3038
f 1541/1531/3039 1580/1586/3039 1542/1543/3039
f 1564/1567/3040 1531/1532/3040 1484/1489/3040
f 1560/1569/3041 1582/1587/3041 1536/1537/3041
f 1545/1554/3042 1583/1588/3042 1546/1547/3042
f 1537/1538/3043 1584/1589/3043 1547/1548/3043
f 1284/1316/3044 1585/1590/3044 1532/1539/3044
f 1561/1561/3045 1586/1591/3045 1575/1582/3045
f 1523/1525/3046 1575/1582/3046 1548/1549/3046
f 1539/1540/3047 1587/1592/3047 1499/1505/3047
f 1499/1505/3048 1587/1592/3048 1549/1550/3048
f 1554/1556/3049 1588/1593/3049 1569/1562/3049
f 1495/1509/3050 1608/1594/3050 1524/1522/3050
f 1589/1595/3051 1578/1573/3051 1555/1541/3051
f 1550/1557/3052 1590/1575/3052 1528/1530/3052
f 1556/1558/3053 1579/1576/3053 1529/1551/3053
f 1558/1559/3054 1598/1596/3054 1551/1552/3054
f 1477/1476/3055 1592/1597/3055 1541/1531/3055
f 1601/1598/3056 1566/1568/3056 1513/1514/3056
f 1630/1599/3057 1560/1569/3057 1543/1545/3057
f 1536/1537/3058 1582/1587/3058 1544/1546/3058
f 1544/1546/3059 1602/1600/3059 1516/1517/3059
f 1516/1517/3060 1602/1600/3060 1545/1554/3060
f 1593/1601/3061 1573/1580/3061 1519/1519/3061
f 1573/1580/3062 1594/1570/3062 1486/1485/3062
f 1491/1493/3063 1574/1581/3063 1561/1561/3063
f 1549/1550/3064 1595/1602/3064 1576/1571/3064
f 1524/1522/3065 1597/1584/3065 1509/1510/3065
f 1597/1584/3066 1589/1595/3066 1555/1541/3066
f 1533/1533/3067 1578/1573/3067 1534/1534/3067
f 1540/1542/3068 1637/1603/3068 1467/1498/3068
f 1598/1596/3069 1599/1604/3069 1551/1552/3069
f 1591/1605/3070 1600/1577/3070 1442/1458/3070
f 1592/1597/3071 1580/1586/3071 1541/1531/3071
f 1565/1544/3072 1601/1598/3072 1513/1514/3072
f 1566/1568/3073 1567/1579/3073 1559/1524/3073
f 1582/1587/3074 1602/1600/3074 1544/1546/3074
f 1546/1547/3075 1584/1589/3075 1537/1538/3075
f 1568/1583/3076 1539/1540/3076 1493/1495/3076
f 1549/1550/3077 1587/1592/3077 1595/1602/3077
f 1609/1606/3078 1571/1574/3078 1534/1534/3078
f 1603/1607/3079 1550/1557/3079 1562/1564/3079
f 1502/1536/3080 1621/1608/3080 1556/1558/3080
f 1468/1467/3081 1664/1609/3081 1557/1565/3081
f 1557/1565/3082 1605/1610/3082 1563/1566/3082
f 1563/1566/3083 1598/1596/3083 1558/1559/3083
f 1477/1476/3084 1600/1577/3084 1592/1597/3084
f 1602/1600/3085 1616/1611/3085 1545/1554/3085
f 1545/1554/3086 1616/1611/3086 1583/1588/3086
f 1546/1547/3087 1583/1588/3087 1584/1589/3087
f 1584/1589/3088 1593/1601/3088 1547/1548/3088
f 1547/1548/3089 1593/1601/3089 1519/1519/3089
f 1522/1520/3090 1585/1590/3090 1574/1581/3090
f 1588/1593/3091 1607/1612/3091 1569/1562/3091
f 1569/1562/3092 1607/1612/3092 1570/1572/3092
f 1577/1563/3093 1596/1613/3093 1495/1509/3093
f 1596/1613/3094 1608/1594/3094 1495/1509/3094
f 1524/1522/3095 1608/1594/3095 1597/1584/3095
f 1550/1557/3096 1610/1614/3096 1590/1575/3096
f 1511/1513/3097 1612/1615/3097 1502/1536/3097
f 1579/1576/3098 1604/1616/3098 1468/1467/3098
f 1604/1616/3099 1664/1609/3099 1468/1467/3099
f 1442/1458/3100 1552/1553/3100 1591/1605/3100
f 1580/1586/3101 1581/1578/3101 1542/1543/3101
f 1564/1567/3102 1613/1617/3102 1531/1532/3102
f 1601/1598/3103 1614/1618/3103 1566/1568/3103
f 1560/1569/3104 1615/1619/3104 1582/1587/3104
f 1583/1588/3105 1617/1620/3105 1584/1589/3105
f 1584/1589/3106 1617/1620/3106 1593/1601/3106
f 1532/1539/3107 1585/1590/3107 1522/1520/3107
f 1587/1592/3108 1606/1621/3108 1595/1602/3108
f 1595/1602/3109 1626/1622/3109 1576/1571/3109
f 1570/1572/3110 1618/1623/3110 1577/1563/3110
f 1550/1557/3111 1619/1624/3111 1610/1614/3111
f 1620/1625/3112 1612/1615/3112 1511/1513/3112
f 1605/1610/3113 1598/1596/3113 1563/1566/3113
f 1581/1578/3114 1521/1523/3114 1530/1526/3114
f 1565/1544/3115 1629/1626/3115 1601/1598/3115
f 1630/1599/3116 1615/1619/3116 1560/1569/3116
f 1623/1627/3117 1602/1600/3117 1582/1587/3117
f 1594/1570/3118 1624/1628/3118 1506/1504/3118
f 1561/1561/3119 1625/1629/3119 1586/1591/3119
f 1586/1591/3120 1548/1549/3120 1575/1582/3120
f 1548/1549/3121 1568/1583/3121 1538/1521/3121
f 1539/1540/3122 1634/1630/3122 1587/1592/3122
f 1606/1621/3123 1626/1622/3123 1595/1602/3123
f 1576/1571/3124 1626/1622/3124 1554/1556/3124
f 1626/1622/3125 1588/1593/3125 1554/1556/3125
f 1607/1612/3126 1618/1623/3126 1570/1572/3126
f 1577/1563/3127 1618/1623/3127 1596/1613/3127
f 1589/1595/3128 1627/1631/3128 1578/1573/3128
f 1578/1573/3129 1609/1606/3129 1534/1534/3129
f 1571/1574/3130 1603/1607/3130 1562/1564/3130
f 1603/1607/3131 1619/1624/3131 1550/1557/3131
f 1590/1575/3132 1610/1614/3132 1540/1542/3132
f 1637/1603/3133 1497/1512/3133 1467/1498/3133
f 1612/1615/3134 1621/1608/3134 1502/1536/3134
f 1598/1596/3135 1628/1632/3135 1599/1604/3135
f 1531/1532/3136 1629/1626/3136 1565/1544/3136
f 1616/1611/3137 1631/1633/3137 1583/1588/3137
f 1574/1581/3138 1625/1629/3138 1561/1561/3138
f 1568/1583/3139 1633/1634/3139 1539/1540/3139
f 1634/1630/3140 1606/1621/3140 1587/1592/3140
f 1578/1573/3141 1627/1631/3141 1609/1606/3141
f 1609/1606/3142 1636/1635/3142 1571/1574/3142
f 1556/1558/3143 1622/1636/3143 1579/1576/3143
f 1599/1604/3144 1638/1637/3144 1551/1552/3144
f 1614/1618/3145 1639/1638/3145 1566/1568/3145
f 1566/1568/3146 1639/1638/3146 1567/1579/3146
f 1650/1639/3147 1543/1545/3147 1572/1560/3147
f 1582/1587/3148 1615/1619/3148 1623/1627/3148
f 1623/1627/3149 1640/1640/3149 1602/1600/3149
f 1602/1600/3150 1640/1640/3150 1616/1611/3150
f 1640/1640/3151 1631/1633/3151 1616/1611/3151
f 1631/1633/3152 1617/1620/3152 1583/1588/3152
f 1573/1580/3153 1641/1641/3153 1594/1570/3153
f 1632/1642/3154 1642/1643/3154 1548/1549/3154
f 1548/1549/3155 1642/1643/3155 1568/1583/3155
f 1633/1634/3156 1634/1630/3156 1539/1540/3156
f 1606/1621/3157 1643/1644/3157 1626/1622/3157
f 1644/1645/3158 1597/1584/3158 1608/1594/3158
f 1636/1635/3159 1645/1646/3159 1571/1574/3159
f 1610/1614/3160 1671/1647/3160 1540/1542/3160
f 1611/1585/3161 1620/1625/3161 1511/1513/3161
f 1621/1608/3162 1622/1636/3162 1556/1558/3162
f 1622/1636/3163 1604/1616/3163 1579/1576/3163
f 1605/1610/3164 1646/1648/3164 1598/1596/3164
f 1580/1586/3165 1657/1649/3165 1581/1578/3165
f 1657/1649/3166 1647/1650/3166 1581/1578/3166
f 1581/1578/3167 1647/1650/3167 1521/1523/3167
f 1531/1532/3168 1648/1651/3168 1629/1626/3168
f 1601/1598/3169 1649/1652/3169 1614/1618/3169
f 1567/1579/3170 1650/1639/3170 1572/1560/3170
f 1650/1639/3171 1630/1599/3171 1543/1545/3171
f 1617/1620/3172 1651/1653/3172 1593/1601/3172
f 1641/1641/3173 1624/1628/3173 1594/1570/3173
f 1585/1590/3174 1660/1654/3174 1574/1581/3174
f 1586/1591/3175 1652/1655/3175 1548/1549/3175
f 1652/1655/3176 1632/1642/3176 1548/1549/3176
f 1637/1603/3177 1611/1585/3177 1497/1512/3177
f 1664/1609/3178 1605/1610/3178 1557/1565/3178
f 1628/1632/3179 1656/1656/3179 1599/1604/3179
f 1638/1637/3180 1552/1553/3180 1551/1552/3180
f 1521/1523/3181 1613/1617/3181 1564/1567/3181
f 1623/1627/3182 1658/1657/3182 1640/1640/3182
f 1640/1640/3183 1666/1658/3183 1631/1633/3183
f 1593/1601/3184 1659/1659/3184 1573/1580/3184
f 1573/1580/3185 1659/1659/3185 1641/1641/3185
f 1574/1581/3186 1660/1654/3186 1625/1629/3186
f 1607/1612/3187 1653/1660/3187 1618/1623/3187
f 1618/1623/3188 1662/1661/3188 1596/1613/3188
f 1654/1662/3189 1608/1594/3189 1596/1613/3189
f 1635/1663/3190 1644/1645/3190 1608/1594/3190
f 1597/1584/3191 1663/1664/3191 1589/1595/3191
f 1589/1595/3192 1663/1664/3192 1627/1631/3192
f 1671/1647/3193 1637/1603/3193 1540/1542/3193
f 1664/1609/3194 1655/1665/3194 1605/1610/3194
f 1655/1665/3195 1646/1648/3195 1605/1610/3195
f 1599/1604/3196 1656/1656/3196 1638/1637/3196
f 1592/1597/3197 1657/1649/3197 1580/1586/3197
f 1615/1619/3198 1658/1657/3198 1623/1627/3198
f 1658/1657/3199 1666/1658/3199 1640/1640/3199
f 1659/1659/3200 1667/1666/3200 1641/1641/3200
f 1668/1667/3201 1660/1654/3201 1585/1590/3201
f 1625/1629/3202 1652/1655/3202 1586/1591/3202
f 1568/1583/3203 1669/1668/3203 1633/1634/3203
f 1634/1630/3204 1687/1669/3204 1606/1621/3204
f 1626/1622/3205 1661/1670/3205 1588/1593/3205
f 1607/1612/3206 1688/1671/3206 1653/1660/3206
f 1653/1660/3207 1662/1661/3207 1618/1623/3207
f 1662/1661/3208 1654/1662/3208 1596/1613/3208
f 1644/1645/3209 1663/1664/3209 1597/1584/3209
f 1645/1646/3210 1670/1672/3210 1571/1574/3210
f 1670/1672/3211 1603/1607/3211 1571/1574/3211
f 1622/1636/3212 1664/1609/3212 1604/1616/3212
f 1673/1673/3213 1674/1674/3213 1592/1597/3213
f 1613/1617/3214 1648/1651/3214 1531/1532/3214
f 1601/1598/3215 1629/1626/3215 1649/1652/3215
f 1614/1618/3216 1675/1675/3216 1639/1638/3216
f 1665/1676/3217 1567/1579/3217 1639/1638/3217
f 1567/1579/3218 1676/1677/3218 1650/1639/3218
f 1652/1655/3219 1697/1678/3219 1632/1642/3219
f 1687/1669/3220 1677/1679/3220 1606/1621/3220
f 1643/1644/3221 1678/1680/3221 1626/1622/3221
f 1654/1662/3222 1679/1681/3222 1608/1594/3222
f 1619/1624/3223 1680/1682/3223 1610/1614/3223
f 1680/1682/3224 1671/1647/3224 1610/1614/3224
f 1621/1608/3225 1681/1683/3225 1622/1636/3225
f 1682/1684/3226 1655/1665/3226 1664/1609/3226
f 1598/1596/3227 1646/1648/3227 1628/1632/3227
f 1592/1597/3228 1674/1674/3228 1657/1649/3228
f 1521/1523/3229 1701/1685/3229 1613/1617/3229
f 1639/1638/3230 1675/1675/3230 1665/1676/3230
f 1665/1676/3231 1676/1677/3231 1567/1579/3231
f 1630/1599/3232 1683/1686/3232 1615/1619/3232
f 1631/1633/3233 1685/1687/3233 1617/1620/3233
f 1617/1620/3234 1685/1687/3234 1651/1653/3234
f 1593/1601/3235 1686/1688/3235 1659/1659/3235
f 1642/1643/3236 1669/1668/3236 1568/1583/3236
f 1633/1634/3237 1687/1669/3237 1634/1630/3237
f 1606/1621/3238 1677/1679/3238 1643/1644/3238
f 1626/1622/3239 1678/1680/3239 1661/1670/3239
f 1588/1593/3240 1688/1671/3240 1607/1612/3240
f 1688/1671/3241 1689/1689/3241 1653/1660/3241
f 1679/1681/3242 1635/1663/3242 1608/1594/3242
f 1627/1631/3243 1731/1690/3243 1609/1606/3243
f 1603/1607/3244 1690/1691/3244 1619/1624/3244
f 1690/1691/3245 1680/1682/3245 1619/1624/3245
f 1611/1585/3246 1672/1692/3246 1620/1625/3246
f 1552/1553/3247 1692/1693/3247 1591/1605/3247
f 1692/1693/3248 1693/1694/3248 1591/1605/3248
f 1591/1605/3249 1693/1694/3249 1600/1577/3249
f 1674/1674/3250 1694/1695/3250 1657/1649/3250
f 1702/1696/3251 1648/1651/3251 1613/1617/3251
f 1648/1651/3252 1695/1697/3252 1629/1626/3252
f 1695/1697/3253 1649/1652/3253 1629/1626/3253
f 1614/1618/3254 1649/1652/3254 1675/1675/3254
f 1650/1639/3255 1696/1698/3255 1630/1599/3255
f 1615/1619/3256 1683/1686/3256 1658/1657/3256
f 1593/1601/3257 1651/1653/3257 1686/1688/3257
f 1625/1629/3258 1660/1654/3258 1652/1655/3258
f 1660/1654/3259 1697/1678/3259 1652/1655/3259
f 1661/1670/3260 1688/1671/3260 1588/1593/3260
f 1670/1672/3261 1690/1691/3261 1603/1607/3261
f 1680/1682/3262 1698/1699/3262 1671/1647/3262
f 1637/1603/3263 1699/1700/3263 1611/1585/3263
f 1611/1585/3264 1691/1701/3264 1672/1692/3264
f 1612/1615/3265 1681/1683/3265 1621/1608/3265
f 1655/1665/3266 1700/1702/3266 1646/1648/3266
f 1646/1648/3267 1700/1702/3267 1628/1632/3267
f 1700/1702/3268 1656/1656/3268 1628/1632/3268
f 1701/1685/3269 1702/1696/3269 1613/1617/3269
f 1630/1599/3270 1696/1698/3270 1683/1686/3270
f 1666/1658/3271 1704/1703/3271 1684/1704/3271
f 1666/1658/3272 1684/1704/3272 1631/1633/3272
f 1631/1633/3273 1684/1704/3273 1685/1687/3273
f 1686/1688/3274 1667/1666/3274 1659/1659/3274
f 1669/1668/3275 1713/1705/3275 1633/1634/3275
f 1713/1705/3276 1687/1669/3276 1633/1634/3276
f 1654/1662/3277 1662/1661/3277 1679/1681/3277
f 1620/1625/3278 1707/1706/3278 1612/1615/3278
f 1656/1656/3279 1718/1707/3279 1638/1637/3279
f 1638/1637/3280 1708/1708/3280 1552/1553/3280
f 1708/1708/3281 1692/1693/3281 1552/1553/3281
f 1600/1577/3282 1673/1673/3282 1592/1597/3282
f 1694/1695/3283 1709/1709/3283 1657/1649/3283
f 1709/1709/3284 1647/1650/3284 1657/1649/3284
f 1647/1650/3285 1701/1685/3285 1521/1523/3285
f 1648/1651/3286 1710/1710/3286 1695/1697/3286
f 1676/1677/3287 1703/1711/3287 1650/1639/3287
f 1703/1711/3288 1696/1698/3288 1650/1639/3288
f 1658/1657/3289 1704/1703/3289 1666/1658/3289
f 1641/1641/3290 1705/1712/3290 1624/1628/3290
f 1668/1667/3291 1711/1713/3291 1660/1654/3291
f 1712/1714/3292 1697/1678/3292 1660/1654/3292
f 1643/1644/3293 1714/1715/3293 1678/1680/3293
f 1653/1660/3294 1715/1716/3294 1662/1661/3294
f 1635/1663/3295 1716/1717/3295 1644/1645/3295
f 1627/1631/3296 1746/1718/3296 1731/1690/3296
f 1612/1615/3297 1707/1706/3297 1681/1683/3297
f 1700/1702/3298 1718/1707/3298 1656/1656/3298
f 1638/1637/3299 1718/1707/3299 1708/1708/3299
f 1684/1704/3300 1719/1719/3300 1685/1687/3300
f 1685/1687/3301 1720/1720/3301 1651/1653/3301
f 1667/1666/3302 1721/1721/3302 1641/1641/3302
f 1697/1678/3303 1723/1722/3303 1632/1642/3303
f 1632/1642/3304 1723/1722/3304 1642/1643/3304
f 1687/1669/3305 1725/1723/3305 1677/1679/3305
f 1678/1680/3306 1706/1724/3306 1661/1670/3306
f 1706/1724/3307 1727/1725/3307 1661/1670/3307
f 1644/1645/3308 1729/1726/3308 1663/1664/3308
f 1663/1664/3309 1730/1727/3309 1627/1631/3309
f 1609/1606/3310 1731/1690/3310 1636/1635/3310
f 1636/1635/3311 1731/1690/3311 1645/1646/3311
f 1690/1691/3312 1698/1699/3312 1680/1682/3312
f 1637/1603/3313 1671/1647/3313 1717/1728/3313
f 1622/1636/3314 1753/1729/3314 1664/1609/3314
f 1664/1609/3315 1769/1730/3315 1682/1684/3315
f 1673/1673/3316 1732/1731/3316 1674/1674/3316
f 1734/1732/3317 1648/1651/3317 1702/1696/3317
f 1648/1651/3318 1735/1733/3318 1710/1710/3318
f 1676/1677/3319 1737/1734/3319 1703/1711/3319
f 1704/1703/3320 1738/1735/3320 1684/1704/3320
f 1720/1720/3321 1739/1736/3321 1651/1653/3321
f 1641/1641/3322 1721/1721/3322 1705/1712/3322
f 1711/1713/3323 1712/1714/3323 1660/1654/3323
f 1642/1643/3324 1749/1737/3324 1669/1668/3324
f 1724/1738/3325 1713/1705/3325 1669/1668/3325
f 1678/1680/3326 1714/1715/3326 1706/1724/3326
f 1653/1660/3327 1728/1739/3327 1715/1716/3327
f 1679/1681/3328 1745/1740/3328 1635/1663/3328
f 1635/1663/3329 1745/1740/3329 1716/1717/3329
f 1698/1699/3330 1740/1741/3330 1671/1647/3330
f 1671/1647/3331 1740/1741/3331 1717/1728/3331
f 1741/1742/3332 1691/1701/3332 1611/1585/3332
f 1672/1692/3333 1707/1706/3333 1620/1625/3333
f 1753/1729/3334 1769/1730/3334 1664/1609/3334
f 1769/1730/3335 1742/1743/3335 1682/1684/3335
f 1732/1731/3336 1694/1695/3336 1674/1674/3336
f 1649/1652/3337 1736/1744/3337 1675/1675/3337
f 1736/1744/3338 1665/1676/3338 1675/1675/3338
f 1683/1686/3339 1743/1745/3339 1658/1657/3339
f 1743/1745/3340 1738/1735/3340 1658/1657/3340
f 1658/1657/3341 1738/1735/3341 1704/1703/3341
f 1719/1719/3342 1720/1720/3342 1685/1687/3342
f 1697/1678/3343 1744/1746/3343 1723/1722/3343
f 1749/1737/3344 1724/1738/3344 1669/1668/3344
f 1713/1705/3345 1725/1723/3345 1687/1669/3345
f 1677/1679/3346 1726/1747/3346 1643/1644/3346
f 1643/1644/3347 1726/1747/3347 1714/1715/3347
f 1727/1725/3348 1688/1671/3348 1661/1670/3348
f 1688/1671/3349 1778/1748/3349 1689/1689/3349
f 1689/1689/3350 1728/1739/3350 1653/1660/3350
f 1662/1661/3351 1793/1749/3351 1679/1681/3351
f 1731/1690/3352 1747/1750/3352 1645/1646/3352
f 1611/1585/3353 1699/1700/3353 1741/1742/3353
f 1655/1665/3354 1682/1684/3354 1700/1702/3354
f 1600/1577/3355 1771/1751/3355 1673/1673/3355
f 1648/1651/3356 1734/1732/3356 1735/1733/3356
f 1695/1697/3357 1762/1752/3357 1649/1652/3357
f 1665/1676/3358 1737/1734/3358 1676/1677/3358
f 1684/1704/3359 1765/1753/3359 1719/1719/3359
f 1651/1653/3360 1739/1736/3360 1686/1688/3360
f 1667/1666/3361 1686/1688/3361 1721/1721/3361
f 1585/1590/3362 1722/1754/3362 1668/1667/3362
f 1723/1722/3363 1749/1737/3363 1642/1643/3363
f 1724/1738/3364 1750/1755/3364 1713/1705/3364
f 1750/1755/3365 1751/1756/3365 1713/1705/3365
f 1751/1756/3366 1725/1723/3366 1713/1705/3366
f 1725/1723/3367 1752/1757/3367 1677/1679/3367
f 1715/1716/3368 1793/1749/3368 1662/1661/3368
f 1793/1749/3369 1745/1740/3369 1679/1681/3369
f 1716/1717/3370 1729/1726/3370 1644/1645/3370
f 1729/1726/3371 1730/1727/3371 1663/1664/3371
f 1645/1646/3372 1747/1750/3372 1670/1672/3372
f 1717/1728/3373 1699/1700/3373 1637/1603/3373
f 1681/1683/3374 1753/1729/3374 1622/1636/3374
f 1682/1684/3375 1754/1758/3375 1700/1702/3375
f 1700/1702/3376 1755/1759/3376 1718/1707/3376
f 1718/1707/3377 1756/1760/3377 1708/1708/3377
f 1692/1693/3378 1748/1761/3378 1693/1694/3378
f 1771/1751/3379 1757/1762/3379 1673/1673/3379
f 1694/1695/3380 1759/1763/3380 1709/1709/3380
f 1701/1685/3381 1760/1764/3381 1702/1696/3381
f 1702/1696/3382 1761/1765/3382 1734/1732/3382
f 1710/1710/3383 1762/1752/3383 1695/1697/3383
f 1762/1752/3384 1736/1744/3384 1649/1652/3384
f 1696/1698/3385 1764/1766/3385 1683/1686/3385
f 1738/1735/3386 1765/1753/3386 1684/1704/3386
f 1722/1754/3387 1766/1767/3387 1668/1667/3387
f 1766/1767/3388 1711/1713/3388 1668/1667/3388
f 1697/1678/3389 1712/1714/3389 1744/1746/3389
f 1751/1756/3390 1752/1757/3390 1725/1723/3390
f 1728/1739/3391 1778/1748/3391 1715/1716/3391
f 1730/1727/3392 1746/1718/3392 1627/1631/3392
f 1690/1691/3393 1768/1768/3393 1698/1699/3393
f 1682/1684/3394 1742/1743/3394 1754/1758/3394
f 1754/1758/3395 1755/1759/3395 1700/1702/3395
f 1708/1708/3396 1770/1769/3396 1692/1693/3396
f 1693/1694/3397 1771/1751/3397 1600/1577/3397
f 1673/1673/3398 1758/1770/3398 1732/1731/3398
f 1647/1650/3399 1772/1771/3399 1701/1685/3399
f 1772/1771/3400 1733/1772/3400 1701/1685/3400
f 1773/1773/3401 1710/1710/3401 1735/1733/3401
f 1665/1676/3402 1763/1774/3402 1737/1734/3402
f 1764/1766/3403 1774/1775/3403 1683/1686/3403
f 1683/1686/3404 1774/1775/3404 1743/1745/3404
f 1743/1745/3405 1789/1776/3405 1738/1735/3405
f 1744/1746/3406 1712/1714/3406 1767/1777/3406
f 1752/1757/3407 1726/1747/3407 1677/1679/3407
f 1714/1715/3408 1776/1778/3408 1706/1724/3408
f 1727/1725/3409 1777/1779/3409 1688/1671/3409
f 1688/1671/3410 1777/1779/3410 1778/1748/3410
f 1689/1689/3411 1778/1748/3411 1728/1739/3411
f 1778/1748/3412 1779/1780/3412 1715/1716/3412
f 1670/1672/3413 1768/1768/3413 1690/1691/3413
f 1768/1768/3414 1781/1781/3414 1698/1699/3414
f 1698/1699/3415 1781/1781/3415 1740/1741/3415
f 1740/1741/3416 1782/1782/3416 1717/1728/3416
f 1717/1728/3417 1782/1782/3417 1699/1700/3417
f 1691/1701/3418 1707/1706/3418 1672/1692/3418
f 1755/1759/3419 1803/1783/3419 1718/1707/3419
f 1756/1760/3420 1784/1784/3420 1708/1708/3420
f 1785/1785/3421 1771/1751/3421 1693/1694/3421
f 1709/1709/3422 1786/1786/3422 1647/1650/3422
f 1804/1787/3423 1772/1771/3423 1647/1650/3423
f 1760/1764/3424 1761/1765/3424 1702/1696/3424
f 1736/1744/3425 1787/1788/3425 1665/1676/3425
f 1763/1774/3426 1788/1789/3426 1737/1734/3426
f 1703/1711/3427 1764/1766/3427 1696/1698/3427
f 1738/1735/3428 1789/1776/3428 1765/1753/3428
f 1719/1719/3429 1765/1753/3429 1720/1720/3429
f 1765/1753/3430 1790/1790/3430 1720/1720/3430
f 1739/1736/3431 1833/1791/3431 1686/1688/3431
f 1767/1777/3432 1723/1722/3432 1744/1746/3432
f 1749/1737/3433 1791/1792/3433 1724/1738/3433
f 1724/1738/3434 1791/1792/3434 1750/1755/3434
f 1750/1755/3435 1775/1793/3435 1751/1756/3435
f 1726/1747/3436 1776/1778/3436 1714/1715/3436
f 1779/1780/3437 1793/1749/3437 1715/1716/3437
f 1781/1781/3438 1795/1794/3438 1740/1741/3438
f 1795/1794/3439 1782/1782/3439 1740/1741/3439
f 1782/1782/3440 1783/1795/3440 1699/1700/3440
f 1699/1700/3441 1783/1795/3441 1741/1742/3441
f 1803/1783/3442 1756/1760/3442 1718/1707/3442
f 1784/1784/3443 1770/1769/3443 1708/1708/3443
f 1770/1769/3444 1748/1761/3444 1692/1693/3444
f 1757/1762/3445 1758/1770/3445 1673/1673/3445
f 1732/1731/3446 1759/1763/3446 1694/1695/3446
f 1647/1650/3447 1786/1786/3447 1804/1787/3447
f 1733/1772/3448 1760/1764/3448 1701/1685/3448
f 1734/1732/3449 1796/1796/3449 1735/1733/3449
f 1796/1796/3450 1773/1773/3450 1735/1733/3450
f 1710/1710/3451 1797/1797/3451 1762/1752/3451
f 1787/1788/3452 1798/1798/3452 1665/1676/3452
f 1798/1798/3453 1763/1774/3453 1665/1676/3453
f 1737/1734/3454 1799/1799/3454 1703/1711/3454
f 1799/1799/3455 1800/1800/3455 1703/1711/3455
f 1800/1800/3456 1764/1766/3456 1703/1711/3456
f 1774/1775/3457 1789/1776/3457 1743/1745/3457
f 1720/1720/3458 1833/1791/3458 1739/1736/3458
f 1833/1791/3459 1721/1721/3459 1686/1688/3459
f 1752/1757/3460 1792/1801/3460 1726/1747/3460
f 1706/1724/3461 1776/1778/3461 1727/1725/3461
f 1802/1802/3462 1745/1740/3462 1793/1749/3462
f 1716/1717/3463 1794/1803/3463 1729/1726/3463
f 1729/1726/3464 1794/1803/3464 1730/1727/3464
f 1746/1718/3465 1780/1804/3465 1731/1690/3465
f 1731/1690/3466 1780/1804/3466 1747/1750/3466
f 1747/1750/3467 1768/1768/3467 1670/1672/3467
f 1754/1758/3468 1803/1783/3468 1755/1759/3468
f 1759/1763/3469 1786/1786/3469 1709/1709/3469
f 1805/1805/3470 1760/1764/3470 1733/1772/3470
f 1773/1773/3471 1797/1797/3471 1710/1710/3471
f 1788/1789/3472 1799/1799/3472 1737/1734/3472
f 1749/1737/3473 1801/1806/3473 1791/1792/3473
f 1776/1778/3474 1816/1807/3474 1727/1725/3474
f 1802/1802/3475 1807/1808/3475 1745/1740/3475
f 1819/1809/3476 1780/1804/3476 1746/1718/3476
f 1795/1794/3477 1809/1810/3477 1782/1782/3477
f 1782/1782/3478 1810/1811/3478 1783/1795/3478
f 1691/1701/3479 1811/1812/3479 1707/1706/3479
f 1769/1730/3480 1838/1813/3480 1742/1743/3480
f 1693/1694/3481 1748/1761/3481 1785/1785/3481
f 1771/1751/3482 1812/1814/3482 1757/1762/3482
f 1758/1770/3483 1759/1763/3483 1732/1731/3483
f 1813/1815/3484 1761/1765/3484 1760/1764/3484
f 1797/1797/3485 1814/1816/3485 1762/1752/3485
f 1762/1752/3486 1814/1816/3486 1736/1744/3486
f 1722/1754/3487 1815/1817/3487 1766/1767/3487
f 1711/1713/3488 1806/1818/3488 1712/1714/3488
f 1723/1722/3489 1834/1819/3489 1749/1737/3489
f 1834/1819/3490 1801/1806/3490 1749/1737/3490
f 1750/1755/3491 1791/1792/3491 1775/1793/3491
f 1751/1756/3492 1835/1820/3492 1752/1757/3492
f 1816/1807/3493 1777/1779/3493 1727/1725/3493
f 1745/1740/3494 1818/1821/3494 1716/1717/3494
f 1818/1821/3495 1830/1822/3495 1716/1717/3495
f 1716/1717/3496 1830/1822/3496 1794/1803/3496
f 1808/1823/3497 1746/1718/3497 1730/1727/3497
f 1809/1810/3498 1821/1824/3498 1782/1782/3498
f 1754/1758/3499 1822/1825/3499 1803/1783/3499
f 1803/1783/3500 1839/1826/3500 1756/1760/3500
f 1758/1770/3501 1823/1827/3501 1759/1763/3501
f 1772/1771/3502 1824/1828/3502 1733/1772/3502
f 1825/1829/3503 1805/1805/3503 1733/1772/3503
f 1760/1764/3504 1805/1805/3504 1813/1815/3504
f 1761/1765/3505 1796/1796/3505 1734/1732/3505
f 1814/1816/3506 1787/1788/3506 1736/1744/3506
f 1720/1720/3507 1790/1790/3507 1833/1791/3507
f 1721/1721/3508 1826/1830/3508 1705/1712/3508
f 1775/1793/3509 1850/1831/3509 1751/1756/3509
f 1828/1832/3510 1776/1778/3510 1726/1747/3510
f 1817/1833/3511 1779/1780/3511 1778/1748/3511
f 1779/1780/3512 1829/1834/3512 1793/1749/3512
f 1745/1740/3513 1807/1808/3513 1818/1821/3513
f 1794/1803/3514 1808/1823/3514 1730/1727/3514
f 1780/1804/3515 1820/1835/3515 1747/1750/3515
f 1747/1750/3516 1820/1835/3516 1768/1768/3516
f 1741/1742/3517 1811/1812/3517 1691/1701/3517
f 1812/1814/3518 1758/1770/3518 1757/1762/3518
f 1823/1827/3519 1786/1786/3519 1759/1763/3519
f 1774/1775/3520 1849/1836/3520 1789/1776/3520
f 1789/1776/3521 1832/1837/3521 1765/1753/3521
f 1832/1837/3522 1790/1790/3522 1765/1753/3522
f 1767/1777/3523 1834/1819/3523 1723/1722/3523
f 1791/1792/3524 1850/1831/3524 1775/1793/3524
f 1850/1831/3525 1835/1820/3525 1751/1756/3525
f 1792/1801/3526 1828/1832/3526 1726/1747/3526
f 1808/1823/3527 1819/1809/3527 1746/1718/3527
f 1783/1795/3528 1837/1838/3528 1741/1742/3528
f 1837/1838/3529 1811/1812/3529 1741/1742/3529
f 1811/1812/3530 1681/1683/3530 1707/1706/3530
f 1742/1743/3531 1822/1825/3531 1754/1758/3531
f 1756/1760/3532 1839/1826/3532 1784/1784/3532
f 1770/1769/3533 1831/1839/3533 1748/1761/3533
f 1748/1761/3534 1831/1839/3534 1785/1785/3534
f 1858/1840/3535 1823/1827/3535 1758/1770/3535
f 1761/1765/3536 1813/1815/3536 1796/1796/3536
f 1813/1815/3537 1840/1841/3537 1796/1796/3537
f 1798/1798/3538 1788/1789/3538 1763/1774/3538
f 1788/1789/3539 1841/1842/3539 1799/1799/3539
f 1827/1843/3540 1815/1817/3540 1722/1754/3540
f 1815/1817/3541 1842/1844/3541 1766/1767/3541
f 1808/1823/3542 1843/1845/3542 1819/1809/3542
f 1821/1824/3543 1844/1846/3543 1782/1782/3543
f 1844/1846/3544 1810/1811/3544 1782/1782/3544
f 1810/1811/3545 1837/1838/3545 1783/1795/3545
f 1784/1784/3546 1857/1847/3546 1770/1769/3546
f 1771/1751/3547 1846/1848/3547 1812/1814/3547
f 1812/1814/3548 1858/1840/3548 1758/1770/3548
f 1804/1787/3549 1824/1828/3549 1772/1771/3549
f 1773/1773/3550 1848/1849/3550 1797/1797/3550
f 1800/1800/3551 1774/1775/3551 1764/1766/3551
f 1849/1836/3552 1832/1837/3552 1789/1776/3552
f 1712/1714/3553 1806/1818/3553 1767/1777/3553
f 1752/1757/3554 1828/1832/3554 1792/1801/3554
f 1777/1779/3555 1817/1833/3555 1778/1748/3555
f 1817/1833/3556 1852/1850/3556 1779/1780/3556
f 1779/1780/3557 1852/1850/3557 1829/1834/3557
f 1829/1834/3558 1802/1802/3558 1793/1749/3558
f 1820/1835/3559 1853/1851/3559 1768/1768/3559
f 1781/1781/3560 1768/1768/3560 1795/1794/3560
f 1681/1683/3561 1854/1852/3561 1753/1729/3561
f 1753/1729/3562 1855/1853/3562 1769/1730/3562
f 1822/1825/3563 1856/1854/3563 1803/1783/3563
f 1839/1826/3564 1845/1855/3564 1784/1784/3564
f 1845/1855/3565 1857/1847/3565 1784/1784/3565
f 1823/1827/3566 1859/1856/3566 1786/1786/3566
f 1786/1786/3567 1847/1857/3567 1804/1787/3567
f 1824/1828/3568 1825/1829/3568 1733/1772/3568
f 1805/1805/3569 1871/1858/3569 1813/1815/3569
f 1796/1796/3570 1840/1841/3570 1773/1773/3570
f 1773/1773/3571 1840/1841/3571 1848/1849/3571
f 1814/1816/3572 1860/1859/3572 1787/1788/3572
f 1860/1859/3573 1861/1860/3573 1787/1788/3573
f 1787/1788/3574 1861/1860/3574 1798/1798/3574
f 1861/1860/3575 1788/1789/3575 1798/1798/3575
f 1766/1767/3576 1842/1844/3576 1711/1713/3576
f 1767/1777/3577 1863/1861/3577 1834/1819/3577
f 1834/1819/3578 1864/1862/3578 1801/1806/3578
f 1865/1863/3579 1835/1820/3579 1850/1831/3579
f 1776/1778/3580 1836/1864/3580 1816/1807/3580
f 1816/1807/3581 1836/1864/3581 1777/1779/3581
f 1829/1834/3582 1866/1865/3582 1802/1802/3582
f 1807/1808/3583 1830/1822/3583 1818/1821/3583
f 1795/1794/3584 1867/1866/3584 1809/1810/3584
f 1811/1812/3585 1854/1852/3585 1681/1683/3585
f 1770/1769/3586 1857/1847/3586 1831/1839/3586
f 1785/1785/3587 1846/1848/3587 1771/1751/3587
f 1858/1840/3588 1859/1856/3588 1823/1827/3588
f 1786/1786/3589 1859/1856/3589 1847/1857/3589
f 1804/1787/3590 1870/1867/3590 1824/1828/3590
f 1825/1829/3591 1871/1858/3591 1805/1805/3591
f 1799/1799/3592 1841/1842/3592 1862/1868/3592
f 1862/1868/3593 1873/1869/3593 1799/1799/3593
f 1799/1799/3594 1873/1869/3594 1800/1800/3594
f 1800/1800/3595 1873/1869/3595 1774/1775/3595
f 1863/1861/3596 1864/1862/3596 1834/1819/3596
f 1835/1820/3597 1874/1870/3597 1752/1757/3597
f 1752/1757/3598 1874/1870/3598 1828/1832/3598
f 1776/1778/3599 1880/1871/3599 1836/1864/3599
f 1777/1779/3600 1851/1872/3600 1817/1833/3600
f 1794/1803/3601 1882/1873/3601 1808/1823/3601
f 1768/1768/3602 1875/1874/3602 1795/1794/3602
f 1868/1875/3603 1837/1838/3603 1810/1811/3603
f 1803/1783/3604 1856/1854/3604 1839/1826/3604
f 1857/1847/3605 1876/1876/3605 1831/1839/3605
f 1847/1857/3606 1869/1877/3606 1804/1787/3606
f 1871/1858/3607 1872/1878/3607 1813/1815/3607
f 1873/1869/3608 1849/1836/3608 1774/1775/3608
f 1877/1879/3609 1790/1790/3609 1832/1837/3609
f 1833/1791/3610 1826/1830/3610 1721/1721/3610
f 1826/1830/3611 1878/1880/3611 1705/1712/3611
f 1711/1713/3612 1879/1881/3612 1806/1818/3612
f 1767/1777/3613 1806/1818/3613 1863/1861/3613
f 1801/1806/3614 1850/1831/3614 1791/1792/3614
f 1828/1832/3615 1880/1871/3615 1776/1778/3615
f 1777/1779/3616 1836/1864/3616 1851/1872/3616
f 1851/1872/3617 1852/1850/3617 1817/1833/3617
f 1802/1802/3618 1866/1865/3618 1807/1808/3618
f 1807/1808/3619 1881/1882/3619 1830/1822/3619
f 1830/1822/3620 1882/1873/3620 1794/1803/3620
f 1795/1794/3621 1875/1874/3621 1867/1866/3621
f 1844/1846/3622 1868/1875/3622 1810/1811/3622
f 1837/1838/3623 1884/1883/3623 1811/1812/3623
f 1886/1884/3624 1845/1855/3624 1839/1826/3624
f 1831/1839/3625 1887/1885/3625 1785/1785/3625
f 1785/1785/3626 1887/1885/3626 1846/1848/3626
f 1846/1848/3627 1888/1886/3627 1812/1814/3627
f 1812/1814/3628 1888/1886/3628 1858/1840/3628
f 1869/1877/3629 1870/1867/3629 1804/1787/3629
f 1797/1797/3630 1889/1887/3630 1814/1816/3630
f 1788/1789/3631 1861/1860/3631 1841/1842/3631
f 1861/1860/3632 1890/1888/3632 1841/1842/3632
f 1849/1836/3633 1877/1879/3633 1832/1837/3633
f 1790/1790/3634 1877/1879/3634 1833/1791/3634
f 1801/1806/3635 1891/1889/3635 1850/1831/3635
f 1836/1864/3636 1892/1890/3636 1851/1872/3636
f 1866/1865/3637 1893/1891/3637 1807/1808/3637
f 1807/1808/3638 1893/1891/3638 1881/1882/3638
f 1780/1804/3639 1853/1851/3639 1820/1835/3639
f 1853/1851/3640 1875/1874/3640 1768/1768/3640
f 1809/1810/3641 1867/1866/3641 1883/1892/3641
f 1809/1810/3642 1883/1892/3642 1821/1824/3642
f 1811/1812/3643 1884/1883/3643 1885/1893/3643
f 1811/1812/3644 1885/1893/3644 1854/1852/3644
f 1855/1853/3645 1894/1894/3645 1769/1730/3645
f 1769/1730/3646 1894/1894/3646 1838/1813/3646
f 1898/1895/3647 1887/1885/3647 1831/1839/3647
f 1887/1885/3648 1895/1896/3648 1846/1848/3648
f 1895/1896/3649 1888/1886/3649 1846/1848/3649
f 1872/1878/3650 1896/1897/3650 1813/1815/3650
f 1813/1815/3651 1896/1897/3651 1840/1841/3651
f 1848/1849/3652 1889/1887/3652 1797/1797/3652
f 1860/1859/3653 1897/1898/3653 1861/1860/3653
f 1711/1713/3654 1842/1844/3654 1879/1881/3654
f 1851/1872/3655 1923/1899/3655 1852/1850/3655
f 1852/1850/3656 1866/1865/3656 1829/1834/3656
f 1821/1824/3657 1883/1892/3657 1844/1846/3657
f 1868/1875/3658 1884/1883/3658 1837/1838/3658
f 1742/1743/3659 1910/1900/3659 1822/1825/3659
f 1822/1825/3660 1910/1900/3660 1856/1854/3660
f 1896/1897/3661 1848/1849/3661 1840/1841/3661
f 1848/1849/3662 1899/1901/3662 1889/1887/3662
f 1889/1887/3663 1860/1859/3663 1814/1816/3663
f 1827/1843/3664 1900/1902/3664 1815/1817/3664
f 1850/1831/3665 1891/1889/3665 1865/1863/3665
f 1891/1889/3666 1920/1903/3666 1865/1863/3666
f 1828/1832/3667 1901/1904/3667 1880/1871/3667
f 1852/1850/3668 1902/1905/3668 1866/1865/3668
f 1845/1855/3669 1904/1906/3669 1857/1847/3669
f 1876/1876/3670 1898/1895/3670 1831/1839/3670
f 1888/1886/3671 1859/1856/3671 1858/1840/3671
f 1815/1817/3672 1900/1902/3672 1842/1844/3672
f 1900/1902/3673 1905/1907/3673 1842/1844/3673
f 1806/1818/3674 1932/1908/3674 1863/1861/3674
f 1863/1861/3675 1906/1909/3675 1864/1862/3675
f 1864/1862/3676 1906/1909/3676 1801/1806/3676
f 1801/1806/3677 1906/1909/3677 1891/1889/3677
f 1880/1871/3678 1892/1890/3678 1836/1864/3678
f 1923/1899/3679 1902/1905/3679 1852/1850/3679
f 1881/1882/3680 1907/1910/3680 1830/1822/3680
f 1830/1822/3681 1907/1910/3681 1882/1873/3681
f 1884/1883/3682 1903/1911/3682 1885/1893/3682
f 1753/1729/3683 1925/1912/3683 1855/1853/3683
f 1742/1743/3684 1838/1813/3684 1910/1900/3684
f 1876/1876/3685 1911/1913/3685 1898/1895/3685
f 1887/1885/3686 1913/1914/3686 1895/1896/3686
f 1888/1886/3687 1914/1915/3687 1859/1856/3687
f 1847/1857/3688 1915/1916/3688 1869/1877/3688
f 1870/1867/3689 1916/1917/3689 1824/1828/3689
f 1825/1829/3690 1917/1918/3690 1871/1858/3690
f 1917/1918/3691 1872/1878/3691 1871/1858/3691
f 1861/1860/3692 1929/1919/3692 1890/1888/3692
f 1873/1869/3693 1919/1920/3693 1849/1836/3693
f 1865/1863/3694 1921/1921/3694 1835/1820/3694
f 1835/1820/3695 1921/1921/3695 1874/1870/3695
f 1874/1870/3696 1922/1922/3696 1828/1832/3696
f 1808/1823/3697 1882/1873/3697 1843/1845/3697
f 1843/1845/3698 1908/1923/3698 1819/1809/3698
f 1868/1875/3699 1924/1924/3699 1884/1883/3699
f 1854/1852/3700 1925/1912/3700 1753/1729/3700
f 1856/1854/3701 1938/1925/3701 1839/1826/3701
f 1886/1884/3702 1904/1906/3702 1845/1855/3702
f 1857/1847/3703 1904/1906/3703 1876/1876/3703
f 1898/1895/3704 1926/1926/3704 1887/1885/3704
f 1887/1885/3705 1912/1927/3705 1913/1914/3705
f 1859/1856/3706 1914/1915/3706 1847/1857/3706
f 1869/1877/3707 1927/1928/3707 1870/1867/3707
f 1917/1918/3708 1918/1929/3708 1872/1878/3708
f 1872/1878/3709 1918/1929/3709 1896/1897/3709
f 1896/1897/3710 1899/1901/3710 1848/1849/3710
f 1889/1887/3711 1928/1930/3711 1860/1859/3711
f 1928/1930/3712 1897/1898/3712 1860/1859/3712
f 1879/1881/3713 1931/1931/3713 1806/1818/3713
f 1920/1903/3714 1974/1932/3714 1865/1863/3714
f 1974/1932/3715 1921/1921/3715 1865/1863/3715
f 1922/1922/3716 1901/1904/3716 1828/1832/3716
f 1892/1890/3717 1933/1933/3717 1851/1872/3717
f 1866/1865/3718 1934/1934/3718 1893/1891/3718
f 1935/1935/3719 1936/1936/3719 1881/1882/3719
f 1819/1809/3720 1943/1937/3720 1780/1804/3720
f 1875/1874/3721 1909/1938/3721 1867/1866/3721
f 1867/1866/3722 1909/1938/3722 1883/1892/3722
f 1909/1938/3723 1937/1939/3723 1883/1892/3723
f 1883/1892/3724 1937/1939/3724 1844/1846/3724
f 1884/1883/3725 1924/1924/3725 1903/1911/3725
f 1855/1853/3726 1947/1940/3726 1894/1894/3726
f 1838/1813/3727 1894/1894/3727 1910/1900/3727
f 1910/1900/3728 1938/1925/3728 1856/1854/3728
f 1938/1925/3729 1886/1884/3729 1839/1826/3729
f 1926/1926/3730 1912/1927/3730 1887/1885/3730
f 1914/1915/3731 1915/1916/3731 1847/1857/3731
f 1870/1867/3732 1927/1928/3732 1916/1917/3732
f 1824/1828/3733 1916/1917/3733 1825/1829/3733
f 1918/1929/3734 1899/1901/3734 1896/1897/3734
f 1841/1842/3735 1890/1888/3735 1862/1868/3735
f 1873/1869/3736 1862/1868/3736 1930/1941/3736
f 1873/1869/3737 1930/1941/3737 1919/1920/3737
f 1919/1920/3738 1940/1942/3738 1849/1836/3738
f 1940/1942/3739 1877/1879/3739 1849/1836/3739
f 1877/1879/3740 1941/1943/3740 1833/1791/3740
f 1905/1907/3741 1879/1881/3741 1842/1844/3741
f 1806/1818/3742 1931/1931/3742 1932/1908/3742
f 1906/1909/3743 1942/1944/3743 1891/1889/3743
f 1891/1889/3744 1942/1944/3744 1920/1903/3744
f 1921/1921/3745 1922/1922/3745 1874/1870/3745
f 1933/1933/3746 1923/1899/3746 1851/1872/3746
f 1902/1905/3747 1934/1934/3747 1866/1865/3747
f 1893/1891/3748 1935/1935/3748 1881/1882/3748
f 1881/1882/3749 1936/1936/3749 1907/1910/3749
f 1908/1923/3750 1943/1937/3750 1819/1809/3750
f 1780/1804/3751 1943/1937/3751 1853/1851/3751
f 1937/1939/3752 1945/1945/3752 1844/1846/3752
f 1844/1846/3753 1945/1945/3753 1868/1875/3753
f 1868/1875/3754 1945/1945/3754 1924/1924/3754
f 1903/1911/3755 1982/1946/3755 1885/1893/3755
f 1885/1893/3756 1946/1947/3756 1854/1852/3756
f 1911/1913/3757 1926/1926/3757 1898/1895/3757
f 1888/1886/3758 1949/1948/3758 1914/1915/3758
f 1918/1929/3759 1950/1949/3759 1899/1901/3759
f 1897/1898/3760 1961/1950/3760 1861/1860/3760
f 1861/1860/3761 1961/1950/3761 1929/1919/3761
f 1929/1919/3762 1979/1951/3762 1890/1888/3762
f 1940/1942/3763 1941/1943/3763 1877/1879/3763
f 1863/1861/3764 1932/1908/3764 1906/1909/3764
f 1901/1904/3765 1951/1952/3765 1880/1871/3765
f 1933/1933/3766 1988/1953/3766 1923/1899/3766
f 1907/1910/3767 1953/1954/3767 1882/1873/3767
f 1882/1873/3768 1975/1955/3768 1843/1845/3768
f 1975/1955/3769 1908/1923/3769 1843/1845/3769
f 1853/1851/3770 1943/1937/3770 1875/1874/3770
f 1982/1946/3771 1946/1947/3771 1885/1893/3771
f 1954/1956/3772 1947/1940/3772 1855/1853/3772
f 1956/1957/3773 1904/1906/3773 1886/1884/3773
f 1876/1876/3774 1968/1958/3774 1911/1913/3774
f 1911/1913/3775 1957/1959/3775 1926/1926/3775
f 1948/1960/3776 1949/1948/3776 1888/1886/3776
f 1958/1961/3777 1959/1962/3777 1916/1917/3777
f 1916/1917/3778 1959/1962/3778 1825/1829/3778
f 1825/1829/3779 1959/1962/3779 1917/1918/3779
f 1939/1963/3780 1889/1887/3780 1899/1901/3780
f 1928/1930/3781 1960/1964/3781 1897/1898/3781
f 1827/1843/3782 1962/1965/3782 1900/1902/3782
f 1880/1871/3783 1951/1952/3783 1892/1890/3783
f 1934/1934/3784 1963/1966/3784 1893/1891/3784
f 1943/1937/3785 1964/1967/3785 1875/1874/3785
f 1964/1967/3786 1944/1968/3786 1875/1874/3786
f 1875/1874/3787 1944/1968/3787 1909/1938/3787
f 1909/1938/3788 1965/1969/3788 1937/1939/3788
f 1937/1939/3789 1966/1970/3789 1945/1945/3789
f 1924/1924/3790 1977/1971/3790 1903/1911/3790
f 1894/1894/3791 1983/1972/3791 1910/1900/3791
f 1910/1900/3792 1955/1973/3792 1938/1925/3792
f 1938/1925/3793 1967/1974/3793 1886/1884/3793
f 1904/1906/3794 1968/1958/3794 1876/1876/3794
f 1912/1927/3795 1926/1926/3795 1913/1914/3795
f 1913/1914/3796 1969/1975/3796 1895/1896/3796
f 1895/1896/3797 1969/1975/3797 1888/1886/3797
f 1914/1915/3798 1949/1948/3798 1915/1916/3798
f 1869/1877/3799 1915/1916/3799 1927/1928/3799
f 1970/1976/3800 1971/1977/3800 1918/1929/3800
f 1918/1929/3801 1971/1977/3801 1950/1949/3801
f 1960/1964/3802 1961/1950/3802 1897/1898/3802
f 1890/1888/3803 1930/1941/3803 1862/1868/3803
f 1900/1902/3804 1962/1965/3804 1905/1907/3804
f 1932/1908/3805 1973/1978/3805 1906/1909/3805
f 1973/1978/3806 1942/1944/3806 1906/1909/3806
f 1942/1944/3807 1974/1932/3807 1920/1903/3807
f 1953/1954/3808 1975/1955/3808 1882/1873/3808
f 1945/1945/3809 1976/1979/3809 1924/1924/3809
f 1854/1852/3810 1978/1980/3810 1925/1912/3810
f 1983/1972/3811 1955/1973/3811 1910/1900/3811
f 1888/1886/3812 1969/1975/3812 1948/1960/3812
f 1985/1981/3813 1916/1917/3813 1927/1928/3813
f 1917/1918/3814 1970/1976/3814 1918/1929/3814
f 1950/1949/3815 1939/1963/3815 1899/1901/3815
f 1939/1963/3816 2028/1982/3816 1889/1887/3816
f 1889/1887/3817 1972/1983/3817 1928/1930/3817
f 1979/1951/3818 1930/1941/3818 1890/1888/3818
f 1879/1881/3819 2040/1984/3819 1931/1931/3819
f 1952/1985/3820 1980/1986/3820 1923/1899/3820
f 1923/1899/3821 1980/1986/3821 1902/1905/3821
f 1980/1986/3822 1934/1934/3822 1902/1905/3822
f 1944/1968/3823 1981/1987/3823 1909/1938/3823
f 1909/1938/3824 1981/1987/3824 1965/1969/3824
f 1947/1940/3825 1983/1972/3825 1894/1894/3825
f 1955/1973/3826 1984/1988/3826 1938/1925/3826
f 1886/1884/3827 1990/1989/3827 1956/1957/3827
f 1915/1916/3828 1985/1981/3828 1927/1928/3828
f 1985/1981/3829 1958/1961/3829 1916/1917/3829
f 1971/1977/3830 1986/1990/3830 1950/1949/3830
f 1950/1949/3831 1986/1990/3831 1939/1963/3831
f 1889/1887/3832 2028/1982/3832 1972/1983/3832
f 1951/1952/3833 1987/1991/3833 1892/1890/3833
f 1892/1890/3834 1987/1991/3834 1933/1933/3834
f 1987/1991/3835 1988/1953/3835 1933/1933/3835
f 1988/1953/3836 1952/1985/3836 1923/1899/3836
f 1963/1966/3837 1989/1992/3837 1893/1891/3837
f 1989/1992/3838 1935/1935/3838 1893/1891/3838
f 1937/1939/3839 1965/1969/3839 1966/1970/3839
f 1924/1924/3840 1976/1979/3840 1977/1971/3840
f 1977/1971/3841 1982/1946/3841 1903/1911/3841
f 1946/1947/3842 1978/1980/3842 1854/1852/3842
f 1925/1912/3843 1954/1956/3843 1855/1853/3843
f 1938/1925/3844 1984/1988/3844 1967/1974/3844
f 1956/1957/3845 1968/1958/3845 1904/1906/3845
f 1913/1914/3846 1991/1993/3846 1969/1975/3846
f 1949/1948/3847 1985/1981/3847 1915/1916/3847
f 1917/1918/3848 1994/1994/3848 1970/1976/3848
f 1940/1942/3849 1995/1995/3849 1941/1943/3849
f 1905/1907/3850 2040/1984/3850 1879/1881/3850
f 1931/1931/3851 1996/1996/3851 1932/1908/3851
f 1974/1932/3852 1997/1997/3852 1921/1921/3852
f 1921/1921/3853 1998/1998/3853 1922/1922/3853
f 1998/1998/3854 1999/1999/3854 1922/1922/3854
f 1999/1999/3855 1901/1904/3855 1922/1922/3855
f 1901/1904/3856 2000/2000/3856 1951/1952/3856
f 2000/2000/3857 2001/2001/3857 1951/1952/3857
f 2022/2002/3858 1964/1967/3858 1943/1937/3858
f 1947/1940/3859 2002/2003/3859 1983/1972/3859
f 1955/1973/3860 2003/2004/3860 1984/1988/3860
f 1967/1974/3861 1990/1989/3861 1886/1884/3861
f 1956/1957/3862 2004/2005/3862 1968/1958/3862
f 1968/1958/3863 2005/2006/3863 1911/1913/3863
f 2005/2006/3864 1957/1959/3864 1911/1913/3864
f 1969/1975/3865 2015/2007/3865 1948/1960/3865
f 1948/1960/3866 1992/2008/3866 1949/1948/3866
f 1958/1961/3867 1993/2009/3867 1959/1962/3867
f 2007/2010/3868 1994/1994/3868 1959/1962/3868
f 1959/1962/3869 1994/1994/3869 1917/1918/3869
f 1972/1983/3817 2008/2011/3817 1928/1930/3817
f 2058/2012/3870 1940/1942/3870 1919/1920/3870
f 1833/1791/3871 2010/2013/3871 1826/1830/3871
f 1997/1997/3872 1998/1998/3872 1921/1921/3872
f 1980/1986/3873 2011/2014/3873 1934/1934/3873
f 2011/2014/3874 1989/1992/3874 1934/1934/3874
f 1934/1934/3875 1989/1992/3875 1963/1966/3875
f 1936/1936/3876 1953/1954/3876 1907/1910/3876
f 1976/1979/3877 2012/2015/3877 1977/1971/3877
f 1925/1912/3878 2024/2016/3878 1954/1956/3878
f 2004/2005/3879 2005/2006/3879 1968/1958/3879
f 1957/1959/3880 2014/2017/3880 1926/1926/3880
f 1926/1926/3881 1991/1993/3881 1913/1914/3881
f 1969/1975/3882 2026/2018/3882 2006/2019/3882
f 2006/2019/3883 2015/2007/3883 1969/1975/3883
f 2015/2007/3884 1992/2008/3884 1948/1960/3884
f 1986/1990/3885 2028/1982/3885 1939/1963/3885
f 1928/1930/3886 2008/2011/3886 1960/1964/3886
f 1960/1964/3887 2016/2020/3887 1961/1950/3887
f 2029/2021/3888 2009/2022/3888 1941/1943/3888
f 1941/1943/3889 2009/2022/3889 1833/1791/3889
f 1932/1908/3890 1996/1996/3890 1973/1978/3890
f 1973/1978/3891 2019/2023/3891 1942/1944/3891
f 2019/2023/3892 2020/2024/3892 1942/1944/3892
f 1942/1944/3893 2020/2024/3893 1974/1932/3893
f 1974/1932/3894 2020/2024/3894 1997/1997/3894
f 1999/1999/3895 2000/2000/3895 1901/1904/3895
f 1989/1992/3896 1936/1936/3896 1935/1935/3896
f 1936/1936/3897 2021/2025/3897 1953/1954/3897
f 1966/1970/3898 2023/2026/3898 1945/1945/3898
f 1983/1972/3899 2013/2027/3899 1955/1973/3899
f 1990/1989/3900 2025/2028/3900 1956/1957/3900
f 1991/1993/3901 2026/2018/3901 1969/1975/3901
f 1993/2009/3902 2007/2010/3902 1959/1962/3902
f 1994/1994/3903 1971/1977/3903 1970/1976/3903
f 2016/2020/3904 2017/2029/3904 1961/1950/3904
f 2018/2030/3905 1930/1941/3905 1979/1951/3905
f 1995/1995/3906 2029/2021/3906 1941/1943/3906
f 1962/1965/3907 2105/2031/3907 1905/1907/3907
f 2040/1984/3908 2030/2032/3908 1931/1931/3908
f 1931/1931/3909 2030/2032/3909 1996/1996/3909
f 1951/1952/3910 2001/2001/3910 1987/1991/3910
f 1953/1954/3911 2033/2033/3911 1975/1955/3911
f 1908/1923/3912 2034/2034/3912 1943/1937/3912
f 1964/1967/3913 2035/2035/3913 1944/1968/3913
f 1944/1968/3914 2035/2035/3914 1981/1987/3914
f 2043/2036/3915 2012/2015/3915 1976/1979/3915
f 2012/2015/3916 2036/2037/3916 1977/1971/3916
f 2036/2037/3917 1982/1946/3917 1977/1971/3917
f 1978/1980/3918 2024/2016/3918 1925/1912/3918
f 1954/1956/3919 2002/2003/3919 1947/1940/3919
f 1955/1973/3920 2013/2027/3920 2003/2004/3920
f 1967/1974/3921 2045/2038/3921 1990/1989/3921
f 2045/2038/3922 2046/2039/3922 1990/1989/3922
f 1956/1957/3923 2025/2028/3923 2004/2005/3923
f 1926/1926/3924 2014/2017/3924 1991/1993/3924
f 1992/2008/3925 2037/2040/3925 1949/1948/3925
f 2037/2040/3926 2038/2041/3926 1949/1948/3926
f 1949/1948/3927 2038/2041/3927 1985/1981/3927
f 1985/1981/3928 2039/2042/3928 1958/1961/3928
f 1958/1961/3929 2039/2042/3929 1993/2009/3929
f 1971/1977/3930 1994/1994/3930 2027/2043/3930
f 2027/2043/3931 1986/1990/3931 1971/1977/3931
f 1919/1920/3932 1930/1941/3932 2058/2012/3932
f 2058/2012/3933 1995/1995/3933 1940/1942/3933
f 2105/2031/3934 2040/1984/3934 1905/1907/3934
f 2011/2014/3935 2032/2044/3935 1989/1992/3935
f 2033/2033/3936 2041/2045/3936 1975/1955/3936
f 1964/1967/3937 2022/2002/3937 2035/2035/3937
f 1981/1987/3938 2042/2046/3938 1965/1969/3938
f 1965/1969/3939 2042/2046/3939 1966/1970/3939
f 2023/2026/3940 2043/2036/3940 1945/1945/3940
f 1945/1945/3941 2043/2036/3941 1976/1979/3941
f 1946/1947/3942 2060/2047/3942 1978/1980/3942
f 2003/2004/3943 2044/2048/3943 1984/1988/3943
f 2046/2039/3944 2025/2028/3944 1990/1989/3944
f 2057/2049/3945 2008/2011/3945 1972/1983/3945
f 2008/2011/3946 2016/2020/3946 1960/1964/3946
f 1961/1950/3947 2067/2050/3947 1929/1919/3947
f 1979/1951/3948 2067/2050/3948 2018/2030/3948
f 2048/2051/3949 2030/2032/3949 2040/1984/3949
f 1996/1996/3950 2049/2052/3950 1973/1978/3950
f 1987/1991/3951 2059/2053/3951 1988/1953/3951
f 1988/1953/3952 2031/2054/3952 1952/1985/3952
f 1952/1985/3953 2031/2054/3953 1980/1986/3953
f 2031/2054/3954 2050/2055/3954 1980/1986/3954
f 1989/1992/3955 2051/2056/3955 1936/1936/3955
f 1936/1936/3956 2051/2056/3956 2021/2025/3956
f 2021/2025/3957 2033/2033/3957 1953/1954/3957
f 1975/1955/3958 2034/2034/3958 1908/1923/3958
f 2034/2034/3959 2022/2002/3959 1943/1937/3959
f 1982/1946/3960 2052/2057/3960 1946/1947/3960
f 2013/2027/3961 2053/2058/3961 2003/2004/3961
f 2044/2048/3962 1967/1974/3962 1984/1988/3962
f 2054/2059/3963 2004/2005/3963 2025/2028/3963
f 2014/2017/3964 2055/2060/3964 1991/1993/3964
f 1991/1993/3965 2055/2060/3965 2026/2018/3965
f 2007/2010/3966 2056/2061/3966 1994/1994/3966
f 1986/1990/3967 2027/2043/3967 2047/2062/3967
f 2028/1982/3968 2057/2049/3968 1972/1983/3968
f 1929/1919/3969 2067/2050/3969 1979/1951/3969
f 2018/2030/3970 2058/2012/3970 1930/1941/3970
f 2030/2032/3971 2049/2052/3971 1996/1996/3971
f 2001/2001/3972 2059/2053/3972 1987/1991/3972
f 1966/1970/3973 2042/2046/3973 2023/2026/3973
f 2036/2037/3974 2052/2057/3974 1982/1946/3974
f 2052/2057/3975 2060/2047/3975 1946/1947/3975
f 2024/2016/3976 2061/2063/3976 1954/1956/3976
f 2044/2048/3977 2045/2038/3977 1967/1974/3977
f 2005/2006/3978 2062/2064/3978 1957/1959/3978
f 1957/1959/3979 2062/2064/3979 2014/2017/3979
f 2064/2065/3980 2037/2040/3980 1992/2008/3980
f 1993/2009/3981 2075/2066/3981 2007/2010/3981
f 1994/1994/3982 2065/2067/3982 2027/2043/3982
f 1986/1990/3983 2047/2062/3983 2028/1982/3983
f 2057/2049/3984 2066/2068/3984 2008/2011/3984
f 2017/2029/3985 2067/2050/3985 1961/1950/3985
f 2009/2022/3986 2010/2013/3986 1833/1791/3986
f 2019/2023/3987 2069/2069/3987 2020/2024/3987
f 2070/2070/3988 1997/1997/3988 2020/2024/3988
f 1997/1997/3989 2070/2070/3989 1998/1998/3989
f 2059/2053/3990 2071/2071/3990 1988/1953/3990
f 1988/1953/3991 2071/2071/3991 2031/2054/3991
f 2032/2044/3992 2051/2056/3992 1989/1992/3992
f 2034/2034/3993 2072/2072/3993 2022/2002/3993
f 2035/2035/3994 2042/2046/3994 1981/1987/3994
f 2023/2026/3995 2073/2073/3995 2043/2036/3995
f 1983/1972/3996 2002/2003/3996 2013/2027/3996
f 2003/2004/3997 2053/2058/3997 2044/2048/3997
f 2083/2074/3998 2064/2065/3998 1992/2008/3998
f 2038/2041/3999 2039/2042/3999 1985/1981/3999
f 2039/2042/4000 2075/2066/4000 1993/2009/4000
f 2056/2061/4001 2065/2067/4001 1994/1994/4001
f 2028/1982/4002 2076/2075/4002 2057/2049/4002
f 1998/1998/4003 2106/2076/4003 1999/1999/4003
f 2106/2076/4004 2000/2000/4004 1999/1999/4004
f 2079/2077/4005 2001/2001/4005 2000/2000/4005
f 1980/1986/4006 2050/2055/4006 2011/2014/4006
f 2035/2035/4007 2100/2078/4007 2042/2046/4007
f 2081/2079/4008 2036/2037/4008 2012/2015/4008
f 2060/2047/4009 2082/2080/4009 1978/1980/4009
f 1978/1980/4010 2074/2081/4010 2024/2016/4010
f 2002/2003/4011 2053/2058/4011 2013/2027/4011
f 2054/2059/4012 2093/2082/4012 2004/2005/4012
f 2062/2064/4013 2063/2083/4013 2014/2017/4013
f 2026/2018/4014 2055/2060/4014 2006/2019/4014
f 2015/2007/4015 2083/2074/4015 1992/2008/4015
f 2037/2040/4016 2084/2084/4016 2038/2041/4016
f 2084/2084/4017 2085/2085/4017 2038/2041/4017
f 2085/2085/4018 2086/2086/4018 2038/2041/4018
f 2038/2041/4019 2086/2086/4019 2039/2042/4019
f 2007/2010/4020 2075/2066/4020 2056/2061/4020
f 2047/2062/4021 2087/2087/4021 2028/1982/4021
f 2028/1982/4022 2087/2087/4022 2076/2075/4022
f 2067/2050/4023 2077/2088/4023 2018/2030/4023
f 2077/2088/4024 2068/2089/4024 2018/2030/4024
f 2068/2089/4025 2058/2012/4025 2018/2030/4025
f 2078/2090/4026 2019/2023/4026 1973/1978/4026
f 2069/2069/4027 2070/2070/4027 2020/2024/4027
f 2031/2054/4028 2090/2091/4028 2050/2055/4028
f 2072/2072/4029 2092/2092/4029 2022/2002/4029
f 2100/2078/4030 2080/2093/4030 2042/2046/4030
f 2024/2016/4031 2074/2081/4031 2061/2063/4031
f 1954/1956/4032 2061/2063/4032 2002/2003/4032
f 2046/2039/4033 2054/2059/4033 2025/2028/4033
f 2093/2082/4034 2062/2064/4034 2004/2005/4034
f 2004/2005/4035 2062/2064/4035 2005/2006/4035
f 2063/2083/4036 2055/2060/4036 2014/2017/4036
f 2055/2060/4037 2015/2007/4037 2006/2019/4037
f 2027/2043/4038 2094/2094/4038 2047/2062/4038
f 2094/2094/4039 2087/2087/4039 2047/2062/4039
f 2076/2075/4040 2066/2068/4040 2057/2049/4040
f 2095/2095/4041 2029/2021/4041 1995/1995/4041
f 2105/2031/4042 2048/2051/4042 2040/1984/4042
f 2070/2070/4043 2089/2096/4043 1998/1998/4043
f 2106/2076/4044 2079/2077/4044 2000/2000/4044
f 2079/2077/4045 2096/2097/4045 2001/2001/4045
f 2001/2001/4046 2096/2097/4046 2059/2053/4046
f 2071/2071/4047 2097/2098/4047 2031/2054/4047
f 2097/2098/4048 2090/2091/4048 2031/2054/4048
f 2050/2055/4049 2090/2091/4049 2011/2014/4049
f 2011/2014/4050 2098/2099/4050 2032/2044/4050
f 2021/2025/4051 2099/2100/4051 2033/2033/4051
f 2033/2033/4052 2099/2100/4052 2041/2045/4052
f 2041/2045/4053 2091/2101/4053 1975/1955/4053
f 2043/2036/4054 2081/2079/4054 2012/2015/4054
f 2082/2080/4055 2101/2102/4055 1978/1980/4055
f 2053/2058/4056 2141/2103/4056 2044/2048/4056
f 2045/2038/4057 2102/2104/4057 2046/2039/4057
f 2046/2039/4058 2102/2104/4058 2054/2059/4058
f 2064/2065/4059 2084/2084/4059 2037/2040/4059
f 2056/2061/4060 2113/2105/4060 2065/2067/4060
f 2066/2068/4061 2016/2020/4061 2008/2011/4061
f 2067/2050/4062 2088/2106/4062 2077/2088/4062
f 2058/2012/4063 2103/2107/4063 1995/1995/4063
f 2095/2095/4064 2104/2108/4064 2029/2021/4064
f 2029/2021/4065 2104/2108/4065 2009/2022/4065
f 2049/2052/4066 2078/2090/4066 1973/1978/4066
f 2019/2023/4067 2115/2109/4067 2069/2069/4067
f 2089/2096/4068 2106/2076/4068 1998/1998/4068
f 2059/2053/4069 2096/2097/4069 2071/2071/4069
f 2032/2044/4070 2107/2110/4070 2051/2056/4070
f 2099/2100/4071 2091/2101/4071 2041/2045/4071
f 2091/2101/4072 2118/2111/4072 1975/1955/4072
f 1975/1955/4073 2108/2112/4073 2034/2034/4073
f 2022/2002/4074 2100/2078/4074 2035/2035/4074
f 2109/2113/4075 2023/2026/4075 2042/2046/4075
f 2036/2037/4076 2081/2079/4076 2052/2057/4076
f 2052/2057/4077 2110/2114/4077 2060/2047/4077
f 2060/2047/4078 2110/2114/4078 2082/2080/4078
f 2086/2086/4079 2112/2115/4079 2039/2042/4079
f 2039/2042/4080 2112/2115/4080 2075/2066/4080
f 2075/2066/4081 2113/2105/4081 2056/2061/4081
f 2114/2116/4082 2027/2043/4082 2065/2067/4082
f 2017/2029/4083 2088/2106/4083 2067/2050/4083
f 2068/2089/4084 2103/2107/4084 2058/2012/4084
f 2103/2107/4085 2095/2095/4085 1995/1995/4085
f 2078/2090/4086 2115/2109/4086 2019/2023/4086
f 2079/2077/4087 2127/2117/4087 2096/2097/4087
f 2117/2118/4088 2099/2100/4088 2021/2025/4088
f 2118/2111/4089 2108/2112/4089 1975/1955/4089
f 2034/2034/4090 2119/2119/4090 2072/2072/4090
f 2072/2072/4091 2120/2120/4091 2092/2092/4091
f 2092/2092/4092 2100/2078/4092 2022/2002/4092
f 2023/2026/4093 2109/2113/4093 2073/2073/4093
f 2073/2073/4094 2081/2079/4094 2043/2036/4094
f 2052/2057/4095 2129/2121/4095 2110/2114/4095
f 2101/2102/4096 2121/2122/4096 1978/1980/4096
f 1978/1980/4097 2121/2122/4097 2074/2081/4097
f 2074/2081/4098 2111/2123/4098 2061/2063/4098
f 2061/2063/4099 2130/2124/4099 2002/2003/4099
f 2044/2048/4100 2132/2125/4100 2045/2038/4100
f 2132/2125/4101 2102/2104/4101 2045/2038/4101
f 2063/2083/4102 2122/2126/4102 2055/2060/4102
f 2055/2060/4103 2083/2074/4103 2015/2007/4103
f 2027/2043/4104 2114/2116/4104 2094/2094/4104
f 2087/2087/4105 2123/2127/4105 2076/2075/4105
f 2076/2075/4106 2123/2127/4106 2066/2068/4106
f 1826/1830/4107 2125/2128/4107 1878/1880/4107
f 2048/2051/4108 2049/2052/4108 2030/2032/4108
f 2106/2076/4109 2089/2096/4109 2116/2129/4109
f 2116/2129/4110 2127/2117/4110 2106/2076/4110
f 2106/2076/4111 2127/2117/4111 2079/2077/4111
f 2096/2097/4112 2139/2130/4112 2071/2071/4112
f 2090/2091/4113 2098/2099/4113 2011/2014/4113
f 2109/2113/4114 2128/2131/4114 2073/2073/4114
f 2073/2073/4115 2128/2131/4115 2081/2079/4115
f 2002/2003/4116 2131/2132/4116 2053/2058/4116
f 2102/2104/4117 2093/2082/4117 2054/2059/4117
f 2055/2060/4118 2133/2133/4118 2083/2074/4118
f 2083/2074/4119 2134/2134/4119 2064/2065/4119
f 2084/2084/4120 2144/2135/4120 2085/2085/4120
f 2114/2116/4121 2136/2136/4121 2094/2094/4121
f 2069/2069/4122 2147/2137/4122 2070/2070/4122
f 2147/2137/4123 2126/2138/4123 2070/2070/4123
f 2070/2070/4124 2126/2138/4124 2089/2096/4124
f 2098/2099/4125 2107/2110/4125 2032/2044/4125
f 2158/2139/4126 2120/2120/4126 2072/2072/4126
f 2080/2093/4127 2109/2113/4127 2042/2046/4127
f 2128/2131/4128 2140/2140/4128 2081/2079/4128
f 2081/2079/4129 2129/2121/4129 2052/2057/4129
f 2111/2123/4130 2130/2124/4130 2061/2063/4130
f 2160/2141/4131 2093/2082/4131 2102/2104/4131
f 2093/2082/4132 2152/2142/4132 2062/2064/4132
f 2142/2143/4133 2063/2083/4133 2062/2064/4133
f 2133/2133/4134 2134/2134/4134 2083/2074/4134
f 2064/2065/4135 2144/2135/4135 2084/2084/4135
f 2085/2085/4136 2135/2144/4136 2086/2086/4136
f 2086/2086/4137 2135/2144/4137 2112/2115/4137
f 2112/2115/4138 2113/2105/4138 2075/2066/4138
f 2066/2068/4139 2145/2145/4139 2016/2020/4139
f 2016/2020/4140 2088/2106/4140 2017/2029/4140
f 2088/2106/4141 2146/2146/4141 2077/2088/4141
f 2095/2095/4142 2103/2107/4142 2137/2147/4142
f 2048/2051/4143 2155/2148/4143 2049/2052/4143
f 2115/2109/4144 2147/2137/4144 2069/2069/4144
f 2071/2071/4145 2139/2130/4145 2097/2098/4145
f 2097/2098/4146 2149/2149/4146 2090/2091/4146
f 2107/2110/4147 2150/2150/4147 2051/2056/4147
f 2051/2056/4148 2150/2150/4148 2021/2025/4148
f 2108/2112/4149 2119/2119/4149 2034/2034/4149
f 2109/2113/4150 2187/2151/4150 2128/2131/4150
f 2081/2079/4151 2140/2140/4151 2129/2121/4151
f 2141/2103/4152 2132/2125/4152 2044/2048/4152
f 2160/2141/4153 2151/2152/4153 2093/2082/4153
f 2142/2143/4154 2143/2153/4154 2063/2083/4154
f 2122/2126/4155 2133/2133/4155 2055/2060/4155
f 2064/2065/4156 2179/2154/4156 2144/2135/4156
f 2113/2105/4157 2161/2155/4157 2065/2067/4157
f 2161/2155/4158 2153/2156/4158 2065/2067/4158
f 2065/2067/4159 2153/2156/4159 2114/2116/4159
f 2136/2136/4160 2087/2087/4160 2094/2094/4160
f 2095/2095/4161 2137/2147/4161 2104/2108/4161
f 2116/2129/4162 2148/2157/4162 2127/2117/4162
f 2127/2117/4163 2156/2158/4163 2096/2097/4163
f 2139/2130/4164 2149/2149/4164 2097/2098/4164
f 2099/2100/4165 2157/2159/4165 2091/2101/4165
f 2119/2119/4166 2158/2139/4166 2072/2072/4166
f 2080/2093/4167 2169/2160/4167 2109/2113/4167
f 2110/2114/4168 2101/2102/4168 2082/2080/4168
f 2131/2132/4169 2141/2103/4169 2053/2058/4169
f 2132/2125/4170 2160/2141/4170 2102/2104/4170
f 2064/2065/4171 2134/2134/4171 2179/2154/4171
f 2179/2154/4172 2191/2161/4172 2144/2135/4172
f 2085/2085/4173 2144/2135/4173 2135/2144/4173
f 2123/2127/4174 2162/2162/4174 2066/2068/4174
f 2066/2068/4175 2162/2162/4175 2145/2145/4175
f 2016/2020/4176 2145/2145/4176 2088/2106/4176
f 2077/2088/4177 2163/2163/4177 2068/2089/4177
f 2163/2163/4178 2103/2107/4178 2068/2089/4178
f 1826/1830/4179 2010/2013/4179 2124/2164/4179
f 1826/1830/4180 2124/2164/4180 2125/2128/4180
f 1962/1965/4181 2138/2165/4181 2105/2031/4181
f 2155/2148/4182 2164/2166/4182 2049/2052/4182
f 2078/2090/4183 2165/2167/4183 2115/2109/4183
f 2116/2129/4184 2166/2168/4184 2148/2157/4184
f 2156/2158/4185 2167/2169/4185 2096/2097/4185
f 2096/2097/4186 2167/2169/4186 2139/2130/4186
f 2021/2025/4187 2150/2150/4187 2117/2118/4187
f 2091/2101/4188 2157/2159/4188 2118/2111/4188
f 2168/2170/4189 2100/2078/4189 2092/2092/4189
f 2121/2122/4190 2111/2123/4190 2074/2081/4190
f 2152/2142/4191 2170/2171/4191 2062/2064/4191
f 2170/2171/4192 2142/2143/4192 2062/2064/4192
f 2112/2115/4193 2171/2172/4193 2113/2105/4193
f 2171/2172/4194 2161/2155/4194 2113/2105/4194
f 2172/2173/4195 2162/2162/4195 2123/2127/4195
f 2145/2145/4196 2209/2174/4196 2088/2106/4196
f 2104/2108/4197 2182/2175/4197 2009/2022/4197
f 2138/2165/4198 2173/2176/4198 2105/2031/4198
f 2173/2176/4199 2154/2177/4199 2105/2031/4199
f 2105/2031/4200 2155/2148/4200 2048/2051/4200
f 2089/2096/4201 2174/2178/4201 2116/2129/4201
f 2148/2157/4202 2156/2158/4202 2127/2117/4202
f 2120/2120/4203 2186/2179/4203 2092/2092/4203
f 2186/2179/4204 2168/2170/4204 2092/2092/4204
f 2129/2121/4205 2175/2180/4205 2110/2114/4205
f 2110/2114/4206 2176/2181/4206 2101/2102/4206
f 2130/2124/4207 2159/2182/4207 2002/2003/4207
f 2002/2003/4208 2159/2182/4208 2131/2132/4208
f 2142/2143/4209 2178/2183/4209 2143/2153/4209
f 2114/2116/4210 2181/2184/4210 2136/2136/4210
f 2087/2087/4211 2172/2173/4211 2123/2127/4211
f 2088/2106/4212 2209/2174/4212 2146/2146/4212
f 2137/2147/4213 2200/2185/4213 2104/2108/4213
f 2182/2175/4214 2010/2013/4214 2009/2022/4214
f 2164/2166/4215 2183/2186/4215 2049/2052/4215
f 2049/2052/4216 2183/2186/4216 2078/2090/4216
f 2078/2090/4217 2183/2186/4217 2165/2167/4217
f 2165/2167/4218 2147/2137/4218 2115/2109/4218
f 2126/2138/4219 2174/2178/4219 2089/2096/4219
f 2174/2178/4220 2166/2168/4220 2116/2129/4220
f 2148/2157/4221 2201/2187/4221 2156/2158/4221
f 2156/2158/4222 2184/2188/4222 2167/2169/4222
f 2139/2130/4223 2185/2189/4223 2149/2149/4223
f 2149/2149/4224 2213/2190/4224 2090/2091/4224
f 2213/2190/4225 2098/2099/4225 2090/2091/4225
f 2158/2139/4226 2186/2179/4226 2120/2120/4226
f 2100/2078/4227 2193/2191/4227 2080/2093/4227
f 2111/2123/4228 2159/2182/4228 2130/2124/4228
f 2160/2141/4229 2196/2192/4229 2151/2152/4229
f 2151/2152/4230 2152/2142/4230 2093/2082/4230
f 2122/2126/4231 2189/2193/4231 2133/2133/4231
f 2133/2133/4232 2190/2194/4232 2134/2134/4232
f 2135/2144/4233 2180/2195/4233 2112/2115/4233
f 2153/2156/4234 2181/2184/4234 2114/2116/4234
f 2087/2087/4235 2136/2136/4235 2172/2173/4235
f 2154/2177/4236 2155/2148/4236 2105/2031/4236
f 2183/2186/4237 2192/2196/4237 2165/2167/4237
f 2167/2169/4238 2212/2197/4238 2139/2130/4238
f 2204/2198/4239 2108/2112/4239 2118/2111/4239
f 2108/2112/4240 2204/2198/4240 2119/2119/4240
f 2168/2170/4241 2193/2191/4241 2100/2078/4241
f 2187/2151/4242 2194/2199/4242 2128/2131/4242
f 2194/2199/4243 2140/2140/4243 2128/2131/4243
f 2175/2180/4244 2176/2181/4244 2110/2114/4244
f 2101/2102/4245 2177/2200/4245 2121/2122/4245
f 2121/2122/4246 2177/2200/4246 2111/2123/4246
f 2141/2103/4247 2195/2201/4247 2132/2125/4247
f 2132/2125/4248 2196/2192/4248 2160/2141/4248
f 2063/2083/4249 2143/2153/4249 2122/2126/4249
f 2188/2202/4250 2189/2193/4250 2122/2126/4250
f 2144/2135/4251 2197/2203/4251 2135/2144/4251
f 2180/2195/4252 2171/2172/4252 2112/2115/4252
f 2171/2172/4253 2198/2204/4253 2161/2155/4253
f 2172/2173/4254 2199/2205/4254 2162/2162/4254
f 2166/2168/4255 2201/2187/4255 2148/2157/4255
f 2201/2187/4256 2184/2188/4256 2156/2158/4256
f 2184/2188/4257 2212/2197/4257 2167/2169/4257
f 2139/2130/4258 2212/2197/4258 2185/2189/4258
f 2107/2110/4259 2202/2206/4259 2150/2150/4259
f 2150/2150/4260 2203/2207/4260 2117/2118/4260
f 2117/2118/4261 2203/2207/4261 2099/2100/4261
f 2216/2208/4262 2118/2111/4262 2157/2159/4262
f 2186/2179/4263 2225/2209/4263 2168/2170/4263
f 2169/2160/4264 2187/2151/4264 2109/2113/4264
f 2129/2121/4265 2218/2210/4265 2175/2180/4265
f 2175/2180/4266 2205/2211/4266 2176/2181/4266
f 2131/2132/4267 2195/2201/4267 2141/2103/4267
f 2170/2171/4268 2206/2212/4268 2142/2143/4268
f 2206/2212/4269 2178/2183/4269 2142/2143/4269
f 2143/2153/4270 2188/2202/4270 2122/2126/4270
f 2133/2133/4271 2189/2193/4271 2190/2194/4271
f 2134/2134/4272 2190/2194/4272 2179/2154/4272
f 2191/2161/4273 2197/2203/4273 2144/2135/4273
f 2198/2204/4274 2207/2213/4274 2161/2155/4274
f 2161/2155/4275 2207/2213/4275 2153/2156/4275
f 2181/2184/4276 2208/2214/4276 2136/2136/4276
f 2208/2214/4277 2172/2173/4277 2136/2136/4277
f 2163/2163/4278 2210/2215/4278 2103/2107/4278
f 2200/2185/4279 2241/2216/4279 2104/2108/4279
f 2104/2108/4280 2241/2216/4280 2182/2175/4280
f 2164/2166/4281 2211/2217/4281 2183/2186/4281
f 2098/2099/4282 2202/2206/4282 2107/2110/4282
f 2099/2100/4283 2215/2218/4283 2157/2159/4283
f 2118/2111/4284 2216/2208/4284 2204/2198/4284
f 2119/2119/4285 2217/2219/4285 2158/2139/4285
f 2194/2199/4286 2227/2220/4286 2140/2140/4286
f 2140/2140/4287 2218/2210/4287 2129/2121/4287
f 2218/2210/4288 2205/2211/4288 2175/2180/4288
f 2111/2123/4289 2177/2200/4289 2159/2182/4289
f 2220/2221/4290 2131/2132/4290 2159/2182/4290
f 2195/2201/4291 2221/2222/4291 2132/2125/4291
f 2221/2222/4292 2196/2192/4292 2132/2125/4292
f 2190/2194/4293 2191/2161/4293 2179/2154/4293
f 2197/2203/4294 2222/2223/4294 2135/2144/4294
f 2103/2107/4295 2210/2215/4295 2137/2147/4295
f 2155/2148/4296 2211/2217/4296 2164/2166/4296
f 2165/2167/4297 2233/2224/4297 2147/2137/4297
f 2184/2188/4298 2260/2225/4298 2212/2197/4298
f 2212/2197/4299 2224/2226/4299 2185/2189/4299
f 2149/2149/4300 2224/2226/4300 2213/2190/4300
f 2098/2099/4301 2213/2190/4301 2202/2206/4301
f 2202/2206/4302 2214/2227/4302 2150/2150/4302
f 2150/2150/4303 2214/2227/4303 2203/2207/4303
f 2203/2207/4304 2215/2218/4304 2099/2100/4304
f 2226/2228/4305 2187/2151/4305 2169/2160/4305
f 2176/2181/4306 2219/2229/4306 2101/2102/4306
f 2228/2230/4307 2195/2201/4307 2131/2132/4307
f 2196/2192/4308 2244/2231/4308 2151/2152/4308
f 2244/2231/4309 2152/2142/4309 2151/2152/4309
f 2180/2195/4310 2230/2232/4310 2171/2172/4310
f 2146/2146/4311 2163/2163/4311 2077/2088/4311
f 2154/2177/4312 2232/2233/4312 2155/2148/4312
f 2232/2233/4313 2211/2217/4313 2155/2148/4313
f 2233/2224/4314 2234/2234/4314 2147/2137/4314
f 2185/2189/4315 2224/2226/4315 2149/2149/4315
f 2157/2159/4316 2215/2218/4316 2216/2208/4316
f 2227/2220/4317 2218/2210/4317 2140/2140/4317
f 2218/2210/4318 2243/2235/4318 2205/2211/4318
f 2205/2211/4319 2219/2229/4319 2176/2181/4319
f 2101/2102/4320 2219/2229/4320 2177/2200/4320
f 2159/2182/4321 2236/2236/4321 2220/2221/4321
f 2220/2221/4322 2228/2230/4322 2131/2132/4322
f 2206/2212/4323 2237/2237/4323 2178/2183/4323
f 2178/2183/4324 2229/2238/4324 2143/2153/4324
f 2229/2238/4325 2188/2202/4325 2143/2153/4325
f 2188/2202/4326 2238/2239/4326 2189/2193/4326
f 2135/2144/4327 2222/2223/4327 2180/2195/4327
f 2180/2195/4328 2222/2223/4328 2230/2232/4328
f 2230/2232/4329 2239/2240/4329 2171/2172/4329
f 2239/2240/4330 2198/2204/4330 2171/2172/4330
f 2199/2205/4331 2240/2241/4331 2162/2162/4331
f 2162/2162/4332 2231/2242/4332 2145/2145/4332
f 2145/2145/4333 2231/2242/4333 2209/2174/4333
f 2146/2146/4334 2209/2174/4334 2163/2163/4334
f 2147/2137/4335 2234/2234/4335 2126/2138/4335
f 2204/2198/4336 2263/2243/4336 2119/2119/4336
f 2217/2219/4337 2186/2179/4337 2158/2139/4337
f 2168/2170/4338 2225/2209/4338 2193/2191/4338
f 2194/2199/4339 2242/2244/4339 2227/2220/4339
f 2219/2229/4340 2235/2245/4340 2177/2200/4340
f 2177/2200/4341 2277/2246/4341 2159/2182/4341
f 2170/2171/4342 2268/2247/4342 2206/2212/4342
f 2190/2194/4343 2245/2248/4343 2191/2161/4343
f 2207/2213/4344 2246/2249/4344 2153/2156/4344
f 2153/2156/4345 2246/2249/4345 2181/2184/4345
f 2137/2147/4346 2241/2216/4346 2200/2185/4346
f 2010/2013/4347 2223/2250/4347 2124/2164/4347
f 2211/2217/4348 2247/2251/4348 2183/2186/4348
f 2247/2251/4349 2192/2196/4349 2183/2186/4349
f 2192/2196/4350 2248/2252/4350 2165/2167/4350
f 2248/2252/4351 2233/2224/4351 2165/2167/4351
f 2234/2234/4352 2174/2178/4352 2126/2138/4352
f 2174/2178/4353 2249/2253/4353 2166/2168/4353
f 2166/2168/4354 2250/2254/4354 2201/2187/4354
f 2201/2187/4355 2250/2254/4355 2184/2188/4355
f 2224/2226/4356 2251/2255/4356 2213/2190/4356
f 2213/2190/4357 2251/2255/4357 2202/2206/4357
f 2186/2179/4358 2264/2256/4358 2225/2209/4358
f 2235/2245/4359 2277/2246/4359 2177/2200/4359
f 2277/2246/4360 2284/2257/4360 2159/2182/4360
f 2254/2258/4361 2244/2231/4361 2196/2192/4361
f 2206/2212/4362 2269/2259/4362 2237/2237/4362
f 2237/2237/4363 2229/2238/4363 2178/2183/4363
f 2229/2238/4364 2255/2260/4364 2188/2202/4364
f 2188/2202/4365 2255/2260/4365 2238/2239/4365
f 2197/2203/4366 2256/2261/4366 2222/2223/4366
f 2198/2204/4367 2239/2240/4367 2207/2213/4367
f 2181/2184/4368 2246/2249/4368 2208/2214/4368
f 2208/2214/4369 2199/2205/4369 2172/2173/4369
f 2240/2241/4370 2231/2242/4370 2162/2162/4370
f 2173/2176/4371 2258/2262/4371 2154/2177/4371
f 2154/2177/4372 2258/2262/4372 2232/2233/4372
f 2259/2263/4373 2248/2252/4373 2192/2196/4373
f 2250/2254/4374 2260/2225/4374 2184/2188/4374
f 2216/2208/4375 2263/2243/4375 2204/2198/4375
f 2119/2119/4376 2263/2243/4376 2217/2219/4376
f 2225/2209/4377 2264/2256/4377 2193/2191/4377
f 2193/2191/4378 2265/2264/4378 2080/2093/4378
f 2080/2093/4379 2265/2264/4379 2169/2160/4379
f 2265/2264/4380 2266/2265/4380 2169/2160/4380
f 2169/2160/4381 2266/2265/4381 2226/2228/4381
f 2187/2151/4382 2226/2228/4382 2194/2199/4382
f 2159/2182/4383 2284/2257/4383 2236/2236/4383
f 2228/2230/4384 2253/2266/4384 2195/2201/4384
f 2253/2266/4385 2221/2222/4385 2195/2201/4385
f 2221/2222/4386 2254/2258/4386 2196/2192/4386
f 2191/2161/4387 2245/2248/4387 2197/2203/4387
f 2222/2223/4388 2270/2267/4388 2230/2232/4388
f 2230/2232/4389 2271/2268/4389 2239/2240/4389
f 2124/2164/4390 2223/2250/4390 2125/2128/4390
f 2138/2165/4391 2322/2269/4391 2173/2176/4391
f 2260/2225/4392 2273/2270/4392 2212/2197/4392
f 2224/2226/4393 2261/2271/4393 2251/2255/4393
f 2215/2218/4394 2262/2272/4394 2216/2208/4394
f 2217/2219/4395 2252/2273/4395 2186/2179/4395
f 2252/2273/4396 2264/2256/4396 2186/2179/4396
f 2264/2256/4397 2274/2274/4397 2193/2191/4397
f 2243/2235/4398 2267/2275/4398 2205/2211/4398
f 2205/2211/4399 2275/2276/4399 2219/2229/4399
f 2284/2257/4400 2278/2277/4400 2236/2236/4400
f 2238/2239/4401 2279/2278/4401 2189/2193/4401
f 2245/2248/4402 2280/2279/4402 2197/2203/4402
f 2197/2203/4403 2280/2279/4403 2256/2261/4403
f 2271/2268/4404 2207/2213/4404 2239/2240/4404
f 2257/2280/4405 2281/2281/4405 2163/2163/4405
f 2163/2163/4406 2281/2281/4406 2210/2215/4406
f 2137/2147/4407 2210/2215/4407 2241/2216/4407
f 2010/2013/4408 2272/2282/4408 2223/2250/4408
f 2232/2233/4409 2247/2251/4409 2211/2217/4409
f 2247/2251/4410 2259/2263/4410 2192/2196/4410
f 2287/2283/4411 2282/2284/4411 2233/2224/4411
f 2234/2234/4412 2249/2253/4412 2174/2178/4412
f 2249/2253/4413 2250/2254/4413 2166/2168/4413
f 2212/2197/4414 2273/2270/4414 2224/2226/4414
f 2224/2226/4415 2288/2285/4415 2261/2271/4415
f 2202/2206/4416 2283/2286/4416 2214/2227/4416
f 2216/2208/4417 2262/2272/4417 2263/2243/4417
f 2267/2275/4418 2275/2276/4418 2205/2211/4418
f 2219/2229/4419 2276/2287/4419 2235/2245/4419
f 2276/2287/4420 2277/2246/4420 2235/2245/4420
f 2152/2142/4421 2292/2288/4421 2170/2171/4421
f 2170/2171/4422 2292/2288/4422 2268/2247/4422
f 2269/2259/4423 2229/2238/4423 2237/2237/4423
f 2238/2239/4424 2285/2289/4424 2279/2278/4424
f 2189/2193/4425 2245/2248/4425 2190/2194/4425
f 2270/2267/4426 2271/2268/4426 2230/2232/4426
f 2208/2214/4427 2286/2290/4427 2199/2205/4427
f 2286/2290/4428 2320/2291/4428 2199/2205/4428
f 2232/2233/4429 2258/2262/4429 2247/2251/4429
f 2248/2252/4430 2287/2283/4430 2233/2224/4430
f 2202/2206/4431 2251/2255/4431 2283/2286/4431
f 2242/2244/4432 2299/2292/4432 2227/2220/4432
f 2227/2220/4433 2290/2293/4433 2218/2210/4433
f 2218/2210/4434 2290/2293/4434 2243/2235/4434
f 2236/2236/4435 2228/2230/4435 2220/2221/4435
f 2228/2230/4436 2291/2294/4436 2253/2266/4436
f 2253/2266/4437 2254/2258/4437 2221/2222/4437
f 2244/2231/4438 2292/2288/4438 2152/2142/4438
f 2207/2213/4439 2293/2295/4439 2246/2249/4439
f 2293/2295/4440 2286/2290/4440 2246/2249/4440
f 2246/2249/4441 2286/2290/4441 2208/2214/4441
f 2321/2296/4442 2257/2280/4442 2209/2174/4442
f 2209/2174/4443 2257/2280/4443 2163/2163/4443
f 2241/2216/4444 2294/2297/4444 2182/2175/4444
f 2223/2250/4445 2304/2298/4445 2125/2128/4445
f 2247/2251/4446 2295/2299/4446 2259/2263/4446
f 2233/2224/4447 2282/2284/4447 2234/2234/4447
f 2273/2270/4448 2297/2300/4448 2224/2226/4448
f 2261/2271/4449 2298/2301/4449 2251/2255/4449
f 2325/2302/4450 2203/2207/4450 2214/2227/4450
f 2289/2303/4451 2215/2218/4451 2203/2207/4451
f 2274/2274/4452 2265/2264/4452 2193/2191/4452
f 2194/2199/4453 2299/2292/4453 2242/2244/4453
f 2219/2229/4454 2275/2276/4454 2276/2287/4454
f 2276/2287/4455 2308/2304/4455 2277/2246/4455
f 2277/2246/4456 2300/2305/4456 2284/2257/4456
f 2284/2257/4457 2301/2306/4457 2278/2277/4457
f 2254/2258/4458 2328/2307/4458 2244/2231/4458
f 2268/2247/4459 2302/2308/4459 2206/2212/4459
f 2302/2308/4460 2269/2259/4460 2206/2212/4460
f 2256/2261/4461 2270/2267/4461 2222/2223/4461
f 2271/2268/4462 2293/2295/4462 2207/2213/4462
f 2320/2291/4463 2312/2309/4463 2199/2205/4463
f 2199/2205/4464 2312/2309/4464 2240/2241/4464
f 2182/2175/4465 2303/2310/4465 2010/2013/4465
f 2249/2253/4466 2296/2311/4466 2250/2254/4466
f 2250/2254/4467 2273/2270/4467 2260/2225/4467
f 2297/2300/4468 2288/2285/4468 2224/2226/4468
f 2251/2255/4469 2298/2301/4469 2283/2286/4469
f 2283/2286/4470 2325/2302/4470 2214/2227/4470
f 2203/2207/4471 2325/2302/4471 2289/2303/4471
f 2305/2312/4472 2265/2264/4472 2274/2274/4472
f 2306/2313/4473 2226/2228/4473 2266/2265/4473
f 2226/2228/4474 2307/2314/4474 2194/2199/4474
f 2308/2304/4475 2300/2305/4475 2277/2246/4475
f 2228/2230/4476 2309/2315/4476 2291/2294/4476
f 2310/2316/4477 2292/2288/4477 2244/2231/4477
f 2189/2193/4478 2311/2317/4478 2245/2248/4478
f 2280/2279/4479 2270/2267/4479 2256/2261/4479
f 2210/2215/4480 2314/2318/4480 2241/2216/4480
f 2258/2262/4481 2315/2319/4481 2247/2251/4481
f 2265/2264/4482 2317/2320/4482 2266/2265/4482
f 2318/2321/4483 2243/2235/4483 2290/2293/4483
f 2300/2305/4484 2301/2306/4484 2284/2257/4484
f 2236/2236/4485 2309/2315/4485 2228/2230/4485
f 2328/2307/4486 2310/2316/4486 2244/2231/4486
f 2279/2278/4487 2329/2322/4487 2189/2193/4487
f 2329/2322/4488 2311/2317/4488 2189/2193/4488
f 2270/2267/4489 2319/2323/4489 2271/2268/4489
f 2240/2241/4490 2333/2324/4490 2231/2242/4490
f 2281/2281/4491 2257/2280/4491 2313/2325/4491
f 2281/2281/4492 2314/2318/4492 2210/2215/4492
f 2294/2297/4493 2303/2310/4493 2182/2175/4493
f 2259/2263/4494 2295/2299/4494 2248/2252/4494
f 2287/2283/4495 2323/2326/4495 2282/2284/4495
f 2323/2326/4496 2324/2327/4496 2282/2284/4496
f 2234/2234/4497 2378/2328/4497 2249/2253/4497
f 2289/2303/4498 2262/2272/4498 2215/2218/4498
f 2348/2329/4499 2326/2330/4499 2263/2243/4499
f 2265/2264/4500 2305/2312/4500 2317/2320/4500
f 2317/2320/4501 2306/2313/4501 2266/2265/4501
f 2307/2314/4502 2299/2292/4502 2194/2199/4502
f 2243/2235/4503 2318/2321/4503 2267/2275/4503
f 2267/2275/4504 2327/2331/4504 2275/2276/4504
f 2278/2277/4505 2352/2332/4505 2236/2236/4505
f 2352/2332/4506 2309/2315/4506 2236/2236/4506
f 2253/2266/4507 2328/2307/4507 2254/2258/4507
f 2269/2259/4508 2338/2333/4508 2229/2238/4508
f 2271/2268/4509 2339/2334/4509 2293/2295/4509
f 2339/2334/4510 2331/2335/4510 2293/2295/4510
f 2320/2291/4511 2332/2336/4511 2312/2309/4511
f 2312/2309/4512 2333/2324/4512 2240/2241/4512
f 2334/2337/4513 2314/2318/4513 2281/2281/4513
f 2272/2282/4514 2304/2298/4514 2223/2250/4514
f 2315/2319/4515 2295/2299/4515 2247/2251/4515
f 2295/2299/4516 2335/2338/4516 2248/2252/4516
f 2378/2328/4517 2296/2311/4517 2249/2253/4517
f 2262/2272/4518 2348/2329/4518 2263/2243/4518
f 2263/2243/4519 2326/2330/4519 2217/2219/4519
f 2326/2330/4520 2316/2339/4520 2217/2219/4520
f 2217/2219/4521 2316/2339/4521 2252/2273/4521
f 2306/2313/4522 2307/2314/4522 2226/2228/4522
f 2275/2276/4523 2327/2331/4523 2276/2287/4523
f 2276/2287/4524 2327/2331/4524 2308/2304/4524
f 2309/2315/4525 2337/2340/4525 2291/2294/4525
f 2337/2340/4526 2253/2266/4526 2291/2294/4526
f 2238/2239/4527 2329/2322/4527 2285/2289/4527
f 2285/2289/4528 2329/2322/4528 2279/2278/4528
f 2293/2295/4529 2331/2335/4529 2286/2290/4529
f 2286/2290/4530 2331/2335/4530 2320/2291/4530
f 2209/2174/4531 2231/2242/4531 2321/2296/4531
f 2281/2281/4532 2313/2325/4532 2334/2337/4532
f 2303/2310/4533 2272/2282/4533 2010/2013/4533
f 2173/2176/4534 2364/2341/4534 2258/2262/4534
f 2282/2284/4535 2365/2342/4535 2234/2234/4535
f 2234/2234/4536 2365/2342/4536 2378/2328/4536
f 2250/2254/4537 2296/2311/4537 2273/2270/4537
f 2273/2270/4538 2296/2311/4538 2336/2343/4538
f 2298/2301/4539 2340/2344/4539 2283/2286/4539
f 2325/2302/4540 2341/2345/4540 2289/2303/4540
f 2252/2273/4541 2357/2346/4541 2264/2256/4541
f 2299/2292/4542 2290/2293/4542 2227/2220/4542
f 2318/2321/4543 2342/2347/4543 2267/2275/4543
f 2308/2304/4544 2343/2348/4544 2300/2305/4544
f 2343/2348/4545 2301/2306/4545 2300/2305/4545
f 2301/2306/4546 2352/2332/4546 2278/2277/4546
f 2337/2340/4547 2328/2307/4547 2253/2266/4547
f 2302/2308/4548 2338/2333/4548 2269/2259/4548
f 2229/2238/4549 2338/2333/4549 2255/2260/4549
f 2245/2248/4550 2330/2349/4550 2280/2279/4550
f 2319/2323/4551 2339/2334/4551 2271/2268/4551
f 2314/2318/4552 2294/2297/4552 2241/2216/4552
f 2303/2310/4553 2371/2350/4553 2272/2282/4553
f 2322/2269/4554 2364/2341/4554 2173/2176/4554
f 2295/2299/4555 2345/2351/4555 2335/2338/4555
f 2248/2252/4556 2346/2352/4556 2287/2283/4556
f 2287/2283/4557 2346/2352/4557 2323/2326/4557
f 2273/2270/4558 2336/2343/4558 2297/2300/4558
f 2288/2285/4559 2347/2353/4559 2261/2271/4559
f 2261/2271/4560 2347/2353/4560 2298/2301/4560
f 2357/2346/4561 2305/2312/4561 2264/2256/4561
f 2264/2256/4562 2305/2312/4562 2274/2274/4562
f 2342/2347/4563 2327/2331/4563 2267/2275/4563
f 2343/2348/4564 2351/2354/4564 2301/2306/4564
f 2351/2354/4565 2352/2332/4565 2301/2306/4565
f 2328/2307/4566 2359/2355/4566 2310/2316/4566
f 2280/2279/4567 2330/2349/4567 2270/2267/4567
f 2330/2349/4568 2344/2356/4568 2270/2267/4568
f 2331/2335/4569 2332/2336/4569 2320/2291/4569
f 2332/2336/4570 2353/2357/4570 2312/2309/4570
f 2333/2324/4571 2321/2296/4571 2231/2242/4571
f 2257/2280/4572 2354/2358/4572 2313/2325/4572
f 2258/2262/4573 2355/2359/4573 2315/2319/4573
f 2335/2338/4574 2346/2352/4574 2248/2252/4574
f 2297/2300/4575 2347/2353/4575 2288/2285/4575
f 2298/2301/4576 2347/2353/4576 2340/2344/4576
f 2289/2303/4577 2341/2345/4577 2262/2272/4577
f 2341/2345/4578 2348/2329/4578 2262/2272/4578
f 2348/2329/4579 2349/2360/4579 2326/2330/4579
f 2316/2339/4580 2357/2346/4580 2252/2273/4580
f 2299/2292/4581 2358/2361/4581 2290/2293/4581
f 2327/2331/4582 2350/2362/4582 2308/2304/4582
f 2350/2362/4583 2343/2348/4583 2308/2304/4583
f 2369/2363/4584 2337/2340/4584 2309/2315/4584
f 2410/2364/4585 2328/2307/4585 2337/2340/4585
f 2338/2333/4586 2360/2365/4586 2255/2260/4586
f 2255/2260/4587 2360/2365/4587 2238/2239/4587
f 2344/2356/4588 2319/2323/4588 2270/2267/4588
f 2363/2366/4589 2364/2341/4589 2322/2269/4589
f 2315/2319/4590 2345/2351/4590 2295/2299/4590
f 2324/2327/4591 2372/2367/4591 2282/2284/4591
f 2296/2311/4592 2366/2368/4592 2336/2343/4592
f 2367/2369/4593 2356/2370/4593 2325/2302/4593
f 2306/2313/4594 2368/2371/4594 2307/2314/4594
f 2299/2292/4595 2307/2314/4595 2358/2361/4595
f 2290/2293/4596 2358/2361/4596 2318/2321/4596
f 2352/2332/4597 2369/2363/4597 2309/2315/4597
f 2360/2365/4598 2370/2372/4598 2238/2239/4598
f 2238/2239/4599 2370/2372/4599 2329/2322/4599
f 2329/2322/4600 2361/2373/4600 2311/2317/4600
f 2311/2317/4601 2361/2373/4601 2245/2248/4601
f 2314/2318/4602 2334/2337/4602 2294/2297/4602
f 2272/2282/4603 2371/2350/4603 2304/2298/4603
f 2371/2350/4604 2362/2374/4604 2304/2298/4604
f 2364/2341/4605 2355/2359/4605 2258/2262/4605
f 2345/2351/4606 2346/2352/4606 2335/2338/4606
f 2282/2284/4607 2372/2367/4607 2365/2342/4607
f 2336/2343/4608 2379/2375/4608 2297/2300/4608
f 2283/2286/4609 2367/2369/4609 2325/2302/4609
f 2327/2331/4610 2342/2347/4610 2350/2362/4610
f 2369/2363/4611 2410/2364/4611 2337/2340/4611
f 2375/2376/4612 2361/2373/4612 2329/2322/4612
f 2332/2336/4613 2376/2377/4613 2353/2357/4613
f 2312/2309/4614 2353/2357/4614 2333/2324/4614
f 2346/2352/4615 2377/2378/4615 2323/2326/4615
f 2378/2328/4616 2387/2379/4616 2296/2311/4616
f 2387/2379/4617 2366/2368/4617 2296/2311/4617
f 2366/2368/4618 2379/2375/4618 2336/2343/4618
f 2297/2300/4619 2379/2375/4619 2347/2353/4619
f 2379/2375/4620 2380/2380/4620 2347/2353/4620
f 2357/2346/4621 2381/2381/4621 2305/2312/4621
f 2381/2381/4622 2373/2382/4622 2305/2312/4622
f 2373/2382/4623 2317/2320/4623 2305/2312/4623
f 2317/2320/4624 2368/2371/4624 2306/2313/4624
f 2410/2364/4625 2402/2383/4625 2328/2307/4625
f 2391/2384/4626 2374/2385/4626 2292/2288/4626
f 2292/2288/4627 2374/2385/4627 2268/2247/4627
f 2268/2247/4628 2374/2385/4628 2302/2308/4628
f 2302/2308/4629 2403/2386/4629 2338/2333/4629
f 2338/2333/4630 2403/2386/4630 2360/2365/4630
f 2361/2373/4631 2330/2349/4631 2245/2248/4631
f 2319/2323/4632 2384/2387/4632 2339/2334/4632
f 2313/2325/4633 2354/2358/4633 2334/2337/4633
f 2363/2366/4634 2385/2388/4634 2364/2341/4634
f 2323/2326/4635 2377/2378/4635 2324/2327/4635
f 2377/2378/4636 2386/2389/4636 2324/2327/4636
f 2386/2389/4637 2372/2367/4637 2324/2327/4637
f 2347/2353/4638 2388/2390/4638 2340/2344/4638
f 2340/2344/4639 2367/2369/4639 2283/2286/4639
f 2326/2330/4640 2389/2391/4640 2316/2339/4640
f 2398/2392/4641 2357/2346/4641 2316/2339/4641
f 2373/2382/4642 2382/2393/4642 2317/2320/4642
f 2382/2393/4643 2390/2394/4643 2317/2320/4643
f 2307/2314/4644 2383/2395/4644 2358/2361/4644
f 2343/2348/4645 2350/2362/4645 2351/2354/4645
f 2359/2355/4646 2391/2384/4646 2310/2316/4646
f 2360/2365/4647 2403/2386/4647 2370/2372/4647
f 2329/2322/4648 2370/2372/4648 2375/2376/4648
f 2339/2334/4649 2384/2387/4649 2331/2335/4649
f 2392/2396/4650 2332/2336/4650 2331/2335/4650
f 2353/2357/4651 2393/2397/4651 2333/2324/4651
f 2321/2296/4652 2407/2398/4652 2257/2280/4652
f 2355/2359/4653 2394/2399/4653 2315/2319/4653
f 2315/2319/4654 2394/2399/4654 2345/2351/4654
f 2345/2351/4655 2395/2400/4655 2346/2352/4655
f 2396/2401/4656 2365/2342/4656 2372/2367/4656
f 2347/2353/4657 2380/2380/4657 2388/2390/4657
f 2325/2302/4658 2397/2402/4658 2341/2345/4658
f 2348/2329/4659 2341/2345/4659 2349/2360/4659
f 2349/2360/4660 2409/2403/4660 2326/2330/4660
f 2409/2403/4661 2389/2391/4661 2326/2330/4661
f 2389/2391/4662 2398/2392/4662 2316/2339/4662
f 2398/2392/4663 2399/2404/4663 2357/2346/4663
f 2399/2404/4664 2381/2381/4664 2357/2346/4664
f 2368/2371/4665 2383/2395/4665 2307/2314/4665
f 2424/2405/4666 2401/2406/4666 2342/2347/4666
f 2342/2347/4667 2401/2406/4667 2350/2362/4667
f 2402/2383/4668 2359/2355/4668 2328/2307/4668
f 2310/2316/4669 2391/2384/4669 2292/2288/4669
f 2331/2335/4670 2384/2387/4670 2392/2396/4670
f 2294/2297/4671 2408/2407/4671 2303/2310/4671
f 2362/2374/4672 2437/2408/4672 2304/2298/4672
f 2372/2367/4673 2386/2389/4673 2396/2401/4673
f 2365/2342/4674 2396/2401/4674 2378/2328/4674
f 2340/2344/4675 2415/2409/4675 2367/2369/4675
f 2356/2370/4676 2397/2402/4676 2325/2302/4676
f 2317/2320/4677 2390/2394/4677 2400/2410/4677
f 2400/2410/4678 2368/2371/4678 2317/2320/4678
f 2350/2362/4679 2401/2406/4679 2351/2354/4679
f 2352/2332/4680 2417/2411/4680 2369/2363/4680
f 2302/2308/4681 2374/2385/4681 2403/2386/4681
f 2375/2376/4682 2404/2412/4682 2361/2373/4682
f 2361/2373/4683 2418/2413/4683 2330/2349/4683
f 2330/2349/4684 2405/2414/4684 2344/2356/4684
f 2344/2356/4685 2384/2387/4685 2319/2323/4685
f 2332/2336/4686 2392/2396/4686 2376/2377/4686
f 2376/2377/4687 2393/2397/4687 2353/2357/4687
f 2364/2341/4688 2411/2415/4688 2355/2359/4688
f 2366/2368/4689 2413/2416/4689 2379/2375/4689
f 2388/2390/4690 2414/2417/4690 2340/2344/4690
f 2399/2404/4691 2416/2418/4691 2381/2381/4691
f 2381/2381/4692 2431/2419/4692 2373/2382/4692
f 2318/2321/4693 2442/2420/4693 2342/2347/4693
f 2351/2354/4694 2417/2411/4694 2352/2332/4694
f 2333/2324/4695 2406/2421/4695 2321/2296/4695
f 2321/2296/4696 2406/2421/4696 2407/2398/4696
f 2334/2337/4697 2471/2422/4697 2294/2297/4697
f 2395/2400/4698 2419/2423/4698 2346/2352/4698
f 2346/2352/4699 2419/2423/4699 2377/2378/4699
f 2377/2378/4700 2440/2424/4700 2386/2389/4700
f 2387/2379/4701 2412/2425/4701 2366/2368/4701
f 2366/2368/4702 2412/2425/4702 2413/2416/4702
f 2379/2375/4703 2420/2426/4703 2380/2380/4703
f 2340/2344/4704 2414/2417/4704 2415/2409/4704
f 2415/2409/4705 2465/2427/4705 2367/2369/4705
f 2341/2345/4706 2409/2403/4706 2349/2360/4706
f 2431/2419/4707 2421/2428/4707 2373/2382/4707
f 2368/2371/4708 2422/2429/4708 2383/2395/4708
f 2422/2429/4709 2423/2430/4709 2383/2395/4709
f 2318/2321/4710 2358/2361/4710 2442/2420/4710
f 2442/2420/4711 2424/2405/4711 2342/2347/4711
f 2417/2411/4712 2410/2364/4712 2369/2363/4712
f 2402/2383/4713 2458/2431/4713 2359/2355/4713
f 2370/2372/4714 2425/2432/4714 2375/2376/4714
f 2344/2356/4715 2462/2433/4715 2384/2387/4715
f 2384/2387/4716 2434/2434/4716 2392/2396/4716
f 2407/2398/4717 2354/2358/4717 2257/2280/4717
f 2385/2388/4718 2411/2415/4718 2364/2341/4718
f 2355/2359/4719 2411/2415/4719 2394/2399/4719
f 2396/2401/4720 2426/2435/4720 2378/2328/4720
f 2378/2328/4721 2427/2436/4721 2387/2379/4721
f 2413/2416/4722 2420/2426/4722 2379/2375/4722
f 2380/2380/4723 2428/2437/4723 2388/2390/4723
f 2428/2437/4724 2414/2417/4724 2388/2390/4724
f 2465/2427/4725 2356/2370/4725 2367/2369/4725
f 2341/2345/4726 2429/2438/4726 2409/2403/4726
f 2389/2391/4727 2430/2439/4727 2398/2392/4727
f 2398/2392/4728 2430/2439/4728 2399/2404/4728
f 2373/2382/4729 2421/2428/4729 2382/2393/4729
f 2390/2394/4730 2432/2440/4730 2400/2410/4730
f 2383/2395/4731 2423/2430/4731 2358/2361/4731
f 2417/2411/4732 2402/2383/4732 2410/2364/4732
f 2391/2384/4733 2443/2441/4733 2374/2385/4733
f 2445/2442/4734 2425/2432/4734 2370/2372/4734
f 2425/2432/4735 2404/2412/4735 2375/2376/4735
f 2404/2412/4736 2418/2413/4736 2361/2373/4736
f 2418/2413/4737 2405/2414/4737 2330/2349/4737
f 2393/2397/4738 2435/2443/4738 2333/2324/4738
f 2371/2350/4739 2446/2444/4739 2362/2374/4739
f 2411/2415/4740 2438/2445/4740 2394/2399/4740
f 2394/2399/4741 2439/2446/4741 2345/2351/4741
f 2439/2446/4742 2395/2400/4742 2345/2351/4742
f 2419/2423/4743 2440/2424/4743 2377/2378/4743
f 2440/2424/4744 2448/2447/4744 2386/2389/4744
f 2386/2389/4745 2448/2447/4745 2396/2401/4745
f 2420/2426/4746 2428/2437/4746 2380/2380/4746
f 2415/2409/4747 2441/2448/4747 2465/2427/4747
f 2368/2371/4748 2400/2410/4748 2422/2429/4748
f 2351/2354/4749 2401/2406/4749 2417/2411/4749
f 2417/2411/4750 2470/2449/4750 2402/2383/4750
f 2470/2449/4751 2458/2431/4751 2402/2383/4751
f 2443/2441/4752 2433/2450/4752 2374/2385/4752
f 2433/2450/4753 2444/2451/4753 2374/2385/4753
f 2374/2385/4754 2444/2451/4754 2403/2386/4754
f 2403/2386/4755 2445/2442/4755 2370/2372/4755
f 2435/2443/4756 2406/2421/4756 2333/2324/4756
f 2354/2358/4757 2471/2422/4757 2334/2337/4757
f 2294/2297/4758 2471/2422/4758 2408/2407/4758
f 2437/2408/4759 2447/2452/4759 2304/2298/4759
f 2448/2447/4760 2426/2435/4760 2396/2401/4760
f 2387/2379/4761 2427/2436/4761 2412/2425/4761
f 2427/2436/4762 2449/2453/4762 2412/2425/4762
f 2449/2453/4763 2450/2454/4763 2412/2425/4763
f 2412/2425/4764 2450/2454/4764 2413/2416/4764
f 2356/2370/4765 2452/2455/4765 2397/2402/4765
f 2452/2455/4766 2453/2456/4766 2397/2402/4766
f 2397/2402/4767 2453/2456/4767 2341/2345/4767
f 2399/2404/4768 2455/2457/4768 2416/2418/4768
f 2431/2419/4769 2456/2458/4769 2421/2428/4769
f 2421/2428/4770 2390/2394/4770 2382/2393/4770
f 2423/2430/4771 2457/2459/4771 2358/2361/4771
f 2401/2406/4772 2469/2460/4772 2417/2411/4772
f 2425/2432/4773 2460/2461/4773 2404/2412/4773
f 2418/2413/4774 2461/2462/4774 2405/2414/4774
f 2405/2414/4775 2462/2433/4775 2344/2356/4775
f 2376/2377/4776 2463/2463/4776 2393/2397/4776
f 2406/2421/4777 2464/2464/4777 2407/2398/4777
f 2303/2310/4778 2408/2407/4778 2436/2465/4778
f 2446/2444/4779 2437/2408/4779 2362/2374/4779
f 2438/2445/4780 2439/2446/4780 2394/2399/4780
f 2439/2446/4781 2419/2423/4781 2395/2400/4781
f 2413/2416/4782 2450/2454/4782 2451/2466/4782
f 2414/2417/4783 2441/2448/4783 2415/2409/4783
f 2465/2427/4784 2452/2455/4784 2356/2370/4784
f 2453/2456/4785 2466/2467/4785 2341/2345/4785
f 2341/2345/4786 2466/2467/4786 2429/2438/4786
f 2467/2468/4787 2454/2469/4787 2409/2403/4787
f 2409/2403/4788 2454/2469/4788 2389/2391/4788
f 2430/2439/4789 2455/2457/4789 2399/2404/4789
f 2468/2470/4790 2432/2440/4790 2390/2394/4790
f 2457/2459/4791 2442/2420/4791 2358/2361/4791
f 2424/2405/4792 2469/2460/4792 2401/2406/4792
f 2403/2386/4793 2459/2471/4793 2445/2442/4793
f 2463/2463/4794 2435/2443/4794 2393/2397/4794
f 2419/2423/4795 2472/2472/4795 2440/2424/4795
f 2426/2435/4796 2427/2436/4796 2378/2328/4796
f 2413/2416/4797 2451/2466/4797 2420/2426/4797
f 2409/2403/4798 2429/2438/4798 2467/2468/4798
f 2454/2469/4799 2473/2473/4799 2389/2391/4799
f 2389/2391/4800 2473/2473/4800 2430/2439/4800
f 2416/2418/4801 2431/2419/4801 2381/2381/4801
f 2444/2451/4802 2459/2471/4802 2403/2386/4802
f 2460/2461/4803 2418/2413/4803 2404/2412/4803
f 2407/2398/4804 2474/2474/4804 2354/2358/4804
f 2303/2310/4805 2436/2465/4805 2371/2350/4805
f 2475/2475/4806 2438/2445/4806 2411/2415/4806
f 2448/2447/4807 2476/2476/4807 2426/2435/4807
f 2414/2417/4808 2477/2477/4808 2441/2448/4808
f 2473/2473/4809 2455/2457/4809 2430/2439/4809
f 2478/2478/4810 2390/2394/4810 2421/2428/4810
f 2417/2411/4811 2479/2479/4811 2470/2449/4811
f 2434/2434/4812 2480/2480/4812 2392/2396/4812
f 2392/2396/4813 2490/2481/4813 2376/2377/4813
f 2385/2388/4814 2475/2475/4814 2411/2415/4814
f 2428/2437/4815 2477/2477/4815 2414/2417/4815
f 2416/2418/4816 2455/2457/4816 2431/2419/4816
f 2455/2457/4817 2482/2482/4817 2431/2419/4817
f 2431/2419/4818 2482/2482/4818 2456/2458/4818
f 2456/2458/4819 2483/2483/4819 2421/2428/4819
f 2484/2484/4820 2400/2410/4820 2432/2440/4820
f 2400/2410/4821 2485/2485/4821 2422/2429/4821
f 2422/2429/4822 2485/2485/4822 2423/2430/4822
f 2442/2420/4823 2486/2486/4823 2424/2405/4823
f 2458/2431/4824 2487/2487/4824 2359/2355/4824
f 2445/2442/4825 2488/2488/4825 2425/2432/4825
f 2418/2413/4826 2502/2489/4826 2461/2462/4826
f 2461/2462/4827 2462/2433/4827 2405/2414/4827
f 2384/2387/4828 2489/2490/4828 2434/2434/4828
f 2480/2480/4829 2490/2481/4829 2392/2396/4829
f 2474/2474/4830 2471/2422/4830 2354/2358/4830
f 2363/2366/4831 2481/2491/4831 2385/2388/4831
f 2439/2446/4832 2472/2472/4832 2419/2423/4832
f 2448/2447/4833 2440/2424/4833 2476/2476/4833
f 2507/2492/4834 2451/2466/4834 2450/2454/4834
f 2441/2448/4835 2477/2477/4835 2465/2427/4835
f 2452/2455/4836 2492/2493/4836 2453/2456/4836
f 2508/2494/4837 2454/2469/4837 2467/2468/4837
f 2483/2483/4838 2478/2478/4838 2421/2428/4838
f 2390/2394/4839 2478/2478/4839 2468/2470/4839
f 2432/2440/4840 2468/2470/4840 2484/2484/4840
f 2400/2410/4841 2484/2484/4841 2485/2485/4841
f 2469/2460/4842 2500/2495/4842 2417/2411/4842
f 2425/2432/4843 2488/2488/4843 2460/2461/4843
f 2376/2377/4844 2490/2481/4844 2463/2463/4844
f 2436/2465/4845 2446/2444/4845 2371/2350/4845
f 2440/2424/4846 2497/2496/4846 2476/2476/4846
f 2451/2466/4847 2498/2497/4847 2420/2426/4847
f 2477/2477/4848 2491/2498/4848 2465/2427/4848
f 2465/2427/4849 2492/2493/4849 2452/2455/4849
f 2492/2493/4850 2466/2467/4850 2453/2456/4850
f 2454/2469/4851 2547/2499/4851 2473/2473/4851
f 2473/2473/4852 2547/2499/4852 2493/2500/4852
f 2494/2501/4853 2486/2486/4853 2442/2420/4853
f 2470/2449/4854 2501/2502/4854 2458/2431/4854
f 2359/2355/4855 2487/2487/4855 2391/2384/4855
f 2487/2487/4856 2443/2441/4856 2391/2384/4856
f 2433/2450/4857 2514/2503/4857 2444/2451/4857
f 2444/2451/4858 2514/2503/4858 2459/2471/4858
f 2459/2471/4859 2514/2503/4859 2495/2504/4859
f 2459/2471/4860 2495/2504/4860 2445/2442/4860
f 2460/2461/4861 2502/2489/4861 2418/2413/4861
f 2407/2398/4862 2464/2464/4862 2474/2474/4862
f 2471/2422/4863 2503/2505/4863 2408/2407/4863
f 2504/2506/4864 2481/2491/4864 2363/2366/4864
f 2385/2388/4865 2481/2491/4865 2475/2475/4865
f 2439/2446/4866 2516/2507/4866 2472/2472/4866
f 2472/2472/4867 2505/2508/4867 2440/2424/4867
f 2505/2508/4868 2497/2496/4868 2440/2424/4868
f 2476/2476/4869 2506/2509/4869 2426/2435/4869
f 2426/2435/4870 2506/2509/4870 2427/2436/4870
f 2449/2453/4871 2507/2492/4871 2450/2454/4871
f 2420/2426/4872 2498/2497/4872 2499/2510/4872
f 2420/2426/4873 2499/2510/4873 2428/2437/4873
f 2491/2498/4874 2492/2493/4874 2465/2427/4874
f 2429/2438/4875 2508/2494/4875 2467/2468/4875
f 2473/2473/4876 2509/2511/4876 2455/2457/4876
f 2455/2457/4877 2509/2511/4877 2482/2482/4877
f 2482/2482/4878 2483/2483/4878 2456/2458/4878
f 2478/2478/4879 2510/2512/4879 2468/2470/4879
f 2511/2513/4880 2484/2484/4880 2468/2470/4880
f 2485/2485/4881 2512/2514/4881 2423/2430/4881
f 2423/2430/4882 2512/2514/4882 2457/2459/4882
f 2486/2486/4883 2500/2495/4883 2424/2405/4883
f 2424/2405/4884 2500/2495/4884 2469/2460/4884
f 2479/2479/4885 2501/2502/4885 2470/2449/4885
f 2501/2502/4886 2513/2515/4886 2458/2431/4886
f 2488/2488/4887 2527/2516/4887 2460/2461/4887
f 2462/2433/4888 2515/2517/4888 2384/2387/4888
f 2434/2434/4889 2489/2490/4889 2480/2480/4889
f 2435/2443/4890 2520/2518/4890 2406/2421/4890
f 2520/2518/4891 2464/2464/4891 2406/2421/4891
f 2438/2445/4892 2516/2507/4892 2439/2446/4892
f 2529/2519/4893 2506/2509/4893 2476/2476/4893
f 2428/2437/4894 2518/2520/4894 2477/2477/4894
f 2491/2498/4895 2522/2521/4895 2492/2493/4895
f 2483/2483/4896 2510/2512/4896 2478/2478/4896
f 2512/2514/4897 2519/2522/4897 2457/2459/4897
f 2457/2459/4898 2519/2522/4898 2442/2420/4898
f 2442/2420/4899 2519/2522/4899 2494/2501/4899
f 2500/2495/4900 2479/2479/4900 2417/2411/4900
f 2445/2442/4901 2495/2504/4901 2488/2488/4901
f 2460/2461/4902 2527/2516/4902 2502/2489/4902
f 2502/2489/4903 2496/2523/4903 2461/2462/4903
f 2461/2462/4904 2496/2523/4904 2462/2433/4904
f 2515/2517/4905 2489/2490/4905 2384/2387/4905
f 2408/2407/4906 2521/2524/4906 2436/2465/4906
f 2446/2444/4907 2447/2452/4907 2437/2408/4907
f 2506/2509/4908 2517/2525/4908 2427/2436/4908
f 2499/2510/4909 2518/2520/4909 2428/2437/4909
f 2477/2477/4910 2518/2520/4910 2491/2498/4910
f 2466/2467/4911 2524/2526/4911 2429/2438/4911
f 2429/2438/4912 2524/2526/4912 2508/2494/4912
f 2508/2494/4913 2547/2499/4913 2454/2469/4913
f 2509/2511/4914 2483/2483/4914 2482/2482/4914
f 2479/2479/4915 2525/2527/4915 2501/2502/4915
f 2513/2515/4916 2487/2487/4916 2458/2431/4916
f 2443/2441/4917 2526/2528/4917 2433/2450/4917
f 2526/2528/4918 2514/2503/4918 2433/2450/4918
f 2496/2523/4919 2515/2517/4919 2462/2433/4919
f 2436/2465/4920 2528/2529/4920 2446/2444/4920
f 2516/2507/4921 2534/2530/4921 2472/2472/4921
f 2497/2496/4922 2529/2519/4922 2476/2476/4922
f 2427/2436/4923 2517/2525/4923 2449/2453/4923
f 2491/2498/4924 2518/2520/4924 2522/2521/4924
f 2523/2531/4925 2466/2467/4925 2492/2493/4925
f 2473/2473/4926 2493/2500/4926 2509/2511/4926
f 2510/2512/4927 2511/2513/4927 2468/2470/4927
f 2541/2532/4928 2486/2486/4928 2494/2501/4928
f 2443/2441/4929 2487/2487/4929 2531/2533/4929
f 2514/2503/4930 2542/2534/4930 2495/2504/4930
f 2502/2489/4931 2532/2535/4931 2496/2523/4931
f 2480/2480/4932 2539/2536/4932 2490/2481/4932
f 2463/2463/4933 2520/2518/4933 2435/2443/4933
f 2436/2465/4934 2521/2524/4934 2528/2529/4934
f 2528/2529/4935 2533/2537/4935 2446/2444/4935
f 2475/2475/4936 2550/2538/4936 2438/2445/4936
f 2438/2445/4937 2550/2538/4937 2516/2507/4937
f 2517/2525/4938 2530/2539/4938 2449/2453/4938
f 2530/2539/4939 2535/2540/4939 2507/2492/4939
f 2507/2492/4940 2535/2540/4940 2451/2466/4940
f 2451/2466/4941 2535/2540/4941 2498/2497/4941
f 2522/2521/4942 2523/2531/4942 2492/2493/4942
f 2523/2531/4943 2524/2526/4943 2466/2467/4943
f 2536/2541/4944 2483/2483/4944 2509/2511/4944
f 2484/2484/4945 2512/2514/4945 2485/2485/4945
f 2537/2542/4946 2500/2495/4946 2486/2486/4946
f 2556/2543/4947 2525/2527/4947 2479/2479/4947
f 2531/2533/4948 2526/2528/4948 2443/2441/4948
f 2527/2516/4949 2532/2535/4949 2502/2489/4949
f 2408/2407/4950 2503/2505/4950 2521/2524/4950
f 2449/2453/4951 2530/2539/4951 2507/2492/4951
f 2547/2499/4952 2536/2541/4952 2493/2500/4952
f 2493/2500/4953 2536/2541/4953 2509/2511/4953
f 2519/2522/4954 2540/2544/4954 2494/2501/4954
f 2495/2504/4955 2543/2545/4955 2488/2488/4955
f 2488/2488/4956 2543/2545/4956 2527/2516/4956
f 2489/2490/4957 2539/2536/4957 2480/2480/4957
f 2474/2474/4958 2545/2546/4958 2471/2422/4958
f 2471/2422/4959 2545/2546/4959 2503/2505/4959
f 2546/2547/4960 2505/2508/4960 2472/2472/4960
f 2506/2509/4961 2553/2548/4961 2517/2525/4961
f 2524/2526/4962 2547/2499/4962 2508/2494/4962
f 2483/2483/4963 2548/2549/4963 2510/2512/4963
f 2512/2514/4964 2571/2550/4964 2519/2522/4964
f 2494/2501/4965 2540/2544/4965 2541/2532/4965
f 2513/2515/4966 2531/2533/4966 2487/2487/4966
f 2544/2551/4967 2532/2535/4967 2527/2516/4967
f 2515/2517/4968 2538/2552/4968 2489/2490/4968
f 2489/2490/4969 2559/2553/4969 2539/2536/4969
f 2463/2463/4970 2560/2554/4970 2520/2518/4970
f 2481/2491/4971 2550/2538/4971 2475/2475/4971
f 2505/2508/4972 2551/2555/4972 2497/2496/4972
f 2529/2519/4973 2552/2556/4973 2506/2509/4973
f 2517/2525/4974 2562/2557/4974 2530/2539/4974
f 2518/2520/4975 2554/2558/4975 2522/2521/4975
f 2549/2559/4976 2511/2513/4976 2510/2512/4976
f 2571/2550/4977 2540/2544/4977 2519/2522/4977
f 2537/2542/4978 2555/2560/4978 2500/2495/4978
f 2500/2495/4979 2556/2543/4979 2479/2479/4979
f 2526/2528/4980 2557/2561/4980 2514/2503/4980
f 2538/2552/4981 2558/2562/4981 2489/2490/4981
f 2558/2562/4982 2559/2553/4982 2489/2490/4982
f 2490/2481/4983 2560/2554/4983 2463/2463/4983
f 2533/2537/4984 2447/2452/4984 2446/2444/4984
f 2551/2555/4985 2529/2519/4985 2497/2496/4985
f 2552/2556/4986 2553/2548/4986 2506/2509/4986
f 2535/2540/4987 2563/2563/4987 2498/2497/4987
f 2563/2563/4988 2499/2510/4988 2498/2497/4988
f 2522/2521/4989 2564/2564/4989 2523/2531/4989
f 2524/2526/4990 2565/2565/4990 2547/2499/4990
f 2548/2549/4991 2566/2566/4991 2510/2512/4991
f 2500/2495/4992 2555/2560/4992 2556/2543/4992
f 2513/2515/4993 2567/2567/4993 2531/2533/4993
f 2520/2518/4994 2568/2568/4994 2464/2464/4994
f 2561/2569/4995 2545/2546/4995 2474/2474/4995
f 2472/2472/4996 2534/2530/4996 2546/2547/4996
f 2546/2547/4997 2551/2555/4997 2505/2508/4997
f 2553/2548/4998 2562/2557/4998 2517/2525/4998
f 2562/2557/4999 2569/2570/4999 2530/2539/4999
f 2499/2510/5000 2570/2571/5000 2518/2520/5000
f 2547/2499/5001 2598/2572/5001 2536/2541/5001
f 2536/2541/5002 2548/2549/5002 2483/2483/5002
f 2511/2513/5003 2549/2559/5003 2484/2484/5003
f 2541/2532/5004 2537/2542/5004 2486/2486/5004
f 2579/2573/5005 2525/2527/5005 2556/2543/5005
f 2514/2503/5006 2557/2561/5006 2542/2534/5006
f 2495/2504/5007 2542/2534/5007 2573/2574/5007
f 2495/2504/5008 2573/2574/5008 2543/2545/5008
f 2543/2545/5009 2574/2575/5009 2527/2516/5009
f 2496/2523/5010 2575/2576/5010 2515/2517/5010
f 2464/2464/5011 2568/2568/5011 2474/2474/5011
f 2481/2491/5012 2576/2577/5012 2550/2538/5012
f 2534/2530/5013 2577/2578/5013 2546/2547/5013
f 2518/2520/5014 2570/2571/5014 2554/2558/5014
f 2523/2531/5015 2585/2579/5015 2524/2526/5015
f 2566/2566/5016 2549/2559/5016 2510/2512/5016
f 2484/2484/5017 2578/2580/5017 2512/2514/5017
f 2501/2502/5018 2580/2581/5018 2513/2515/5018
f 2513/2515/5019 2572/2582/5019 2567/2567/5019
f 2567/2567/5020 2581/2583/5020 2531/2533/5020
f 2527/2516/5021 2574/2575/5021 2544/2551/5021
f 2560/2554/5022 2568/2568/5022 2520/2518/5022
f 2504/2506/5023 2588/2584/5023 2481/2491/5023
f 2584/2585/5024 2529/2519/5024 2551/2555/5024
f 2530/2539/5025 2569/2570/5025 2535/2540/5025
f 2563/2563/5026 2570/2571/5026 2499/2510/5026
f 2554/2558/5027 2564/2564/5027 2522/2521/5027
f 2564/2564/5028 2585/2579/5028 2523/2531/5028
f 2565/2565/5029 2598/2572/5029 2547/2499/5029
f 2536/2541/5030 2586/2586/5030 2548/2549/5030
f 2549/2559/5031 2578/2580/5031 2484/2484/5031
f 2512/2514/5032 2578/2580/5032 2571/2550/5032
f 2581/2583/5033 2526/2528/5033 2531/2533/5033
f 2544/2551/5034 2596/2587/5034 2532/2535/5034
f 2559/2553/5035 2582/2588/5035 2539/2536/5035
f 2539/2536/5036 2560/2554/5036 2490/2481/5036
f 2516/2507/5037 2583/2589/5037 2534/2530/5037
f 2529/2519/5038 2584/2585/5038 2552/2556/5038
f 2585/2579/5039 2565/2565/5039 2524/2526/5039
f 2532/2535/5040 2575/2576/5040 2496/2523/5040
f 2558/2562/5041 2587/2590/5041 2559/2553/5041
f 2559/2553/5042 2591/2591/5042 2582/2588/5042
f 2560/2554/5043 2592/2592/5043 2568/2568/5043
f 2568/2568/5044 2561/2569/5044 2474/2474/5044
f 2528/2529/5045 2593/2593/5045 2533/2537/5045
f 2550/2538/5046 2583/2589/5046 2516/2507/5046
f 2577/2578/5047 2594/2594/5047 2546/2547/5047
f 2570/2571/5048 2597/2595/5048 2554/2558/5048
f 2598/2572/5049 2595/2596/5049 2536/2541/5049
f 2536/2541/5050 2589/2597/5050 2586/2586/5050
f 2548/2549/5051 2605/2598/5051 2566/2566/5051
f 2555/2560/5052 2607/2599/5052 2556/2543/5052
f 2580/2581/5053 2572/2582/5053 2513/2515/5053
f 2596/2587/5054 2575/2576/5054 2532/2535/5054
f 2533/2537/5055 2612/2600/5055 2447/2452/5055
f 2481/2491/5056 2588/2584/5056 2576/2577/5056
f 2535/2540/5057 2604/2601/5057 2563/2563/5057
f 2597/2595/5058 2564/2564/5058 2554/2558/5058
f 2536/2541/5059 2595/2596/5059 2589/2597/5059
f 2566/2566/5060 2599/2602/5060 2549/2559/5060
f 2540/2544/5061 2590/2603/5061 2541/2532/5061
f 2541/2532/5062 2601/2604/5062 2537/2542/5062
f 2525/2527/5063 2580/2581/5063 2501/2502/5063
f 2539/2536/5064 2582/2588/5064 2560/2554/5064
f 2582/2588/5065 2592/2592/5065 2560/2554/5065
f 2545/2546/5066 2521/2524/5066 2503/2505/5066
f 2576/2577/5067 2583/2589/5067 2550/2538/5067
f 2546/2547/5068 2584/2585/5068 2551/2555/5068
f 2603/2605/5069 2562/2557/5069 2553/2548/5069
f 2562/2557/5070 2603/2605/5070 2569/2570/5070
f 2569/2570/5071 2604/2601/5071 2535/2540/5071
f 2599/2602/5072 2578/2580/5072 2549/2559/5072
f 2578/2580/5073 2606/2606/5073 2600/2607/5073
f 2578/2580/5074 2600/2607/5074 2571/2550/5074
f 2571/2550/5075 2600/2607/5075 2540/2544/5075
f 2590/2603/5076 2601/2604/5076 2541/2532/5076
f 2556/2543/5077 2607/2599/5077 2579/2573/5077
f 2579/2573/5078 2608/2608/5078 2525/2527/5078
f 2602/2609/5079 2581/2583/5079 2567/2567/5079
f 2543/2545/5080 2609/2610/5080 2574/2575/5080
f 2574/2575/5081 2610/2611/5081 2544/2551/5081
f 2611/2612/5082 2538/2552/5082 2515/2517/5082
f 2587/2590/5083 2591/2591/5083 2559/2553/5083
f 2584/2585/5084 2615/2613/5084 2552/2556/5084
f 2552/2556/5085 2603/2605/5085 2553/2548/5085
f 2597/2595/5086 2619/2614/5086 2564/2564/5086
f 2548/2549/5087 2586/2586/5087 2605/2598/5087
f 2601/2604/5088 2617/2615/5088 2537/2542/5088
f 2537/2542/5089 2617/2615/5089 2555/2560/5089
f 2617/2615/5090 2607/2599/5090 2555/2560/5090
f 2579/2573/5091 2607/2599/5091 2620/2616/5091
f 2525/2527/5092 2608/2608/5092 2580/2581/5092
f 2526/2528/5093 2581/2583/5093 2557/2561/5093
f 2609/2610/5094 2610/2611/5094 2574/2575/5094
f 2521/2524/5095 2640/2617/5095 2528/2529/5095
f 2593/2593/5096 2612/2600/5096 2533/2537/5096
f 2583/2589/5097 2618/2618/5097 2534/2530/5097
f 2546/2547/5098 2614/2619/5098 2584/2585/5098
f 2563/2563/5099 2633/2620/5099 2570/2571/5099
f 2564/2564/5100 2619/2614/5100 2585/2579/5100
f 2605/2598/5101 2625/2621/5101 2566/2566/5101
f 2566/2566/5102 2625/2621/5102 2599/2602/5102
f 2599/2602/5103 2606/2606/5103 2578/2580/5103
f 2600/2607/5104 2590/2603/5104 2540/2544/5104
f 2630/2622/5105 2631/2623/5105 2557/2561/5105
f 2557/2561/5106 2631/2623/5106 2542/2534/5106
f 2611/2612/5107 2558/2562/5107 2538/2552/5107
f 2568/2568/5108 2621/2624/5108 2561/2569/5108
f 2576/2577/5109 2622/2625/5109 2583/2589/5109
f 2583/2589/5110 2622/2625/5110 2613/2626/5110
f 2534/2530/5111 2618/2618/5111 2577/2578/5111
f 2594/2594/5112 2614/2619/5112 2546/2547/5112
f 2615/2613/5113 2623/2627/5113 2552/2556/5113
f 2552/2556/5114 2623/2627/5114 2603/2605/5114
f 2603/2605/5115 2604/2601/5115 2569/2570/5115
f 2597/2595/5116 2624/2628/5116 2619/2614/5116
f 2619/2614/5117 2565/2565/5117 2585/2579/5117
f 2616/2629/5118 2595/2596/5118 2598/2572/5118
f 2620/2616/5119 2608/2608/5119 2579/2573/5119
f 2580/2581/5120 2626/2630/5120 2572/2582/5120
f 2567/2567/5121 2572/2582/5121 2602/2609/5121
f 2602/2609/5122 2627/2631/5122 2581/2583/5122
f 2611/2612/5123 2587/2590/5123 2558/2562/5123
f 2568/2568/5124 2592/2592/5124 2621/2624/5124
f 2504/2506/5125 2628/2632/5125 2588/2584/5125
f 2613/2626/5126 2618/2618/5126 2583/2589/5126
f 2618/2618/5127 2594/2594/5127 2577/2578/5127
f 2570/2571/5128 2633/2620/5128 2597/2595/5128
f 2626/2630/5129 2602/2609/5129 2572/2582/5129
f 2542/2534/5130 2631/2623/5130 2573/2574/5130
f 2544/2551/5131 2610/2611/5131 2596/2587/5131
f 2610/2611/5132 2632/2633/5132 2596/2587/5132
f 2596/2587/5133 2632/2633/5133 2575/2576/5133
f 2521/2524/5134 2639/2634/5134 2640/2617/5134
f 2584/2585/5135 2638/2635/5135 2615/2613/5135
f 2604/2601/5136 2633/2620/5136 2563/2563/5136
f 2634/2636/5137 2624/2628/5137 2597/2595/5137
f 2565/2565/5138 2635/2637/5138 2598/2572/5138
f 2589/2597/5139 2605/2598/5139 2586/2586/5139
f 2608/2608/5140 2654/2638/5140 2580/2581/5140
f 2581/2583/5141 2636/2639/5141 2557/2561/5141
f 2573/2574/5142 2609/2610/5142 2543/2545/5142
f 2545/2546/5143 2639/2634/5143 2521/2524/5143
f 2640/2617/5144 2593/2593/5144 2528/2529/5144
f 2628/2632/5145 2637/2640/5145 2588/2584/5145
f 2588/2584/5146 2637/2640/5146 2576/2577/5146
f 2633/2620/5147 2634/2636/5147 2597/2595/5147
f 2600/2607/5148 2648/2641/5148 2590/2603/5148
f 2557/2561/5149 2636/2639/5149 2630/2622/5149
f 2609/2610/5150 2660/2642/5150 2610/2611/5150
f 2575/2576/5151 2611/2612/5151 2515/2517/5151
f 2561/2569/5152 2655/2643/5152 2545/2546/5152
f 2655/2643/5153 2639/2634/5153 2545/2546/5153
f 2638/2635/5154 2642/2644/5154 2615/2613/5154
f 2635/2637/5155 2629/2645/5155 2598/2572/5155
f 2629/2645/5156 2616/2629/5156 2598/2572/5156
f 2618/2618/5157 2641/2646/5157 2594/2594/5157
f 2623/2627/5158 2643/2647/5158 2603/2605/5158
f 2603/2605/5159 2643/2647/5159 2604/2601/5159
f 2619/2614/5160 2650/2648/5160 2565/2565/5160
f 2565/2565/5161 2650/2648/5161 2635/2637/5161
f 2595/2596/5162 2651/2649/5162 2589/2597/5162
f 2590/2603/5163 2648/2641/5163 2601/2604/5163
f 2580/2581/5164 2649/2650/5164 2626/2630/5164
f 2581/2583/5165 2627/2631/5165 2636/2639/5165
f 2630/2622/5166 2668/2651/5166 2631/2623/5166
f 2660/2642/5167 2632/2633/5167 2610/2611/5167
f 2575/2576/5168 2669/2652/5168 2611/2612/5168
f 2615/2613/5169 2643/2647/5169 2623/2627/5169
f 2643/2647/5170 2647/2653/5170 2604/2601/5170
f 2604/2601/5171 2647/2653/5171 2633/2620/5171
f 2606/2606/5172 2648/2641/5172 2600/2607/5172
f 2601/2604/5173 2652/2654/5173 2617/2615/5173
f 2652/2654/5174 2607/2599/5174 2617/2615/5174
f 2653/2655/5175 2608/2608/5175 2620/2616/5175
f 2654/2638/5176 2649/2650/5176 2580/2581/5176
f 2573/2574/5177 2659/2656/5177 2609/2610/5177
f 2587/2590/5178 2611/2612/5178 2591/2591/5178
f 2621/2624/5179 2655/2643/5179 2561/2569/5179
f 2645/2657/5180 2612/2600/5180 2593/2593/5180
f 2637/2640/5181 2656/2658/5181 2576/2577/5181
f 2641/2646/5182 2638/2635/5182 2594/2594/5182
f 2594/2594/5183 2638/2635/5183 2614/2619/5183
f 2614/2619/5184 2638/2635/5184 2584/2585/5184
f 2589/2597/5185 2657/2659/5185 2605/2598/5185
f 2652/2654/5186 2620/2616/5186 2607/2599/5186
f 2631/2623/5187 2659/2656/5187 2573/2574/5187
f 2632/2633/5188 2669/2652/5188 2575/2576/5188
f 2669/2652/5189 2661/2660/5189 2611/2612/5189
f 2592/2592/5190 2644/2661/5190 2621/2624/5190
f 2640/2617/5191 2645/2657/5191 2593/2593/5191
f 2613/2626/5192 2646/2662/5192 2618/2618/5192
f 2657/2659/5193 2662/2663/5193 2605/2598/5193
f 2605/2598/5194 2662/2663/5194 2625/2621/5194
f 2648/2641/5195 2658/2664/5195 2601/2604/5195
f 2626/2630/5196 2663/2665/5196 2602/2609/5196
f 2602/2609/5197 2663/2665/5197 2627/2631/5197
f 2661/2660/5198 2582/2588/5198 2591/2591/5198
f 2613/2626/5199 2622/2625/5199 2646/2662/5199
f 2624/2628/5200 2664/2666/5200 2619/2614/5200
f 2616/2629/5201 2651/2649/5201 2595/2596/5201
f 2599/2602/5202 2665/2667/5202 2606/2606/5202
f 2636/2639/5203 2668/2651/5203 2630/2622/5203
f 2655/2643/5204 2645/2657/5204 2639/2634/5204
f 2639/2634/5205 2645/2657/5205 2640/2617/5205
f 2576/2577/5206 2656/2658/5206 2622/2625/5206
f 2618/2618/5207 2646/2662/5207 2641/2646/5207
f 2615/2613/5208 2666/2668/5208 2643/2647/5208
f 2666/2668/5209 2647/2653/5209 2643/2647/5209
f 2633/2620/5210 2647/2653/5210 2634/2636/5210
f 2670/2669/5211 2664/2666/5211 2634/2636/5211
f 2664/2666/5212 2650/2648/5212 2619/2614/5212
f 2625/2621/5213 2662/2663/5213 2599/2602/5213
f 2599/2602/5214 2662/2663/5214 2665/2667/5214
f 2665/2667/5215 2667/2670/5215 2606/2606/5215
f 2606/2606/5216 2667/2670/5216 2648/2641/5216
f 2658/2664/5217 2652/2654/5217 2601/2604/5217
f 2627/2631/5218 2668/2651/5218 2636/2639/5218
f 2660/2642/5219 2669/2652/5219 2632/2633/5219
f 2611/2612/5220 2661/2660/5220 2591/2591/5220
f 2582/2588/5221 2644/2661/5221 2592/2592/5221
f 2646/2662/5222 2638/2635/5222 2641/2646/5222
f 2642/2644/5223 2666/2668/5223 2615/2613/5223
f 2647/2653/5224 2670/2669/5224 2634/2636/5224
f 2634/2636/5225 2664/2666/5225 2624/2628/5225
f 2651/2649/5226 2657/2659/5226 2589/2597/5226
f 2649/2650/5227 2663/2665/5227 2626/2630/5227
f 2609/2610/5228 2659/2656/5228 2660/2642/5228
f 2656/2658/5229 2646/2662/5229 2622/2625/5229
f 2650/2648/5230 2629/2645/5230 2635/2637/5230
f 2629/2645/5231 2651/2649/5231 2616/2629/5231
f 2648/2641/5232 2667/2670/5232 2658/2664/5232
f 2652/2654/5233 2653/2655/5233 2620/2616/5233
f 2653/2655/5234 2654/2638/5234 2608/2608/5234
f 2663/2665/5235 2668/2651/5235 2627/2631/5235
f 2631/2623/5236 2668/2651/5236 2659/2656/5236
f 2661/2660/5237 2644/2661/5237 2582/2588/5237
f 2644/2661/5238 2655/2643/5238 2621/2624/5238
