# Blender 4.4.0
# www.blender.org
mtllib xxx.mtl
o bewTerrain
v -1999.891235 422.694550 -2000.001221
v -1999.787964 507.023285 -1860.128052
v -2000.121338 549.404663 -1793.871826
v -2000.045044 630.362000 -1660.348755
v -1999.964722 625.573059 -1620.525391
v -2000.274902 627.331787 -1481.056030
v -2000.778198 621.720032 -1413.149658
v -1999.848755 612.860779 -1366.850220
v -2000.395752 630.410645 -1301.291504
v -1999.445312 630.607422 -1247.813232
v -2000.633423 635.778625 -1180.413818
v -2000.185303 644.011047 -1150.950073
v -1999.891235 632.837708 -1099.929688
v -1999.735718 637.887695 -1049.829956
v -1999.731934 654.627502 -1009.199402
v -1997.883057 659.530518 -979.268433
v -2000.452148 692.910034 -898.960144
v -2000.037842 734.005249 -838.230713
v -2002.113281 782.678040 -799.870972
v -1999.579834 832.955627 -729.670471
v -2000.634888 792.167847 -675.243408
v -1998.348267 756.998352 -606.619812
v -1999.765991 727.126587 -559.417480
v -1999.181030 689.195984 -499.297241
v -1997.717407 679.510803 -457.662964
v -2000.384521 685.008850 -423.872437
v -2002.943115 686.921021 -377.001740
v -1995.828247 676.019104 -337.128021
v -1995.077515 694.723938 -292.017548
v -1999.420410 690.346191 -269.803711
v -2000.679565 728.643188 -189.479126
v -1999.343018 727.306335 -146.046906
v -2000.019653 740.665161 -112.178238
v -1999.851074 741.837463 -77.850349
v -1999.614868 676.184021 28.114334
v -2001.818237 647.146118 83.594597
v -2000.429565 599.627258 151.593552
v -2000.489624 552.645813 224.883865
v -1998.613647 536.396667 269.125214
v -2000.121338 542.708008 321.715729
v -1999.911377 578.341431 459.672577
v -1999.609375 696.103149 563.007446
v -1999.102173 829.271545 644.155090
v -1999.374023 900.352356 731.141296
v -2000.085083 880.845703 824.400635
v -1999.993652 850.445496 886.121826
v -2000.302856 850.530945 965.739502
v -2000.280151 820.489807 1039.916016
v -2000.145386 804.810974 1103.486938
v -2000.789795 798.940369 1161.969727
v -2000.187622 831.585449 1237.060913
v -2001.830688 849.880249 1273.221436
v -1999.719727 873.380066 1331.827759
v -2001.000488 903.516418 1392.876221
v -1999.874634 857.692261 1469.346924
v -2000.099121 689.385498 1571.612915
v -1999.961060 617.774048 1651.143433
v -2000.854858 571.581177 1761.121948
v -1998.994873 493.159607 1845.054199
v -1999.671753 432.883728 1932.775391
v -1999.908081 375.635651 2000.233276
v -2084.222656 565.457275 -1906.081787
v -2044.080566 675.993042 -1173.032959
v -2047.082275 769.945862 -529.363220
v -2031.715454 782.422363 -195.384399
v -2026.696899 828.246765 -111.838455
v -2050.435791 869.564941 5.827867
v -2042.842163 576.304565 375.811340
v -2043.720093 638.044189 512.428345
v -2048.875977 904.458374 754.243591
v -2058.668701 830.144470 906.597290
v -2048.384277 858.962036 1000.103333
v -2029.850464 836.694519 1100.479248
v -2057.682617 931.272583 1311.036133
v -2038.660645 895.860962 1444.767456
v -2052.697998 678.655945 1587.765015
v -2027.865479 449.399567 -1999.840088
v -2001.115356 621.767944 -1578.710327
v -2087.444580 694.640991 -1487.362671
v -2067.933105 932.067078 -722.131348
v -2044.643677 863.375000 -675.780396
v -2029.053711 743.272888 -410.828125
v -2030.956665 717.890503 102.482513
v -2035.035156 561.953369 277.837158
v -2055.421387 585.281250 440.032776
v -2074.186523 620.988281 -1766.282104
v -2065.972656 756.251831 -1019.498230
v -2103.724121 848.315979 1496.629517
v -2065.487061 485.140045 1910.583984
v -2108.325195 672.061279 -1317.917603
v -2057.978516 651.330872 -1254.638306
v -2051.612549 835.272278 -599.779663
v -2076.564209 934.435120 1378.824707
v -2068.302490 668.589600 -1404.702271
v -2053.480713 806.005249 -278.167511
v -2051.823730 885.751343 -67.870605
v -2070.003906 688.028076 187.310043
v -2086.613525 607.463989 485.201996
v -2078.959229 626.124878 1676.134155
v -2086.566406 484.102356 -2001.042480
v -2062.298584 722.389038 -1112.634399
v -2082.096924 854.394348 -894.209900
v -2085.220947 851.007324 -550.189758
v -2077.564697 823.970520 -435.736877
v -2069.542969 805.591553 -371.535431
v -2077.137451 953.689575 -131.895203
v -2083.979492 838.250916 100.500862
v -2077.337158 621.036438 293.431305
v -2094.655273 818.882935 863.196167
v -2085.785156 884.374573 1027.116577
v -2125.104492 723.493225 -1652.995117
v -2099.265869 1027.336670 1190.796997
v -2110.661377 616.066895 1831.132080
v -2078.994873 609.170105 335.112823
v -2108.801270 965.611877 -784.244385
v -2079.532959 824.000427 -305.839630
v -2078.287598 955.861389 -28.246906
v -2133.685547 688.606140 549.259094
v -2123.189697 861.809998 653.520996
v -2121.176758 1019.059021 1265.039062
v -2086.366943 372.404083 1999.345215
v -2127.976318 706.072144 -1385.387207
v -2133.741943 685.813721 -1296.354492
v -2108.637695 920.269897 -652.221802
v -2117.732422 883.212769 744.741821
v -2147.687744 1062.525513 1137.358276
v -2162.230713 784.654114 -1576.923950
v -2116.462402 687.407104 -1209.428833
v -2119.077393 737.944458 -1150.502075
v -2171.224854 989.700500 -626.998169
v -2129.291748 813.628113 909.548645
v -2166.661377 680.770691 -1775.113037
v -2121.497803 812.231873 -1087.320190
v -2100.129639 863.236328 -504.850037
v -2107.322754 937.894897 -245.192108
v -2113.068848 1066.496338 -134.025024
v -2110.489746 609.246948 401.300507
v -2122.819336 955.384033 1057.350220
v -2093.701904 952.662415 1325.231323
v -2153.309082 833.850098 1540.234741
v -2129.584229 692.020386 1642.416138
v -2118.845459 901.832214 -422.489410
v -2159.035400 678.386169 1774.956543
v -2173.544678 466.062103 1940.093384
v -2134.751709 920.089111 -352.314667
v -2114.798096 981.478271 25.592190
v -2134.667480 783.773682 207.571854
v -2132.529053 654.527283 297.731567
v -2191.662354 939.720398 1350.548828
v -2168.908447 520.933838 -2000.293091
v -2186.278564 718.126404 -1728.670044
v -2119.189453 897.284668 -950.600403
v -2159.771973 1024.072876 -725.455322
v -2135.182861 1097.635010 -80.978752
v -2144.337402 636.247375 360.068390
v -2175.015137 896.309021 694.578247
v -2171.350098 851.725769 934.108765
v -2157.292480 587.546936 -1918.728516
v -2147.861084 988.845459 -289.349518
v -2144.247314 1061.235474 -223.237854
v -2136.651367 982.753357 67.500381
v -2153.346924 838.235596 820.224670
v -2183.008301 903.566345 1395.545654
v -2164.814941 872.946838 1472.866821
v -2139.125488 380.451019 1999.889648
v -2166.882324 732.914368 -1178.758789
v -2166.443359 1014.849060 -828.447510
v -2155.240967 937.439453 -341.601379
v -2154.491211 1139.553467 -137.858139
v -2193.135254 882.343445 753.466675
v -2187.054199 943.647705 -1002.817444
v -2157.328857 921.836975 -557.664673
v -2144.992188 902.752014 -486.125549
v -2168.479248 716.425049 263.107727
v -2224.670410 852.937927 -1514.616333
v -2209.052002 811.214417 -1436.080688
v -2192.448486 902.492004 -1053.511841
v -2167.421143 1124.003174 -187.488953
v -2162.534668 1180.576904 -80.290062
v -2169.422363 1161.120605 -2.131777
v -2195.021973 899.802368 650.129028
v -2170.578857 375.132660 1998.092651
v -2214.306396 1076.771118 -787.686829
v -2176.716309 1057.674683 -256.046661
v -2181.969727 1128.407227 1189.642212
v -2212.925293 667.233643 1837.014160
v -2218.491699 621.751221 -1901.933716
v -2211.473145 830.020813 -1114.724121
v -2192.347168 996.494507 -598.013916
v -2163.889160 902.103394 -410.312500
v -2208.718262 862.787170 1583.867798
v -2222.471436 1035.374146 -940.570312
v -2215.602539 972.451904 -557.467407
v -2183.482666 917.488831 -403.460114
v -2211.856445 705.868652 534.742065
v -2165.627441 825.728821 883.223816
v -2193.159668 1113.443604 1086.863525
v -2235.250977 1162.894531 1203.111816
v -2223.863037 874.718140 1442.525513
v -2227.479980 733.702576 1775.108398
v -2221.350830 936.379639 -489.211761
v -2197.364746 1174.677979 -169.996964
v -2190.467285 1230.838623 -55.294426
v -2199.027588 1124.842651 72.536171
v -2183.639893 658.158081 378.290436
v -2272.362305 1133.989136 1248.396606
v -2237.961426 974.968811 1329.946533
v -2227.838623 829.351257 1674.844238
v -2249.128662 787.162720 -1262.713501
v -2185.085205 918.926758 -350.366119
v -2203.525391 967.095459 -309.589569
v -2203.551758 720.976746 303.802185
v -2230.315430 891.003601 1536.645752
v -2238.037598 815.765991 -1643.446167
v -2212.041504 913.207825 -426.629272
v -2219.866211 1044.688110 -262.394623
v -2218.478271 1255.623901 -120.449173
v -2203.143555 848.558289 199.173340
v -2210.588867 678.366882 403.597351
v -2176.295898 661.461426 508.886139
v -2211.299805 919.226929 950.323120
v -2221.123291 1108.368286 86.869797
v -2253.013184 949.840637 699.368286
v -2249.409180 807.688232 -1181.009033
v -2225.112061 1092.351196 -726.139709
v -2216.332031 930.645813 -358.608459
v -2219.072021 1228.845215 -38.077984
v -2224.623535 1211.769653 5.211240
v -2273.238770 863.046509 577.871887
v -2238.028076 884.453247 800.632507
v -2254.702881 891.190552 1409.029663
v -2266.293457 799.499512 -1325.124878
v -2236.583008 802.332092 254.240280
v -2248.029785 690.843384 440.324951
v -2284.576416 583.489929 1896.229492
v -2318.403564 426.646973 1999.449707
v -2237.248779 394.089783 1999.968872
v -2283.014893 765.938904 -1777.673462
v -2269.071289 791.599487 -1705.652954
v -2287.165039 915.459900 -1096.226074
v -2272.033203 964.353271 -1059.537964
v -2279.219238 1116.963623 -866.223022
v -2245.155762 947.637024 -347.871063
v -2237.290283 1214.279053 -184.223404
v -2231.848389 724.875305 328.180908
v -2248.573730 1169.131714 1142.786499
v -2259.504150 905.949341 1573.085693
v -2277.296143 880.028931 -1552.605957
v -2262.567627 1048.402710 -612.683960
v -2239.907471 928.437439 -425.154633
v -2245.420898 1247.815063 -114.388611
v -2261.916748 1115.047119 96.941803
v -2248.198975 695.735840 403.036316
v -2289.121582 1180.462280 1205.514038
v -2284.048828 927.041443 1647.018188
v -2282.540527 1128.774292 -714.337219
v -2253.379395 1160.242432 -213.699356
v -2266.226807 1266.842896 -79.339783
v -2252.531982 1234.105347 20.591785
v -2258.343750 935.358643 189.831818
v -2285.090820 1135.768921 -778.360107
v -2279.714600 990.075989 -554.672546
v -2266.782959 946.477417 -355.573730
v -2291.894531 874.650024 1489.081055
v -2307.253418 702.668823 -1870.291748
v -2329.830322 854.714966 -1624.528320
v -2294.892578 942.930969 -459.913055
v -2289.156006 947.531860 -432.231049
v -2299.887939 1094.156616 -271.428406
v -2271.420166 1283.640991 -35.615860
v -2253.658447 734.259338 510.323242
v -2305.728271 930.856873 629.177307
v -2326.475830 921.895386 -1465.719482
v -2330.643799 884.782776 -1156.199951
v -2365.964600 1125.970581 -948.759583
v -2270.668945 1200.200439 -162.957916
v -2289.517090 1201.763672 43.137718
v -2289.466553 815.054016 273.673462
v -2287.318848 938.215454 839.065552
v -2288.321533 1114.790771 994.761719
v -2271.434082 1190.348145 1078.074097
v -2274.452393 771.328735 1753.603271
v -2268.056396 546.274597 -1999.523193
v -2332.669434 682.625610 -1896.573120
v -2343.353271 1049.094604 -1009.436096
v -2287.657715 984.559265 -343.942871
v -2288.212402 1140.293945 -224.490265
v -2307.847412 917.013000 196.159271
v -2287.008057 944.618347 757.023743
v -2312.878906 1064.570435 -620.981812
v -2299.984619 975.374268 -393.059113
v -2295.404785 1250.559204 10.010253
v -2345.334961 945.403198 1621.841431
v -2339.457031 892.616089 -1277.352417
v -2292.542725 1289.772705 -87.242332
v -2296.256592 738.871277 345.704193
v -2314.713623 806.846863 486.042633
v -2296.602295 1182.853516 1150.651367
v -2324.267578 1137.437988 1251.954102
v -2363.338623 808.795044 -1782.190796
v -2341.566895 849.039124 -1660.123291
v -2348.361084 891.921997 -1349.292969
v -2371.333740 910.571716 -1124.271484
v -2321.295898 1139.806641 -847.484863
v -2328.294922 950.942383 -507.337158
v -2308.291260 1246.451904 -147.692047
v -2321.505859 1130.480591 88.152313
v -2306.822266 954.903564 783.413818
v -2316.376221 1196.442505 1099.848755
v -2335.890625 898.918457 1542.830566
v -2331.396240 926.590393 -1492.387329
v -2326.286377 1129.159180 -723.694458
v -2320.611084 1276.841064 -85.729065
v -2316.070068 1282.654907 -39.353451
v -2325.830078 905.387634 208.524246
v -2336.654541 820.726135 260.966309
v -2307.170898 748.867065 402.960785
v -2344.377441 917.640686 561.882019
v -2334.794189 1005.255249 842.656494
v -2335.871826 1078.153931 918.445251
v -2319.192139 1162.593262 1038.485962
v -2354.630127 886.198975 1478.367920
v -2334.018799 922.023926 1659.479736
v -2341.904541 1138.557861 -789.977722
v -2324.428711 1219.759888 -202.246124
v -2324.545654 1222.221436 13.412563
v -2332.425049 1134.080566 982.469849
v -2336.108154 961.866272 -415.971893
v -2334.756104 998.130188 -343.013000
v -2343.832520 1289.142334 -144.928497
v -2337.594727 1076.612427 117.427559
v -2348.703857 759.635620 342.281982
v -2337.186768 775.243469 410.960144
v -2363.241699 937.569458 665.351624
v -2347.176758 925.946655 1406.929077
v -2389.036865 613.794800 -1999.997314
v -2403.062988 834.058167 -1747.033203
v -2358.395752 1138.444702 1052.514282
v -2364.472900 1162.628418 1156.968140
v -2413.361572 671.708435 1784.263916
v -2360.298584 430.895966 2000.439087
v -2390.877197 1023.922607 -1056.744629
v -2364.228516 968.798584 -406.258453
v -2350.913818 1153.523926 -253.053879
v -2338.028564 1295.381958 -56.744198
v -2344.734863 1249.891846 3.764581
v -2395.791748 750.449646 1732.697388
v -2349.080322 899.261780 -1189.103394
v -2368.392334 1033.780151 -639.919250
v -2364.781982 945.628540 -497.083008
v -2366.149414 1173.757324 36.553818
v -2351.937256 781.325134 303.220795
v -2369.309570 826.976868 458.640167
v -2363.590820 862.722229 509.966187
v -2394.931396 938.142334 1555.814453
v -2415.953369 555.033569 1912.723389
v -2360.965576 1299.415894 -95.422737
v -2359.833252 950.437927 178.043625
v -2392.317627 949.098938 582.377869
v -2382.434326 1083.097534 892.259277
v -2401.696533 963.154114 -1428.786011
v -2394.918701 1080.247437 -719.310547
v -2355.798828 955.721741 -538.134583
v -2378.156494 1164.381592 -227.312531
v -2370.690430 1247.416016 -161.824707
v -2382.008545 1250.670166 -33.482197
v -2370.478516 755.405884 348.212463
v -2402.312988 992.799561 778.720886
v -2376.448242 1101.188232 1267.218506
v -2407.563477 961.267761 1381.557739
v -2398.491943 912.737610 -1202.892944
v -2371.344971 1003.787781 -328.047638
v -2398.416504 957.480164 147.085144
v -2394.186279 887.512024 194.217239
v -2374.427246 785.914307 414.730865
v -2395.931152 1093.729248 937.430481
v -2370.387207 1130.638428 1000.694275
v -2411.623291 881.784790 -1632.853760
v -2405.311768 961.582153 -1295.473999
v -2404.348877 1144.676636 -892.394409
v -2399.965332 931.114075 -443.113312
v -2400.616943 1234.044800 -105.248062
v -2398.692383 840.741211 266.357849
v -2388.291992 766.983826 347.060852
v -2436.933105 972.420715 -1459.151001
v -2431.278564 1102.973389 -816.405151
v -2417.715088 916.816650 -398.294037
v -2401.271484 1126.164185 63.020710
v -2397.712646 918.211121 1440.998413
v -2444.061523 936.493103 1590.981567
v -2449.434814 863.454468 1662.217773
v -2433.466064 973.589661 -1351.880127
v -2426.476807 1081.591064 -1021.216614
v -2431.983398 1121.373291 -946.275391
v -2408.963135 958.005127 -340.020569
v -2415.090820 1158.843872 -165.818878
v -2426.702148 925.921570 1472.007080
v -2512.675049 653.620483 -2000.626465
v -2435.216553 859.563354 -1703.252441
v -2437.833496 923.249817 -1147.868408
v -2412.018066 932.641235 -560.159607
v -2439.436523 873.371826 -507.679352
v -2405.863770 1211.211914 -3.074836
v -2429.827148 771.199158 352.454285
v -2427.684570 799.395264 423.121033
v -2429.130127 889.184082 517.306335
v -2442.187256 953.870850 628.583923
v -2448.446045 976.524780 1331.498169
v -2502.382568 767.716675 -1833.059814
v -2451.007812 918.093872 -1556.384766
v -2421.968750 1067.608765 -252.682404
v -2458.258789 874.772217 487.362885
v -2450.768066 943.609314 586.673767
v -2405.563477 958.183960 713.191284
v -2435.938721 1061.284790 904.285828
v -2426.163330 1056.232178 1212.808838
v -2467.456299 712.476074 -1892.760132
v -2428.514648 977.728455 -663.218323
v -2436.165527 908.852966 -364.966309
v -2429.370361 876.057800 187.993118
v -2430.215820 839.601013 266.112762
v -2429.952393 1064.379028 845.601196
v -2458.283203 943.413818 1386.403320
v -2441.779541 963.025513 -293.458496
v -2438.564453 1179.193604 -94.063370
v -2464.315430 993.127014 1057.640503
v -2487.001465 973.101562 1139.603516
v -2450.538330 956.651001 -1309.682983
v -2477.035645 910.076050 -1254.426025
v -2464.523438 846.301514 -477.599762
v -2449.567139 1148.302368 -19.126614
v -2480.167480 979.438904 743.283264
v -2487.912354 936.638245 1421.129639
v -2472.073242 420.287476 1999.522461
v -2517.890137 950.535400 -1487.608643
v -2461.605469 980.929138 -1384.389893
v -2472.031982 913.860352 -1228.182983
v -2467.530029 963.377136 -1104.319580
v -2475.897949 992.302551 -731.956787
v -2472.737305 1056.568970 -198.259399
v -2480.720459 792.513123 428.627930
v -2465.890625 1003.728577 785.965027
v -2469.894775 927.306885 1508.779053
v -2481.794189 784.904846 1716.731812
v -2494.084717 896.807190 -1662.519287
v -2463.809570 1065.567749 -1015.895142
v -2464.799805 898.015564 -406.064026
v -2466.614746 904.740356 -346.736481
v -2454.549072 1037.100708 -238.012802
v -2460.632568 841.475159 182.351593
v -2487.901123 1047.007568 841.781921
v -2470.717529 943.983765 1451.723511
v -2451.727783 950.543579 108.043213
v -2460.141113 748.594177 349.914093
v -2516.054199 991.191345 626.459656
v -2483.902100 622.725769 1861.738770
v -2477.130859 823.565369 -613.417419
v -2470.393311 1125.693726 -112.704063
v -2465.784912 1132.962402 -50.962032
v -2473.008057 800.813171 232.174728
v -2489.281250 909.048340 1616.766235
v -2496.822266 896.703857 -1175.186768
v -2517.833496 954.882812 -1079.798584
v -2476.258057 1075.365601 -921.429810
v -2493.702393 933.871826 -281.058350
v -2496.993652 743.591309 358.412994
v -2467.688232 980.974426 716.977356
v -2508.374512 969.868591 925.552551
v -2498.672607 940.467834 997.675171
v -2492.606445 926.931885 1356.011719
v -2528.434326 458.957306 1972.284912
v -2556.882812 784.290894 -1804.180176
v -2482.734375 1032.463013 -794.041992
v -2509.638428 916.145447 -721.346313
v -2499.172363 752.073669 -536.276245
v -2486.665771 1098.296753 -47.327591
v -2491.636475 976.426331 58.140789
v -2533.905762 721.128662 297.114410
v -2527.843750 884.408142 1222.453613
v -2503.379639 905.726807 1550.402222
v -2515.318359 987.858643 -1386.185791
v -2518.683838 908.903320 -1120.954834
v -2528.970459 749.877563 -369.171509
v -2509.368408 805.162476 150.981674
v -2527.576172 876.407898 1664.331787
v -2524.540039 970.690369 -1008.817993
v -2505.121094 1002.694458 -192.110626
v -2507.730225 752.921082 247.138733
v -2535.590088 934.094727 1055.600342
v -2547.018066 912.968994 1482.522095
v -2568.076904 599.696655 1902.516724
v -2521.355225 763.848511 -615.902649
v -2531.881592 964.062561 -114.203735
v -2543.840332 806.023010 70.342346
v -2526.917725 791.849670 440.511810
v -2551.216064 875.794800 1324.284912
v -2536.611816 937.016602 1441.538696
v -2554.831055 741.010620 -1898.125488
v -2567.824463 913.130981 -1653.353271
v -2525.796631 900.118958 527.217896
v -2539.504883 922.083008 565.464783
v -2559.993408 1009.186646 668.813477
v -2567.738525 949.066284 776.092285
v -2556.757324 1014.742126 865.921387
v -2573.216553 902.695190 954.781311
v -2536.985107 930.624756 1117.031250
v -2531.875732 905.229614 1605.778442
v -2530.619141 745.429443 1783.131348
v -2556.072021 867.205383 -1708.525757
v -2559.557617 950.996765 -1494.542847
v -2546.383301 664.594971 -489.452484
v -2542.628418 709.608215 -425.424744
v -2568.194824 816.206604 -198.808929
v -2556.188965 956.712463 746.716736
v -2554.155762 436.708008 1999.630127
v -2538.965332 952.515381 -1320.195679
v -2576.569580 902.756958 -881.466553
v -2576.069092 872.034668 -812.658020
v -2569.017578 650.075439 -572.800781
v -2543.389893 757.103210 -302.228638
v -2555.615723 898.999695 -1183.790527
v -2570.673096 921.799011 -1052.407715
v -2574.808350 908.023071 -928.240967
v -2577.133057 832.076538 -734.694885
v -2544.590820 905.022949 -61.589809
v -2552.804688 719.036499 166.562073
v -2565.458740 861.329773 1197.681396
v -2561.119629 855.096069 1257.283813
v -2563.269043 906.440735 -1134.455322
v -2585.152832 998.972778 659.200073
v -2583.181885 874.972595 1011.800110
v -2573.305664 913.664795 1533.195679
v -2619.652588 781.891968 -1799.292236
v -2617.164307 953.940063 -1593.177124
v -2559.061523 720.324036 338.504211
v -2616.237305 709.132996 -1999.827637
v -2583.967773 717.450623 -659.127502
v -2580.813232 645.705078 -364.341583
v -2579.077881 681.043823 243.091431
v -2587.412354 750.546692 414.827423
v -2588.168701 840.684631 1222.482300
v -2588.152588 837.060608 1283.249146
v -2598.398682 921.526733 1400.985474
v -2560.702637 866.311340 1709.291260
v -2598.190430 732.830383 -1956.958496
v -2590.527344 915.721558 -1105.209961
v -2629.392090 802.118347 -863.556824
v -2591.382568 759.590881 -44.731358
v -2592.864502 850.849670 504.716309
v -2597.342773 911.513245 1102.265137
v -2596.535889 958.522705 1446.330322
v -2638.007812 952.589539 -1412.827271
v -2600.547852 960.552063 -1346.862793
v -2601.666504 560.680420 -490.133667
v -2623.918213 683.954102 -119.405640
v -2593.072266 688.229126 70.651207
v -2577.614014 906.975830 1628.963257
v -2610.869873 928.793457 1644.460083
v -2613.580566 924.337219 1712.813721
v -2628.798584 767.416077 -1839.893433
v -2550.953125 918.653259 -1243.520142
v -2611.435303 548.577576 -422.763428
v -2609.266113 983.492249 703.336304
v -2584.958496 872.817566 1345.966797
v -2604.408936 916.387512 1550.653198
v -2583.225098 759.241272 1795.622192
v -2643.403320 761.246277 -1917.318604
v -2615.275635 557.442261 -349.268616
v -2611.995605 628.053650 135.403946
v -2600.128662 665.373596 285.564484
v -2628.173584 949.829407 770.415344
v -2626.552979 973.745300 872.711365
v -2626.699219 897.561035 1128.062378
v -2624.245361 799.808655 1253.574219
v -2621.535645 957.134827 -1555.135620
v -2619.695068 903.258911 -1179.147339
v -2656.451660 770.546021 -766.350220
v -2645.559814 596.681030 -614.522583
v -2651.322998 546.524658 -567.688477
v -2645.681152 873.564636 1149.856934
v -2629.222412 920.303772 1196.864380
v -2619.802979 976.083252 1486.924805
v -2652.301514 501.742828 1998.489868
v -2698.689453 877.280640 651.382324
v -2664.994141 894.336853 906.733826
v -2622.569580 846.166443 1312.767334
v -2659.270020 817.990112 -1758.340454
v -2656.586182 944.747192 -1476.925537
v -2644.398438 562.517761 90.400604
v -2636.734863 920.302490 1575.077515
v -2632.648193 764.448792 1836.930908
v -2657.259277 920.086792 -1658.580200
v -2690.593994 950.710266 -1292.941284
v -2663.294189 796.683411 -941.672668
v -2654.572754 705.666199 401.330902
v -2624.635742 871.983887 581.267456
v -2649.053467 829.120911 1334.378418
v -2663.618408 977.841125 1689.332764
v -2656.924805 774.702087 -808.064636
v -2659.693115 474.450958 -394.348511
v -2641.310547 626.546753 251.359055
v -2645.041992 815.074890 481.336487
v -2665.326416 937.716248 707.495728
v -2645.266357 829.181702 1017.394348
v -2627.097412 961.826843 1422.911621
v -2652.081787 995.036560 1453.146973
v -2666.310547 967.915771 1640.162964
v -2690.882324 953.614990 -1341.186401
v -2634.097168 883.684814 -1101.156982
v -2666.805908 787.997070 -976.524536
v -2679.474365 428.747406 -308.667542
v -2632.254639 609.207642 -231.359726
v -2664.771973 926.977173 811.654785
v -2653.368408 876.720581 1090.673950
v -2659.166260 771.744324 1265.955078
v -2688.103760 777.545593 1293.860474
v -2676.303955 925.161011 1747.498901
v -2684.675781 755.528015 -1953.839355
v -2667.369385 902.787659 -1173.518677
v -2670.699219 491.547089 -221.741669
v -2664.023682 827.384888 532.080811
v -2713.327637 822.106873 986.804138
v -2679.507568 984.898010 1497.420654
v -2673.150391 865.969299 1799.050781
v -2711.361084 871.717102 -1120.517944
v -2704.419189 822.341736 -1057.726196
v -2687.004639 716.410034 -730.872925
v -2685.969971 497.919495 -549.175964
v -2673.311035 480.001465 -493.537903
v -2682.526855 495.813782 -110.924469
v -2681.418945 555.702759 188.490921
v -2691.699219 811.849304 1032.611450
v -2683.277588 840.911072 1121.439697
v -2684.730225 949.716309 1194.351685
v -2702.028809 983.083923 1433.540405
v -2720.214844 1034.071411 1618.292725
v -2709.656006 726.484924 -2000.598877
v -2693.118164 941.006409 -1565.207397
v -2695.998047 601.185303 -664.769958
v -2716.098633 429.426758 -426.417847
v -2731.472656 582.523376 310.396149
v -2704.249756 765.204468 481.576935
v -2732.888672 808.349426 907.252014
v -2716.437256 926.464355 1392.313354
v -2724.905273 981.572754 1457.313965
v -2754.761230 771.214600 -1860.225220
v -2751.106689 513.696167 -596.408752
v -2722.070557 417.617310 -15.038573
v -2704.931152 453.165802 85.988968
v -2710.001465 885.015381 758.417175
v -2731.142578 812.699890 860.181946
v -2740.489746 810.493164 1328.861572
v -2707.134766 989.811035 1525.744751
v -2698.437012 550.767517 1999.244751
v -2779.629639 798.341064 -1799.644287
v -2761.352295 854.002319 -1722.888550
v -2735.547363 902.796387 -1506.389771
v -2694.119141 731.766907 -895.501160
v -2726.035156 511.917847 215.872757
v -2752.520996 909.673035 -1655.585083
v -2735.844482 938.481018 -1597.428223
v -2736.511963 731.330261 -940.450195
v -2758.378418 652.690369 -721.018188
v -2748.399414 614.242126 407.759766
v -2722.524170 835.431946 593.394470
v -2711.475586 870.979980 1236.366577
v -2713.921143 985.289612 1672.448730
v -2733.183350 561.319519 -644.510437
v -2733.405762 808.407532 971.307922
v -2774.515869 798.621277 1115.010498
v -2735.376953 789.175598 1304.725464
v -2752.674316 1104.748779 1574.545410
v -2730.040527 887.837708 1819.191406
v -2738.159668 884.932922 -1202.660278
v -2777.722168 662.152466 -811.760864
v -2756.731934 667.549561 -771.440430
v -2728.299316 395.019470 -360.486481
v -2734.918213 362.971130 -277.463989
v -2733.486572 749.433533 1076.209473
v -2737.739258 1014.557922 1528.013306
v -2772.816650 715.668457 -934.663513
v -2751.478760 924.665283 1200.079834
v -2747.800537 755.193665 1914.356201
v -2744.014160 781.165833 672.436951
v -2760.449707 827.326782 779.877502
v -2766.817139 800.029480 1279.613037
v -2737.051270 1005.257202 1498.479370
v -2798.828857 978.283875 1822.469116
v -2778.359863 590.974365 2000.652344
v -2744.791260 744.203003 546.392578
v -2753.981689 880.008667 1400.680786
v -2769.311768 1026.400635 1657.180176
v -2804.646484 874.328857 -1543.354980
v -2810.992432 781.507141 -1117.092041
v -2767.704590 328.552032 -310.653412
v -2761.754883 370.745209 47.242035
v -2768.123535 739.869934 590.735962
v -2780.860840 921.853027 1232.677856
v -2735.694336 979.086304 1716.743896
v -2773.644287 1025.837524 1735.848633
v -2808.939209 911.499207 -1319.156006
v -2780.117920 728.067749 1023.931458
v -2766.567139 860.451172 1363.673218
v -2785.328369 869.668152 1413.946777
v -2799.134521 879.614685 1457.078979
v -2788.459717 1066.083496 1620.541504
v -2756.030029 912.173950 -1403.569824
v -2774.231201 764.827820 -1056.583130
v -2810.582764 334.692932 -371.631866
v -2774.149414 310.751190 -199.376816
v -2780.713135 302.031250 -116.179565
v -2793.729736 603.317383 483.287476
v -2813.060059 608.102600 941.275085
v -2788.812256 832.282104 1159.654297
v -2780.172607 920.500427 1201.974487
v -2798.622559 1040.246826 1761.553467
v -2789.393311 877.007019 1872.725952
v -2777.768066 911.436279 -1607.741455
v -2850.491211 884.067749 -1385.212280
v -2844.235352 581.294556 -754.587708
v -2791.166260 433.029358 224.499084
v -2796.365479 695.220581 680.812927
v -2811.690918 663.065735 861.394104
v -2788.668213 1092.281006 1579.683228
v -2796.229980 534.482544 -650.795044
v -2796.372803 418.680450 -460.968475
v -2801.910645 832.670349 1303.378662
v -2779.160400 990.429138 1517.523926
v -2835.846924 489.984467 -586.410583
v -2852.915771 665.026306 -1999.666748
v -2824.525635 829.665710 -1692.442139
v -2829.378662 257.853058 -264.514740
v -2819.800537 270.782562 -58.891426
v -2837.718506 649.546692 595.656860
v -2827.055176 776.123962 1144.560181
v -2825.291992 864.619324 1249.217163
v -2814.927002 691.360474 1940.659790
v -2822.286865 872.308777 -1471.545898
v -2831.851318 645.428711 -841.009888
v -2814.642578 774.922791 1090.562866
v -2824.069824 1108.754517 1643.817261
v -2828.896973 1100.866333 1679.009033
v -2870.659912 761.612671 -1771.280151
v -2786.373779 398.609009 130.982742
v -2850.236572 294.851349 78.112640
v -2827.135254 613.647644 978.500610
v -2844.617676 715.561340 1047.942139
v -2833.563721 904.070312 1401.509155
v -2817.071777 873.008118 1416.978882
v -2836.125244 827.638367 1510.196655
v -2825.258057 1022.188904 1565.833252
v -2839.491455 1081.300537 1725.344604
v -2820.094482 581.838745 1999.760986
v -2848.247070 889.314636 -1332.199585
v -2803.961426 706.380066 -952.131775
v -2857.716064 644.860779 -875.638672
v -2842.939453 683.383911 786.991150
v -2853.058350 815.596191 1221.788330
v -2842.820312 902.312988 1272.486450
v -2814.447021 919.672363 1349.448486
v -2829.385010 830.064331 1475.254395
v -2818.979248 1065.622314 1599.444092
v -2845.362305 1055.757202 1762.716675
v -2865.099365 786.863281 1875.350464
v -2896.596924 727.972412 -1834.228271
v -2874.103760 794.219543 -1664.909790
v -2912.692139 471.847412 -700.252869
v -2866.223877 254.768219 -287.682739
v -2872.177734 226.885178 -123.751556
v -2884.020996 232.336441 14.423439
v -2839.502686 635.986145 666.281555
v -2852.140625 618.939148 748.773865
v -2861.489990 644.095398 818.735413
v -2835.551514 582.644958 915.209473
v -2858.718750 1019.866821 1327.654053
v -2837.943359 909.726440 1371.451660
v -2843.510498 844.777161 1441.818115
v -2821.191406 453.475616 334.792877
v -2872.751709 536.789673 514.600037
v -2861.904785 798.084839 1198.021240
v -2870.460449 687.981140 -1924.757080
v -2914.383301 698.904236 -1056.522583
v -2902.916504 456.738251 -655.567505
v -2873.971436 456.710510 -529.505432
v -2904.738770 406.569427 -457.292938
v -2898.160645 269.782654 -316.372589
v -2866.008789 476.023132 450.679657
v -2867.962891 1109.700195 1591.083252
v -2864.617188 1153.412720 1621.136230
v -2868.595215 1104.223999 1657.265503
v -2880.977051 746.313965 -1163.007080
v -2872.059570 824.858032 1533.074097
v -2852.857178 996.730164 1806.190063
v -2868.564941 558.346252 910.857849
v -2872.267578 512.002380 972.023682
v -2879.583252 687.772461 1158.723511
v -2872.422363 763.508179 1478.287231
v -2879.635498 493.478088 2000.484497
v -2888.684082 260.285614 167.867950
v -2922.516846 474.840881 547.690735
v -2874.575439 864.527283 1433.554810
v -2915.526367 742.788086 -1247.889404
v -2897.744385 620.864624 -886.478088
v -2927.227783 318.895874 -363.565948
v -2890.924561 636.899353 1078.753296
v -2885.821777 1009.527954 1360.617188
v -2878.206787 923.973633 1396.386475
v -2902.297607 798.950562 -1593.117188
v -2909.240234 810.955994 -1469.952271
v -2957.020508 176.544189 211.261932
v -2900.399902 549.936707 882.988342
v -2966.954834 778.148376 -1352.777466
v -2908.347412 550.929932 -808.247620
v -2955.578613 187.410873 -199.557007
v -2932.426270 470.087952 622.215454
v -2920.712158 456.819672 739.286072
v -2904.445557 578.895752 826.119934
v -2899.050293 500.798676 924.928467
v -2910.370117 454.378693 991.421448
v -2920.701660 658.739746 1215.379150
v -2923.949951 715.628235 1266.803955
v -2894.658936 741.579834 1499.983765
v -2903.239990 964.367493 1784.222534
v -2946.698486 402.227875 -560.797668
v -2983.424072 225.828476 388.290680
v -2942.768311 823.918823 1344.747314
v -2909.825439 969.235962 1383.510864
v -2903.726562 1052.516357 1670.194214
v -2929.875000 923.625244 1724.702393
v -3013.910645 600.975220 -1999.885010
v -2954.820557 766.044800 -1604.658691
v -2931.204102 182.271240 -17.195162
v -2913.255127 1027.961060 1607.465454
v -2951.352539 466.039276 1947.518555
v -2962.640625 631.808167 -1960.294556
v -2946.443115 485.469086 -753.547363
v -2952.192139 420.401245 790.634033
v -2947.392822 483.738159 1038.169678
v -2925.275146 730.842529 1476.564697
v -2921.263916 786.887573 1527.515869
v -2976.419678 774.318420 -1407.521606
v -2919.886963 301.169525 338.317200
v -2943.050781 457.055725 929.411682
v -2944.080322 393.196289 976.470154
v -2936.962646 536.609680 1101.048340
v -2929.617188 907.950867 1404.951782
v -2954.552490 941.517090 1652.924072
v -2979.845215 763.829834 -1541.289307
v -2952.976318 790.450562 1442.733276
v -2952.210449 872.595825 1595.470215
v -2934.991699 905.168396 1779.630493
v -2979.440430 690.807007 -1781.735229
v -2997.467529 426.949432 -768.329468
v -2986.139160 328.218201 -467.215271
v -2959.634766 481.622559 869.192993
v -2958.041748 737.092163 1843.354126
v -2962.702881 338.391541 2000.250977
v -2998.979004 633.167053 -1121.314331
v -3029.949219 434.606415 -836.922302
v -2978.334229 132.441101 90.356224
v -2949.471680 740.865051 1510.806641
v -2979.463379 677.090393 -1838.206299
v -3046.338867 483.729553 -935.498291
v -2959.382568 320.473907 -391.719574
v -2994.805664 327.567902 520.060120
v -2988.528564 449.870026 850.887024
v -2946.007080 547.137451 1128.209351
v -2992.096680 352.914673 1191.374390
v -2967.568115 762.600464 1481.691406
v -2994.008301 731.675842 1745.357788
v -3005.688477 685.328186 -1254.364502
v -2990.201416 188.323044 -246.021408
v -2987.345947 155.745178 264.107544
v -3001.156738 301.151764 634.710083
v -2989.769287 493.894073 1262.069214
v -3047.172607 722.085815 -1661.771606
v -3038.107666 580.950989 -1062.920288
v -2982.338379 433.218506 934.454346
v -3003.237793 299.153259 1152.099243
v -2990.871338 604.935730 1342.430298
v -2981.831543 753.488953 1549.550659
v -3027.845459 319.028046 -648.279236
v -2984.824707 388.353882 980.609009
v -2994.200195 612.770874 1391.214844
v -3019.742188 851.665771 1574.897339
v -2981.061523 949.352234 1635.768188
v -2979.620361 767.020325 1718.783936
v -3004.639404 228.819794 -310.075439
v -2986.014893 479.471313 1061.546753
v -2983.080811 756.811951 1497.666748
v -2955.449951 741.524475 -1691.401855
v -3066.731689 214.770554 -460.476227
v -2994.976562 148.264572 -119.936363
v -2992.634766 609.458679 1429.182373
v -3002.698730 672.670105 1481.526855
v -2988.650391 643.546875 1831.600098
v -3003.589111 347.227509 1944.222656
v -3021.479736 267.560211 2001.952881
v -3082.152832 279.198181 -711.723633
v -3040.457764 196.445969 429.513458
v -3017.260010 207.300079 772.521179
v -3018.589355 355.571106 881.263184
v -3000.898682 550.119568 1304.526245
v -3024.988037 746.157837 -1468.800781
v -3043.916260 83.360535 75.684593
v -3038.598877 334.356201 980.896912
v -3002.913086 448.501129 1025.311890
v -3004.678223 736.983337 1529.246216
v -3014.528809 922.389160 1621.533081
v -3002.822021 830.193909 1685.161133
v -3046.065674 122.947044 -191.722076
v -3051.662598 111.516502 336.311279
v -3037.635742 204.999023 831.766724
v -3035.228027 247.788879 1061.995239
v -3021.636475 253.322632 1106.790894
v -3024.109375 645.239014 1796.920654
v -3054.192383 461.721344 1881.647949
v -3047.260010 730.096558 -1406.466919
v -3064.936035 62.740982 123.371246
v -3071.943604 66.007072 246.770630
v -3018.980225 265.285919 548.829102
v -3047.201416 491.038269 1234.649292
v -3036.947021 656.975586 1377.468140
v -3038.381836 666.290466 1418.025024
v -3051.130615 649.188171 -1813.194214
v -3096.023926 659.006592 -1720.702271
v -3071.541016 703.569519 -1340.365601
v -3061.693848 627.954834 -1187.626221
v -3055.263184 102.453072 -81.159500
v -3046.693604 329.590240 953.979065
v -3063.429688 383.618744 1166.424561
v -3060.638428 781.881104 1519.321777
v -3064.207520 638.661987 1739.274414
v -3039.442383 375.750336 1938.713989
v -3053.250977 591.250061 -1932.260498
v -3096.393066 703.586670 -1511.631592
v -3073.247314 252.511139 -642.754700
v -3060.730469 226.425095 879.366272
v -3060.880127 616.821472 1309.631104
v -3052.271729 875.751587 1587.292114
v -3121.975830 699.082764 -1596.855469
v -3065.873291 198.058014 -413.121460
v -3080.189453 115.558464 -232.684021
v -3061.681152 227.737808 1008.660156
v -3057.811523 727.658875 1455.056641
v -3079.780762 499.604492 1824.816284
v -3110.081787 308.584229 -771.599670
v -3118.940674 60.569233 523.653259
v -3062.607422 28.225258 801.351501
v -3061.195068 747.284546 1699.509033
v -3106.196289 491.777771 -1024.568481
v -3090.587402 128.953949 -281.014099
v -3122.376465 -0.046092 575.206238
v -3096.991943 327.804474 1099.505737
v -3082.118652 860.433044 1581.276367
v -3077.842773 824.156189 1629.994385
v -3077.281494 545.660400 1771.941895
v -3139.661133 459.605011 -2000.177612
v -3115.779541 661.064941 -1290.835571
v -3085.773926 248.847061 947.478394
v -3068.183838 666.336365 1394.784668
v -3082.445801 735.527222 1457.594727
v -3107.971680 801.592834 1662.660889
v -3109.797363 623.197021 -1777.073486
v -3092.114746 5.770194 667.852722
v -3092.906738 71.911102 857.235413
v -3094.906738 179.938080 961.002686
v -3089.358643 489.704895 1225.809570
v -3098.044434 637.599976 1341.372437
v -3094.666992 804.164490 1531.248657
v -3084.526123 425.660950 1904.848022
v -3148.935791 371.388580 -910.246460
v -3103.547852 223.875488 926.152832
v -3090.369141 604.543640 1305.802368
v -3097.972656 352.137543 2001.043945
v -3147.216797 550.604736 -1149.806152
v -3119.277832 242.316574 1017.767395
v -3108.651855 639.765076 1363.530273
v -3180.456299 682.554443 -1401.437012
v -3129.654297 110.084869 -325.729034
v -3107.571045 63.065773 333.875366
v -3123.236084 28.424683 766.985840
v -3106.426514 883.101624 1579.510132
v -3111.930420 463.905151 1839.963379
v -3127.867432 392.785583 1971.843628
v -3134.586182 554.257812 -1848.002075
v -3157.644775 0.239452 208.183105
v -3116.073242 124.056801 899.888489
v -3129.178711 706.416565 1422.354370
v -3112.943604 736.358276 1482.861938
v -3149.583496 891.645813 1592.208496
v -3135.945557 470.768036 1773.848145
v -3150.286621 664.718628 -1653.639893
v -3155.880127 43.952061 -143.189987
v -3104.946777 84.140305 416.273102
v -3133.654785 472.216949 1224.130005
v -3109.797119 490.508514 1246.223877
v -3145.964111 525.557190 1734.478882
v -3137.638916 456.973907 1858.849609
v -3155.134277 482.652130 -1922.868896
v -3184.708008 586.667175 -1227.272217
v -3149.390625 393.850555 1096.547241
v -3119.371338 429.629028 1150.508667
v -3130.636475 421.914429 1923.598511
v -3179.928711 129.690948 -587.280579
v -3155.198975 114.871941 -457.470154
v -3185.233154 0.028422 1.079976
v -3192.729980 0.241238 362.428375
v -3141.000732 157.459396 933.701111
v -3142.037109 605.094299 1296.557495
v -3153.814941 633.525452 1358.212646
v -3201.030273 665.564819 -1489.985474
v -3179.718750 270.820007 -794.437134
v -3203.411377 187.445297 -713.815979
v -3198.562744 147.686005 -652.767761
v -3170.523682 88.637634 832.094238
v -3153.347900 901.457825 1559.996216
v -3242.662109 629.553650 -1313.086670
v -3198.249512 418.941345 -1022.170593
v -3239.915039 16.080095 684.770264
v -3189.376953 705.299194 1403.077148
v -3195.277588 861.479248 1507.155151
v -3175.095459 608.271179 1699.662354
v -3155.686035 470.748718 1794.978149
v -3147.997803 394.156281 1999.627686
v -3208.990234 460.036316 -1847.286377
v -3187.624512 655.958923 -1548.106812
v -3209.387695 0.034750 -107.359184
v -3174.442871 212.047272 978.062866
v -3162.166992 465.196564 1154.854492
v -3171.594727 578.036743 1269.816040
v -3188.198486 808.353760 1624.218506
v -3181.520264 431.790924 1856.822754
v -3173.407715 425.367401 1932.464722
v -3213.695312 620.895996 -1612.011597
v -3192.935547 534.926453 1215.036133
v -3172.597900 659.946960 1370.168701
v -3183.806152 497.125610 1779.029297
v -3245.273682 567.722595 -1651.573730
v -3191.741455 48.902248 -215.402878
v -3193.467529 435.820038 1091.255615
v -3186.220703 911.595825 1566.327393
v -3201.987549 502.353943 2000.094238
v -3265.802002 482.805969 -1730.137695
v -3246.954834 467.841705 -1132.386230
v -3208.072266 0.216225 486.790649
v -3208.176514 781.519043 1459.030151
v -3242.795410 482.100800 -1766.051880
v -3199.234863 85.611198 -477.118011
v -3220.027832 47.340702 762.938721
v -3198.845947 141.856659 877.822388
v -3228.776367 184.287003 937.949097
v -3230.150146 338.378479 1039.113647
v -3226.676270 502.950653 1154.616699
v -3200.754150 609.270020 1279.003662
v -3208.583252 629.961609 1343.076904
v -3249.333008 870.941895 1521.224609
v -3201.673828 534.067444 1734.597656
v -3208.482178 470.880646 1840.954346
v -3249.586670 99.513855 825.658142
v -3214.406494 455.107269 1108.774780
v -3240.855469 692.183838 1661.036743
v -3216.297607 479.473236 1785.849976
v -3238.175049 549.633484 1910.509766
v -3272.480225 298.199127 -935.554932
v -3241.950928 575.637512 1288.517822
v -3240.714111 856.103088 1565.425903
v -3243.646973 520.374390 1754.973511
v -3238.925781 641.336426 1389.716309
v -3288.591309 354.898590 -1999.851318
v -3272.940186 425.681610 -1819.982666
v -3276.485596 433.878387 1074.636963
v -3242.692383 556.624878 1224.036377
v -3255.128906 499.898224 1817.901489
v -3285.572266 632.050537 -1402.326904
v -3250.819336 245.058929 -824.902649
v -3291.815430 2.406618 -348.350922
v -3263.955811 578.320435 1316.994629
v -3349.784912 465.054291 -1224.178345
v -3299.761963 388.292358 -1095.719116
v -3263.940918 0.112138 -254.169296
v -3260.920654 623.178040 1691.977173
v -3313.185791 379.841339 -1885.020752
v -3299.313232 130.244415 -692.041077
v -3298.356445 52.978947 -562.233337
v -3288.617432 259.710846 980.940369
v -3287.927734 581.995056 1161.441284
v -3277.913574 569.655273 1902.074951
v -3270.354736 541.577026 1144.120850
v -3281.914307 619.064209 1229.845703
v -3271.890137 635.255066 1385.738281
v -3271.499268 535.768433 1764.827637
v -3271.461914 583.887573 2000.405273
v -3314.079590 458.480408 -1744.297729
v -3288.275391 605.611450 -1496.790771
v -3281.566650 828.349243 1527.573364
v -3374.203613 477.936401 -1648.024658
v -3307.383301 594.127991 -1326.550659
v -3342.970215 23.314091 707.787903
v -3315.080078 165.701874 891.340698
v -3295.414062 564.382751 1724.485229
v -3296.402100 595.413696 1958.253540
v -3305.881104 632.084961 1190.067017
v -3324.862305 613.709045 1853.712158
v -3305.379395 0.586715 587.691406
v -3315.917969 90.474815 804.007690
v -3310.706787 671.068665 1346.657959
v -3289.201416 785.363403 1452.025635
v -3310.376953 721.737671 1570.169556
v -3299.520264 620.357117 1656.270508
v -3345.067383 466.776917 -1680.627930
v -3366.292725 184.175842 -820.850342
v -3383.364258 98.177490 -681.848511
v -3383.667725 0.364392 -491.791290
v -3315.566162 656.189148 1260.488770
v -3306.465576 817.779968 1507.703979
v -3332.455078 590.639160 1780.234375
v -3322.811035 586.864258 1911.342285
v -3350.597656 276.587708 -996.805481
v -3333.961426 459.971222 1088.161133
v -3324.722900 810.712524 1458.228027
v -3327.777832 587.598206 1953.697510
v -3344.202393 573.204895 -1510.338013
v -3366.683594 300.318359 996.336914
v -3355.330078 395.561462 -1811.362915
v -3388.521973 506.217346 -1565.797607
v -3369.215332 54.361813 -605.705017
v -3363.394531 572.301392 1135.143311
v -3338.435059 520.641418 1999.872437
v -3366.916992 598.512390 -1395.022949
v -3367.126953 137.412933 -747.911499
v -3389.696777 193.818069 919.560730
v -3340.677002 638.699036 1208.774536
v -3341.625732 680.379456 1289.634766
v -3333.841553 623.826843 1631.862305
v -3347.514160 766.674438 1423.287842
v -3368.253174 736.055115 1555.835815
v -3354.770264 559.252808 1962.502075
v -3385.632812 88.091637 821.076355
v -3350.138184 688.006958 1361.376587
v -3339.649658 817.183533 1502.222656
v -3342.981201 617.367310 1653.338989
v -3360.852783 614.910278 1754.948486
v -3387.399414 344.190857 -1911.216187
v -3392.006104 557.074524 -1340.934937
v -3364.272217 631.689087 1191.817871
v -3378.905518 794.014709 1456.332764
v -3368.541992 688.545715 1834.747925
v -3352.759521 610.880615 1889.229614
v -3378.904541 457.842957 -1730.456909
v -3453.255127 541.695984 -1456.823242
v -3387.976074 440.190186 1068.926025
v -3379.425049 679.406555 1292.268188
v -3384.417725 745.800293 1369.136230
v -3400.815430 562.715210 1900.150146
v -3377.442871 461.109131 1999.665039
v -3394.188477 311.155151 -1999.926758
v -3512.072754 15.387321 671.697021
v -3380.718262 661.672607 1250.017212
v -3372.528076 639.328003 1621.651733
v -3400.404053 596.317749 1691.254150
v -3402.365723 239.983994 -984.377991
v -3457.951172 49.313950 -652.643311
v -3451.468750 30.880125 734.173035
v -3387.106201 632.307556 1756.980591
v -3410.910156 620.432922 1187.231323
v -3394.159180 610.124817 1647.265747
v -3398.713135 522.810913 1942.978516
v -3424.860107 376.410583 -1826.934082
v -3482.628174 371.821838 -1227.183960
v -3414.214355 398.617157 1028.635498
v -3398.688965 765.114868 1392.309204
v -3426.694336 651.843201 1831.504395
v -3471.346924 485.207672 -1653.725342
v -3459.469971 464.775818 -1604.436890
v -3464.620361 482.280914 -1301.241577
v -3468.509277 162.359146 -903.470276
v -3485.662598 60.289711 -702.724182
v -3408.803467 766.082275 1482.578247
v -3424.150879 629.112793 1754.335693
v -3416.256592 433.735016 1999.655029
v -3486.541016 311.532532 -1902.191406
v -3454.906494 539.185059 -1401.691406
v -3423.050537 559.610046 1125.779907
v -3405.586426 701.226379 1294.391846
v -3419.720947 738.623474 1511.217651
v -3428.363525 666.340271 1802.796631
v -3516.177734 458.144806 -1738.578003
v -3405.461426 311.728271 -1105.299561
v -3473.802734 198.728027 -973.531494
v -3415.676514 713.728760 1333.138672
v -3433.881104 691.972778 1359.233887
v -3433.851318 750.133972 1449.515625
v -3470.642822 113.368988 -776.486267
v -3453.502197 1.830337 -572.976013
v -3459.815674 153.129028 872.427063
v -3433.143311 663.954712 1212.217163
v -3446.505371 706.847778 1262.389404
v -3432.955322 674.042725 1573.308716
v -3438.452881 644.687744 1626.780273
v -3431.021729 437.315491 1998.867554
v -3440.379639 637.553711 1725.795410
v -3539.893799 230.815964 -1096.397827
v -3504.856201 249.809540 943.066040
v -3463.242188 427.250916 1054.316528
v -3463.682861 716.719238 1494.181396
v -3459.124023 507.779388 1908.931030
v -3541.174561 428.007874 -1783.493164
v -3551.357910 9.676353 609.097107
v -3475.084473 562.445801 1142.699951
v -3460.847656 736.213379 1423.133423
v -3464.544922 689.486206 1792.763794
v -3452.290527 649.656799 1839.022827
v -3456.911865 413.201630 1999.854736
v -3462.643555 505.277679 -1337.299927
v -3563.877686 161.532486 -1009.625793
v -3504.007812 66.237442 794.260010
v -3469.960693 687.177368 1288.962280
v -3467.577881 692.762939 1332.864868
v -3466.958252 616.024536 1671.816162
v -3481.410645 664.806030 1752.239990
v -3554.783936 325.582855 -1870.942749
v -3478.945068 633.603699 1205.240601
v -3490.356689 584.602173 1625.534546
v -3500.763428 269.096558 -1999.201660
v -3519.868896 473.750641 -1519.770630
v -3487.171631 760.232727 1439.034912
v -3547.254395 281.098724 -1188.095337
v -3558.112793 75.388771 -788.653503
v -3509.030029 636.153625 1257.184814
v -3488.625244 701.464355 1327.135742
v -3492.441406 758.576294 1391.461914
v -3494.626221 616.529419 1581.826294
v -3508.549805 661.753296 1776.589722
v -3518.113525 632.558167 1805.996338
v -3516.943359 483.248383 1076.236816
v -3499.759277 565.867371 1133.811279
v -3505.859619 596.257263 1700.838501
v -3505.832520 385.744385 1999.978516
v -3531.930664 473.819641 -1677.915039
v -3528.177246 458.112274 -1560.219604
v -3531.893555 501.683136 -1399.031372
v -3537.356934 366.107330 1013.202576
v -3502.788330 423.818756 1926.026367
v -3517.702148 652.859436 1511.455811
v -3541.380615 473.274933 -1326.965210
v -3539.645996 115.282547 -877.973572
v -3586.297852 35.340759 744.933350
v -3533.502686 751.120728 1331.252808
v -3555.966064 494.400116 -1651.728760
v -3520.144531 574.558655 1164.565308
v -3529.722900 594.884277 1611.339233
v -3520.703125 596.209656 1687.490845
v -3528.130371 391.136475 1927.251587
v -3565.789062 280.367554 -1940.564819
v -3550.699463 580.282593 1657.338257
v -3541.563232 557.424500 1824.157227
v -3643.256348 255.760040 -2000.575195
v -3558.071289 0.591514 -660.359375
v -3589.069092 58.487099 798.142273
v -3572.034180 437.261139 1088.050049
v -3540.721924 588.983521 1185.343628
v -3542.539551 690.416992 1278.991333
v -3543.275635 666.040710 1420.011963
v -3543.304688 378.989777 1999.463013
v -3604.710205 2.742887 510.539612
v -3583.920654 230.397461 947.318115
v -3570.428223 595.654907 1730.029785
v -3569.940674 565.014465 1789.283447
v -3604.898438 453.973633 -1404.426880
v -3562.696045 662.759888 1230.590454
v -3545.258057 644.487061 1523.720459
v -3580.467285 645.789917 1565.974487
v -3578.806152 413.877869 1924.971436
v -3610.166016 499.100250 -1729.531006
v -3609.250732 352.439728 -1255.260742
v -3596.652344 109.134407 864.310364
v -3560.597412 663.400330 1431.930176
v -3573.694092 566.371948 1664.595337
v -3599.682129 560.989563 1805.696655
v -3596.916504 451.193542 -1515.119019
v -3608.970215 218.169556 -1148.350586
v -3572.117676 557.090698 1171.204468
v -3575.496582 681.627930 1320.344116
v -3574.094971 651.474060 1393.290771
v -3563.158936 672.030762 1485.083130
v -3577.947266 680.287720 1515.810791
v -3645.781250 524.481323 -1576.134033
v -3599.466553 451.719543 -1479.059570
v -3658.924805 169.791855 -1083.354736
v -3583.358887 672.106689 1247.281860
v -3590.735596 342.086761 1998.698853
v -3653.534180 543.451721 -1653.573730
v -3616.254639 74.189507 -835.803040
v -3620.604736 0.045907 -692.977295
v -3606.280029 309.342896 1010.265259
v -3611.548096 420.554443 1077.927124
v -3594.376221 661.827698 1282.902954
v -3618.348389 545.562927 1139.389893
v -3602.817627 705.531189 1462.139038
v -3603.927246 544.232910 1668.920166
v -3672.684814 385.787506 -1347.635254
v -3687.056885 23.247429 674.939270
v -3618.221191 617.038696 1195.092896
v -3609.516113 674.913513 1318.568237
v -3618.236572 718.094421 1417.111206
v -3613.672607 586.512695 1577.191528
v -3603.909912 594.356079 1736.016968
v -3607.464111 513.662109 1857.526855
v -3628.306152 738.128906 1372.161377
v -3619.055908 331.384155 2000.455688
v -3680.616211 383.132141 -1858.392822
v -3692.460693 495.071594 -1775.640137
v -3630.383301 391.622589 1917.108276
v -3667.411133 259.513092 -1200.407593
v -3681.082520 136.146866 899.142639
v -3635.556885 590.505615 1535.667603
v -3631.098145 556.405640 1661.926758
v -3651.426270 105.074165 -951.983887
v -3647.898193 588.551514 1167.463989
v -3646.732666 659.842590 1228.193726
v -3646.693115 570.016541 1590.653198
v -3628.563965 584.604919 1738.702759
v -3634.636230 573.166687 1799.411011
v -3708.964111 532.757446 -1477.894531
v -3666.991943 460.575592 -1415.588867
v -3717.902344 8.292120 542.731018
v -3677.061768 60.322159 796.152283
v -3655.905762 692.560669 1267.484741
v -3628.011230 698.586365 1456.820068
v -3703.507324 151.828949 -1069.892822
v -3659.449463 276.760681 987.137878
v -3654.302734 741.293091 1359.947388
v -3666.135010 737.010193 1404.049561
v -3664.678955 677.252869 1466.994141
v -3648.130859 559.176941 1701.364624
v -3654.452881 587.864014 1738.259277
v -3657.521484 332.317871 1999.755249
v -3704.089111 318.846405 -1297.317993
v -3675.191406 456.366302 1844.386719
v -3656.816895 359.256439 1926.478149
v -3696.926758 284.509399 -1967.146973
v -3704.919678 206.778198 954.068542
v -3675.558350 694.704590 1322.606812
v -3677.984375 618.445190 1559.346924
v -3675.068604 553.740295 1650.865479
v -3720.775879 257.159393 -2000.544556
v -3759.972900 541.804565 -1741.670532
v -3709.912598 560.320190 -1652.445801
v -3704.109863 317.042267 1037.631226
v -3702.275879 695.635681 1434.778564
v -3690.198730 555.331482 1706.799438
v -3684.968506 573.149414 1746.163818
v -3681.554688 421.973785 1881.584106
v -3709.452393 550.349487 -1589.184692
v -3705.077148 568.324646 1183.444214
v -3707.363281 578.495056 1647.333130
v -3687.863281 545.449036 1784.276245
v -3730.932617 275.995117 -1250.348267
v -3763.397217 67.874298 -935.685486
v -3719.204102 473.237976 1130.658081
v -3703.457031 653.564148 1286.653809
v -3752.081055 85.174057 847.290405
v -3708.797852 695.403748 1379.841675
v -3707.549072 634.135315 1577.895996
v -3722.465820 561.856873 1794.944824
v -3697.418945 387.363617 2001.078857
v -3824.167480 0.023712 339.950897
v -3712.621338 664.367249 1512.550781
v -3732.802734 584.700134 1694.161377
v -3710.758789 440.222198 1889.928711
v -3754.520508 555.396362 -1542.764038
v -3748.518555 69.891609 809.844299
v -3732.785645 654.190552 1294.140869
v -3728.407227 693.313171 1420.534912
v -3730.786377 386.321533 2001.205078
v -3793.729736 408.292389 -1855.533691
v -3766.275391 437.414490 -1394.391479
v -3743.694824 189.181747 -1120.445679
v -3767.207031 119.269211 -1031.722412
v -3759.629395 44.627956 738.682922
v -3743.582520 520.413147 1170.813721
v -3744.987549 596.118408 1247.773193
v -3745.142822 595.774963 1749.261841
v -3726.647461 417.195038 1949.846313
v -3784.848389 530.552673 -1468.388184
v -3816.862061 216.567780 -1179.779541
v -3775.457275 332.567749 1059.402954
v -3753.171387 611.098755 1546.945068
v -3739.341797 541.749573 1627.477539
v -3746.297607 554.527588 1791.161621
v -3752.215088 523.505859 1841.155029
v -3741.769043 0.882799 -797.171875
v -3745.906250 644.419983 1492.894287
v -3755.129150 681.757629 1327.180420
v -3758.931885 662.089172 1415.982422
v -3752.314697 396.015778 2000.147583
v -3835.157715 628.575867 -1590.584351
v -3794.417236 14.696738 624.264526
v -3785.204346 446.264893 1116.365112
v -3785.458008 566.541992 1202.378052
v -3769.245605 639.177551 1285.920654
v -3770.298340 547.096802 1617.490356
v -3772.414062 584.529663 1645.254761
v -3775.321533 581.153381 1682.153320
v -3762.346680 476.997803 1906.432495
v -3773.674561 447.262451 1964.588745
v -3791.784912 615.046875 -1654.466797
v -3806.295410 256.699738 -1215.569336
v -3793.065430 138.408920 910.320740
v -3797.505859 180.914185 959.292358
v -3857.537598 528.320679 -1773.273438
v -3815.527832 379.750671 -1310.268188
v -3821.042480 91.832123 836.151550
v -3798.427002 621.355652 1407.579102
v -3797.360840 514.571533 1772.362183
v -3784.362061 518.457886 1824.712036
v -3789.709717 487.282501 1908.671265
v -3799.045654 410.278625 1998.277588
v -3793.093262 643.861450 1331.178833
v -3788.839111 615.516174 1457.180664
v -3793.999512 594.049927 1503.079590
v -3799.524658 585.041565 1540.576660
v -3818.251709 158.039597 -1103.657104
v -3822.629639 533.021179 1865.578857
v -3853.247314 27.890827 693.381653
v -3817.859131 586.997253 1234.215088
v -3804.874268 602.024780 1646.680908
v -3830.371826 549.480713 1805.182861
v -3825.083984 364.506409 -1912.786011
v -3824.490967 652.381042 1358.587769
v -3808.904541 552.568848 1600.358154
v -3819.916992 470.933533 1967.917358
v -3832.456055 578.522766 -1705.474487
v -3845.111328 587.713501 -1502.122559
v -3856.922119 66.405502 796.599854
v -3869.865723 201.652252 983.245789
v -3841.392578 326.773163 1057.639648
v -3812.611572 549.939331 1701.733154
v -3820.183105 291.842255 -1999.470825
v -3841.954834 36.606091 -878.734314
v -3851.364014 12.227848 540.633789
v -3890.436523 19.894808 658.094910
v -3838.198730 472.930359 1160.673584
v -3832.166016 620.545776 1285.329956
v -3838.732666 607.774170 1485.529663
v -3849.364990 587.880188 1623.586304
v -3840.783936 574.185791 1659.675049
v -3834.203125 428.875244 1999.520020
v -3855.289795 515.558228 -1421.125732
v -3841.985107 625.239258 1407.247925
v -3832.822510 0.034817 -799.035156
v -3865.995850 129.958038 900.922485
v -3845.037354 569.974609 1738.479004
v -3856.920410 545.061462 1863.181030
v -3854.652344 310.866425 -1247.173218
v -3891.331543 129.044968 -1013.870972
v -3897.142822 428.043915 -1862.783081
v -3911.513428 513.724365 -1336.374756
v -3894.778564 223.819427 -1186.570801
v -3864.848877 402.458710 1116.832153
v -3861.826416 586.558167 1276.651001
v -3860.078125 607.636780 1330.812500
v -3863.151855 586.799377 1455.314819
v -3877.396484 518.264099 1533.452271
v -3878.972656 584.717285 1815.801270
v -3878.000977 647.310303 -1650.881592
v -3890.524658 527.221863 -1370.142944
v -3983.493408 12.843808 582.641968
v -3883.834961 537.847778 1222.887085
v -3875.848633 603.785828 1369.493408
v -3892.743408 641.531677 1741.158691
v -3877.547363 426.121552 1999.317505
v -3944.291260 650.235596 -1710.625488
v -3910.731201 662.094971 -1593.363403
v -3906.024658 553.276917 -1454.093506
v -3908.008545 294.827850 1077.183838
v -3920.479004 618.913940 1536.789307
v -3905.105225 653.986877 1706.451660
v -3877.897949 554.758911 1880.373291
v -3896.768799 42.563183 -875.569153
v -3903.669678 650.545166 1338.528564
v -3905.052002 540.218872 1470.089722
v -3900.885010 666.062683 1605.060669
v -3906.403564 689.908447 1655.253906
v -3925.311279 326.851257 -1999.869141
v -3935.853760 208.255905 -1127.856445
v -3993.355957 1.440059 412.301331
v -3901.351318 433.109772 1164.189453
v -3905.286621 526.926819 1262.997803
v -3889.730713 582.554260 1399.409546
v -3938.387939 500.264954 -1820.954956
v -3943.375732 0.394925 -745.698303
v -3935.460205 126.394478 938.089661
v -3906.479736 613.172852 1784.803223
v -3889.034180 516.113831 1934.697632
v -3959.732910 48.325417 792.144897
v -3939.722168 159.770004 987.343445
v -3922.205078 652.150879 1310.722290
v -3919.252686 595.220032 1854.076416
v -3936.989258 520.503235 1943.086304
v -3910.465576 436.169312 2000.034424
v -3928.873047 707.339783 1397.254272
v -3942.418701 689.205811 -1656.062500
v -3963.920410 338.392090 -1235.818359
v -3964.953125 29.461014 723.471069
v -3928.120361 632.747131 1458.170532
v -3966.044922 562.498779 -1378.851929
v -3986.645020 205.327393 -1031.624268
v -3944.541748 81.439758 -899.440002
v -3946.148682 81.170662 849.075073
v -3954.278076 352.933350 1077.659546
v -3937.782471 525.028503 1227.477051
v -3938.864014 698.989929 1633.275146
v -3951.456787 733.685303 1361.422363
v -3957.890869 683.754395 1761.525757
v -3997.328125 356.751587 -2000.186035
v -3958.432129 672.538208 -1557.975220
v -3961.316406 745.686951 1398.091431
v -3965.408447 700.615295 1477.915894
v -3957.402588 442.789795 1999.677124
v -3953.134033 706.665771 1562.314331
v -4024.688232 721.838562 -1653.704468
v -4011.140381 25.829943 739.967773
v -3968.039795 529.433716 1200.037354
v -3967.448486 647.292236 1291.915771
v -3982.911865 728.574951 1623.919067
v -3979.356445 758.471008 1681.207886
v -3962.809814 611.688782 1857.990356
v -4009.105225 661.325562 -1442.997192
v -4026.098633 419.479126 -1306.746948
v -4017.450928 242.425415 -1084.633545
v -3999.808350 0.204888 -687.651611
v -3990.806152 438.184052 1111.111084
v -3998.451660 574.357605 1255.903809
v -4004.612305 433.346619 -1908.162476
v -4003.742676 625.724792 -1730.398560
v -3997.403320 353.908325 -1242.017090
v -4035.648438 312.069275 -1174.877808
v -4013.705322 120.844139 -857.460022
v -3981.158936 205.179626 916.392761
v -4015.036621 379.373688 1007.059875
v -3987.820312 767.687561 1573.400146
v -4033.870605 199.706192 837.717224
v -4024.997070 538.637878 1186.763428
v -3984.584717 671.599426 1317.423096
v -3988.132324 726.229248 1388.668091
v -4038.065186 78.710388 -756.158691
v -4055.542236 416.268280 931.083313
v -4010.501953 726.566650 1398.912964
v -4023.139160 549.773926 1921.732788
v -4007.026855 442.969330 1999.343384
v -4020.208984 526.785767 -1805.083740
v -4009.572021 559.988708 1215.361694
v -4011.234375 768.923157 1510.164673
v -4041.261230 714.242065 -1556.813721
v -4020.981689 660.464355 -1444.951904
v -4038.023682 475.378387 1060.893555
v -4020.661621 707.822327 1343.684814
v -4014.227783 715.468994 1465.545410
v -4013.316895 752.460999 1674.526367
v -4014.509033 752.473511 1728.602905
v -4021.445068 778.026978 1580.740234
v -4027.260498 685.217896 1805.112549
v -4054.381348 643.541931 1844.854004
v -4068.451904 367.834106 -1253.155029
v -4069.482666 222.753387 -975.067139
v -4029.789307 760.011475 1643.354736
v -4098.065918 615.375488 -1767.827881
v -4073.465088 747.750671 -1596.835083
v -4057.105469 590.151672 -1389.351685
v -4067.698242 545.420288 1213.562256
v -4048.134277 641.213440 1301.493896
v -4048.418701 795.428101 1537.448730
v -4084.328857 509.069855 -1855.381592
v -4116.556152 698.835144 -1685.200073
v -4080.489990 675.580750 -1488.382690
v -4074.275635 541.603577 1043.982056
v -4056.624023 523.060913 1129.405640
v -4046.484863 695.212463 1366.943481
v -4039.604248 736.707886 1428.606201
v -4044.107178 748.649780 1731.380371
v -4061.501709 444.492004 1999.914185
v -4094.899170 384.628510 -1999.938843
v -4059.020508 12.217054 643.035034
v -4087.142822 115.371208 764.214722
v -4066.185791 714.128235 1393.955566
v -4060.782471 757.171326 1607.258057
v -4057.780029 766.186707 1677.157471
v -4092.708984 187.370895 -883.057678
v -4058.717529 0.098794 -659.754395
v -4066.437256 746.081787 1452.627808
v -4071.627930 779.074341 1484.270020
v -4121.966309 468.537415 -1929.076050
v -4105.682129 491.841736 -1332.881104
v -4082.575439 506.239532 981.283997
v -4078.923096 529.818665 1167.538696
v -4084.705566 775.788391 1573.880005
v -4093.356201 292.824524 -1123.640259
v -4096.600098 284.125275 840.164124
v -4101.676270 581.058777 1091.308105
v -4095.274658 579.944946 1259.224854
v -4127.693848 510.994659 1913.772827
v -4144.739258 10.486224 622.216675
v -4091.875977 649.379211 1307.617798
v -4093.116699 713.880981 1749.390503
v -4120.327637 626.566895 -1427.288208
v -4148.074707 267.420990 -1053.526855
v -4289.263184 0.980571 524.839294
v -4115.656738 540.821106 1184.650024
v -4099.392578 723.326294 1429.795288
v -4088.187744 755.911499 1640.314819
v -4117.365723 738.571594 -1652.469727
v -4154.588379 72.521317 686.832153
v -4114.057129 697.454651 1378.163452
v -4103.302734 778.567078 1491.344482
v -4112.801270 727.903503 1708.023193
v -4138.238281 589.849670 1840.328979
v -4158.210449 459.414246 -1285.591064
v -4149.970703 186.900696 -845.897766
v -4155.523438 661.709900 -1747.740845
v -4153.243164 755.692261 -1533.432495
v -4158.674316 665.956360 1763.886108
v -4166.898926 247.595276 -972.116821
v -4176.613770 220.270721 770.789978
v -4139.318848 591.572327 1070.227539
v -4137.339844 600.690186 1128.968384
v -4124.946289 560.424622 1217.665649
v -4141.318848 709.932861 1327.580322
v -4164.013184 413.314240 1999.507324
v -4172.803223 734.190857 -1494.268433
v -4156.635254 356.061218 -1199.600464
v -4142.268555 779.112427 1601.292480
v -4145.985352 754.112671 1658.386108
v -4189.347656 550.946411 -1856.633911
v -4165.918945 595.289368 -1799.774048
v -4149.787109 776.747559 1502.659302
v -4178.894531 531.196411 -1357.688599
v -4183.223633 795.310486 1393.331543
v -4140.561523 756.058899 1445.477905
v -4229.942383 434.832001 -1999.555664
v -4165.815918 782.277832 -1604.193237
v -4262.503418 324.421051 -1169.500000
v -4150.537598 569.615356 992.424133
v -4200.890137 658.747375 1250.873291
v -4211.515137 79.733658 -750.706116
v -4153.991699 513.594788 911.247620
v -4181.720703 631.517151 1160.261597
v -4223.507324 810.313904 1314.253174
v -4192.991699 211.331635 -892.684204
v -4203.650391 625.006226 1223.235840
v -4149.344238 775.133362 1562.802856
v -4241.699707 498.397583 -1924.699829
v -4199.031738 799.366089 -1654.628540
v -4220.660156 285.670166 -1121.268066
v -4243.363281 573.377869 976.814087
v -4190.006836 780.934265 1477.054321
v -4195.539551 758.141602 1622.522583
v -4218.398438 669.373657 -1432.274536
v -4203.963867 824.593506 1349.504028
v -4215.008301 743.712097 1552.113647
v -4190.184570 709.529236 1693.659546
v -4231.475098 712.591492 -1750.076538
v -4250.489746 0.039970 -680.818909
v -4456.583984 0.034848 334.244629
v -4195.737305 542.612854 918.487244
v -4211.822754 754.161072 -1520.621704
v -4266.595215 273.226807 -1044.732788
v -4266.808594 145.627518 -837.066406
v -4217.064941 656.439575 1187.124878
v -4231.960938 530.503601 1870.671143
v -4244.237793 457.739136 1948.770508
v -4233.225586 477.107025 -1286.337646
v -4201.246094 580.000000 1058.109741
v -4228.535156 799.685120 1444.433594
v -4237.606445 757.017456 1508.484619
v -4255.958984 731.182861 1615.770874
v -4252.830566 601.482300 1802.599365
v -4297.674316 69.209991 609.130493
v -4243.664551 667.349792 1721.453979
v -4275.638672 801.900574 -1657.289185
v -4265.778809 768.925903 -1595.991699
v -4247.541992 416.675781 842.955872
v -4247.889160 541.335693 919.265137
v -4282.050293 626.486694 1114.490967
v -4287.873047 493.747467 1924.880615
v -4297.494141 531.705627 -1914.155518
v -4281.941895 783.520386 -1697.585693
v -4286.524414 145.123047 677.800354
v -4270.170898 721.371338 1219.409912
v -4256.440430 710.513062 1659.670410
v -4274.683594 420.278625 2000.410889
v -4259.713379 572.501465 -1350.904541
v -4258.984375 594.669373 1077.004272
v -4259.566895 736.978577 1559.132690
v -4298.994629 731.510254 -1780.754150
v -4305.482910 772.287903 -1505.421997
v -4306.593750 303.003174 760.433777
v -4356.978027 802.580261 -1544.411499
v -4269.382812 898.375244 1360.314331
v -4291.726562 395.799896 -1217.562012
v -4300.510254 884.245667 1396.059570
v -4306.737305 768.652893 1486.407227
v -4315.461914 633.324219 -1409.875977
v -4324.660645 297.006836 -1117.987183
v -4300.058594 192.255844 -914.745239
v -4325.090332 568.260742 1012.884399
v -4317.418945 888.212158 1308.884277
v -4314.072754 651.553345 1730.102539
v -4321.137695 490.520203 -2000.243042
v -4381.906738 420.540588 797.879883
v -4317.346191 447.295837 856.399719
v -4329.207031 477.268921 900.500305
v -4294.427734 735.088806 1575.830811
v -4304.271973 720.296570 1649.941772
v -4299.584961 780.895142 -1594.268311
v -4361.405273 0.687008 445.923340
v -4335.881836 827.802124 1250.776001
v -4383.991699 499.725189 -1254.988281
v -4385.089355 47.179554 -754.290161
v -4323.941895 915.824097 1357.346436
v -4342.717773 605.246887 1801.288940
v -4374.492676 860.233154 -1732.580688
v -4367.850098 748.273682 -1466.798096
v -4343.979004 351.725616 -1162.847778
v -4370.786133 77.180672 546.325562
v -4372.187988 901.015991 1321.307739
v -4355.254395 797.788940 1472.563843
v -4399.214844 448.532837 1999.169434
v -4364.499512 696.586243 -1824.807617
v -4353.842285 647.243164 1085.383911
v -4376.192383 768.507935 1152.517822
v -4367.266602 888.319031 -1657.168457
v -4390.679199 695.660522 1656.701660
v -4383.293945 580.592163 -1933.956421
v -4351.059082 193.297150 -915.908325
v -4426.575195 0.110007 -680.275269
v -4389.443848 531.678528 998.260193
v -4374.016602 888.441895 1396.281616
v -4374.645020 752.306519 1550.269897
v -4403.871094 732.707092 1597.063110
v -4403.483887 536.100037 1903.293457
v -4383.255859 592.895020 -1343.048706
v -4426.244141 227.037888 -992.382690
v -4416.511230 654.039673 1697.787598
v -4446.842773 208.715210 656.983032
v -4386.197754 273.646240 -1074.454346
v -4388.362305 185.105392 670.821350
v -4406.708496 877.532532 1429.842896
v -4403.924316 531.049988 -1999.961792
v -4423.709473 849.129028 -1580.271240
v -4394.546875 454.559235 844.435791
v -4402.007812 622.293030 1056.905151
v -4401.452637 878.932861 1264.238647
v -4450.935059 187.777634 609.897217
v -4425.352539 450.228058 946.214172
v -4444.495117 589.527954 1807.510620
v -4414.421387 712.776428 -1423.866699
v -4413.178223 840.667786 1208.624756
v -4442.447754 787.225952 1547.258057
v -4466.459473 608.861450 -1952.993652
v -4493.470703 519.010132 1954.538086
v -4464.118164 849.866272 -1788.264893
v -4436.657227 876.274963 -1618.395264
v -4441.146973 735.285828 -1484.109375
v -4491.356445 302.810791 -1066.166016
v -4464.044434 118.766342 -841.150146
v -4452.677734 777.003540 1129.738525
v -4422.866211 883.927124 -1686.785767
v -4469.872070 606.287964 1759.845703
v -4471.009277 618.939453 -1324.064087
v -4444.104492 123.782555 463.899689
v -4421.421875 131.150162 549.351929
v -4475.503418 268.688110 697.779236
v -4442.829102 892.908203 1382.470337
v -4476.026367 899.424866 -1735.322266
v -4476.523926 258.493378 -1026.390747
v -4448.727539 856.441040 1224.375610
v -4488.411133 478.482117 2000.109497
v -4483.452637 404.055908 820.308838
v -4450.455078 856.451111 1458.067383
v -4503.481445 69.018654 -786.468262
v -4493.393066 29.620691 -720.123108
v -4501.002930 104.280800 380.762390
v -4474.915527 860.449646 1299.192139
v -4512.403320 897.540771 -1583.211670
v -4490.341797 200.625809 -920.504517
v -4489.465332 407.978058 925.799438
v -4501.990723 620.971558 1056.511963
v -4487.026855 805.010132 1156.363647
v -4487.987305 405.317780 -1150.326172
v -4504.387207 846.748718 1333.219482
v -4516.862305 857.416260 1402.233276
v -4490.934570 560.568542 1868.508301
v -4536.068848 594.335815 -2000.342896
v -4529.507812 880.189636 -1547.660522
v -4525.388184 667.238647 -1403.272217
v -4528.511230 234.615158 510.736938
v -4502.922363 633.248596 -1331.960693
v -4476.683594 382.876526 772.593872
v -4530.661621 449.742279 978.586182
v -4533.445312 690.798706 -1433.242676
v -4537.618652 309.690094 727.026489
v -4491.480469 828.132812 1231.322266
v -4555.510742 775.147888 -1848.712036
v -4530.696289 479.634003 -1182.298706
v -4533.773438 389.911255 839.864258
v -4509.875977 844.850281 1460.716309
v -4504.624023 734.908997 1610.972168
v -4495.202148 878.249146 -1675.585205
v -4542.048340 0.552363 -607.842224
v -4530.279297 644.668762 1704.859497
v -4522.826660 208.397568 463.668335
v -4592.338867 868.836304 -1776.475830
v -4544.861816 899.495972 -1723.818359
v -4587.024902 107.342659 259.638306
v -4574.471191 251.193314 473.899017
v -4558.390625 775.987183 1258.242432
v -4568.546387 774.966980 1539.375122
v -4572.939453 561.340393 1884.342041
v -4596.692871 249.417343 -923.545288
v -4570.620605 186.960800 406.691986
v -4602.469727 621.740356 1049.819580
v -4567.597168 759.255371 1142.508057
v -4623.134277 196.279984 -861.713745
v -4585.978027 62.070225 -733.102417
v -4588.794922 309.160065 598.154907
v -4559.852051 300.351074 685.123108
v -4553.605957 584.723511 1816.266968
v -4585.502441 788.318054 -1486.926758
v -4607.822754 577.287170 -1250.002563
v -4588.853516 447.185974 -1116.122925
v -4559.343750 851.505493 1379.898682
v -4567.330078 114.658043 310.652527
v -4568.093750 394.555817 903.046753
v -4605.079590 674.873657 1084.265259
v -4562.924805 838.233459 1446.054932
v -4583.513184 688.965576 1624.152710
v -4593.998535 687.590210 -1931.657593
v -4604.693848 930.035706 -1706.027710
v -4562.603516 900.423584 -1638.709229
v -4593.668945 888.924194 -1593.693237
v -4583.515137 649.598999 -1335.671997
v -4600.885254 755.137207 1225.070190
v -4614.043457 637.503174 1713.718262
v -4600.074707 547.320984 1954.468384
v -4630.107422 401.902435 -1027.150269
v -4654.818848 141.907623 -805.401733
v -4581.848633 593.672058 -1999.901001
v -4645.668457 539.350525 -1170.852417
v -4646.496582 339.139282 549.167603
v -4619.387695 823.866455 1424.246216
v -4650.756348 788.186829 1472.514526
v -4637.642090 537.484802 1999.901123
v -4672.640625 634.881897 -1295.721313
v -4653.166016 112.973938 194.036438
v -4625.310547 339.636139 805.099915
v -4623.937988 789.710449 1285.457520
v -4635.829102 287.645386 -926.942810
v -4621.480957 0.489421 -517.194580
v -4614.919922 326.395966 708.079285
v -4636.048828 479.682953 984.483948
v -4629.933594 729.201111 1141.800293
v -4609.525391 835.809570 1358.788818
v -4637.443359 588.564453 1812.572388
v -4640.952148 958.232483 -1655.768799
v -4635.577148 755.055359 -1440.203735
v -4673.388184 391.222443 640.077515
v -4599.913574 402.701385 928.551575
v -4671.945801 564.791077 1904.731079
v -4679.524902 69.728455 -667.778809
v -4669.437012 -0.011905 92.246040
v -4692.384277 243.675110 382.006012
v -4663.516602 562.951294 -2000.586670
v -4668.251953 935.183472 -1614.382812
v -4643.799316 797.218201 -1535.272949
v -4738.097656 678.930908 -1351.870728
v -4707.441406 304.207977 480.260895
v -4648.446289 331.357239 763.550903
v -4651.452148 745.722717 1222.459106
v -4679.828613 797.622253 -1811.124878
v -4657.791992 936.054077 -1694.300537
v -4693.833496 763.764404 -1500.062622
v -4727.872070 44.743355 -513.385742
v -4542.643555 0.040967 204.255325
v -4683.348633 724.969604 1149.013550
v -4635.244629 739.651184 1542.974243
v -4665.102539 693.638123 -1914.609619
v -4690.769043 864.552734 1334.247437
v -4701.301270 863.651123 1383.268433
v -4692.273438 878.268066 -1741.185547
v -4690.499512 49.639725 126.056885
v -4690.718750 330.171082 863.212219
v -4683.749512 800.092590 1454.166016
v -4714.560059 0.718720 -346.824127
v -4699.232910 206.177231 294.350922
v -4662.285156 605.783081 1046.474976
v -4689.942383 781.271912 1260.386719
v -4679.657715 692.833130 1603.605957
v -4719.441895 113.356087 -707.804016
v -4759.104004 0.129225 -150.186203
v -4736.903809 434.401154 693.774109
v -4694.698730 332.178497 792.322021
v -4705.198730 743.618713 1519.077515
v -4698.381836 639.102173 1697.207031
v -4687.545898 946.156738 -1635.962402
v -4696.724121 738.376160 -1421.447021
v -4726.873047 652.632690 -1261.384644
v -4757.488770 477.239227 -947.108521
v -4730.141602 550.020203 2000.290039
v -4712.587891 857.744446 -1768.330200
v -4718.109375 194.456482 -800.276672
v -4735.172363 526.287292 1002.156006
v -4724.627930 635.708801 1065.274292
v -4725.204590 859.762939 1310.450562
v -4742.178711 830.200378 -1552.885010
v -4710.376465 548.167236 -1079.430298
v -4744.110352 236.206940 237.702301
v -4716.143066 425.695557 598.366577
v -4713.571289 370.382111 746.871399
v -4745.726074 320.965332 847.268738
v -4736.685547 552.609314 1891.512085
v -4740.924316 0.225463 -8.236060
v -4766.602539 387.055298 536.092590
v -4716.218262 777.119690 1214.581543
v -4745.659180 866.080505 1375.540894
v -4723.383789 680.279541 1628.877441
v -4740.831543 587.370850 1790.236328
v -4735.510742 870.273865 -1693.958740
v -4746.778809 751.941406 -1440.899414
v -4718.424805 604.993225 -1184.073364
v -4751.805176 372.656586 914.794861
v -4740.911133 593.560242 -1999.778931
v -4769.098633 829.213318 -1592.003784
v -4760.171875 80.916924 -572.917786
v -4743.875000 285.809296 412.974548
v -4756.635254 712.833130 1560.784546
v -4781.396484 623.992798 -1077.871582
v -4793.245117 298.872040 321.062164
v -4770.438477 832.145386 1459.960693
v -4800.474121 697.901855 -1926.799194
v -4778.047363 843.961731 -1831.536255
v -4767.513672 867.450073 1285.748169
v -4781.150879 628.274841 1688.442261
v -4776.125000 837.809448 -1656.867188
v -4806.801758 730.984802 -1232.599365
v -4779.672852 49.533890 -399.879089
v -4795.124512 78.903191 94.178329
v -4812.331543 518.413269 667.384338
v -4781.951660 837.315247 1213.175537
v -4811.770996 700.727539 -1310.871338
v -4874.078613 616.030090 -920.703674
v -4789.244629 35.715290 -259.458191
v -4803.870117 250.060287 207.464554
v -4810.184570 367.801941 781.660950
v -4783.412598 596.726746 -1999.886108
v -4784.913086 869.471252 -1775.204224
v -4782.887207 829.147461 -1537.337891
v -4798.904297 281.757294 -776.289856
v -4851.679688 228.605621 -664.113831
v -4812.079590 33.050217 5.741899
v -4817.815430 345.806213 824.663452
v -4814.984863 607.708923 1026.144287
v -4761.475586 749.874634 1144.150146
v -4869.388672 190.857910 131.616867
v -4816.003418 369.793488 458.612518
v -4801.369629 361.586517 889.254089
v -4820.978516 107.071121 -502.455627
v -4800.343262 24.292580 -115.385063
v -4851.597656 601.004089 1685.333252
v -4838.375977 513.494751 1904.214111
v -4841.572266 307.555206 256.190033
v -4878.655273 506.373108 958.674072
v -4853.213867 858.676758 1173.687988
v -4814.730957 865.653687 1345.997437
v -4858.703125 844.623047 1419.106201
v -4863.231445 488.175507 2000.087524
v -4827.784180 828.542419 -1698.706909
v -4811.329102 808.665588 -1479.889526
v -4840.842773 700.096680 1572.325806
v -4831.698730 543.899902 1816.495972
v -4813.749023 835.726013 -1826.207520
v -4818.399414 791.850220 -1616.662720
v -4833.498535 821.150146 -1510.030884
v -4830.139648 524.131775 637.047424
v -4835.732422 590.920471 -2001.596313
v -4848.104492 814.461731 -1734.539307
v -4848.370117 758.397217 -1425.483398
v -4868.689453 175.729004 -565.301331
v -4817.991699 65.988754 -286.699097
v -4849.298340 79.349670 -240.919418
v -4853.846191 344.900482 333.688293
v -4823.482422 896.945190 1259.774780
v -4847.454590 755.852661 1105.256714
v -4867.819336 888.853455 1311.280640
v -4891.529297 792.582642 -1117.193237
v -4848.835449 376.892548 412.340607
v -4883.652832 767.757141 -1589.794067
v -4864.117188 122.857666 -419.170288
v -4903.078613 654.467773 -1922.533691
v -4886.075195 781.286438 -1641.108521
v -4864.756348 55.337173 -156.782486
v -4891.434082 486.032532 927.592285
v -4858.823730 895.157349 1222.546875
v -4881.994141 887.560669 1335.928467
v -4927.276367 770.726013 1482.865234
v -4867.040039 571.570984 1723.870972
v -4889.559082 752.891418 -1294.933594
v -4856.486816 764.826233 -1210.737549
v -4900.409668 664.899658 1597.350342
v -4893.291016 491.317688 1945.274170
v -4902.715332 704.577271 -1812.505859
v -4883.416016 379.628143 -760.683594
v -4893.049805 81.268036 5.988274
v -4889.182617 339.561310 294.409515
v -4867.348145 531.152161 653.161255
v -4881.740234 759.378479 -1426.189453
v -4938.114746 810.704590 -1046.339844
v -4885.999512 51.522972 -55.934547
v -4890.362793 458.660522 487.203674
v -4887.269043 453.651276 750.843262
v -4925.802246 761.242371 -1364.742554
v -4997.092773 806.501404 -957.224731
v -4898.303223 297.205933 215.723114
v -4922.619141 699.101135 1052.452759
v -4922.207031 579.786072 -2000.038086
v -4926.646484 752.739197 -1750.940063
v -4909.680664 779.085938 -1514.875000
v -4919.768066 145.543320 -356.021973
v -4912.907715 527.789612 610.688416
v -4920.499512 885.309326 1229.212891
v -4951.972656 96.942764 -118.798950
v -4922.386230 404.098389 405.087555
v -4931.095703 460.790131 813.668091
v -4932.028809 859.971008 1409.115234
v -4911.736328 508.960754 1835.026245
v -4920.861816 754.310730 -1413.287231
v -4943.711426 309.926636 -644.865845
v -4972.976074 296.647644 164.974991
v -4938.782715 759.543335 -1724.015991
v -4939.409180 820.085388 -1148.779175
v -4950.469727 657.326477 -851.570557
v -4962.485840 402.013519 -721.984070
v -4918.475586 851.674255 1173.092285
v -4937.291992 631.388245 -1932.527344
v -4943.729492 240.796295 -531.089539
v -4929.414062 120.835663 -290.244568
v -4914.528320 488.444763 714.179871
v -4949.695312 613.516174 1631.335938
v -4954.020508 840.754333 -1099.700562
v -4960.981445 493.472046 695.299133
v -4979.665039 568.243164 896.542664
v -4943.607422 101.554115 -207.175278
v -4962.023926 113.847221 -27.043257
v -4985.688965 260.079895 85.986992
v -4939.923340 895.322693 1305.392334
v -4966.178711 756.272217 1506.524658
v -5009.723633 467.813324 1939.888916
v -5001.849121 432.124115 2000.277466
v -4978.429199 757.150024 -1576.171631
v -4982.226562 724.802307 -877.387390
v -4926.071289 380.853973 354.479034
v -4967.651855 483.561188 754.481873
v -5003.659668 659.088623 986.654968
v -4970.963867 781.536865 1112.283325
v -4988.696289 744.723755 -1653.583252
v -4982.116211 815.029663 -1294.764160
v -4976.607910 488.141846 806.065918
v -4961.751465 876.259460 1187.989258
v -4995.308594 539.925720 1710.283569
v -5020.203613 502.984283 1772.568115
v -4962.448730 686.462891 -1831.699707
v -4987.190430 744.016296 -1461.145508
v -5026.913086 618.812134 -783.616394
v -4941.709473 496.434021 543.638245
v -4987.505859 481.522858 581.752625
v -4999.741211 484.908417 630.444458
v -5000.922852 609.925415 939.704041
v -4980.309082 918.261169 1251.796143
v -5000.109375 269.648468 -478.493988
v -4967.988281 317.778809 232.862411
v -4958.095215 906.933777 1359.779907
v -5004.092285 482.710815 1888.787964
v -4973.666992 586.006897 -2000.334717
v -5021.230469 897.482605 -1062.288452
v -5013.066406 164.189163 -241.942902
v -5008.211914 745.460388 1035.915405
v -5033.076172 826.114441 1429.289551
v -4994.172363 716.680237 -1808.781616
v -5033.902832 375.455872 -605.291626
v -5019.896973 332.026245 286.367737
v -4982.434570 494.735779 459.949615
v -5020.234375 748.818176 -1428.814209
v -5034.718750 457.928558 -692.445862
v -4977.977539 459.212982 428.392456
v -5031.423340 978.726746 1297.464600
v -5024.597656 802.763123 1453.156860
v -5016.222656 665.728271 -1884.307617
v -5015.425293 757.692200 -1741.598145
v -5048.602051 899.961365 -1006.728455
v -5028.197266 180.142822 -39.416084
v -5042.661133 364.260956 326.600403
v -5018.230957 505.317841 463.058411
v -5037.998535 927.122559 1354.288818
v -5023.552246 750.863220 1540.035278
v -5020.203613 585.960632 1653.964722
v -5026.560547 602.067932 -1999.337524
v -5050.701660 785.171143 -1370.599487
v -5038.789551 856.541321 -1144.350830
v -5016.951660 328.239197 184.716064
v -5020.783203 316.855988 231.968002
v -5014.041016 491.233826 508.362183
v -5057.531738 971.531494 1212.079102
v -5031.664551 730.905762 -1554.651611
v -5045.342773 840.315247 -1226.341553
v -5074.791504 203.913971 -120.712364
v -5054.950684 531.134033 813.315186
v -5041.342773 885.402710 1140.122437
v -5019.124023 212.007080 -349.880768
v -5106.930664 290.909576 -5.624844
v -5015.379883 504.067322 746.052490
v -5088.694824 694.205933 -1679.404663
v -5067.751953 731.640503 -1529.705322
v -5069.824707 742.951782 -859.852112
v -5089.145996 339.546661 -485.461151
v -5061.108887 335.246063 101.872040
v -5057.328125 495.077271 422.268097
v -5058.366211 422.038391 2000.282471
v -5098.792969 700.392456 -1734.101440
v -5077.837402 202.303711 -186.426056
v -5072.979492 557.432739 466.619080
v -5051.864746 510.410309 544.300354
v -5061.006836 502.242493 651.341187
v -5096.270996 533.530701 731.784973
v -5080.937500 480.708282 1828.157593
v -5056.519043 618.943726 -1957.714844
v -5075.077637 811.030945 -1295.577026
v -5097.010742 358.557281 130.778687
v -5103.581055 536.995361 798.903076
v -5092.926758 693.002563 -1622.031860
v -5116.646973 881.630432 -935.108337
v -5108.257324 589.080566 -712.847290
v -5091.974121 455.833221 -650.699707
v -5064.446777 598.247253 919.113708
v -5081.689453 999.410522 1287.221069
v -5080.448242 683.270325 1586.412964
v -5104.657715 659.953857 -1803.709229
v -5076.650879 901.222717 -1042.750854
v -5102.209473 242.222794 -264.223724
v -5105.582031 844.187500 1070.068848
v -5116.230469 857.725037 1392.097778
v -5098.310059 601.638550 1639.167358
v -5126.052734 399.484192 -567.798035
v -5089.719238 573.407166 -2000.183228
v -5082.895996 352.713654 262.841187
v -5123.221680 780.365784 1491.834351
v -5121.339355 814.102539 -1419.779663
v -5116.442871 857.344604 -1131.404541
v -5127.834473 874.314453 -1065.559937
v -5135.424805 380.100128 169.339493
v -5114.902344 433.988892 324.495880
v -5107.299805 533.431702 633.650818
v -5123.315918 510.609589 1719.963257
v -5128.553711 856.617188 -1196.984375
v -5145.270996 385.337646 -478.365631
v -5179.012695 725.607605 971.172424
v -5096.111816 932.160828 1149.489624
v -5115.189941 625.798279 -1865.507568
v -5172.500000 675.873413 -736.126343
v -5174.551270 342.787109 -94.612915
v -5143.298340 583.629700 864.768860
v -5146.921875 424.755341 2000.147827
v -5142.072266 735.686401 -829.416748
v -5107.812988 995.097229 1257.747070
v -5157.955566 566.304138 -1954.147217
v -5138.471680 889.902954 -961.037537
v -5106.069336 279.816132 -339.708191
v -5146.191895 320.379608 -22.991465
v -5178.527832 701.679260 470.108643
v -5139.010254 948.419128 1190.325439
v -5156.804688 584.763916 1642.113159
v -5152.538574 477.856110 1872.140381
v -5165.910645 715.346802 -1570.098633
v -5152.686035 812.322876 -1445.218994
v -5190.570801 697.099182 415.976562
v -5157.105957 555.325806 711.805786
v -5171.030762 536.595886 771.336365
v -5175.540527 937.003601 1334.188232
v -5115.321289 483.402618 1772.638794
v -5191.376953 478.245789 1801.271362
v -5154.597168 692.222961 -1655.277710
v -5157.107422 846.135315 -1284.068359
v -5195.748047 942.403442 1093.283691
v -5157.366211 976.694397 1281.316162
v -5196.526367 459.710083 1948.777954
v -5154.320312 529.593018 -1999.567627
v -5155.137695 872.729614 -1063.345703
v -5180.641602 487.514160 -622.419556
v -5167.864258 429.142120 -563.640747
v -5187.470215 375.617249 -241.212967
v -5186.707520 373.000122 43.387398
v -5225.610840 480.891022 193.489029
v -5169.010742 500.511322 1741.524536
v -5209.744629 680.130493 -1782.126953
v -5167.428223 701.902954 -1736.718506
v -5179.413574 835.354797 -1338.271851
v -5189.764648 885.565186 1388.098633
v -5182.395996 847.642029 -1025.042480
v -5184.445801 799.380737 -868.390747
v -5194.481445 858.408264 1441.736938
v -5233.032715 763.557922 -1490.826782
v -5207.625488 850.084778 -1248.809448
v -5200.969727 432.646179 -409.290344
v -5240.120605 423.400696 109.690834
v -5228.281250 505.833832 -2000.047485
v -5251.236328 631.546753 280.734650
v -5226.341797 624.166382 671.403381
v -5208.894531 554.105591 821.527588
v -5209.632324 954.077332 1133.151489
v -5214.684082 913.591309 1230.459229
v -5200.151855 921.843323 1333.750488
v -5221.135742 715.829895 -1679.027466
v -5225.187012 411.710114 -189.435135
v -5244.214355 598.575073 859.168274
v -5191.993652 647.217712 1583.274536
v -5208.541504 554.308105 1663.030396
v -5255.133789 790.380493 -1424.502808
v -5243.258789 548.416748 -637.812622
v -5249.339844 715.264587 357.109039
v -5209.349121 582.391174 -1907.774414
v -5212.394043 894.481018 -1137.758667
v -5233.534668 769.997742 -859.570496
v -5236.865723 475.460876 -572.095337
v -5248.329102 581.620239 739.101990
v -5253.358887 709.770264 -1727.072144
v -5222.339844 884.451050 -1121.668335
v -5233.693848 783.791687 -990.449219
v -5246.185059 772.934387 -908.512451
v -5191.566895 430.224792 -521.719177
v -5271.556152 435.449097 -64.356529
v -5289.459473 446.630707 66.009766
v -5215.425293 686.339844 545.523071
v -5220.770020 423.594360 2001.048584
v -5317.091309 466.171906 5.981274
v -5219.324707 740.756226 446.308472
v -5244.107422 890.963745 1280.075562
v -5232.003906 905.259949 1371.688477
v -5241.779297 666.541992 1538.615234
v -5235.523438 467.298889 1824.477661
v -5241.600586 468.340210 -517.488586
v -5241.319824 473.937805 -448.137024
v -5268.629395 576.475769 796.200684
v -5275.668457 726.086731 -1638.252930
v -5251.741699 605.564880 -687.913635
v -5270.472168 858.997681 1420.503052
v -5252.665527 537.284668 1678.141602
v -5289.746582 732.685852 -1564.888916
v -5277.214844 449.224426 1890.901855
v -5309.863281 593.407654 -1861.411621
v -5310.745117 740.764832 -1520.093750
v -5222.422852 682.976013 -754.474060
v -5273.036621 496.827850 -372.463348
v -5267.357422 488.415466 -297.425354
v -5278.402832 871.330933 1061.076050
v -5262.554199 907.574036 1130.196411
v -5360.273926 519.673706 -1910.427368
v -5270.435059 802.113342 -1348.121704
v -5254.469238 690.592651 563.939392
v -5296.582520 854.548462 1389.469727
v -5332.812500 432.725220 1945.132324
v -5283.029785 787.317749 -1062.533691
v -5279.716797 569.023010 -647.392273
v -5291.276855 492.179749 -440.169769
v -5291.666504 515.893311 1717.707275
v -5301.065918 796.891296 -1232.313477
v -5286.977539 765.066895 -986.346436
v -5307.575195 520.096069 -331.061066
v -5265.908691 762.141052 438.695770
v -5298.088867 647.580200 684.942139
v -5274.472656 776.717468 977.875732
v -5276.860352 890.588013 1196.779053
v -5264.840332 881.252380 1308.210815
v -5313.229980 790.635803 -1292.161621
v -5294.160645 666.347778 -810.253540
v -5311.122559 587.314819 -732.806396
v -5350.182617 523.070312 -531.960876
v -5309.097656 663.220886 623.956360
v -5355.294434 521.174133 1548.036011
v -5328.338379 760.735352 -1144.494141
v -5347.917480 532.531555 -127.114738
v -5317.522461 763.812195 357.664551
v -5311.319824 682.571045 894.860535
v -5359.130371 686.687988 871.142029
v -5360.323730 581.670410 1491.595459
v -5334.866699 504.256226 1635.419434
v -5343.103027 659.082764 -1784.069092
v -5337.712891 791.895752 -1381.673218
v -5355.877930 660.171082 -897.789917
v -5306.702148 517.795654 -571.642822
v -5338.708496 509.675201 -249.536606
v -5315.187988 683.677612 267.600616
v -5338.727051 657.683472 831.553955
v -5315.779297 867.504639 1225.846558
v -5298.289551 477.518463 1797.006104
v -5370.289062 466.216675 1853.355957
v -5333.378418 392.874481 1999.824097
v -5356.481934 745.646057 -1046.709351
v -5335.906738 661.121521 729.916565
v -5353.500000 500.023621 1595.806030
v -5384.347168 427.035889 -1999.956055
v -5306.476562 752.941223 444.653259
v -5343.622070 654.756958 546.233887
v -5349.755859 774.553772 1310.740112
v -5353.517578 700.805481 -1644.647583
v -5363.500488 497.905792 -392.658112
v -5330.644531 506.729065 123.691513
v -5359.315430 764.528687 1007.829590
v -5354.683105 605.708374 -794.061035
v -5360.811035 547.686401 -645.882568
v -5385.073242 541.689819 -69.788673
v -5340.958008 787.579712 1112.246948
v -5374.069824 776.111084 1142.135864
v -5349.228516 513.740967 1745.149658
v -5355.184570 556.185486 -709.194946
v -5386.663086 538.820312 -302.731567
v -5379.348633 700.545044 465.353180
v -5392.353516 635.742310 580.958923
v -5365.875000 688.218750 -1721.701904
v -5370.495117 772.455688 -1410.336670
v -5385.373535 699.108765 -974.513000
v -5390.634766 663.149292 645.498108
v -5370.787109 681.197937 685.666260
v -5375.926270 719.729065 940.675476
v -5420.696289 439.549316 1903.035278
v -5410.831543 767.890137 -1320.064941
v -5388.084473 511.509918 -453.728882
v -5393.179199 546.921265 -204.693085
v -5389.513184 624.194214 188.221954
v -5436.172363 698.431091 -1470.727661
v -5402.545898 725.291687 -1158.596313
v -5397.724609 521.537354 -556.121704
v -5478.798828 600.307007 108.117706
v -5381.531250 728.922607 276.721069
v -5388.389160 770.105408 358.820129
v -5382.681641 727.851685 759.711060
v -5430.028320 730.948364 1020.168701
v -5431.470215 555.144104 1439.292847
v -5414.580078 581.091675 -800.469116
v -5454.715332 672.151489 -1648.103760
v -5414.236328 748.433167 -1243.971680
v -5456.107910 581.379272 -837.989197
v -5415.807129 541.286621 -694.277588
v -5432.911621 515.089233 -495.020386
v -5433.336914 524.834167 -357.584137
v -5417.685547 555.030518 -162.612061
v -5457.177246 592.219116 1342.106934
v -5415.708984 375.158905 1999.977295
v -5452.331055 533.044556 -1863.651123
v -5452.506836 545.033569 50.443172
v -5424.877930 707.110962 896.221680
v -5424.112305 680.868530 472.260223
v -5420.424805 508.987823 1739.005737
v -5442.628906 521.069031 -401.046967
v -5482.329590 611.425964 -234.360382
v -5463.097656 809.732788 707.916321
v -5458.809570 464.967682 1582.283813
v -5448.307617 488.678833 1834.348633
v -5438.858887 651.559387 -1735.787720
v -5407.614746 688.333252 -1557.847534
v -5437.021973 533.614136 -630.638123
v -5438.537109 556.013184 -302.780334
v -5463.235352 762.757996 252.155396
v -5422.314453 726.230530 848.087097
v -5427.076660 722.598694 1159.656494
v -5461.413574 604.620667 1249.553467
v -5433.594238 704.356018 -1059.950439
v -5432.958984 557.977539 -49.919167
v -5442.035156 790.428284 354.107880
v -5470.262207 692.795044 508.569214
v -5459.266113 573.932312 1384.223022
v -5386.130371 500.560608 1673.828613
v -5445.598145 706.573303 -1412.553711
v -5474.828125 614.031555 -916.734741
v -5469.023438 745.504333 634.178040
v -5451.983887 694.713013 1055.549438
v -5484.846191 465.326752 -1923.304077
v -5507.210938 649.443176 -1547.565552
v -5464.023438 708.397705 -1216.267212
v -5473.317871 805.808838 791.882568
v -5468.661133 512.124268 -527.291077
v -5458.277344 694.220032 579.050659
v -5478.489258 822.776428 753.721924
v -5466.212891 484.253052 1491.355469
v -5505.856445 358.587097 -2000.165649
v -5483.548828 695.320312 -1271.132080
v -5509.350098 534.521973 -472.565552
v -5533.378906 548.188293 -61.100830
v -5498.101074 557.047485 20.488216
v -5504.116211 711.077637 884.139282
v -5463.618652 687.341614 961.225708
v -5500.722168 492.871399 1741.329956
v -5473.595215 519.194824 -664.836670
v -5515.315918 522.868530 -636.877258
v -5498.426758 612.950623 -205.476685
v -5491.158203 746.880615 437.966736
v -5523.314453 412.705994 1934.395630
v -5562.674316 619.877563 -1714.789429
v -5524.575684 649.057312 -1356.335693
v -5500.888672 668.739441 -1110.400146
v -5557.101074 628.373169 -1039.447998
v -5541.196777 539.120544 -309.217072
v -5524.944824 564.156433 -126.118820
v -5487.186523 809.337158 307.975159
v -5523.406738 554.307800 1151.569458
v -5523.797852 423.899048 1558.360962
v -5557.761230 339.208832 1999.580688
v -5526.343262 552.152405 -769.912476
v -5486.917480 530.890198 -577.117004
v -5533.329590 478.066589 1837.968018
v -5497.900879 587.181580 -1794.219360
v -5494.490723 660.002014 -1609.191528
v -5543.793945 618.944336 -964.836121
v -5498.436523 639.034424 1013.413452
v -5521.942871 696.796875 -1181.040649
v -5528.188477 754.641235 189.403366
v -5538.590332 789.226318 407.880737
v -5538.207031 516.495850 1253.257812
v -5517.754395 635.500488 -1500.880981
v -5547.599609 545.396301 -845.304199
v -5553.333008 537.444397 -504.087372
v -5527.951172 629.929077 983.228638
v -5535.721680 800.786316 278.567474
v -5514.863770 453.817932 1656.710938
v -5583.924316 572.243896 -1415.649658
v -5545.505859 558.150635 -376.091492
v -5530.831055 598.919861 -215.791794
v -5533.183105 577.301941 41.761215
v -5566.811035 662.445618 110.626053
v -5569.617188 809.633728 473.856049
v -5569.742188 836.776794 530.061401
v -5538.374512 909.933777 706.334167
v -5546.869141 846.431946 797.980225
v -5540.736816 442.130066 1456.196411
v -5557.093750 545.634766 -579.649109
v -5571.388184 565.556091 -432.497650
v -5569.467285 922.222534 626.764526
v -5597.687988 425.892395 -1907.202759
v -5560.198730 660.655579 936.045410
v -5558.796875 571.500854 1034.786377
v -5584.761719 453.954102 1824.534668
v -5570.967285 575.391541 -1764.189941
v -5591.032227 649.526123 -1642.542480
v -5573.328613 539.280334 -279.850189
v -5573.191895 565.267883 -143.866226
v -5573.153809 508.728485 1131.165649
v -5542.858398 490.835297 1337.039429
v -5575.564941 529.972961 -616.193604
v -5606.136230 566.763916 -84.391937
v -5591.699707 391.025909 1464.590088
v -5586.934570 649.756226 -1580.486328
v -5542.603516 655.041138 -1310.221069
v -5603.943359 665.783447 -1273.641724
v -5597.646484 763.557861 182.160416
v -5594.908691 431.554901 1746.943481
v -5656.939941 447.586670 -1849.474854
v -5575.270508 592.624695 -1483.303467
v -5613.189453 626.887634 -1104.404175
v -5565.763672 916.298828 682.336487
v -5578.749512 883.209595 766.153992
v -5581.562988 489.208893 1275.396484
v -5612.469238 378.398254 1656.516724
v -5559.493164 786.948853 363.057739
v -5594.038086 783.168701 420.167542
v -5613.019531 474.839233 1199.008545
v -5612.241211 426.844971 1342.182373
v -5629.144531 427.343414 1874.044312
v -5578.761719 322.551361 -2000.687622
v -5610.201172 601.973877 -917.295593
v -5619.676270 548.499573 -805.841980
v -5635.709473 543.129211 -730.022461
v -5607.209961 545.192993 -545.107300
v -5593.754395 558.814880 -374.368683
v -5608.539551 904.159241 681.765320
v -5672.480469 366.205536 1388.158203
v -5600.990234 376.899048 1533.303101
v -5577.895020 690.657410 -1217.284912
v -5626.164062 496.018616 -219.206085
v -5686.465820 564.261841 3.905237
v -5666.532227 728.787598 305.820831
v -5692.847168 371.409882 1929.136108
v -5637.496094 545.617676 -1413.785645
v -5641.106445 594.799438 -1006.876831
v -5638.012695 550.695679 -492.929016
v -5620.345703 835.614563 815.805359
v -5631.797363 357.151672 1588.934814
v -5634.842285 305.816071 -2000.174072
v -5690.044922 568.077698 -1666.361328
v -5638.132812 524.400940 -622.198364
v -5652.836426 834.768005 792.465820
v -5659.613770 541.260437 -1464.637817
v -5665.996094 566.454956 -1376.068359
v -5693.055176 587.779053 39.018681
v -5652.631348 667.514893 114.520241
v -5624.389160 763.778931 219.235580
v -5623.543457 809.888855 460.789612
v -5652.802734 760.984070 881.965881
v -5631.415527 556.771973 1035.129395
v -5703.111328 359.839661 -1906.722778
v -5619.750977 860.076172 507.567993
v -5674.284668 659.199463 945.487854
v -5710.714355 301.600159 1454.627930
v -5685.953125 521.553711 -571.003723
v -5654.603516 503.328064 -301.305542
v -5645.172363 497.117310 -196.336975
v -5655.314941 740.681213 368.776306
v -5710.894043 811.690613 669.037964
v -5688.986328 620.102783 -1245.460083
v -5679.391602 599.326965 -859.917297
v -5684.226562 490.496368 -372.945648
v -5691.929199 319.640839 1690.085815
v -5733.993164 520.809692 -1749.402344
v -5636.859375 628.368835 -1576.120972
v -5678.576172 605.998352 -903.936829
v -5629.678223 555.100891 -434.627747
v -5714.015625 834.574158 490.787567
v -5672.376953 294.603851 1999.746460
v -5714.877930 579.876587 -1014.468994
v -5725.526855 671.464966 185.431625
v -5711.321777 736.358093 385.347351
v -5669.952637 903.093933 588.626160
v -5751.349609 485.793365 1067.315796
v -5707.142090 448.719849 1122.082764
v -5703.964844 293.955170 -2000.001709
v -5711.608398 558.357300 -1565.913208
v -5689.483398 598.436279 -1316.735718
v -5691.930664 522.610962 -534.382263
v -5666.470215 557.973267 -94.405128
v -5715.015137 554.258850 -35.777897
v -5680.292480 439.754333 1165.177490
v -5711.316406 370.315430 1838.329224
v -5687.214844 436.205872 1265.983154
v -5693.207520 302.023407 1587.194946
v -5700.335938 593.125793 -1158.044678
v -5739.368164 563.336548 -778.905457
v -5724.885742 564.309631 -667.082581
v -5733.473633 488.037598 -467.562683
v -5714.282227 499.468109 -424.302277
v -5696.615723 489.249146 -251.034027
v -5725.934570 751.959717 828.503662
v -5767.637207 555.615479 984.753296
v -5754.953613 411.826508 1259.842773
v -5726.503906 269.541595 1519.738770
v -5695.597656 533.822327 -1470.588379
v -5712.848145 486.517181 -298.095581
v -5734.174316 676.114136 297.442657
v -5729.260742 779.064087 769.843262
v -5757.847656 576.821533 -926.571960
v -5747.902832 298.424835 1741.327881
v -5770.816895 787.046021 566.891724
v -5738.797852 420.228973 1162.724609
v -5728.499512 520.924561 -128.438293
v -5760.455078 606.838074 80.560867
v -5794.247070 583.763916 -1221.629272
v -5747.562988 580.407776 -855.367432
v -5768.062500 504.850098 -562.263855
v -5785.500977 700.130127 859.803650
v -5798.691406 231.356018 2000.372681
v -5793.652344 501.023987 -1516.751221
v -5754.049316 543.016174 -1401.928711
v -5755.669434 588.188782 -1310.975220
v -5755.016602 553.073792 -1072.334473
v -5792.826172 510.985535 -370.927063
v -5783.750000 269.806976 1688.781860
v -5760.462891 522.587646 -1647.065308
v -5785.665527 588.541931 -1265.300049
v -5781.119141 493.591217 -314.992188
v -5807.803711 501.429504 -92.181351
v -5775.951660 668.638977 334.247955
v -5757.183105 313.233002 1947.035034
v -5822.722168 489.303619 -1592.846558
v -5797.511719 634.356323 173.509918
v -5781.422363 739.570435 644.039856
v -5759.321777 339.448975 1359.755127
v -5784.600098 252.796387 1577.637817
v -5786.225586 372.403625 -1858.282593
v -5847.695801 464.933838 -271.473480
v -5819.370117 463.894836 -232.188263
v -5819.786621 563.092529 6.209282
v -5730.323242 782.719727 441.742188
v -5790.220703 267.986694 1630.618286
v -5771.919434 553.657898 -740.032349
v -5816.560059 756.422791 477.752075
v -5793.270996 239.108307 1523.619385
v -5789.891113 503.805878 -1727.752197
v -5784.484375 546.758179 -1117.438599
v -5816.028320 544.019531 -896.707825
v -5823.365234 497.206482 -431.495667
v -5801.000977 764.685730 579.699219
v -5836.625488 234.463882 1743.779297
v -5814.947266 284.172852 -1999.622681
v -5804.357422 585.374817 58.802841
v -5806.835938 731.784912 410.139923
v -5829.404785 718.065125 754.365356
v -5811.328613 251.687134 1783.589111
v -5834.174805 478.793427 -627.306335
v -5817.905762 758.910645 522.111938
v -5812.056641 286.282135 1867.109253
v -5829.337891 511.609344 -1058.963623
v -5833.081055 676.705383 338.379089
v -5793.159180 732.145447 712.592834
v -5836.604004 273.360565 1408.144043
v -5850.443359 485.478088 -1665.609497
v -5847.710449 478.885895 -700.843933
v -5827.788574 482.883209 -489.403259
v -5861.395508 446.993195 1099.356812
v -5865.255371 378.359344 1263.807251
v -5852.807129 232.948380 1472.519531
v -5853.603027 264.189392 1648.163574
v -5869.107422 511.656921 -910.135071
v -5844.863281 613.018188 129.086624
v -5856.937988 401.243439 1205.492676
v -5833.370117 357.332092 -1863.049683
v -5884.879883 456.461639 -1742.253662
v -5869.063477 504.804596 -1416.883423
v -5875.947754 517.443604 -1335.892212
v -5870.107910 470.550018 -744.787292
v -5844.278320 750.792358 582.426758
v -5829.170898 717.837158 647.716736
v -5854.075684 639.393494 244.912201
v -5866.461426 516.025696 1007.983521
v -5887.253418 462.819855 -510.844574
v -5856.281250 254.826279 1943.784668
v -5870.148926 283.838043 -1998.768921
v -5918.370605 585.697571 55.551022
v -5918.389160 750.690002 483.256989
v -5902.570312 608.055115 901.690430
v -5901.386230 260.014496 1677.245117
v -5903.196777 206.536377 1798.361694
v -5908.984863 398.806732 -1782.910522
v -5840.654785 512.675903 -60.558945
v -5901.012695 726.174011 411.819061
v -5883.875488 714.290833 730.015503
v -5940.669434 311.863464 -1902.057007
v -6000.209473 438.517578 -1516.332397
v -5885.022461 500.373505 -1151.409058
v -5923.556152 470.968262 -1031.783081
v -5917.730957 750.422058 534.257263
v -5929.313477 737.146118 646.234558
v -5923.889648 223.891006 1556.378784
v -5921.049316 454.147522 -436.152618
v -5936.921387 427.462799 1147.143311
v -5899.483887 236.734024 1877.207764
v -5897.518555 185.982788 1999.918213
v -5910.885742 457.053986 -628.485046
v -5922.794922 441.682861 -562.270935
v -5890.845703 478.841431 -343.927124
v -5885.901367 471.872223 -207.118195
v -5928.190430 755.625793 585.486816
v -5898.742676 683.516418 813.837708
v -5938.206055 648.460571 290.350006
v -5938.347168 255.496109 1439.202759
v -5912.094727 613.512268 157.648941
v -5956.209473 661.860046 330.577271
v -5999.968750 231.609879 1496.418823
v -5940.904297 250.324982 1644.603149
v -5947.209961 431.632294 -1645.139160
v -5916.002441 569.244019 -7.464815
v -6000.136230 181.799652 1963.145752
v -6001.033691 426.599823 -1576.891235
v -5935.620117 457.215790 -815.911438
v -5940.529785 440.879822 -475.806091
v -5933.731445 484.495697 -289.315308
v -5935.114258 612.423828 890.098572
v -5948.932617 502.290009 1042.726074
v -5999.898438 369.949799 1225.741089
v -6002.109863 195.696213 1932.092041
v -5940.965820 487.249939 -1410.449341
v -5952.366211 459.753723 -916.430664
v -5951.886230 422.321442 -728.406921
v -5971.440430 453.988159 -386.524109
v -5999.452148 383.684052 -1684.259277
v -5960.686035 719.753906 678.028137
v -5922.561035 314.061096 1354.675781
v -5966.135254 196.981796 1856.758545
v -6000.727051 252.422577 -2000.429688
v -5966.204590 517.320984 -167.921478
v -5961.870117 704.956055 422.367004
v -5949.631836 663.002502 796.534241
v -6000.229492 368.481079 -1737.628540
v -5999.144043 443.813599 -1287.109863
v -5999.441895 441.107727 -1184.926636
v -6000.371582 610.963318 201.401550
v -5999.775391 267.279449 1410.422852
v -6000.087402 207.423233 1769.884766
v -5999.721680 521.740906 -209.330215
v -6001.556152 208.936737 1693.419800
v -6000.396484 182.186691 1870.545898
v -6000.081055 424.919495 -990.502014
v -6000.111328 387.169098 -544.089478
v -6000.075684 316.866760 1305.545410
v -6001.314453 194.777710 1583.466064
v -5999.933594 426.788971 -1096.807129
v -6000.366699 383.630280 -625.364685
v -6000.011719 474.475494 -337.223022
v -5975.040527 730.787903 599.309143
v -6000.276855 628.288269 755.678528
v -5999.826660 575.736145 879.040161
v -5999.603027 460.280640 -1405.098022
v -6000.349121 669.885681 452.935852
v -6000.144531 529.623047 985.800537
v -6000.074219 152.761093 1999.827637
v -6000.113770 596.371643 34.401005
v -5999.993164 380.073425 -707.875305
v -6000.117676 421.335449 -445.668274
v -5999.965332 533.660645 -139.404266
v -5999.788574 639.502502 333.712555
v -6000.105957 699.668884 594.900391
v -5999.937012 481.718231 1071.865234
v -6000.109863 274.654114 -1923.964844
v -5999.896484 391.744843 -785.616150
v -6000.320312 666.172852 409.574585
v -5999.954102 686.799805 662.437927
v -6000.429199 418.530792 -897.166687
vn 0.6580 0.6447 -0.3892
vn 0.6435 0.7347 -0.2151
vn 0.8564 0.4711 -0.2112
vn 0.9521 0.2904 -0.0955
vn 0.9565 0.2914 -0.0147
vn 0.9013 0.3692 0.2267
vn 0.9593 0.2637 0.1009
vn -0.0063 0.6596 -0.7516
vn 0.1746 0.9635 0.2029
vn -0.3277 0.9448 -0.0023
vn 0.3956 0.8513 0.3447
vn 0.7259 0.6835 0.0766
vn 0.7269 0.6280 -0.2780
vn 0.4651 0.7624 0.4500
vn 0.7013 0.7079 0.0837
vn 0.6745 0.7369 -0.0446
vn 0.7852 0.4881 0.3810
vn 0.8403 0.5337 0.0946
vn 0.8972 0.4417 -0.0011
vn 0.8996 0.4356 0.0313
vn 0.8404 0.4522 -0.2985
vn 0.9631 0.2682 -0.0214
vn 0.5590 0.8250 -0.0830
vn 0.6296 0.7768 0.0147
vn 0.2052 0.9476 -0.2451
vn 0.7263 0.6223 -0.2920
vn 0.1749 0.5111 0.8415
vn 0.2152 0.8997 0.3797
vn 0.6205 0.6526 -0.4349
vn 0.6127 0.7887 -0.0502
vn 0.6065 0.7920 0.0699
vn 0.8282 0.5182 -0.2136
vn 0.8473 0.4372 -0.3017
vn 0.8283 0.3682 -0.4224
vn 0.8260 0.5123 0.2350
vn 0.7898 0.5073 0.3448
vn 0.8074 0.5025 0.3092
vn 0.9675 0.2275 -0.1104
vn 0.9464 0.2693 0.1785
vn 0.9106 0.2989 0.2855
vn 0.9227 0.3245 0.2079
vn 0.5955 0.7619 0.2546
vn 0.3030 0.7462 -0.5928
vn 0.8938 0.4087 -0.1848
vn 0.0538 0.7421 0.6681
vn 0.5349 0.7224 -0.4383
vn 0.3347 0.9423 -0.0094
vn 0.8656 0.4979 -0.0529
vn 0.8360 0.5309 -0.1386
vn 0.7795 0.5099 0.3640
vn 0.9027 0.4133 -0.1196
vn 0.5540 0.8289 -0.0773
vn 0.7136 0.6805 0.1663
vn 0.2989 0.8886 0.3480
vn 0.4189 0.7469 0.5164
vn 0.6589 0.6352 -0.4030
vn 0.5762 0.8083 0.1213
vn 0.5764 0.8047 0.1424
vn 0.3813 0.8938 -0.2361
vn 0.3570 0.9338 0.0219
vn 0.9009 0.4251 0.0879
vn 0.8792 0.4492 -0.1586
vn 0.7848 0.4901 -0.3793
vn 0.8071 0.5258 0.2684
vn 0.6583 0.5725 0.4888
vn 0.8657 0.4923 -0.0910
vn 0.9262 0.3580 -0.1186
vn 0.8691 0.4246 0.2536
vn 0.9310 0.3598 0.0615
vn 0.8028 0.5017 0.3222
vn 0.7612 0.5041 0.4080
vn -0.2244 0.8044 -0.5500
vn 0.1535 0.7654 -0.6250
vn -0.1542 0.8863 0.4367
vn 0.8963 0.4083 -0.1729
vn 0.8949 0.4132 -0.1684
vn 0.1580 0.5037 0.8493
vn 0.5891 0.5969 0.5447
vn 0.3604 0.7106 0.6043
vn 0.3491 0.8789 -0.3251
vn 0.6581 0.6798 -0.3237
vn 0.8368 0.4781 -0.2668
vn 0.7921 0.4721 0.3870
vn 0.8756 0.4830 0.0064
vn 0.8502 0.5246 0.0440
vn 0.8345 0.5508 -0.0136
vn 0.7146 0.5943 -0.3689
vn 0.7684 0.4043 0.4960
vn 0.8014 0.4793 0.3579
vn 0.8102 0.5857 -0.0212
vn 0.5914 0.8040 0.0624
vn 0.5899 0.8042 0.0729
vn 0.4956 0.8672 -0.0491
vn 0.3379 0.9187 0.2044
vn 0.1424 0.6341 0.7600
vn 0.5982 0.7961 0.0916
vn 0.5413 0.8123 0.2171
vn 0.7114 0.6690 -0.2152
vn 0.8674 0.4741 -0.1513
vn 0.9561 0.2825 -0.0782
vn 0.8293 0.3722 0.4169
vn 0.7940 0.3579 0.4915
vn -0.3240 0.8054 0.4964
vn 0.2578 0.7950 0.5492
vn 0.5874 0.7368 -0.3348
vn 0.9381 0.3077 -0.1590
vn 0.9439 0.3259 0.0538
vn -0.0398 0.9561 -0.2903
vn 0.4172 0.6850 -0.5972
vn 0.7955 0.5653 -0.2182
vn 0.8754 0.4543 0.1653
vn 0.8690 0.4948 -0.0026
vn 0.6438 0.7566 -0.1141
vn 0.4742 0.8416 0.2585
vn 0.0584 0.5193 -0.8526
vn -0.0800 0.9377 -0.3380
vn -0.4859 0.8550 0.1811
vn 0.8175 0.5752 -0.0307
vn 0.4516 0.8796 0.1495
vn 0.5439 0.5645 0.6209
vn -0.0313 0.6219 0.7825
vn 0.5701 0.7883 0.2314
vn 0.4386 0.8970 -0.0551
vn 0.7979 0.5759 -0.1779
vn 0.6930 0.6532 0.3051
vn 0.9361 0.3516 0.0030
vn 0.7995 0.4255 0.4240
vn 0.8082 0.4711 0.3533
vn 0.0393 0.6331 -0.7731
vn 0.0433 0.6374 -0.7693
vn 0.7848 0.4746 -0.3986
vn 0.5226 0.7357 -0.4308
vn 0.7072 0.6982 0.1113
vn 0.3036 0.8965 -0.3226
vn 0.4942 0.7550 -0.4309
vn 0.6737 0.5565 0.4862
vn 0.7285 0.6168 0.2980
vn 0.7798 0.4317 -0.4534
vn 0.4957 0.8361 0.2349
vn 0.4242 0.9046 -0.0434
vn -0.2301 0.9368 -0.2634
vn 0.7750 0.5608 0.2913
vn 0.4049 0.7029 -0.5848
vn 0.8663 0.4413 -0.2342
vn 0.8102 0.4988 -0.3077
vn 0.8849 0.4653 0.0226
vn 0.8593 0.4228 -0.2879
vn 0.8390 0.3828 0.3868
vn 0.4622 0.8796 -0.1128
vn -0.3176 0.8059 0.4996
vn 0.8034 0.5325 -0.2665
vn 0.4716 0.5232 0.7098
vn 0.5049 0.6678 0.5470
vn 0.5326 0.7728 -0.3452
vn 0.5264 0.7572 -0.3867
vn 0.4603 0.8812 -0.1077
vn 0.5632 0.5459 -0.6203
vn 0.7622 0.6220 0.1793
vn 0.8819 0.4710 -0.0203
vn 0.8886 0.4587 0.0066
vn 0.8839 0.3688 -0.2876
vn 0.9152 0.2862 -0.2837
vn 0.9528 0.3036 0.0042
vn 0.7261 0.3934 0.5640
vn 0.5162 0.8181 0.2534
vn 0.0694 0.5114 -0.8565
vn -0.2297 0.9713 -0.0615
vn 0.7881 0.4751 -0.3913
vn -0.1477 0.8143 0.5613
vn 0.6877 0.7017 0.1862
vn 0.1096 0.6023 0.7907
vn 0.5571 0.8203 0.1295
vn 0.8531 0.5185 0.0585
vn 0.8199 0.3938 0.4156
vn 0.7453 0.3887 0.5417
vn 0.3822 0.5329 0.7549
vn -0.2625 0.9428 -0.2055
vn -0.0385 0.9422 0.3328
vn 0.5458 0.5480 0.6339
vn 0.4931 0.7437 -0.4513
vn 0.6932 0.6880 -0.2148
vn 0.8341 0.4620 -0.3015
vn 0.9014 0.4116 0.1341
vn 0.8221 0.4565 0.3403
vn 0.4414 0.8726 0.2090
vn 0.2261 0.6810 -0.6965
vn 0.2155 0.8423 -0.4940
vn 0.5107 0.5483 -0.6623
vn 0.7399 0.6087 0.2862
vn 0.5802 0.6656 0.4694
vn 0.3234 0.7146 -0.6202
vn 0.7510 0.5466 -0.3705
vn 0.6176 0.6333 0.4664
vn 0.5874 0.7759 -0.2301
vn 0.2110 0.6817 -0.7005
vn 0.8554 0.4290 -0.2903
vn 0.4660 0.8213 0.3291
vn 0.4885 0.8642 -0.1206
vn 0.4051 0.8844 -0.2317
vn -0.0690 0.8710 0.4864
vn 0.1535 0.9625 0.2238
vn -0.1480 0.8143 0.5612
vn 0.7129 0.6637 0.2267
vn 0.2871 0.7334 -0.6162
vn 0.8433 0.5113 -0.1658
vn 0.6983 0.7148 0.0368
vn 0.8534 0.3276 -0.4054
vn 0.8869 0.3241 -0.3291
vn 0.8661 0.4948 0.0706
vn 0.0514 0.8471 0.5290
vn 0.2922 0.7248 -0.6239
vn -0.1212 0.7623 0.6358
vn 0.3133 0.7132 -0.6271
vn 0.3288 0.8018 -0.4990
vn 0.5992 0.7714 0.2143
vn 0.7037 0.5979 -0.3838
vn 0.7067 0.7023 -0.0857
vn 0.5751 0.6393 0.5105
vn 0.6772 0.7316 0.0784
vn 0.7769 0.4942 0.3901
vn 0.1966 0.5632 0.8026
vn 0.4680 0.8722 -0.1421
vn 0.1595 0.9619 0.2220
vn 0.2519 0.9186 0.3045
vn 0.1644 0.8651 0.4740
vn 0.0992 0.5963 0.7966
vn 0.7524 0.6579 0.0330
vn 0.7214 0.6589 0.2129
vn 0.7609 0.5889 -0.2724
vn 0.7159 0.6738 -0.1830
vn 0.0089 0.9999 0.0108
vn -0.0659 0.9619 -0.2652
vn 0.8183 0.4812 -0.3144
vn 0.9380 0.3080 0.1593
vn 0.9450 0.2540 0.2059
vn 0.5254 0.8423 0.1203
vn 0.3286 0.5703 0.7529
vn -0.1374 0.5295 0.8371
vn 0.5305 0.6296 -0.5676
vn 0.4243 0.7825 -0.4558
vn 0.5687 0.5390 -0.6213
vn 0.8214 0.4471 -0.3541
vn 0.9456 0.3126 -0.0906
vn 0.5665 0.8224 -0.0527
vn 0.0160 0.9718 0.2354
vn 0.5117 0.7870 -0.3445
vn 0.5785 0.4976 -0.6463
vn 0.7454 0.6068 -0.2759
vn 0.4114 0.7654 0.4948
vn 0.2370 0.7356 -0.6345
vn 0.3384 0.6160 -0.7113
vn 0.7277 0.5574 0.3997
vn 0.4472 0.7713 -0.4529
vn 0.5596 0.5564 -0.6142
vn 0.3569 0.4811 0.8007
vn 0.5549 0.6588 0.5081
vn 0.0944 0.6898 0.7178
vn 0.7211 0.6609 0.2077
vn 0.6261 0.7712 -0.1150
vn 0.3488 0.6223 -0.7008
vn 0.3409 0.5528 -0.7604
vn 0.7102 0.5620 -0.4240
vn 0.7251 0.6865 -0.0540
vn 0.7608 0.5801 0.2910
vn -0.2449 0.7082 -0.6622
vn 0.7329 0.5982 -0.3239
vn 0.8133 0.3403 0.4719
vn 0.6246 0.6248 0.4684
vn 0.6610 0.6769 0.3237
vn 0.5670 0.8220 -0.0527
vn 0.2745 0.6385 -0.7190
vn 0.2622 0.4860 -0.8337
vn 0.8419 0.4344 -0.3201
vn -0.1776 0.9000 0.3982
vn 0.6818 0.4993 0.5347
vn 0.5190 0.6406 0.5658
vn 0.6090 0.7640 0.2133
vn 0.6303 0.7638 -0.1393
vn 0.5073 0.5816 0.6359
vn 0.3910 0.9038 0.1737
vn 0.0217 0.6508 -0.7590
vn -0.1168 0.7216 -0.6823
vn 0.7387 0.5639 -0.3691
vn 0.8951 0.4077 0.1804
vn 0.8074 0.3373 0.4840
vn 0.5832 0.6911 0.4269
vn 0.6329 0.4049 -0.6600
vn 0.3824 0.6042 0.6991
vn 0.8159 0.5281 0.2356
vn 0.1530 0.4742 0.8670
vn 0.6261 0.6728 0.3941
vn 0.5979 0.6868 0.4133
vn 0.3971 0.9115 0.1068
vn -0.5185 0.8542 -0.0388
vn 0.1305 0.4756 -0.8699
vn 0.7003 0.4513 0.5531
vn 0.2885 0.4710 -0.8337
vn 0.8127 0.5575 -0.1696
vn 0.2776 0.4853 0.8291
vn 0.1660 0.6509 0.7408
vn 0.5483 0.7606 0.3477
vn 0.5841 0.7476 -0.3160
vn 0.6854 0.6590 0.3098
vn 0.1038 0.9376 0.3317
vn 0.3651 0.7250 -0.5840
vn -0.1238 0.9918 -0.0306
vn -0.0290 0.5150 -0.8567
vn 0.8310 0.4316 -0.3510
vn 0.8297 0.5369 -0.1525
vn 0.6125 0.5879 0.5285
vn 0.2720 0.3976 0.8763
vn 0.2690 0.3980 0.8771
vn 0.5766 0.7900 0.2083
vn 0.7994 0.4898 0.3480
vn 0.3907 0.8973 -0.2054
vn 0.4142 0.6752 -0.6103
vn 0.3756 0.4929 -0.7849
vn 0.3214 0.7183 0.6171
vn 0.8272 0.5326 -0.1791
vn 0.1817 0.7310 -0.6577
vn 0.3125 0.8060 -0.5028
vn 0.5744 0.6178 -0.5369
vn 0.8318 0.4716 0.2927
vn 0.0458 0.6201 0.7832
vn 0.7073 0.6731 0.2157
vn 0.5093 0.4070 -0.7583
vn 0.5448 0.7627 0.3485
vn 0.3909 0.8578 0.3337
vn 0.6400 0.4010 -0.6554
vn 0.5309 0.6993 -0.4787
vn 0.6545 0.7554 -0.0307
vn 0.7219 0.6903 -0.0480
vn 0.4627 0.8653 -0.1926
vn 0.1194 0.9439 0.3077
vn 0.3704 0.5883 0.7188
vn 0.5066 0.7211 0.4727
vn 0.3483 0.9366 0.0369
vn 0.5487 0.8158 -0.1828
vn 0.4173 0.8724 0.2545
vn 0.6998 0.6921 -0.1769
vn -0.0161 0.7779 0.6282
vn -0.0596 0.8729 0.4842
vn 0.1126 0.9804 -0.1619
vn 0.1930 0.5321 0.8244
vn 0.5101 0.6810 -0.5254
vn 0.5723 0.7655 -0.2942
vn 0.5833 0.7698 -0.2591
vn 0.6631 0.7265 -0.1802
vn 0.4087 0.5239 -0.7473
vn 0.5318 0.6289 -0.5672
vn 0.5386 0.6055 -0.5859
vn 0.6943 0.6848 -0.2216
vn 0.6943 0.6840 -0.2238
vn 0.6421 0.7042 0.3029
vn 0.2153 0.7559 -0.6183
vn 0.6210 0.3798 -0.6856
vn 0.6856 0.5017 -0.5275
vn -0.2022 0.9318 0.3015
vn 0.6214 0.7012 -0.3496
vn 0.6586 0.6621 -0.3577
vn 0.5375 0.8427 -0.0316
vn 0.6151 0.7682 0.1777
vn 0.5063 0.6249 0.5943
vn 0.2390 0.6893 0.6839
vn 0.1603 0.4748 0.8654
vn 0.5548 0.7469 -0.3664
vn 0.4838 0.7069 -0.5160
vn 0.6314 0.7709 -0.0843
vn 0.4751 0.8458 0.2425
vn 0.4462 0.8752 -0.1871
vn -0.3398 0.8317 -0.4390
vn 0.2808 0.3971 0.8738
vn 0.5749 0.5831 0.5740
vn 0.3781 0.8318 0.4064
vn 0.4150 0.9023 0.1165
vn 0.3111 0.9499 0.0295
vn 0.7613 0.5402 0.3585
vn 0.5559 0.7431 -0.3724
vn 0.5708 0.6218 -0.5362
vn 0.5433 0.7131 0.4430
vn 0.3768 0.6857 0.6227
vn 0.4232 0.5342 -0.7318
vn 0.1868 0.4270 -0.8847
vn 0.3536 0.8538 0.3821
vn 0.6831 0.4667 0.5617
vn 0.5062 0.4039 0.7619
vn 0.5618 0.4331 0.7048
vn 0.4815 0.7670 0.4240
vn 0.6991 0.6096 -0.3736
vn 0.5921 0.5336 -0.6039
vn 0.4481 0.8843 0.1316
vn -0.0517 0.6057 0.7940
vn 0.1070 0.2819 0.9535
vn 0.4448 0.7430 0.5001
vn 0.2531 0.8464 0.4686
vn 0.6442 0.7642 -0.0325
vn 0.2839 0.5017 0.8172
vn 0.6545 0.4268 -0.6241
vn 0.3196 0.8265 -0.4635
vn 0.6951 0.7114 -0.1036
vn 0.6479 0.7617 -0.0022
vn 0.6769 0.5338 0.5068
vn 0.2052 0.5068 0.8373
vn 0.3486 0.6474 -0.6778
vn 0.4166 0.4596 -0.7843
vn 0.6258 0.7702 -0.1230
vn 0.5445 0.8359 0.0696
vn 0.2122 0.6571 0.7234
vn 0.0330 0.9705 -0.2389
vn 0.2377 0.6064 -0.7588
vn 0.3699 0.4498 -0.8129
vn -0.8565 0.4192 -0.3010
vn 0.8576 0.5059 -0.0925
vn 0.6940 0.6396 0.3305
vn 0.3146 0.6640 -0.6783
vn 0.5530 0.7348 0.3926
vn -0.1223 0.9765 -0.1774
vn 0.2562 0.8379 -0.4820
vn 0.4970 0.7474 -0.4408
vn 0.1525 0.9744 0.1650
vn 0.3803 0.8964 -0.2278
vn 0.4655 0.4819 -0.7423
vn 0.4134 0.5341 -0.7375
vn -0.1672 0.7461 -0.6445
vn -0.2964 0.7545 -0.5856
vn 0.0442 0.5368 0.8425
vn 0.4014 0.4515 0.7969
vn 0.3953 0.6468 0.6522
vn 0.2976 0.8659 0.4021
vn 0.2590 0.7038 0.6615
vn 0.1742 0.6573 0.7332
vn 0.0781 0.5664 0.8204
vn 0.4233 0.6927 -0.5840
vn 0.5188 0.8472 -0.1146
vn 0.6249 0.7341 0.2657
vn 0.3718 0.9234 -0.0958
vn -0.2100 0.7229 -0.6583
vn -0.2170 0.7296 -0.6485
vn 0.6769 0.7105 -0.1926
vn -0.1965 0.7019 0.6846
vn 0.3283 0.6333 0.7008
vn 0.5944 0.7977 0.1020
vn 0.1933 0.9392 0.2839
vn 0.5832 0.7196 0.3768
vn 0.4202 0.6474 -0.6358
vn 0.4136 0.6955 -0.5875
vn 0.2600 0.8473 0.4632
vn 0.7683 0.6026 -0.2159
vn 0.7956 0.5272 -0.2983
vn 0.5469 0.5144 0.6605
vn -0.2952 0.4341 0.8511
vn -0.1155 0.5879 0.8007
vn 0.0950 0.6934 0.7143
vn 0.0295 0.9329 -0.3590
vn 0.3404 0.9280 -0.1517
vn 0.7568 0.6459 -0.0999
vn 0.7625 0.6416 -0.0829
vn 0.4362 0.6331 -0.6395
vn 0.1558 0.7895 0.5936
vn 0.1018 0.6863 0.7201
vn -0.5179 0.7985 0.3067
vn -0.0641 0.4756 0.8773
vn 0.7784 0.5596 -0.2845
vn 0.7122 0.4079 -0.5713
vn 0.7549 0.6536 0.0539
vn 0.2754 0.9613 0.0044
vn 0.0914 0.4700 0.8779
vn 0.2302 0.6535 -0.7210
vn 0.3375 0.8083 -0.4824
vn 0.6728 0.6760 0.3005
vn -0.3289 0.8654 0.3779
vn 0.4341 0.5805 -0.6889
vn 0.5610 0.6326 -0.5340
vn 0.6358 0.5394 -0.5522
vn 0.6977 0.7163 0.0080
vn 0.7589 0.5643 -0.3249
vn 0.5295 0.8456 0.0680
vn 0.2375 0.9448 0.2258
vn 0.2930 0.9460 0.1390
vn 0.1160 0.8621 -0.4933
vn 0.6591 0.7519 0.0108
vn 0.6879 0.7258 -0.0031
vn 0.2391 0.5344 -0.8107
vn 0.4132 0.8957 -0.1641
vn -0.1080 0.8352 0.5393
vn 0.4531 0.8221 0.3448
vn -0.0690 0.5546 0.8292
vn 0.2121 0.4520 0.8664
vn 0.1364 0.6150 0.7766
vn -0.1104 0.6880 0.7173
vn 0.5673 0.5632 -0.6009
vn 0.6754 0.4059 -0.6157
vn 0.1472 0.7176 -0.6807
vn 0.4410 0.5679 0.6950
vn 0.0608 0.9274 -0.3690
vn 0.1458 0.5649 0.8122
vn 0.4070 0.7011 -0.5855
vn 0.2218 0.8577 -0.4639
vn 0.7608 0.6301 -0.1557
vn 0.1250 0.8437 -0.5221
vn 0.0268 0.9938 0.1075
vn -0.0224 0.9891 0.1455
vn 0.5418 0.8037 -0.2459
vn 0.6542 0.6900 -0.3096
vn 0.6390 0.4631 -0.6142
vn -0.3907 0.7934 -0.4668
vn -0.4206 0.9044 -0.0722
vn -0.5157 0.6034 0.6082
vn 0.6011 0.6450 -0.4719
vn 0.8084 0.5783 -0.1099
vn 0.7342 0.5418 -0.4092
vn 0.4551 0.6584 -0.5996
vn 0.4604 0.7424 -0.4867
vn 0.3328 0.9080 -0.2545
vn 0.3588 0.8905 -0.2799
vn -0.2695 0.9532 -0.1370
vn 0.2643 0.9338 -0.2410
vn 0.7558 0.4716 -0.4543
vn 0.6593 0.5798 -0.4787
vn 0.7530 0.6375 -0.1629
vn -0.4563 0.5529 0.6972
vn 0.0916 0.4542 0.8862
vn -0.1593 0.5345 0.8300
vn 0.3717 0.9239 -0.0904
vn 0.5143 0.7245 -0.4589
vn -0.0352 0.9711 -0.2362
vn -0.1170 0.9929 0.0209
vn -0.1123 0.8722 -0.4760
vn 0.1945 0.5660 0.8011
vn 0.1319 0.9568 0.2590
vn 0.2163 0.9440 -0.2492
vn 0.4526 0.8087 -0.3758
vn 0.3891 0.8215 -0.4169
vn 0.0415 0.9985 0.0366
vn -0.3021 0.8635 0.4038
vn -0.0531 0.8946 -0.4437
vn 0.1444 0.5572 -0.8177
vn 0.2589 0.7534 0.6044
vn 0.5934 0.7577 -0.2717
vn 0.7414 0.4889 -0.4597
vn -0.5797 0.7244 -0.3730
vn -0.2779 0.9573 0.0796
vn 0.2974 0.8208 0.4877
vn -0.2570 0.5932 0.7630
vn 0.3600 0.9013 -0.2409
vn 0.1659 0.9335 0.3178
vn 0.2450 0.5270 -0.8138
vn 0.3182 0.6664 -0.6742
vn -0.1179 0.6304 0.7672
vn 0.0664 0.8930 -0.4451
vn 0.2905 0.5019 -0.8147
vn 0.2948 0.5046 -0.8115
vn 0.6461 0.7572 -0.0961
vn 0.5854 0.7954 -0.1570
vn -0.0116 0.7999 0.6000
vn 0.4279 0.5597 0.7097
vn 0.4565 0.5710 0.6823
vn 0.2765 0.4661 0.8404
vn 0.1887 0.9546 -0.2304
vn -0.2399 0.9104 0.3369
vn -0.2263 0.4501 0.8638
vn 0.3738 0.6652 -0.6464
vn 0.6100 0.7923 0.0069
vn -0.5444 0.6763 0.4963
vn -0.1791 0.9750 -0.1319
vn -0.0676 0.6241 -0.7784
vn -0.4464 0.4569 0.7694
vn -0.3727 0.5266 0.7641
vn -0.5840 0.6882 0.4305
vn 0.5009 0.7339 -0.4588
vn 0.3135 0.5921 -0.7424
vn 0.3851 0.8383 -0.3858
vn 0.1644 0.9832 0.0790
vn 0.4378 0.7968 -0.4165
vn 0.0433 0.8545 0.5177
vn -0.2337 0.5686 0.7887
vn 0.0743 0.5370 0.8403
vn 0.1886 0.6844 -0.7043
vn -0.0793 0.9719 0.2216
vn 0.3139 0.9454 -0.0876
vn -0.1839 0.4518 0.8730
vn -0.0548 0.5309 0.8457
vn -0.2341 0.9558 -0.1779
vn 0.1357 0.7157 -0.6851
vn 0.5142 0.6759 -0.5280
vn 0.3386 0.7898 -0.5114
vn -0.2657 0.8831 -0.3867
vn -0.5261 0.8504 -0.0064
vn -0.0206 0.5708 0.8208
vn -0.5526 0.7972 0.2432
vn -0.5404 0.6341 0.5531
vn 0.1514 0.9576 -0.2452
vn -0.2742 0.4603 -0.8444
vn -0.4275 0.5771 -0.6958
vn -0.4668 0.5731 -0.6735
vn -0.7060 0.6041 -0.3697
vn -0.5417 0.7401 0.3984
vn -0.4779 0.7268 0.4934
vn -0.6264 0.4502 0.6363
vn -0.0367 0.8724 0.4874
vn 0.2156 0.8924 -0.3965
vn 0.4493 0.6592 -0.6029
vn 0.4215 0.6566 -0.6255
vn -0.4462 0.8015 0.3982
vn -0.4355 0.8004 0.4119
vn -0.2363 0.6458 0.7260
vn 0.3216 0.8334 -0.4495
vn 0.5685 0.7646 0.3037
vn 0.0392 0.9986 0.0357
vn -0.4577 0.6922 0.5581
vn -0.0268 0.9116 -0.4103
vn -0.5188 0.4384 -0.7340
vn -0.5101 0.4438 0.7367
vn -0.5550 0.4780 0.6808
vn 0.5170 0.5247 0.6763
vn -0.0124 0.7534 -0.6574
vn -0.2717 0.8750 -0.4008
vn -0.7100 0.6758 -0.1978
vn 0.0064 0.5906 0.8069
vn 0.2022 0.8467 0.4922
vn 0.5023 0.8627 0.0592
vn 0.7195 0.6940 0.0262
vn 0.4543 0.8809 -0.1326
vn 0.3478 0.6418 -0.6835
vn -0.7962 0.5275 -0.2965
vn -0.5249 0.4481 0.7236
vn -0.5022 0.4620 0.7310
vn 0.4285 0.6952 0.5771
vn 0.5297 0.7824 -0.3274
vn 0.3643 0.8805 -0.3034
vn -0.2474 0.7880 0.5638
vn 0.3271 0.9105 -0.2530
vn 0.3588 0.9237 -0.1345
vn 0.6909 0.7170 -0.0924
vn 0.1678 0.9641 -0.2057
vn -0.4347 0.8271 0.3564
vn -0.4195 0.8985 0.1291
vn -0.6114 0.7677 -0.1921
vn -0.6791 0.6451 -0.3504
vn 0.0683 0.4459 0.8925
vn 0.5113 0.7062 0.4898
vn 0.1972 0.9658 -0.1684
vn 0.2426 0.8043 0.5424
vn 0.4805 0.8233 -0.3021
vn -0.0727 0.9958 -0.0549
vn -0.3254 0.6724 0.6648
vn -0.4930 0.6598 0.5670
vn -0.6999 0.7125 -0.0499
vn -0.6742 0.6471 -0.3561
vn -0.3399 0.4893 -0.8031
vn -0.8572 0.5041 0.1055
vn -0.2771 0.6150 0.7382
vn 0.4156 0.6974 0.5839
vn 0.1163 0.6605 -0.7418
vn -0.0919 0.8823 -0.4615
vn 0.4572 0.8636 0.2127
vn 0.4804 0.8233 -0.3022
vn -0.2056 0.4458 0.8712
vn -0.0760 0.7389 0.6696
vn 0.2421 0.7417 -0.6255
vn 0.1320 0.9201 -0.3689
vn 0.2077 0.8408 -0.4999
vn 0.7333 0.6399 -0.2298
vn 0.2017 0.9785 -0.0427
vn 0.3468 0.6378 -0.6877
vn -0.0789 0.8781 -0.4719
vn -0.0783 0.9290 -0.3616
vn -0.4297 0.8471 0.3126
vn -0.6800 0.5107 0.5261
vn -0.7948 0.4183 -0.4397
vn -0.8348 0.4338 -0.3391
vn -0.0078 0.6133 0.7898
vn 0.0608 0.9579 -0.2804
vn 0.0752 0.7239 -0.6858
vn 0.2367 0.7847 -0.5729
vn 0.2405 0.7623 -0.6009
vn 0.1886 0.6670 -0.7208
vn 0.1665 0.9829 0.0782
vn -0.5136 0.6085 0.6049
vn 0.0669 0.6790 -0.7311
vn 0.2575 0.9052 -0.3382
vn 0.2707 0.8882 -0.3711
vn 0.1130 0.8822 0.4571
vn -0.7057 0.6007 0.3758
vn -0.6723 0.6402 0.3717
vn -0.6110 0.4478 -0.6529
vn -0.7774 0.4634 -0.4252
vn -0.8231 0.5618 0.0833
vn -0.4187 0.8481 -0.3247
vn -0.7814 0.5774 0.2369
vn 0.1697 0.8334 -0.5259
vn -0.0185 0.8019 -0.5971
vn 0.5028 0.7836 0.3648
vn 0.3719 0.5216 -0.7679
vn -0.6762 0.6198 0.3983
vn -0.6581 0.7147 -0.2368
vn -0.7681 0.5716 -0.2886
vn -0.3097 0.5183 0.7972
vn -0.3468 0.8514 0.3936
vn 0.1581 0.7743 0.6127
vn 0.1259 0.6726 -0.7292
vn 0.2732 0.9474 -0.1666
vn 0.2812 0.8427 -0.4591
vn 0.3315 0.7093 -0.6221
vn -0.2154 0.7736 0.5960
vn 0.6392 0.6533 -0.4058
vn -0.3294 0.8249 0.4595
vn -0.7437 0.3604 -0.5630
vn -0.7921 0.4681 -0.3919
vn -0.8108 0.5788 0.0877
vn -0.5441 0.5326 0.6483
vn -0.0346 0.8396 0.5422
vn -0.0319 0.7357 0.6765
vn 0.1729 0.9130 -0.3695
vn -0.1070 0.9706 -0.2157
vn -0.8250 0.5548 0.1073
vn -0.8318 0.5466 -0.0967
vn -0.7822 0.5752 0.2394
vn 0.1526 0.7683 -0.6216
vn -0.1951 0.9349 0.2964
vn -0.7760 0.6251 -0.0846
vn -0.6222 0.5997 -0.5032
vn -0.7483 0.3814 0.5427
vn -0.5820 0.3548 0.7317
vn -0.1608 0.9868 -0.0187
vn -0.8290 0.5591 0.0085
vn -0.7980 0.5753 -0.1796
vn -0.8401 0.5348 0.0909
vn 0.1286 0.9470 0.2945
vn -0.0598 0.5580 0.8277
vn -0.0682 0.8751 -0.4791
vn 0.2706 0.9625 -0.0202
vn -0.2587 0.7961 0.5470
vn 0.0684 0.9855 -0.1552
vn 0.0642 0.9877 -0.1428
vn -0.1063 0.6941 -0.7120
vn -0.7142 0.6887 0.1248
vn -0.8760 0.3745 0.3040
vn -0.7704 0.6289 -0.1045
vn -0.3730 0.9277 0.0152
vn -0.6513 0.3796 -0.6571
vn -0.7036 0.5171 -0.4874
vn -0.6378 0.5352 -0.5539
vn -0.1594 0.6021 -0.7823
vn -0.1184 0.7630 -0.6355
vn 0.0879 0.8528 -0.5147
vn 0.0362 0.6897 -0.7232
vn -0.0690 0.9906 -0.1183
vn 0.0660 0.5504 0.8323
vn 0.0592 0.5376 0.8411
vn 0.2953 0.8782 -0.3762
vn 0.0746 0.5560 -0.8278
vn -0.4055 0.7947 -0.4517
vn -0.7044 0.7077 0.0552
vn -0.6897 0.5710 0.4453
vn -0.6492 0.5177 0.5573
vn -0.8733 0.4796 0.0854
vn -0.2211 0.7900 -0.5719
vn -0.2011 0.9726 -0.1164
vn -0.7404 0.5430 -0.3962
vn -0.8291 0.5493 0.1047
vn -0.7344 0.6181 0.2805
vn -0.5555 0.7780 -0.2936
vn -0.3755 0.9268 0.0106
vn -0.2539 0.8477 0.4657
vn 0.2625 0.8943 -0.3623
vn 0.3431 0.9351 0.0882
vn 0.2230 0.7194 0.6579
vn -0.4334 0.7017 -0.5656
vn -0.8600 0.5102 0.0041
vn -0.7999 0.5871 0.1246
vn -0.7598 0.3575 0.5430
vn -0.2884 0.9573 0.0211
vn -0.8079 0.5870 -0.0526
vn -0.0268 0.5492 0.8352
vn -0.1296 0.9372 0.3238
vn -0.6964 0.5674 -0.4394
vn -0.9072 0.2345 0.3492
vn -0.4614 0.5811 0.6704
vn -0.7585 0.5843 0.2885
vn -0.7691 0.4993 0.3990
vn -0.5724 0.7245 0.3839
vn -0.2266 0.8444 -0.4855
vn 0.1889 0.8003 -0.5690
vn -0.0920 0.9924 -0.0820
vn -0.0163 0.6987 0.7152
vn -0.6016 0.7292 0.3261
vn -0.4407 0.8938 0.0832
vn -0.4271 0.6146 -0.6632
vn -0.3570 0.5916 -0.7229
vn -0.7537 0.6361 -0.1653
vn -0.4508 0.4838 -0.7502
vn -0.6163 0.4520 0.6449
vn -0.1632 0.8268 -0.5383
vn 0.4374 0.8487 -0.2973
vn 0.4436 0.8646 -0.2361
vn -0.1798 0.7418 -0.6461
vn -0.7111 0.6124 0.3453
vn -0.8415 0.5082 0.1833
vn -0.0129 0.7309 -0.6823
vn -0.7701 0.6153 0.1681
vn -0.7143 0.3968 0.5765
vn -0.7159 0.4086 0.5662
vn -0.9014 0.4142 0.1263
vn -0.8371 0.4759 -0.2699
vn -0.5098 0.6886 -0.5157
vn -0.4877 0.5520 0.6763
vn -0.1844 0.9535 -0.2384
vn 0.3394 0.9376 -0.0755
vn -0.7279 0.6362 0.2558
vn 0.2576 0.9284 0.2677
vn -0.4900 0.8699 0.0568
vn -0.0531 0.8195 -0.5706
vn -0.0706 0.8385 -0.5403
vn 0.2728 0.9159 -0.2944
vn 0.1299 0.9891 -0.0697
vn 0.0822 0.8709 0.4845
vn -0.6046 0.6895 -0.3988
vn -0.8363 0.5230 -0.1645
vn -0.6794 0.4867 -0.5492
vn -0.8214 0.4544 -0.3446
vn -0.8565 0.5162 0.0032
vn -0.7058 0.4798 0.5211
vn -0.6878 0.3997 0.6059
vn -0.6933 0.6330 0.3444
vn -0.7024 0.6190 0.3513
vn -0.4973 0.8261 0.2651
vn -0.0266 0.8225 -0.5681
vn -0.6244 0.7133 0.3183
vn -0.1436 0.9493 0.2796
vn 0.3925 0.6345 0.6658
vn 0.0490 0.7714 -0.6344
vn -0.4287 0.6069 -0.6692
vn -0.9216 0.3814 -0.0714
vn -0.2636 0.9266 0.2683
vn -0.4922 0.8683 0.0611
vn 0.1429 0.7586 0.6357
vn 0.1114 0.5352 0.8373
vn 0.3684 0.5969 0.7128
vn 0.0757 0.4599 0.8847
vn 0.0948 0.8630 0.4962
vn -0.5793 0.8151 -0.0071
vn -0.7730 0.5600 0.2982
vn -0.9105 0.3335 -0.2446
vn -0.7801 0.3855 -0.4927
vn -0.7936 0.4276 -0.4328
vn -0.9247 0.3531 -0.1425
vn -0.9312 0.3550 -0.0830
vn -0.9050 0.2989 0.3028
vn -0.2065 0.6053 -0.7688
vn -0.3067 0.6898 -0.6558
vn -0.6967 0.6994 0.1598
vn -0.3464 0.9312 -0.1138
vn -0.0735 0.9783 -0.1936
vn 0.1774 0.9486 -0.2622
vn -0.1325 0.9313 -0.3394
vn 0.1419 0.9697 0.1991
vn -0.8327 0.5185 -0.1942
vn -0.9331 0.3214 -0.1612
vn -0.0826 0.8512 -0.5184
vn 0.0204 0.6577 -0.7530
vn -0.4192 0.8422 -0.3391
vn -0.3885 0.9144 0.1141
vn -0.6492 0.7606 0.0062
vn -0.8505 0.5104 0.1272
vn -0.6930 0.7141 -0.0987
vn -0.3030 0.8535 0.4239
vn 0.1547 0.6888 0.7083
vn 0.1250 0.7492 -0.6505
vn -0.9003 0.4143 -0.1337
vn -0.8808 0.4594 -0.1150
vn -0.8937 0.2920 -0.3407
vn -0.9572 0.2477 0.1501
vn -0.8772 0.2958 0.3781
vn -0.7038 0.6191 0.3483
vn -0.1511 0.8271 -0.5413
vn -0.2193 0.6113 -0.7604
vn 0.3230 0.9441 -0.0660
vn -0.2779 0.9506 0.1382
vn -0.4333 0.5153 0.7394
vn -0.6027 0.7382 -0.3029
vn -0.6381 0.7694 0.0290
vn -0.0809 0.9962 -0.0327
vn 0.4302 0.6010 0.6736
vn 0.1408 0.6990 0.7011
vn 0.2897 0.7839 -0.5492
vn 0.2891 0.7810 -0.5536
vn 0.0715 0.9271 -0.3678
vn 0.1655 0.8923 0.4200
vn -0.8641 0.4887 0.1207
vn -0.6577 0.4623 0.5947
vn -0.8797 0.4118 -0.2379
vn -0.9290 0.2888 -0.2313
vn -0.8389 0.4721 0.2708
vn -0.1386 0.8309 -0.5389
vn -0.2888 0.9539 -0.0813
vn -0.5042 0.7253 -0.4687
vn -0.1931 0.8746 0.4447
vn -0.0086 0.9501 0.3119
vn 0.0665 0.9789 -0.1934
vn 0.1861 0.6534 -0.7338
vn -0.5988 0.7679 -0.2276
vn -0.8511 0.5068 -0.1368
vn -0.8619 0.5066 0.0246
vn -0.8135 0.5288 0.2420
vn -0.8206 0.4343 0.3713
vn -0.5944 0.3633 0.7174
vn -0.8337 0.4632 0.3007
vn -0.7676 0.5105 0.3875
vn -0.6955 0.7129 0.0893
vn -0.6931 0.6492 0.3131
vn -0.5922 0.7807 -0.1996
vn -0.8200 0.5138 0.2521
vn -0.8395 0.5260 0.1363
vn -0.8090 0.4715 0.3509
vn -0.2997 0.9398 -0.1639
vn -0.1476 0.8459 -0.5125
vn -0.0389 0.8279 0.5595
vn -0.6141 0.7251 -0.3116
vn -0.6525 0.6555 0.3801
vn -0.7177 0.6882 -0.1065
vn -0.6344 0.7699 -0.0690
vn 0.1030 0.9939 0.0398
vn 0.0981 0.9934 0.0594
vn 0.6324 0.5123 0.5810
vn 0.3302 0.5951 0.7327
vn 0.0551 0.9073 -0.4168
vn -0.0796 0.7536 -0.6525
vn 0.2742 0.8853 -0.3756
vn 0.2322 0.9668 -0.1068
vn -0.0956 0.6228 -0.7765
vn -0.5811 0.7233 0.3730
vn -0.6387 0.7567 -0.1394
vn -0.3060 0.8834 -0.3550
vn 0.2340 0.5564 0.7973
vn 0.4093 0.7705 -0.4886
vn -0.0782 0.8902 0.4488
vn -0.0090 0.9886 -0.1505
vn -0.7477 0.6622 0.0486
vn -0.8928 0.4397 -0.0980
vn -0.8747 0.4244 -0.2342
vn -0.7210 0.6866 0.0934
vn -0.4507 0.8548 -0.2573
vn -0.3615 0.8131 -0.4563
vn -0.5578 0.7806 0.2820
vn -0.5814 0.8023 0.1354
vn 0.0177 0.7508 -0.6603
vn -0.0900 0.9684 -0.2327
vn 0.2433 0.8772 0.4139
vn 0.6602 0.5043 -0.5567
vn 0.0938 0.7749 -0.6251
vn 0.1506 0.9741 -0.1688
vn -0.7075 0.4383 0.5544
vn -0.8701 0.3081 -0.3848
vn -0.9137 0.3226 0.2473
vn -0.8920 0.3735 0.2545
vn -0.2270 0.6431 -0.7314
vn -0.3119 0.9490 0.0465
vn -0.3710 0.7651 0.5264
vn -0.5826 0.8039 0.1199
vn 0.3224 0.7784 0.5386
vn 0.2623 0.8821 0.3913
vn 0.0123 0.9999 -0.0076
vn -0.8724 0.4631 0.1562
vn -0.9398 0.3114 -0.1408
vn -0.9441 0.3080 0.1176
vn -0.2465 0.6870 -0.6836
vn -0.3151 0.6177 0.7205
vn 0.6102 0.7512 0.2518
vn -0.0053 0.9082 -0.4185
vn -0.1925 0.9225 -0.3346
vn -0.0521 0.9165 0.3966
vn -0.7111 0.4892 0.5050
vn -0.8819 0.4695 -0.0435
vn -0.9130 0.3569 -0.1974
vn -0.8999 0.3767 0.2198
vn -0.3613 0.7468 -0.5584
vn -0.4593 0.5640 -0.6863
vn -0.0396 0.8278 0.5596
vn -0.3602 0.8182 -0.4481
vn 0.1148 0.9921 0.0498
vn 0.0838 0.9924 0.0906
vn 0.3269 0.5506 0.7681
vn -0.8173 0.3934 -0.4209
vn -0.9446 0.3147 0.0928
vn -0.7366 0.6656 -0.1195
vn -0.4320 0.7720 -0.4662
vn -0.0110 0.9687 0.2478
vn -0.5735 0.7329 -0.3661
vn -0.0089 0.8838 0.4678
vn 0.2199 0.7514 -0.6221
vn 0.5450 0.4538 0.7050
vn 0.2776 0.9022 -0.3301
vn 0.0858 0.9444 0.3174
vn -0.6574 0.6742 0.3366
vn -0.6602 0.5324 0.5298
vn -0.7233 0.5924 0.3550
vn -0.8988 0.3962 -0.1875
vn -0.9332 0.3525 -0.0698
vn -0.8511 0.4847 0.2017
vn -0.8359 0.5488 -0.0145
vn -0.5169 0.7457 -0.4204
vn -0.2935 0.6201 0.7276
vn -0.5617 0.7294 -0.3904
vn -0.2493 0.7517 0.6105
vn 0.4936 0.5241 -0.6940
vn -0.6518 0.7305 0.2041
vn 0.6560 0.7531 0.0503
vn 0.3397 0.4928 0.8011
vn -0.0258 0.7374 -0.6750
vn 0.1604 0.9850 -0.0643
vn -0.2853 0.9573 0.0465
vn 0.0555 0.9885 -0.1405
vn 0.1090 0.9723 -0.2069
vn -0.8465 0.4838 0.2222
vn -0.6653 0.4382 0.6045
vn -0.9397 0.3126 -0.1388
vn -0.4060 0.9087 0.0969
vn 0.0678 0.8839 0.4627
vn -0.4321 0.5237 0.7342
vn 0.4226 0.4677 0.7763
vn -0.6460 0.7478 -0.1531
vn -0.1844 0.8578 -0.4797
vn 0.6320 0.7066 0.3182
vn 0.3876 0.7176 0.5786
vn 0.7394 0.6693 0.0730
vn 0.3485 0.5393 0.7666
vn -0.0612 0.9444 -0.3229
vn -0.0384 0.9895 0.1395
vn -0.0816 0.9919 -0.0977
vn -0.5801 0.8048 0.1255
vn -0.6616 0.5510 0.5086
vn -0.9165 0.3889 0.0936
vn -0.7275 0.6771 -0.1108
vn -0.5510 0.5542 -0.6239
vn 0.0659 0.8016 -0.5942
vn -0.5110 0.8388 -0.1880
vn -0.3320 0.6645 -0.6694
vn 0.5896 0.4875 0.6440
vn 0.0962 0.8587 -0.5034
vn 0.0972 0.9377 0.3335
vn -0.5840 0.8062 0.0945
vn -0.7847 0.6185 0.0425
vn -0.8839 0.4673 0.0193
vn -0.9328 0.3487 -0.0908
vn 0.1657 0.9842 0.0616
vn 0.4379 0.8581 -0.2683
vn 0.7120 0.6983 0.0738
vn 0.2463 0.9613 -0.1231
vn 0.0987 0.9388 0.3300
vn -0.7690 0.6356 -0.0675
vn -0.7655 0.6393 0.0724
vn -0.8422 0.5386 -0.0254
vn -0.9062 0.3233 -0.2724
vn -0.9532 0.2631 0.1488
vn -0.6125 0.7771 -0.1447
vn -0.3442 0.7992 -0.4927
vn -0.3938 0.8310 -0.3929
vn -0.6340 0.7695 -0.0765
vn -0.5523 0.7836 0.2845
vn 0.1171 0.5377 -0.8350
vn 0.5003 0.6607 -0.5596
vn 0.4434 0.7625 -0.4711
vn 0.5443 0.8374 -0.0503
vn 0.3729 0.4657 0.8025
vn 0.0968 0.7750 -0.6245
vn -0.0810 0.9940 -0.0740
vn -0.6622 0.6681 0.3392
vn -0.8258 0.5612 -0.0567
vn -0.7652 0.5726 0.2943
vn -0.5766 0.5252 0.6259
vn -0.8908 0.3548 -0.2840
vn -0.1191 0.6590 -0.7426
vn -0.6485 0.7435 -0.1635
vn -0.5068 0.8544 -0.1147
vn -0.6505 0.7456 -0.1448
vn -0.4267 0.5951 -0.6810
vn -0.5591 0.8285 -0.0317
vn 0.4327 0.4665 0.7714
vn 0.1961 0.8209 -0.5363
vn -0.7662 0.5728 0.2912
vn -0.5389 0.4858 0.6882
vn -0.8515 0.5135 -0.1064
vn -0.9426 0.3002 0.1462
vn -0.2366 0.5869 -0.7744
vn 0.2719 0.4190 0.8663
vn -0.4535 0.6535 -0.6061
vn 0.4222 0.7976 0.4309
vn 0.5648 0.7670 -0.3044
vn 0.5757 0.7948 -0.1920
vn 0.3766 0.6443 0.6657
vn 0.2207 0.8943 -0.3894
vn 0.0121 0.6987 -0.7153
vn -0.0727 0.9955 0.0604
vn 0.0341 0.9298 0.3665
vn 0.0196 0.9689 0.2468
vn -0.8894 0.4556 0.0377
vn -0.9457 0.2985 -0.1289
vn -0.4317 0.7815 -0.4505
vn -0.4577 0.8096 -0.3676
vn -0.6086 0.7646 0.2122
vn -0.3235 0.7770 0.5400
vn -0.3631 0.7628 -0.5350
vn -0.7170 0.6849 0.1297
vn 0.2211 0.7378 0.6378
vn 0.6419 0.5228 0.5610
vn 0.5923 0.4783 0.6484
vn -0.6558 0.6363 0.4063
vn -0.4659 0.4674 0.7513
vn -0.7023 0.6282 0.3350
vn -0.7434 0.6543 0.1387
vn -0.9501 0.2909 -0.1126
vn -0.9221 0.3839 0.0474
vn -0.7739 0.6048 -0.1878
vn -0.4431 0.7289 -0.5219
vn 0.1849 0.4247 0.8862
vn 0.0259 0.3763 0.9261
vn -0.6625 0.7036 -0.2570
vn 0.1946 0.9230 0.3319
vn -0.3711 0.7810 0.5023
vn -0.7057 0.6116 0.3575
vn -0.9465 0.2994 -0.1207
vn -0.7846 0.5643 -0.2569
vn -0.4489 0.8886 0.0940
vn -0.3387 0.7912 0.5093
vn -0.7039 0.6985 0.1287
vn 0.1030 0.7109 -0.6957
vn 0.5122 0.7776 0.3647
vn 0.7437 0.6537 -0.1403
vn 0.4044 0.4569 0.7922
vn 0.1535 0.8006 -0.5792
vn -0.2688 0.7425 0.6136
vn -0.6035 0.6820 -0.4132
vn -0.6871 0.6605 -0.3028
vn -0.6815 0.5410 0.4928
vn 0.3504 0.5999 -0.7192
vn 0.0491 0.5797 -0.8133
vn -0.2555 0.9648 0.0627
vn -0.0698 0.9976 -0.0037
vn 0.0849 0.9323 -0.3515
vn 0.1814 0.8181 -0.5457
vn -0.2265 0.9726 0.0525
vn -0.2275 0.9106 0.3450
vn -0.6632 0.7366 0.1323
vn -0.8854 0.4646 0.0137
vn -0.5935 0.7027 -0.3925
vn -0.3654 0.8162 -0.4475
vn -0.7240 0.6858 0.0746
vn -0.8372 0.5348 0.1144
vn -0.2383 0.9176 0.3180
vn 0.1412 0.5524 -0.8215
vn -0.0645 0.5612 -0.8252
vn 0.1209 0.4571 -0.8812
vn 0.4819 0.4419 0.7566
vn -0.0018 0.6989 -0.7152
vn -0.1251 0.9874 -0.0973
vn -0.5123 0.8405 0.1764
vn -0.1041 0.9904 -0.0910
vn -0.7300 0.6829 -0.0248
vn -0.3939 0.5587 0.7298
vn -0.8345 0.4733 -0.2821
vn -0.7492 0.6232 -0.2243
vn -0.4649 0.5486 -0.6949
vn -0.8392 0.5435 0.0191
vn -0.1087 0.7485 0.6542
vn -0.0812 0.9946 -0.0639
vn -0.0077 0.9115 -0.4113
vn -0.1120 0.9089 -0.4018
vn -0.1026 0.9027 -0.4178
vn -0.2464 0.9354 0.2535
vn -0.3253 0.4895 0.8090
vn -0.6204 0.6108 -0.4920
vn -0.4524 0.7200 -0.5262
vn -0.3552 0.8212 -0.4466
vn -0.8243 0.5386 -0.1744
vn 0.5777 0.6387 0.5082
vn 0.2102 0.9560 -0.2045
vn -0.3774 0.8317 0.4072
vn -0.3338 0.9075 0.2549
vn -0.6624 0.7399 -0.1177
vn -0.5623 0.6397 0.5241
vn -0.4159 0.8338 0.3631
vn -0.6812 0.6996 0.2159
vn -0.8743 0.4849 -0.0223
vn -0.5275 0.4927 -0.6921
vn -0.7946 0.5605 0.2333
vn -0.6656 0.7078 0.2367
vn -0.8434 0.5356 -0.0416
vn -0.1787 0.5132 -0.8395
vn -0.1948 0.5442 -0.8160
vn 0.2412 0.3919 0.8879
vn 0.6478 0.5102 0.5657
vn -0.0240 0.6287 -0.7772
vn -0.1089 0.7335 -0.6709
vn 0.8690 0.4402 -0.2258
vn 0.4991 0.6101 0.6154
vn 0.4617 0.5964 0.6566
vn 0.0505 0.9905 -0.1281
vn -0.4137 0.8957 -0.1630
vn -0.6808 0.7281 0.0803
vn -0.6696 0.6328 0.3889
vn -0.3998 0.6497 0.6466
vn -0.7947 0.5272 -0.3007
vn -0.8689 0.4822 -0.1113
vn -0.6697 0.6639 -0.3327
vn -0.8138 0.5671 -0.1270
vn 0.3239 0.4756 -0.8178
vn 0.5166 0.7757 0.3626
vn 0.4473 0.4537 0.7708
vn -0.6959 0.6640 0.2734
vn -0.4671 0.7061 0.5322
vn -0.7029 0.6756 0.2225
vn -0.7848 0.6197 -0.0069
vn -0.1128 0.4973 0.8602
vn 0.0426 0.9906 -0.1303
vn 0.5665 0.4290 0.7036
vn -0.7565 0.5409 -0.3676
vn -0.9077 0.4007 -0.1249
vn -0.6336 0.6867 0.3563
vn -0.0048 0.5232 0.8522
vn 0.6141 0.7487 -0.2496
vn 0.4979 0.5582 0.6638
vn 0.0745 0.7988 -0.5970
vn -0.1042 0.7730 -0.6258
vn -0.1762 0.6737 0.7177
vn -0.6789 0.7309 -0.0701
vn -0.6373 0.7446 0.1986
vn -0.4670 0.7092 0.5282
vn -0.6964 0.6864 0.2094
vn -0.8291 0.4024 -0.3882
vn -0.8984 0.4357 0.0549
vn -0.5825 0.6900 0.4296
vn 0.2579 0.9617 0.0928
vn -0.7334 0.5122 -0.4471
vn 0.6021 0.7654 -0.2270
vn -0.3899 0.8010 0.4542
vn -0.4691 0.8559 0.2177
vn -0.3465 0.7956 0.4970
vn -0.3352 0.8906 0.3075
vn -0.1212 0.8792 0.4608
vn -0.7889 0.5918 0.1656
vn -0.8951 0.4458 -0.0056
vn -0.8055 0.5884 -0.0704
vn -0.6581 0.6401 -0.3965
vn -0.2807 0.5717 -0.7710
vn 0.4927 0.7086 0.5052
vn -0.6872 0.4532 -0.5677
vn -0.6372 0.5064 -0.5810
vn 0.4927 0.7951 0.3535
vn 0.7148 0.6666 -0.2114
vn -0.4143 0.8952 -0.1642
vn -0.3257 0.9437 0.0588
vn -0.3676 0.8331 0.4133
vn -0.5485 0.6268 0.5535
vn -0.5916 0.7544 0.2842
vn -0.9020 0.4290 0.0493
vn -0.8367 0.4848 -0.2546
vn -0.6892 0.6305 0.3571
vn 0.2255 0.3728 0.9001
vn 0.5428 0.6521 -0.5292
vn -0.4727 0.5285 -0.7051
vn -0.4292 0.8586 -0.2804
vn 0.3052 0.5986 0.7406
vn 0.3637 0.7128 0.5998
vn 0.2266 0.4197 0.8789
vn -0.3087 0.8731 -0.3774
vn -0.4710 0.8367 -0.2794
vn -0.5410 0.6669 0.5125
vn -0.6027 0.7376 0.3044
vn -0.3560 0.8619 0.3611
vn -0.2117 0.5925 0.7773
vn -0.3670 0.7258 0.5819
vn -0.5636 0.6828 0.4650
vn -0.8680 0.4836 -0.1127
vn -0.8841 0.4668 -0.0208
vn -0.8345 0.5358 -0.1285
vn -0.6456 0.6473 -0.4052
vn -0.8081 0.5042 -0.3047
vn -0.8162 0.4473 -0.3656
vn -0.8250 0.4046 -0.3945
vn -0.9288 0.3705 -0.0078
vn -0.6958 0.6302 0.3445
vn -0.6288 0.5107 -0.5864
vn -0.1465 0.9881 -0.0468
vn -0.6995 0.5104 -0.5001
vn -0.4963 0.4830 -0.7214
vn 0.7438 0.5017 0.4416
vn 0.5590 0.4326 0.7073
vn -0.6111 0.7106 -0.3487
vn -0.6300 0.7079 0.3194
vn -0.6705 0.7173 0.1895
vn -0.3137 0.8234 0.4728
vn -0.7517 0.6567 0.0615
vn -0.7585 0.5979 -0.2590
vn -0.7139 0.5407 -0.4450
vn -0.7979 0.4366 -0.4157
vn -0.8544 0.5194 -0.0104
vn -0.8804 0.4740 0.0112
vn 0.5942 0.6612 -0.4581
vn 0.5696 0.4073 0.7139
vn -0.5665 0.7939 0.2210
vn -0.3221 0.9083 -0.2670
vn -0.4389 0.8316 0.3404
vn -0.3570 0.7083 0.6091
vn -0.8073 0.4510 -0.3807
vn 0.3251 0.7378 -0.5915
vn -0.1225 0.4390 -0.8901
vn 0.4557 0.7894 -0.4113
vn 0.4789 0.6563 -0.5831
vn -0.4139 0.8554 -0.3113
vn -0.7516 0.5481 -0.3670
vn -0.0384 0.4531 -0.8906
vn -0.2095 0.8226 0.5285
vn 0.3577 0.7208 0.5938
vn 0.7850 0.6177 0.0477
vn 0.6902 0.5062 0.5172
vn -0.5116 0.6939 -0.5068
vn -0.3577 0.9205 -0.1572
vn -0.7573 0.5109 -0.4068
vn -0.8141 0.4413 0.3775
vn -0.2847 0.4799 -0.8299
vn -0.1141 0.4787 0.8705
vn -0.3525 0.9339 -0.0603
vn -0.3837 0.9096 -0.1594
vn -0.3138 0.5572 0.7688
vn -0.1834 0.8579 0.4800
vn -0.7300 0.6802 0.0665
vn -0.8985 0.3881 -0.2051
vn -0.0973 0.7897 -0.6057
vn -0.1007 0.3476 0.9322
vn 0.7482 0.6436 0.1612
vn 0.0474 0.3375 0.9401
vn -0.4883 0.7813 -0.3887
vn -0.4416 0.8289 0.3433
vn -0.7588 0.6272 -0.1757
vn -0.7636 0.5197 -0.3832
vn 0.7134 0.6934 0.1011
vn 0.8025 0.5648 0.1923
vn 0.7867 0.6155 0.0477
vn -0.3656 0.8464 -0.3872
vn -0.4512 0.7701 -0.4510
vn -0.6560 0.7136 0.2460
vn -0.1708 0.8325 0.5270
vn -0.5166 0.7361 0.4374
vn -0.6353 0.6573 -0.4055
vn -0.7580 0.5986 -0.2592
vn -0.8811 0.3965 0.2577
vn -0.7972 0.4754 -0.3722
vn -0.3714 0.6579 -0.6551
vn -0.0859 0.7821 -0.6172
vn 0.6890 0.4142 -0.5947
vn 0.1342 0.4980 0.8568
vn 0.0838 0.9765 -0.1984
vn -0.5070 0.4140 -0.7560
vn -0.3608 0.7843 0.5047
vn 0.7914 0.5643 0.2350
vn 0.6186 0.7668 0.1712
vn 0.2428 0.6797 0.6922
vn -0.3183 0.9199 -0.2293
vn -0.6526 0.5304 0.5411
vn -0.6940 0.6734 -0.2547
vn -0.8066 0.5017 -0.3126
vn -0.7895 0.6113 0.0555
vn -0.8306 0.4605 -0.3130
vn -0.7661 0.4612 0.4477
vn -0.7859 0.5872 -0.1937
vn -0.8243 0.5645 -0.0433
vn 0.8768 0.4702 -0.1012
vn 0.4592 0.7904 0.4055
vn -0.8410 0.3679 -0.3966
vn -0.9301 0.3325 -0.1563
vn -0.6139 0.2485 -0.7492
vn -0.7345 0.4785 -0.4811
vn 0.5409 0.7234 0.4291
vn -0.4030 0.3629 0.8402
vn -0.3108 0.8133 -0.4918
vn -0.6596 0.6888 -0.3009
vn -0.5462 0.6813 0.4872
vn -0.2769 0.8700 0.4080
vn -0.4432 0.8246 0.3517
vn -0.5648 0.6223 0.5419
vn -0.3770 0.7827 0.4953
vn -0.6342 0.7731 -0.0110
vn -0.6602 0.5370 -0.5251
vn -0.8154 0.5719 0.0892
vn -0.8770 0.3314 -0.3478
vn -0.6225 0.6482 0.4385
vn -0.8453 0.4468 0.2930
vn -0.5658 0.4010 -0.7205
vn -0.8259 0.5547 -0.1013
vn 0.8822 0.3133 -0.3516
vn -0.2077 0.9554 0.2101
vn -0.6435 0.7475 0.1647
vn 0.4118 0.6766 -0.6105
vn -0.1217 0.4321 0.8936
vn -0.4083 0.8416 -0.3535
vn -0.4735 0.8783 -0.0669
vn -0.5966 0.7175 0.3594
vn -0.4591 0.8251 0.3294
vn -0.0588 0.7320 0.6788
vn -0.6668 0.7442 -0.0390
vn -0.6360 0.7711 0.0306
vn -0.7524 0.5281 -0.3937
vn -0.7258 0.5357 -0.4315
vn -0.8081 0.5890 -0.0021
vn -0.6556 0.5446 0.5231
vn -0.3865 0.4732 -0.7917
vn -0.5751 0.5536 -0.6023
vn 0.8511 0.3129 -0.4216
vn -0.6309 0.5759 0.5199
vn 0.6226 0.5956 -0.5075
vn -0.0383 0.5957 0.8023
vn -0.3409 0.3121 0.8868
vn -0.1227 0.4758 0.8710
vn -0.3532 0.8138 -0.4615
vn -0.5383 0.6921 0.4809
vn -0.4840 0.7345 0.4757
vn -0.5840 0.7900 0.1866
vn -0.0144 0.8673 0.4975
vn -0.1859 0.7702 0.6101
vn -0.7796 0.5426 -0.3128
vn -0.6529 0.5134 -0.5569
vn -0.5264 0.7891 -0.3166
vn -0.8101 0.5516 -0.1985
vn -0.8012 0.5647 -0.1982
vn 0.2144 0.5243 0.8241
vn 0.5387 0.4655 -0.7022
vn -0.0347 0.9762 0.2141
vn -0.1205 0.9241 0.3627
vn 0.2712 0.7743 0.5718
vn -0.4329 0.8570 -0.2796
vn -0.8168 0.5641 -0.1204
vn -0.8372 0.5240 -0.1568
vn -0.8760 0.4641 -0.1317
vn -0.0482 0.5084 -0.8598
vn 0.5318 0.3976 0.7477
vn -0.5328 0.2601 -0.8053
vn -0.6520 0.7421 0.1555
vn -0.5689 0.8141 -0.1168
vn -0.4242 0.8172 0.3902
vn -0.5573 0.7419 0.3728
vn -0.5407 0.6360 0.5505
vn -0.6665 0.3383 -0.6643
vn -0.7220 0.3320 -0.6070
vn 0.1247 0.5434 0.8301
vn -0.1633 0.1991 -0.9663
vn 0.7221 0.3536 -0.5947
vn 0.1832 0.5723 0.7993
vn -0.6496 0.7207 -0.2420
vn -0.4126 0.8293 0.3770
vn -0.0746 0.8337 0.5471
vn -0.8147 0.4834 -0.3203
vn 0.4977 0.8516 0.1645
vn -0.4794 0.3468 0.8062
vn -0.8358 0.5348 -0.1241
vn -0.7900 0.5350 0.2993
vn -0.5406 0.8320 0.1243
vn -0.0529 0.7356 0.6754
vn -0.0414 0.6794 0.7326
vn -0.5789 0.8113 -0.0816
vn -0.5359 0.7842 -0.3128
vn -0.8938 0.3819 0.2352
vn -0.8319 0.3092 -0.4609
vn -0.5861 0.2779 -0.7611
vn 0.6508 0.3834 0.6554
vn 0.5799 0.3577 0.7320
vn 0.3936 0.9122 0.1143
vn 0.1409 0.5310 0.8356
vn -0.3781 0.3790 0.8446
vn -0.5916 0.4043 0.6975
vn -0.6580 0.6890 -0.3038
vn -0.5743 0.8110 -0.1114
vn -0.5556 0.7800 -0.2878
vn -0.6342 0.5832 0.5076
vn -0.5488 0.7381 0.3925
vn -0.8098 0.5191 -0.2734
vn -0.6097 0.6030 0.5145
vn -0.7629 0.3143 -0.5649
vn -0.8576 0.4804 -0.1840
vn -0.7898 0.5654 -0.2380
vn -0.5076 0.4336 -0.7446
vn -0.6666 0.5723 0.4777
vn -0.6258 0.6862 0.3707
vn -0.5998 0.5225 0.6060
vn -0.6788 0.7330 -0.0438
vn -0.5398 0.8188 0.1952
vn -0.5384 0.6632 0.5199
vn -0.6130 0.6513 0.4472
vn -0.6420 0.6568 0.3954
vn -0.8781 0.4736 0.0687
vn -0.8039 0.5541 0.2160
vn -0.7970 0.5037 0.3334
vn -0.9178 0.3937 0.0516
vn -0.8083 0.3653 -0.4617
vn -0.0437 0.2000 -0.9788
vn -0.8197 0.3658 -0.4408
vn -0.5338 0.2926 0.7934
vn -0.6325 0.7608 0.1454
vn -0.4659 0.8833 0.0527
vn -0.8119 0.5696 -0.1284
vn -0.7171 0.4658 -0.5185
vn -0.7699 0.5449 0.3322
vn 0.1969 0.3930 0.8982
vn -0.8932 0.3109 0.3249
vn -0.8340 0.5450 -0.0866
vn -0.8437 0.5367 0.0102
vn -0.5098 0.8530 -0.1119
vn -0.6967 0.7120 -0.0878
vn -0.7749 0.4930 -0.3956
vn -0.8546 0.3497 -0.3839
vn -0.8458 0.3458 -0.4062
vn -0.6449 0.4859 0.5900
vn -0.8783 0.4499 -0.1617
vn -0.3796 0.3639 -0.8506
vn -0.7821 0.2872 -0.5530
vn -0.6923 0.2478 -0.6777
vn -0.7926 0.3668 0.4871
vn -0.3846 0.8535 -0.3516
vn -0.6329 0.6791 0.3719
vn -0.5789 0.6232 0.5259
vn -0.3033 0.8801 0.3652
vn -0.8104 0.5189 -0.2721
vn -0.8180 0.4675 -0.3352
vn -0.8863 0.4546 -0.0889
vn -0.8685 0.4947 -0.0308
vn -0.8823 0.3887 -0.2652
vn -0.5784 0.4014 -0.7102
vn -0.9119 0.3603 -0.1966
vn -0.5093 0.8084 0.2951
vn -0.2169 0.4107 -0.8856
vn -0.6392 0.3283 0.6954
vn -0.3587 0.9025 -0.2383
vn -0.4875 0.5591 0.6707
vn -0.8001 0.4962 0.3370
vn -0.8473 0.5061 -0.1608
vn -0.9095 0.3800 -0.1687
vn -0.8094 0.3677 -0.4579
vn -0.7692 0.2798 -0.5745
vn -0.8723 0.3006 -0.3856
vn 0.0607 0.3121 0.9481
vn -0.2613 0.3862 0.8846
vn -0.2640 0.3804 0.8864
vn -0.4590 0.3257 0.8266
vn -0.4584 0.8454 -0.2740
vn -0.4728 0.8488 -0.2365
vn -0.4762 0.8452 -0.2427
vn -0.4442 0.8842 -0.1445
vn -0.6179 0.7542 -0.2223
vn -0.6620 0.7469 0.0622
vn -0.7628 0.6138 0.2033
vn -0.6450 0.7284 0.2309
vn -0.7701 0.6230 -0.1369
vn -0.9154 0.3793 0.1346
vn -0.7425 0.5741 0.3452
vn -0.7255 0.5439 0.4217
vn -0.4568 0.5325 0.7126
vn -0.8616 0.3054 -0.4053
vn -0.3588 0.4790 0.8011
vn 0.3254 0.6232 -0.7111
vn -0.9073 0.4196 -0.0264
vn -0.7100 0.3327 0.6206
vn -0.3264 0.8262 -0.4592
vn -0.5155 0.8258 -0.2289
vn -0.6871 0.6822 0.2499
vn -0.4480 0.7040 0.5511
vn -0.9143 0.3819 0.1348
vn -0.8731 0.3410 -0.3485
vn -0.5285 0.4648 -0.7104
vn -0.9550 0.2563 -0.1491
vn -0.9054 0.2533 -0.3408
vn -0.4536 0.3099 0.8356
vn -0.6647 0.7374 0.1198
vn -0.6825 0.6168 0.3921
vn -0.3725 0.8799 0.2949
vn -0.7275 0.6861 -0.0009
vn -0.7924 0.6047 -0.0809
vn 0.0675 0.2932 0.9537
vn -0.5843 0.5684 -0.5792
vn -0.7390 0.2341 -0.6318
vn -0.8620 0.3356 0.3800
vn -0.8812 0.4668 0.0748
vn -0.6394 0.3414 0.6889
vn -0.4946 0.8073 -0.3219
vn -0.6788 0.6661 0.3089
vn -0.5372 0.8417 0.0548
vn -0.4017 0.7035 -0.5863
vn 0.5189 0.5914 0.6172
vn -0.6314 0.7418 0.2262
vn -0.6515 0.6634 0.3682
vn -0.6727 0.5946 0.4404
vn -0.1991 0.7596 0.6191
vn -0.5300 0.8350 0.1483
vn -0.8156 0.5140 -0.2658
vn -0.8125 0.4648 -0.3518
vn -0.1490 0.5531 -0.8197
vn -0.8930 0.2727 -0.3581
vn -0.8030 0.2499 -0.5411
vn 0.6037 0.7715 0.2008
vn -0.5049 0.4169 -0.7558
vn -0.9531 0.3023 0.0128
vn -0.6877 0.5979 0.4118
vn -0.6876 0.5977 0.4122
vn -0.8874 0.4523 -0.0891
vn -0.9745 0.2245 -0.0045
vn -0.8645 0.2366 -0.4434
vn -0.9824 0.1824 -0.0400
vn -0.5378 0.5588 -0.6313
vn 0.5639 0.5400 -0.6248
vn -0.8885 0.2682 0.3723
vn -0.5052 0.8387 -0.2035
vn -0.2797 0.9244 -0.2593
vn -0.5162 0.8548 -0.0538
vn -0.3063 0.8795 0.3644
vn -0.1927 0.6182 0.7620
vn -0.2692 0.7855 0.5573
vn -0.2503 0.5770 0.7775
vn -0.0145 0.7174 0.6965
vn -0.4110 0.7302 -0.5458
vn -0.4976 0.7400 -0.4525
vn -0.9724 0.2301 -0.0391
vn -0.9311 0.2077 -0.2998
vn -0.9725 0.2320 -0.0221
vn 0.2029 0.8409 0.5017
vn 0.1868 0.3126 -0.9313
vn 0.1096 0.4940 -0.8625
vn -0.9406 0.3330 -0.0663
vn -0.9139 0.2473 0.3218
vn -0.7438 0.3106 0.5918
vn -0.4749 0.8018 -0.3628
vn -0.4443 0.8940 -0.0587
vn -0.4944 0.7210 0.4855
vn -0.7720 0.6236 0.1231
vn -0.4452 0.7081 0.5481
vn -0.8165 0.5135 -0.2640
vn -0.7902 0.4501 -0.4158
vn -0.4239 0.7918 0.4398
vn -0.3832 0.7828 -0.4903
vn -0.9205 0.2420 0.3068
vn 0.4127 0.9096 0.0483
vn -0.4241 0.3725 0.8255
vn -0.5236 0.7839 0.3337
vn -0.6841 0.7081 0.1748
vn -0.6769 0.5675 0.4687
vn -0.8061 0.5797 0.1187
vn -0.9247 0.3789 0.0361
vn -0.9156 0.3740 0.1477
vn -0.8932 0.3011 -0.3340
vn -0.7767 0.6042 0.1779
vn -0.9715 0.2145 -0.1007
vn -0.9761 0.2095 0.0585
vn -0.9544 0.2239 -0.1974
vn -0.7915 0.3101 -0.5267
vn -0.7370 0.2890 -0.6110
vn -0.9115 0.2580 0.3203
vn -0.4719 0.8034 -0.3630
vn -0.6910 0.4622 0.5558
vn -0.7371 0.6345 0.2326
vn -0.3423 0.8991 0.2727
vn -0.9302 0.3406 0.1368
vn -0.1643 0.5561 -0.8147
vn -0.1342 0.5801 -0.8034
vn 0.4450 0.3811 -0.8104
vn -0.1913 0.4055 0.8939
vn -0.8074 0.1942 0.5571
vn -0.6931 0.2864 0.6615
vn -0.6363 0.5412 0.5497
vn -0.5800 0.8059 0.1192
vn -0.5593 0.8057 -0.1953
vn -0.9261 0.3757 0.0353
vn -0.6217 0.7806 0.0650
vn -0.0932 0.5529 -0.8280
vn -0.6106 0.3958 0.6859
vn 0.2327 0.5221 0.8205
vn -0.4376 0.8902 -0.1266
vn -0.3689 0.9225 -0.1135
vn -0.5289 0.8481 0.0321
vn -0.7085 0.6311 0.3158
vn -0.6522 0.7292 0.2070
vn -0.5689 0.8183 0.0823
vn -0.7489 0.5869 -0.3076
vn -0.6534 0.5708 -0.4972
vn -0.7911 0.2037 -0.5767
vn -0.5928 0.5932 0.5447
vn -0.4484 0.4424 -0.7767
vn -0.9616 0.1909 0.1973
vn -0.8652 0.2813 -0.4151
vn -0.5661 0.5587 0.6061
vn -0.2998 0.3521 0.8867
vn -0.4184 0.8826 -0.2142
vn -0.4739 0.8768 -0.0814
vn -0.8001 0.5632 0.2065
vn -0.7191 0.6947 -0.0166
vn -0.7014 0.7104 -0.0586
vn -0.7081 0.6934 -0.1335
vn 0.3762 0.4104 -0.8307
vn 0.7330 0.4993 -0.4620
vn -0.4598 0.7292 0.5068
vn -0.4363 0.8300 0.3474
vn -0.5628 0.7569 0.3323
vn -0.6131 0.7777 0.1390
vn -0.9051 0.3018 -0.2996
vn -0.8264 0.5420 0.1526
vn -0.9423 0.2007 0.2679
vn -0.9440 0.2010 0.2616
vn 0.4627 0.4584 -0.7588
vn 0.4567 0.4268 -0.7806
vn 0.3162 0.6108 -0.7259
vn 0.7269 0.6841 -0.0603
vn 0.7136 0.6999 0.0316
vn 0.7847 0.6096 -0.1123
vn 0.5323 0.5149 -0.6719
vn -0.6281 0.4087 0.6622
vn -0.3249 0.8589 -0.3959
vn -0.3382 0.7689 -0.5426
vn -0.5671 0.8150 0.1188
vn -0.7941 0.5889 0.1503
vn -0.6481 0.6001 -0.4689
vn -0.9367 0.3486 -0.0325
vn -0.9377 0.2097 -0.2770
vn -0.9331 0.3016 0.1957
vn 0.4400 0.4549 -0.7743
vn 0.4489 0.3808 -0.8084
vn 0.0849 0.5441 -0.8347
vn 0.3294 0.5608 0.7596
vn -0.4484 0.8069 -0.3846
vn -0.5088 0.8298 -0.2293
vn -0.3914 0.8170 -0.4234
vn -0.3768 0.9200 -0.1082
vn -0.4404 0.8938 0.0850
vn -0.5290 0.8481 0.0295
vn -0.4755 0.7897 0.3876
vn -0.7897 0.5739 0.2169
vn -0.4774 0.6901 0.5439
vn -0.8896 0.4463 -0.0974
vn -0.8118 0.2725 -0.5165
vn -0.8021 0.4177 -0.4267
vn 0.7280 0.5082 -0.4601
vn -0.7278 0.5201 0.4469
vn 0.2888 0.5184 0.8049
vn -0.7628 0.5833 0.2792
vn -0.5574 0.8234 0.1063
vn -0.5423 0.6524 -0.5293
vn -0.9048 0.2131 0.3687
vn 0.3889 0.7261 -0.5670
vn 0.7343 0.5344 -0.4186
vn -0.4336 0.4413 0.7857
vn -0.4848 0.3125 0.8169
vn -0.5192 0.7627 0.3857
vn -0.6080 0.5630 0.5599
vn -0.6664 0.6692 0.3288
vn -0.6947 0.6925 -0.1946
vn -0.9297 0.3663 0.0400
vn -0.9314 0.1855 -0.3131
vn -0.7977 0.4209 -0.4319
vn -0.8891 0.4147 0.1939
vn -0.9592 0.2446 0.1420
vn -0.7843 0.5983 0.1640
vn 0.5171 0.4878 -0.7034
vn 0.4797 0.4872 -0.7298
vn -0.6700 0.7180 -0.1886
vn -0.2097 0.6832 -0.6995
vn -0.5589 0.4218 0.7139
vn -0.5396 0.4974 0.6793
vn -0.7997 0.2959 0.5225
vn -0.7176 0.3854 0.5800
vn -0.3277 0.8415 0.4294
vn -0.3300 0.8348 0.4407
vn -0.7719 0.5529 0.3136
vn -0.7070 0.6723 0.2194
vn -0.9495 0.2670 0.1650
vn 0.5113 0.5569 -0.6546
vn 0.1178 0.5755 -0.8093
vn -0.7345 0.5118 0.4456
vn -0.7073 0.6298 -0.3209
vn -0.6160 0.6594 0.4310
vn -0.8670 0.4983 -0.0036
vn -0.9483 0.3027 0.0953
vn -0.7804 0.2115 -0.5884
vn -0.8245 0.2448 -0.5102
vn -0.5173 0.7381 -0.4332
vn -0.7945 0.2166 0.5673
vn -0.8964 0.2829 0.3412
vn 0.6555 0.6212 -0.4295
vn 0.1608 0.5117 -0.8440
vn 0.1598 0.5182 -0.8402
vn 0.3507 0.8223 -0.4481
vn 0.1436 0.6813 -0.7178
vn 0.0947 0.5783 -0.8103
vn 0.2426 0.6791 0.6928
vn -0.8710 0.3902 0.2987
vn -0.0168 0.5510 0.8344
vn -0.5983 0.6552 0.4613
vn -0.8575 0.5044 -0.1017
vn -0.8498 0.3686 0.3768
vn 0.2814 0.8241 -0.4916
vn 0.5472 0.4871 -0.6807
vn -0.5873 0.5331 -0.6090
vn -0.2001 0.6958 -0.6898
vn 0.0583 0.8652 -0.4981
vn -0.2039 0.6755 -0.7086
vn -0.3524 0.6977 0.6237
vn 0.5346 0.4909 0.6879
vn -0.5796 0.6763 -0.4547
vn -0.3170 0.9147 0.2506
vn -0.6728 0.6294 0.3889
vn -0.7221 0.2431 -0.6476
vn 0.0574 0.6821 -0.7290
vn -0.0828 0.4725 -0.8774
vn -0.3764 0.8872 -0.2669
vn 0.1766 0.7561 -0.6302
vn 0.3477 0.7209 0.5996
vn -0.5256 0.8502 0.0313
vn -0.6428 0.7215 0.2572
vn -0.5922 0.8039 -0.0549
vn -0.6310 0.7399 -0.2331
vn -0.9090 0.3110 0.2774
vn 0.0583 0.6843 -0.7269
vn 0.1124 0.6805 -0.7241
vn -0.3687 0.8012 -0.4714
vn 0.0816 0.5643 -0.8216
vn 0.5925 0.6702 0.4470
vn -0.4618 0.6650 0.5870
vn -0.6486 0.6889 -0.3237
vn -0.5751 0.6518 0.4945
vn -0.6725 0.2661 -0.6906
vn -0.8568 0.2063 0.4725
vn 0.5909 0.4992 -0.6338
vn 0.1242 0.6778 -0.7247
vn 0.3255 0.7012 0.6344
vn -0.5253 0.3468 0.7770
vn -0.6965 0.5571 0.4523
vn 0.1869 0.7677 0.6129
vn -0.4628 0.7695 -0.4400
vn -0.3378 0.9379 -0.0786
vn -0.4130 0.7818 0.4672
vn -0.4191 0.7284 0.5420
vn -0.7146 0.6803 0.1633
vn -0.5486 0.8291 0.1080
vn -0.5567 0.8188 0.1400
vn -0.5492 0.8276 0.1158
vn 0.1100 0.9759 -0.1885
vn -0.2964 0.8007 -0.5207
vn 0.5177 0.5011 -0.6935
vn 0.2588 0.6665 0.6991
vn -0.4812 0.3131 0.8188
vn -0.6395 0.7055 0.3055
vn 0.5803 0.7115 0.3963
vn -0.7028 0.6309 -0.3287
vn -0.5517 0.7116 0.4351
vn -0.5687 0.6365 0.5210
vn -0.6209 0.6339 0.4611
vn -0.6052 0.4183 0.6774
vn 0.5966 0.4433 -0.6690
vn 0.5851 0.4871 -0.6484
vn -0.3299 0.8707 -0.3646
vn 0.4869 0.3379 -0.8055
vn -0.2782 0.8885 -0.3650
vn 0.2008 0.5326 -0.8222
vn -0.5261 0.4307 0.7333
vn 0.1092 0.8758 0.4701
vn 0.1169 0.8786 0.4631
vn -0.6868 0.6101 -0.3951
vn -0.7055 0.6886 0.1678
vn -0.7228 0.6474 0.2416
vn -0.4181 0.8482 0.3251
vn -0.4876 0.8348 0.2556
vn -0.6266 0.7443 -0.2312
vn -0.6274 0.2708 -0.7301
vn 0.6125 0.4570 -0.6450
vn -0.3803 0.8850 -0.2686
vn -0.3707 0.2813 0.8851
vn 0.5859 0.7107 0.3894
vn -0.4848 0.8341 -0.2631
vn -0.5293 0.6375 0.5598
vn -0.6169 0.7039 0.3520
vn -0.7283 0.6513 0.2131
vn -0.5666 0.8139 -0.1289
vn -0.0008 0.9981 -0.0624
vn -0.4939 0.4084 -0.7676
vn 0.0897 0.6893 -0.7189
vn 0.1595 0.4802 -0.8625
vn 0.1261 0.7401 -0.6606
vn -0.0030 0.6612 -0.7502
vn 0.2591 0.9320 0.2536
vn -0.3573 0.9291 -0.0952
vn -0.3388 0.8927 0.2970
vn -0.5349 0.7031 0.4684
vn -0.5142 0.6672 0.5389
vn 0.3338 0.8005 -0.4979
vn 0.4435 0.6135 -0.6535
vn 0.5869 0.7450 -0.3171
vn -0.0738 0.9002 -0.4292
vn 0.4888 0.4646 -0.7384
vn 0.0788 0.9941 0.0746
vn -0.0891 0.9681 0.2340
vn -0.5308 0.6903 0.4917
vn -0.6140 0.6989 0.3668
vn -0.6219 0.7632 -0.1754
vn 0.0442 0.9768 -0.2094
vn 0.3163 0.4693 -0.8244
vn 0.6986 0.5488 -0.4590
vn -0.5550 0.3382 0.7600
vn -0.4921 0.8645 0.1020
vn -0.5648 0.8113 0.1510
vn -0.5638 0.8163 0.1256
vn -0.5859 0.8041 0.1002
vn 0.3485 0.7259 -0.5929
vn 0.3187 0.4863 -0.8136
vn -0.3498 0.8235 -0.4466
vn 0.4881 0.4646 -0.7388
vn -0.2995 0.2786 0.9125
vn -0.4836 0.8174 0.3129
vn -0.4576 0.7602 0.4611
vn 0.1725 0.8476 0.5018
vn -0.7361 0.5786 -0.3514
vn -0.6269 0.7645 -0.1501
vn -0.5144 0.8549 0.0677
vn 0.1478 0.6767 -0.7213
vn 0.6118 0.4881 -0.6225
vn 0.3110 0.5664 -0.7632
vn 0.2274 0.6256 -0.7463
vn 0.2468 0.5438 -0.8021
vn 0.0128 0.3535 0.9353
vn 0.4694 0.7660 0.4392
vn 0.4087 0.8769 0.2529
vn -0.6068 0.5827 -0.5406
vn -0.6755 0.6542 -0.3402
vn -0.3745 0.8970 -0.2346
vn -0.2892 0.8387 0.4614
vn -0.5566 0.8187 0.1408
vn -0.4706 0.8330 0.2908
vn 0.1780 0.7835 -0.5953
vn 0.6058 0.5657 -0.5594
vn 0.7050 0.6154 -0.3525
vn -0.2618 0.5283 -0.8077
vn 0.3280 0.9137 0.2400
vn 0.7730 0.4573 0.4398
vn 0.0955 0.9927 0.0741
vn 0.8870 0.4432 -0.1296
vn -0.5306 0.6870 0.4965
vn -0.5596 0.8171 0.1382
vn -0.6620 0.7450 -0.0815
vn -0.6058 0.5351 0.5888
vn 0.0034 1.0000 -0.0004
vn 0.4958 0.4252 -0.7572
vn 0.5412 0.6589 -0.5225
vn 0.5611 0.6377 -0.5278
vn 0.1059 0.7507 -0.6521
vn -0.3262 0.4671 0.8218
vn 0.3700 0.5205 0.7695
vn 0.3404 0.7249 0.5988
vn -0.6917 0.6235 -0.3643
vn -0.7155 0.6555 -0.2416
vn -0.6084 0.6132 -0.5038
vn -0.6240 0.7639 -0.1646
vn -0.5881 0.7985 0.1288
vn 0.1916 0.8935 -0.4061
vn 0.3800 0.7108 -0.5919
vn 0.4078 0.6930 -0.5945
vn -0.5650 0.5083 0.6499
vn 0.8303 0.5557 -0.0419
vn -0.6410 0.6403 -0.4232
vn -0.6031 0.7714 0.2030
vn 0.2352 0.8454 -0.4795
vn 0.1745 0.6832 -0.7091
vn 0.0564 0.4545 -0.8890
vn 0.4472 0.6099 -0.6542
vn -0.4498 0.8324 -0.3238
vn 0.0895 0.6064 -0.7901
vn -0.0334 0.7652 -0.6430
vn 0.0083 0.4235 0.9059
vn 0.6026 0.6197 0.5028
vn -0.7050 0.5533 -0.4437
vn -0.2907 0.7628 0.5776
vn 0.1525 0.6895 -0.7080
vn 0.3029 0.7997 -0.5184
vn -0.1081 0.3445 0.9325
vn -0.2373 0.6979 0.6757
vn -0.4353 0.8781 0.1987
vn 0.8889 0.4419 -0.1209
vn -0.5181 0.7092 0.4782
vn -0.4803 0.8260 0.2951
vn -0.0003 1.0000 -0.0001
vn 0.1570 0.7944 -0.5868
vn 0.3174 0.5224 -0.7914
vn -0.2110 0.5218 -0.8266
vn 0.4031 0.6849 -0.6069
vn -0.6435 0.7019 -0.3053
vn -0.4614 0.4406 0.7700
vn 0.2620 0.4597 0.8486
vn -0.5418 0.7696 -0.3379
vn -0.4745 0.6875 0.5497
vn -0.4873 0.6978 0.5250
vn -0.5122 0.6858 0.5170
vn -0.5556 0.8211 0.1311
vn 0.0046 1.0000 0.0008
vn 0.0469 0.9810 -0.1882
vn -0.6082 0.5836 -0.5380
vn -0.4024 0.4752 -0.7825
vn -0.6712 0.6534 0.3502
vn 0.8887 0.4408 -0.1263
vn -0.6115 0.7636 -0.2072
vn -0.5338 0.8059 -0.2563
vn -0.4833 0.6756 0.5567
vn -0.0003 1.0000 -0.0017
vn 0.3030 0.4579 -0.8358
vn 0.1510 0.6538 -0.7414
vn -0.6469 0.7334 -0.2088
vn -0.1267 0.5264 -0.8407
vn -0.4532 0.4494 0.7698
vn 0.1454 0.6562 0.7405
vn -0.5626 0.7083 -0.4265
vn -0.4314 0.8992 -0.0723
vn -0.4232 0.8769 0.2280
vn -0.4692 0.7567 0.4552
vn -0.6274 0.7429 0.2335
vn -0.0578 0.8019 -0.5947
vn -0.4880 0.7493 -0.4477
vn -0.4645 0.7421 -0.4832
vn 0.5046 0.8610 0.0627
vn 0.6216 0.6370 -0.4559
vn -0.5275 0.8170 -0.2331
vn -0.4951 0.6856 0.5338
vn -0.5729 0.6248 0.5304
vn 0.1423 0.7036 -0.6962
vn 0.2453 0.7935 -0.5569
vn -0.2993 0.4615 0.8352
vn 0.6423 0.6866 0.3406
vn -0.3360 0.7698 0.5426
vn -0.3415 0.7750 0.5318
vn -0.6205 0.7577 0.2021
vn 0.0003 1.0000 0.0004
vn 0.0918 0.5471 -0.8320
vn 0.5518 0.4297 -0.7148
vn 0.7432 0.6013 -0.2934
vn 0.0276 0.4382 -0.8985
vn 0.4736 0.7368 -0.4824
vn -0.5173 0.8066 -0.2860
vn -0.4556 0.6343 0.6246
vn 0.8278 0.5355 -0.1674
vn -0.0638 0.7650 -0.6409
vn 0.5228 0.5075 0.6849
vn 0.7608 0.6481 0.0347
vn -0.5366 0.8094 -0.2384
vn -0.5525 0.6827 0.4781
vn -0.4889 0.8361 0.2489
vn -0.4682 0.8566 0.2169
vn 0.6054 0.5210 -0.6017
vn 0.7779 0.5213 -0.3509
vn 0.4764 0.8301 0.2899
vn -0.1833 0.5031 -0.8446
vn -0.7240 0.5989 0.3422
vn 0.5448 0.7631 0.3477
vn -0.4087 0.7352 -0.5408
vn -0.3737 0.8913 -0.2569
vn -0.5048 0.8213 0.2657
vn -0.3842 0.7633 0.5194
vn -0.0000 1.0000 0.0001
vn 0.1651 0.7722 -0.6136
vn 0.4896 0.3989 -0.7754
vn -0.7525 0.3323 0.5686
vn -0.4076 0.6132 0.6766
vn 0.4765 0.8480 -0.2320
vn 0.5593 0.8221 -0.1061
vn -0.5422 0.8131 -0.2121
vn 0.2617 0.6263 -0.7344
vn 0.2568 0.4439 -0.8585
vn 0.8118 0.4806 -0.3318
vn 0.7974 0.5067 -0.3277
vn -0.7909 0.5628 -0.2403
vn -0.5923 0.4667 0.6568
vn 0.8606 0.5037 0.0750
vn 0.7876 0.5620 -0.2526
vn -0.4546 0.8174 0.3539
vn -0.3705 0.9013 0.2244
vn 0.1159 0.7898 -0.6024
vn 0.0813 0.8064 -0.5857
vn 0.8957 0.4441 0.0231
vn -0.6680 0.4247 0.6111
vn -0.6950 0.4208 0.5831
vn -0.6241 0.4494 0.6392
vn 0.5967 0.7459 -0.2959
vn -0.4920 0.6523 -0.5765
vn -0.4575 0.6322 -0.6253
vn -0.4751 0.6373 0.6068
vn 0.1094 0.7526 -0.6493
vn 0.6598 0.7333 -0.1638
vn 0.8020 0.3163 -0.5067
vn 0.0279 0.8676 -0.4965
vn -0.5530 0.6275 0.5482
vn 0.6802 0.7246 0.1107
vn -0.4596 0.8693 -0.1822
vn -0.5609 0.6771 0.4764
vn -0.4017 0.7924 0.4592
vn 0.6624 0.7320 -0.1595
vn 0.5173 0.7996 -0.3051
vn 0.3983 0.8368 0.3756
vn 0.2800 0.9042 -0.3224
vn -0.2759 0.8731 0.4020
vn -0.1996 0.8548 -0.4790
vn -0.3292 0.8103 0.4848
vn 0.0195 0.9996 0.0186
vn -0.0168 0.9298 -0.3676
vn 0.0702 0.4688 -0.8805
vn 0.0472 0.5396 -0.8406
vn 0.3099 0.6123 -0.7274
vn -0.1463 0.5435 0.8265
vn -0.3584 0.7110 0.6050
vn -0.2354 0.9709 -0.0444
vn -0.5157 0.5405 0.6647
vn -0.3610 0.8860 -0.2911
vn -0.5406 0.7621 -0.3563
vn -0.3313 0.8785 0.3443
vn -0.0005 1.0000 -0.0010
vn 0.2366 0.4678 -0.8516
vn 0.0059 0.9896 -0.1436
vn -0.4458 0.5512 0.7053
vn -0.4697 0.7694 -0.4329
vn -0.5899 0.6774 -0.4395
vn -0.4458 0.8652 -0.2294
vn -0.3330 0.7955 0.5062
vn -0.2856 0.8226 0.4917
vn -0.0125 0.9999 -0.0062
vn 0.2251 0.4256 -0.8765
vn 0.2138 0.5413 -0.8132
vn 0.0062 0.9464 -0.3231
vn 0.5603 0.8103 -0.1715
vn 0.3443 0.8486 0.4017
vn -0.3876 0.8814 -0.2698
vn -0.5321 0.6193 0.5773
vn -0.2728 0.8551 0.4408
vn -0.0124 0.6917 -0.7221
vn 0.0205 0.4953 -0.8685
vn -0.1915 0.7576 -0.6240
vn 0.3025 0.8487 -0.4339
vn -0.0246 0.6225 -0.7822
vn -0.0637 0.5657 0.8221
vn 0.6705 0.7352 0.0992
vn -0.3547 0.5684 0.7423
vn -0.3681 0.8891 -0.2720
vn -0.5583 0.7161 -0.4189
vn -0.2495 0.8186 0.5174
vn 0.0295 0.9838 -0.1769
vn -0.1824 0.7458 -0.6407
vn 0.0104 0.6182 -0.7860
vn -0.7046 0.6275 -0.3313
vn -0.0724 0.5441 0.8359
vn 0.5802 0.8054 0.1215
vn 0.5989 0.7988 0.0564
vn -0.3871 0.8817 -0.2698
vn -0.5391 0.6824 0.4936
vn 0.3772 0.9246 -0.0535
vn 0.3943 0.8383 0.3765
vn -0.1419 0.7640 -0.6295
vn -0.4230 0.8033 0.4192
vn -0.3943 0.6471 0.6526
vn -0.5122 0.6347 0.5787
vn -0.4930 0.7843 0.3764
vn 0.1655 0.4171 -0.8937
vn 0.0645 0.8873 -0.4566
vn -0.0332 0.9934 -0.1096
vn 0.6399 0.4620 -0.6141
vn 0.3395 0.7766 -0.5307
vn 0.7105 0.5308 0.4620
vn -0.3684 0.9287 -0.0423
vn 0.7736 0.5011 -0.3878
vn 0.8648 0.4466 -0.2296
vn 0.6511 0.5201 0.5528
vn -0.5715 0.6758 0.4655
vn -0.5685 0.6836 0.4578
vn -0.6135 0.3996 0.6811
vn -0.3211 0.8953 -0.3088
vn -0.2980 0.8844 -0.3593
vn -0.0415 0.9880 -0.1489
vn -0.1593 0.8300 -0.5346
vn 0.1306 0.5610 -0.8174
vn 0.1369 0.4726 -0.8706
vn 0.2982 0.6613 -0.6883
vn 0.0302 0.8920 -0.4510
vn -0.0506 0.9214 -0.3852
vn 0.0529 0.8725 -0.4858
vn -0.4324 0.7705 0.4683
vn -0.3185 0.7948 0.5166
vn -0.2243 0.8913 0.3940
vn -0.4092 0.5256 0.7458
vn 0.0474 0.8411 0.5388
vn 0.4107 0.6895 -0.5966
vn -0.3184 0.5002 0.8053
vn -0.0060 0.9822 -0.1877
vn 0.0074 0.9689 -0.2474
vn -0.0653 0.8555 -0.5137
vn -0.7584 0.6449 0.0947
vn 0.4523 0.7406 -0.4970
vn -0.6695 0.5268 0.5237
vn -0.6275 0.3983 0.6690
vn -0.1550 0.8978 -0.4121
vn 0.1000 0.9654 -0.2410
vn -0.3182 0.8781 -0.3574
vn -0.4642 0.6418 0.6104
vn -0.0202 0.6810 -0.7320
vn -0.1593 0.8586 -0.4873
vn 0.7685 0.5081 -0.3889
vn -0.7599 0.5230 0.3860
vn 0.2286 0.5407 0.8096
vn -0.3603 0.5013 0.7867
vn 0.0865 0.9668 -0.2406
vn -0.3381 0.6758 0.6549
vn -0.4878 0.8048 0.3382
vn -0.3889 0.8309 0.3979
vn -0.3924 0.8494 0.3529
vn 0.4410 0.4654 -0.7674
vn -0.0948 0.6865 -0.7209
vn -0.4388 0.8333 -0.3363
vn 0.5117 0.6663 -0.5423
vn 0.3367 0.8149 -0.4718
vn -0.3117 0.8062 0.5030
vn -0.5224 0.5687 0.6353
vn -0.3867 0.5481 0.7417
vn -0.3155 0.8311 -0.4579
vn -0.0754 0.7794 -0.6220
vn -0.5438 0.7687 0.3367
vn 0.4108 0.4875 -0.7705
vn 0.0470 0.4406 -0.8965
vn 0.5166 0.6711 -0.5317
vn -0.4167 0.8278 -0.3756
vn -0.0294 0.7589 -0.6506
vn -0.6027 0.7805 -0.1661
vn -0.6285 0.7708 0.1043
vn -0.4277 0.7284 0.5353
vn -0.0421 0.8799 -0.4733
vn 0.0140 0.8087 -0.5881
vn -0.4740 0.7961 0.3762
vn 0.6334 0.6024 -0.4857
vn 0.3004 0.9278 -0.2211
vn -0.8509 0.4923 -0.1832
vn -0.1671 0.7009 0.6934
vn 0.4844 0.8127 0.3239
vn -0.0247 0.7917 -0.6104
vn -0.5025 0.7597 0.4128
vn -0.4602 0.7267 -0.5100
vn -0.5600 0.8282 0.0209
vn -0.3102 0.8089 0.4994
vn 0.0936 0.6805 -0.7267
vn -0.0423 0.7143 -0.6986
vn -0.7781 0.5281 -0.3400
vn 0.3956 0.7873 0.4729
vn 0.0817 0.5235 0.8481
vn 0.0206 0.9493 -0.3137
vn 0.0475 0.9267 0.3727
vn -0.5161 0.7347 0.4403
vn -0.4051 0.5538 0.7275
vn -0.3254 0.7977 0.5078
vn -0.3255 0.7977 0.5077
vn 0.4334 0.4635 -0.7729
vn -0.1505 0.5047 -0.8501
vn 0.4835 0.7248 -0.4909
vn -0.7525 0.5946 0.2832
vn 0.6464 0.7489 -0.1460
vn -0.4959 0.6231 0.6049
vn -0.3220 0.8838 -0.3394
vn 0.0809 0.7423 -0.6651
vn 0.0355 0.8206 -0.5704
vn -0.3889 0.8312 0.3974
vn 0.2826 0.4771 -0.8322
vn 0.7423 0.6672 0.0625
vn -0.3556 0.5033 0.7875
vn -0.5012 0.5982 0.6253
vn -0.3516 0.8858 -0.3029
vn -0.4363 0.8419 0.3175
vn 0.0293 0.9959 -0.0859
vn 0.0273 0.9938 -0.1078
vn -0.1800 0.7167 -0.6738
vn 0.1006 0.5335 -0.8398
vn 0.0954 0.8368 -0.5391
vn -0.5111 0.8163 0.2693
vn -0.5333 0.6405 0.5526
vn 0.8087 0.4983 -0.3125
vn 0.5714 0.7354 -0.3641
vn 0.4169 0.8209 0.3903
vn 0.1193 0.7678 0.6295
vn 0.2221 0.4223 0.8788
vn -0.5451 0.7671 0.3384
vn -0.4445 0.7653 0.4655
vn -0.3957 0.8025 0.4465
vn -0.0363 0.8471 -0.5302
vn -0.1198 0.5487 -0.8274
vn -0.5301 0.8346 0.1498
vn -0.5792 0.7777 0.2443
vn 0.1263 0.9832 -0.1319
vn -0.5911 0.7836 0.1914
vn -0.0172 0.8772 0.4798
vn -0.0949 0.9905 0.0995
vn 0.0006 1.0000 0.0007
vn -0.1150 0.5469 -0.8293
vn -0.3007 0.6203 -0.7244
vn -0.3416 0.6675 -0.6616
vn 0.3536 0.8323 -0.4270
vn -0.6823 0.5801 0.4450
vn -0.6765 0.7353 0.0398
vn 0.2613 0.8454 -0.4658
vn -0.5212 0.5851 0.6213
vn -0.1092 0.7954 -0.5962
vn -0.3648 0.7996 -0.4770
vn -0.4255 0.7609 0.4899
vn -0.4544 0.8537 0.2543
vn 0.0504 0.6537 -0.7551
vn -0.2392 0.5165 -0.8222
vn -0.7813 0.5604 -0.2748
vn 0.7250 0.6562 0.2090
vn -0.7547 0.6532 -0.0619
vn 0.1730 0.8076 -0.5638
vn -0.7146 0.4760 0.5125
vn 0.0038 0.6490 -0.7608
vn -0.3344 0.8820 -0.3320
vn -0.4370 0.8990 0.0279
vn -0.4923 0.6157 0.6152
vn -0.6025 0.7001 -0.3833
vn 0.4101 0.9017 -0.1370
vn 0.7442 0.5785 -0.3339
vn 0.6381 0.7638 -0.0973
vn -0.5880 0.6615 0.4655
vn -0.4779 0.5991 0.6424
vn -0.4919 0.4038 0.7714
vn 0.2415 0.5457 -0.8024
vn 0.4410 0.6840 -0.5811
vn -0.3084 0.6785 0.6667
vn -0.4058 0.8458 -0.3462
vn -0.4490 0.8018 0.3943
vn -0.0738 0.9607 -0.2674
vn -0.2790 0.9136 -0.2959
vn -0.3920 0.8326 0.3913
vn -0.4144 0.8514 0.3215
vn 0.0395 0.5241 -0.8507
vn 0.3552 0.4836 -0.8000
vn -0.5778 0.6311 0.5175
vn -0.6537 0.5892 -0.4749
vn -0.4840 0.4092 0.7735
vn -0.2663 0.8192 0.5079
vn -0.4355 0.7741 0.4594
vn 0.1143 0.4552 -0.8830
vn 0.3388 0.6314 -0.6975
vn -0.6551 0.6342 -0.4106
vn -0.5019 0.7004 -0.5075
vn -0.6849 0.5312 0.4988
vn -0.5759 0.7816 -0.2395
vn -0.3228 0.8943 0.3100
vn -0.4243 0.8066 0.4115
vn -0.4129 0.7720 0.4832
vn -0.0079 1.0000 -0.0015
vn -0.0128 0.8569 -0.5154
vn -0.3854 0.7890 -0.4785
vn 0.5325 0.5356 -0.6554
vn -0.5639 0.6147 -0.5515
vn -0.4049 0.7793 0.4783
vn 0.6220 0.6035 -0.4989
vn -0.0018 0.8074 0.5900
vn 0.1130 0.9852 -0.1292
vn -0.7546 0.5955 0.2755
vn -0.1779 0.9109 -0.3724
vn 0.1092 0.9273 0.3581
vn -0.5739 0.7835 -0.2384
vn -0.4570 0.8435 0.2822
vn 0.0119 0.9678 -0.2516
vn -0.6320 0.5272 -0.5679
vn 0.0219 0.8313 -0.5554
vn -0.1539 0.9879 -0.0173
vn -0.0568 0.8794 0.4726
vn -0.1050 0.8573 0.5040
vn -0.2148 0.9355 -0.2805
vn 0.4985 0.6644 -0.5568
vn -0.6099 0.3609 0.7055
vn -0.5096 0.4232 0.7491
vn -0.0718 0.8416 -0.5352
vn 0.1237 0.9347 0.3331
vn -0.3755 0.8107 0.4492
vn -0.1872 0.7079 -0.6811
vn -0.1265 0.5461 -0.8281
vn 0.4285 0.5520 -0.7153
vn -0.8450 0.4427 0.3001
vn 0.1172 0.9299 0.3486
vn -0.1777 0.9759 0.1268
vn -0.5876 0.5519 -0.5918
vn -0.3658 0.5547 -0.7473
vn 0.5734 0.5456 -0.6112
vn 0.5740 0.5848 -0.5732
vn -0.8401 0.4349 0.3243
vn -0.2044 0.9592 0.1954
vn -0.4322 0.7535 -0.4954
vn -0.7914 0.5427 0.2814
vn 0.0752 0.8164 -0.5726
vn -0.5183 0.8204 -0.2414
vn -0.3852 0.7972 0.4649
vn 0.4727 0.8002 0.3692
vn -0.2342 0.9363 -0.2616
vn -0.7932 0.5382 0.2848
vn -0.6813 0.3659 0.6340
vn 0.3896 0.8913 0.2318
vn -0.3212 0.5629 0.7615
vn -0.2597 0.5965 0.7594
vn -0.4776 0.7536 0.4516
vn -0.1013 0.9103 -0.4013
vn -0.1633 0.4756 -0.8644
vn -0.5415 0.4696 -0.6973
vn 0.7916 0.3267 -0.5163
vn -0.0094 0.9791 0.2033
vn -0.5620 0.7651 -0.3143
vn -0.2345 0.4985 0.8346
vn -0.0868 0.9561 -0.2800
vn 0.2572 0.7301 -0.6330
vn 0.3847 0.9130 -0.1360
vn -0.2849 0.9123 -0.2942
vn -0.2901 0.9557 -0.0500
vn -0.4771 0.7980 0.3682
vn -0.1827 0.5683 -0.8023
vn -0.1142 0.4944 -0.8617
vn 0.3005 0.9411 -0.1550
vn -0.8171 0.5295 -0.2279
vn -0.6758 0.5679 0.4699
vn 0.8627 0.5041 -0.0403
vn 0.4086 0.7996 0.4401
vn 0.2501 0.6309 0.7344
vn 0.4482 0.8551 -0.2606
vn 0.4355 0.8743 0.2145
vn -0.2827 0.9586 -0.0340
vn -0.5430 0.8032 0.2451
vn -0.2601 0.5324 0.8056
vn -0.2931 0.8941 0.3387
vn -0.2609 0.8339 0.4863
vn -0.0994 0.7846 -0.6120
vn -0.2046 0.5580 -0.8043
vn -0.8504 0.4802 0.2148
vn -0.2768 0.9412 -0.1938
vn 0.7115 0.6846 0.1584
vn 0.5947 0.6481 0.4756
vn -0.0102 0.9753 0.2206
vn -0.5173 0.6535 0.5526
vn 0.3261 0.7237 0.6081
vn -0.3412 0.7783 0.5271
vn -0.3843 0.5066 -0.7718
vn -0.4230 0.5508 -0.7196
vn -0.3405 0.9253 -0.1667
vn -0.2556 0.7443 0.6170
vn -0.0306 0.5698 -0.8212
vn -0.7087 0.7054 -0.0157
vn 0.7733 0.5928 -0.2249
vn 0.6140 0.7848 0.0846
vn -0.5907 0.7471 -0.3049
vn 0.0476 0.8874 0.4585
vn 0.5598 0.5683 0.6030
vn 0.4676 0.8683 0.1659
vn -0.1923 0.6519 0.7336
vn 0.0424 0.9922 -0.1171
vn 0.0396 0.9735 -0.2251
vn 0.1650 0.4720 -0.8660
vn -0.1913 0.7363 -0.6491
vn -0.1575 0.9036 -0.3984
vn -0.1982 0.9045 0.3777
vn 0.6486 0.7611 -0.0097
vn -0.8035 0.5086 0.3094
vn -0.1368 0.7936 -0.5928
vn -0.5631 0.7821 0.2669
vn -0.5128 0.6325 0.5805
vn -0.1858 0.5831 0.7909
vn -0.4025 0.8550 0.3270
vn -0.3221 0.8731 0.3660
vn -0.0009 0.5197 -0.8543
vn 0.4434 0.4148 -0.7946
vn -0.8061 0.5863 -0.0801
vn 0.8409 0.5387 0.0517
vn -0.7386 0.4994 0.4529
vn -0.5016 0.7642 0.4055
vn 0.1121 0.8989 0.4236
vn 0.1719 0.8135 -0.5555
vn 0.2076 0.6191 -0.7574
vn 0.3632 0.5723 -0.7352
vn 0.8465 0.4675 -0.2546
vn -0.3273 0.7876 0.5221
vn -0.5095 0.5987 0.6181
vn -0.3256 0.4635 0.8241
vn -0.3907 0.6903 0.6090
vn 0.2987 0.7438 -0.5980
vn 0.4383 0.8624 -0.2533
vn -0.2653 0.8588 0.4382
vn -0.2995 0.8957 0.3288
vn -0.1513 0.5691 -0.8082
vn -0.1728 0.5837 -0.7934
vn 0.4931 0.7134 -0.4978
vn 0.2254 0.9417 -0.2498
vn -0.2588 0.8665 0.4269
vn 0.4564 0.7128 -0.5326
vn -0.2919 0.8556 0.4274
vn 0.0169 0.9991 -0.0377
vn 0.1431 0.6082 -0.7808
vn 0.6952 0.5738 -0.4331
vn -0.3173 0.8798 0.3541
vn -0.7985 0.3902 0.4584
vn 0.3877 0.9173 0.0903
vn -0.3787 0.8727 -0.3080
vn 0.2889 0.9351 0.2051
vn 0.1296 0.7225 0.6792
vn 0.1178 0.8385 -0.5320
vn 0.6246 0.7017 0.3426
vn 0.1096 0.9937 -0.0220
vn 0.0251 0.9962 -0.0836
vn 0.0402 0.9918 -0.1216
vn 0.0303 0.7954 -0.6053
vn 0.0515 0.5209 -0.8521
vn 0.6641 0.6435 -0.3808
vn -0.5152 0.5984 0.6136
vn 0.2235 0.5946 -0.7723
vn -0.0607 0.6738 0.7364
vn -0.4874 0.6591 0.5727
vn -0.2175 0.8706 0.4413
vn 0.0281 0.9172 -0.3975
vn 0.0483 0.5245 -0.8500
vn 0.0874 0.6452 -0.7590
vn -0.0875 0.9024 0.4218
vn -0.1222 0.5905 0.7977
vn -0.3415 0.9012 0.2667
vn -0.5169 0.8090 -0.2801
vn 0.1192 0.9735 0.1953
vn -0.2881 0.8383 0.4629
vn 0.0165 0.9384 0.3451
vn 0.1248 0.9922 -0.0056
vn -0.3589 0.8328 0.4214
vn -0.3228 0.5798 -0.7481
vn 0.0670 0.9912 0.1142
vn 0.3126 0.8610 0.4011
vn 0.1102 0.7937 -0.5983
vn -0.5268 0.4585 0.7158
vn -0.5222 0.4513 0.7236
vn 0.2522 0.6977 -0.6705
vn 0.2827 0.8898 -0.3582
vn -0.4885 0.6496 0.5826
vn 0.0932 0.9499 -0.2982
vn 0.0133 0.8055 -0.5925
vn -0.2483 0.5410 -0.8035
vn -0.0966 0.4349 -0.8953
vn -0.5255 0.8221 -0.2193
vn 0.4252 0.4400 -0.7910
vn -0.2228 0.7044 0.6739
vn 0.6470 0.6623 0.3778
vn -0.0386 0.9955 -0.0866
vn 0.0136 0.7688 -0.6393
vn 0.2698 0.7900 -0.5506
vn 0.6533 0.5925 0.4714
vn -0.1117 0.9713 0.2099
vn 0.6293 0.6621 -0.4070
vn -0.4058 0.5440 0.7344
vn 0.6238 0.6860 0.3745
vn -0.8359 0.5206 -0.1737
vn -0.2326 0.7026 0.6724
vn -0.5723 0.8006 -0.1776
vn -0.3419 0.8825 0.3229
vn -0.5086 0.7144 0.4806
vn -0.4541 0.4531 0.7672
vn 0.8637 0.4704 0.1812
vn 0.3353 0.9223 0.1924
vn -0.3265 0.8429 0.4276
vn -0.3332 0.5710 -0.7503
vn 0.5832 0.6719 0.4565
vn -0.4768 0.8228 -0.3091
vn 0.4136 0.6322 0.6552
vn 0.2638 0.9043 -0.3357
vn 0.2862 0.9468 0.1471
vn 0.3468 0.9267 0.1450
vn 0.0012 0.6724 0.7402
vn 0.0209 0.7942 0.6073
vn -0.1096 0.7558 0.6456
vn 0.0231 0.9555 -0.2942
vn -0.1710 0.4536 -0.8746
vn -0.3911 0.4904 -0.7788
vn -0.4047 0.5968 -0.6928
vn -0.4839 0.6136 -0.6239
vn -0.6732 0.6897 -0.2668
vn -0.0427 0.8455 0.5322
vn 0.5930 0.7933 0.1378
vn 0.5640 0.7091 0.4233
vn 0.1130 0.5984 -0.7932
vn -0.2470 0.7820 0.5723
vn -0.0868 0.7876 0.6100
vn -0.2239 0.8681 0.4431
vn -0.2564 0.9120 0.3201
vn -0.1393 0.7948 -0.5906
vn -0.3198 0.4618 -0.8273
vn -0.5554 0.7625 -0.3318
vn -0.7194 0.6897 0.0825
vn 0.6204 0.6496 0.4395
vn 0.4708 0.5385 0.6988
vn 0.7989 0.5748 0.1775
vn 0.0325 0.9978 -0.0577
vn -0.6654 0.5807 -0.4691
vn -0.5986 0.7174 -0.3564
vn 0.5117 0.7714 0.3782
vn 0.5877 0.7507 0.3017
vn 0.4686 0.6900 0.5517
vn 0.5234 0.8341 0.1738
vn 0.4909 0.6866 0.5363
vn 0.5570 0.5438 0.6277
vn 0.5352 0.5726 0.6210
vn 0.2609 0.9537 0.1496
vn -0.0001 1.0000 -0.0000
vn -0.0922 0.9957 0.0067
vn 0.2114 0.8923 0.3990
vn -0.0249 0.8577 0.5136
vn 0.1436 0.7223 -0.6765
vn -0.2032 0.8232 0.5302
vn -0.1614 0.8675 0.4706
vn 0.0600 0.9377 -0.3423
vn 0.0526 0.9263 -0.3730
vn -0.3536 0.4936 -0.7946
vn -0.4325 0.6985 -0.5701
vn -0.0858 0.9071 -0.4122
vn 0.3346 0.8285 0.4490
vn -0.1289 0.8303 0.5422
vn -0.3815 0.8074 0.4501
vn -0.0097 0.9998 0.0193
vn -0.1534 0.4947 -0.8554
vn -0.1780 0.6366 -0.7504
vn -0.2606 0.9073 0.3301
vn -0.6070 0.7023 0.3720
vn -0.6434 0.5219 0.5600
vn -0.7890 0.4784 0.3854
vn 0.5979 0.6974 -0.3951
vn -0.3144 0.6808 0.6615
vn 0.0723 0.6755 0.7338
vn 0.0210 0.6245 0.7808
vn -0.0366 0.7896 0.6125
vn -0.2220 0.9734 -0.0570
vn -0.6210 0.7109 0.3302
vn -0.5703 0.7149 -0.4045
vn 0.3448 0.9322 -0.1101
vn 0.3508 0.5971 0.7214
vn -0.5436 0.5934 -0.5936
vn 0.3041 0.8225 -0.4806
vn -0.7186 0.6849 0.1209
vn -0.6244 0.6996 0.3474
vn -0.3268 0.8199 0.4701
vn 0.6121 0.6702 0.4199
vn 0.3336 0.7959 0.5053
vn 0.0128 0.9468 0.3215
vn -0.0530 0.6158 0.7861
vn -0.0293 0.9940 -0.1056
vn -0.0676 0.5981 -0.7985
vn -0.2092 0.5916 -0.7786
vn -0.0846 0.6202 -0.7799
vn 0.2527 0.6921 -0.6762
vn -0.0870 0.6327 -0.7695
vn -0.1383 0.7125 -0.6880
vn -0.7079 0.6527 0.2698
vn 0.5875 0.6529 -0.4781
vn 0.5657 0.6161 0.5481
vn 0.2256 0.6686 -0.7086
vn 0.4845 0.7855 0.3850
vn -0.0512 0.7463 -0.6636
vn -0.2385 0.7226 -0.6488
vn -0.1282 0.5593 -0.8190
vn 0.0102 0.4486 -0.8937
vn 0.0277 0.5815 -0.8131
vn -0.0832 0.7480 0.6584
vn 0.3396 0.5726 -0.7462
vn -0.1059 0.9910 0.0823
vn -0.0245 0.9790 -0.2023
vn 0.5991 0.6052 0.5242
vn 0.1097 0.6009 -0.7917
vn 0.5069 0.7422 -0.4384
vn 0.5491 0.8262 0.1262
vn 0.3033 0.6938 0.6532
vn 0.0493 0.9625 -0.2668
vn 0.2230 0.7138 -0.6639
vn -0.6941 0.6507 0.3078
vn -0.3626 0.8105 0.4600
vn 0.5763 0.6767 0.4582
vn 0.1781 0.7321 -0.6575
vn 0.2618 0.6338 0.7278
vn 0.1893 0.6253 0.7571
vn 0.1519 0.9237 -0.3517
vn -0.6826 0.6785 0.2715
vn -0.4702 0.7075 0.5277
vn -0.6343 0.5596 0.5334
vn -0.6359 0.7651 0.1011
vn 0.1536 0.6057 0.7807
vn 0.5188 0.8368 0.1750
vn 0.1996 0.6070 0.7692
vn -0.2030 0.7945 0.5723
vn 0.1473 0.9206 -0.3617
vn -0.6644 0.6219 -0.4145
vn -0.6940 0.7087 0.1272
vn -0.7251 0.6726 0.1475
vn -0.7228 0.6561 0.2170
vn -0.6094 0.7423 0.2787
vn -0.4995 0.8562 0.1321
vn 0.4752 0.8721 0.1172
vn -0.7876 0.5718 0.2296
vn -0.3023 0.8997 0.3148
vn 0.3275 0.7448 0.5814
vn 0.3428 0.8077 0.4797
vn -0.1915 0.7798 0.5961
vn -0.4935 0.7994 -0.3428
vn 0.6089 0.7302 0.3099
vn 0.2079 0.7554 -0.6214
vn 0.1308 0.6996 -0.7024
vn 0.3383 0.6258 0.7028
vn -0.0382 0.8972 0.4399
vn 0.0303 0.9979 -0.0566
vn -0.0594 0.9700 -0.2357
vn 0.1696 0.8045 -0.5692
vn -0.1424 0.7605 -0.6336
vn 0.1103 0.8448 -0.5236
vn -0.0818 0.8811 0.4658
vn 0.4010 0.5602 -0.7248
vn -0.4026 0.7807 0.4779
vn 0.3184 0.5096 0.7993
vn -0.0170 0.9080 0.4186
vn 0.4709 0.8368 0.2794
vn 0.9724 0.1492 0.1792
vn 0.3117 0.6359 -0.7060
vn -0.2641 0.7189 0.6430
vn 0.6059 0.7680 -0.2075
vn 0.5015 0.8489 0.1671
vn 0.4343 0.7868 0.4386
vn 0.0905 0.7841 -0.6141
vn 0.4715 0.7605 0.4463
vn -0.0086 0.8815 0.4721
vn -0.0900 0.8729 -0.4795
vn -0.1119 0.5587 -0.8218
vn -0.0153 0.4468 -0.8945
vn -0.3844 0.5477 -0.7431
vn 0.0829 0.7778 -0.6230
vn 0.1761 0.6086 0.7737
vn 0.0302 0.9983 -0.0501
vn -0.0184 0.9791 -0.2025
vn -0.3611 0.5426 -0.7584
vn -0.3617 0.5418 -0.7587
vn 0.0728 0.8597 0.5057
vn 0.0529 0.9357 0.3487
vn -0.1318 0.8796 0.4571
vn 0.1651 0.6670 -0.7265
vn -0.3236 0.7096 0.6259
vn 0.2969 0.5071 0.8091
vn 0.2923 0.6955 0.6563
vn 0.3715 0.6500 0.6630
vn -0.0223 0.5147 -0.8571
vn -0.0907 0.9168 -0.3889
vn 0.0876 0.9911 0.0998
vn -0.0271 0.9754 0.2187
vn 0.4690 0.7606 0.4490
vn 0.4649 0.7827 0.4139
vn 0.1414 0.8404 0.5232
vn -0.0313 0.8517 -0.5231
vn -0.4623 0.7870 0.4086
vn 0.5841 0.8083 0.0747
vn 0.6744 0.7082 0.2090
vn 0.7449 0.6660 0.0408
vn 0.2565 0.8294 0.4964
vn 0.1288 0.9082 0.3981
vn 0.0352 0.9980 -0.0534
vn 0.0016 0.9369 -0.3495
vn -0.0030 0.7551 -0.6556
vn -0.7558 0.6317 0.1723
vn 0.3104 0.9265 0.2127
vn 0.1854 0.7289 -0.6590
vn 0.2314 0.6942 -0.6816
vn 0.0694 0.5482 0.8334
vn -0.0030 0.6660 0.7459
vn 0.1218 0.8394 0.5297
vn -0.1862 0.5688 -0.8011
vn -0.5475 0.6210 -0.5609
vn -0.6886 0.6887 -0.2271
vn -0.7965 0.6026 0.0498
vn -0.7093 0.5454 0.4465
vn 0.2631 0.7222 -0.6396
vn 0.5972 0.7389 0.3120
vn 0.0069 0.5992 0.8006
vn 0.3517 0.9352 0.0407
vn 0.7458 0.5385 0.3922
vn 0.5982 0.5434 0.5890
vn 0.0206 0.7924 0.6096
vn -0.0179 0.9973 -0.0711
vn -0.2789 0.5550 -0.7837
vn -0.4699 0.7413 -0.4792
vn -0.7005 0.6724 -0.2391
vn -0.4535 0.8860 -0.0967
vn -0.6947 0.6791 0.2372
vn -0.8072 0.5088 0.2992
vn 0.6003 0.7284 0.3303
vn 0.2194 0.7732 0.5950
vn -0.0406 0.5794 0.8141
vn 0.2443 0.7555 -0.6079
vn 0.4834 0.7178 -0.5012
vn 0.4056 0.9141 -0.0042
vn 0.4342 0.4618 0.7734
vn -0.0013 0.7541 -0.6568
vn -0.4623 0.5285 -0.7120
vn -0.4462 0.4614 -0.7668
vn 0.7818 0.3517 -0.5148
vn 0.7974 0.5987 0.0750
vn 0.8266 0.5547 -0.0954
vn 0.2516 0.7487 -0.6133
vn 0.1717 0.6174 -0.7677
vn 0.4379 0.6374 -0.6340
vn 0.3540 0.8333 0.4247
vn 0.0389 0.7880 0.6144
vn 0.1118 0.7350 0.6688
vn 0.1218 0.9073 0.4024
vn -0.0187 0.9978 -0.0632
vn -0.0289 0.8525 -0.5219
vn -0.3598 0.5012 -0.7870
vn 0.6888 0.6379 0.3444
vn 0.8414 0.5181 -0.1536
vn 0.8700 0.4926 -0.0200
vn 0.6040 0.7267 0.3271
vn -0.4099 0.5885 -0.6969
vn -0.7662 0.6068 -0.2114
vn -0.6228 0.7448 0.2396
vn 0.7751 0.3936 -0.4943
vn 0.8207 0.4774 0.3141
vn 0.5992 0.7928 0.1118
vn 0.2587 0.8377 0.4811
vn 0.0033 1.0000 -0.0000
vn -0.7576 0.6071 -0.2399
vn 0.6171 0.6937 -0.3713
vn -0.6727 0.6899 0.2674
vn -0.5711 0.6659 0.4800
vn 0.8091 0.5299 0.2541
vn 0.1782 0.7986 0.5749
vn 0.2803 0.8610 0.4243
vn -0.3676 0.6927 -0.6205
vn -0.3855 0.5721 -0.7240
vn -0.5242 0.4715 -0.7092
vn 0.5130 0.3653 -0.7768
vn 0.3865 0.6580 0.6463
vn 0.5326 0.7711 0.3489
vn 0.3405 0.7318 0.5904
vn 0.1913 0.5885 0.7856
vn 0.2496 0.5881 -0.7693
vn 0.5170 0.8399 0.1652
vn 0.2115 0.4909 0.8452
vn 0.1771 0.9157 0.3609
vn -0.0163 0.9977 -0.0658
vn -0.0814 0.9328 -0.3510
vn -0.1571 0.9553 -0.2505
vn -0.1254 0.8424 -0.5241
vn -0.4601 0.7160 -0.5250
vn -0.8625 0.3494 -0.3661
vn 0.8873 0.2846 0.3628
vn -0.3599 0.8300 0.4261
vn 0.5378 0.8382 0.0906
vn -0.2407 0.8645 -0.4413
vn 0.9100 0.2677 0.3165
vn 0.8865 0.3878 -0.2525
vn 0.4991 0.8120 0.3025
vn 0.1973 0.5905 0.7826
vn 0.2554 0.5794 -0.7740
vn 0.5280 0.6778 0.5117
vn 0.3947 0.8956 0.2051
vn 0.5560 0.7684 0.3168
vn 0.3819 0.7768 0.5008
vn 0.4397 0.7959 0.4162
vn 0.4928 0.3987 -0.7734
vn 0.5344 0.4315 -0.7267
vn 0.5698 0.6071 -0.5538
vn 0.9470 0.2991 0.1172
vn 0.9705 0.2351 -0.0530
vn 0.4595 0.8208 -0.3394
vn 0.1815 0.7351 0.6532
vn 0.2020 0.4411 0.8744
vn -0.0359 0.9821 -0.1847
vn 0.8400 0.5228 -0.1451
vn 0.6322 0.6479 0.4249
vn 0.3136 0.7984 0.5141
vn -0.2648 0.8722 -0.4113
vn 0.4255 0.6215 -0.6577
vn 0.3212 0.3748 -0.8697
vn 0.7169 0.5351 -0.4469
vn 0.7633 0.6460 -0.0062
vn 0.8764 0.4816 -0.0004
vn 0.7478 0.4263 -0.5090
vn 0.7234 0.6242 0.2951
vn 0.4958 0.6986 -0.5159
vn 0.6343 0.4525 -0.6268
vn 0.6116 0.5041 0.6098
vn 0.9091 0.3848 -0.1598
vn 0.6994 0.5933 0.3985
vn 0.7044 0.6244 0.3376
vn 0.3201 0.6932 0.6457
vn 0.0748 0.5741 0.8154
vn 0.3341 0.6080 -0.7202
vn 0.3658 0.9073 0.2074
vn 0.3602 0.9071 0.2178
vn 0.4741 0.7127 0.5170
vn -0.1642 0.9543 -0.2497
vn 0.7745 0.3149 -0.5486
vn 0.6366 0.4748 -0.6077
vn 0.8747 0.4015 0.2716
vn 0.6078 0.7940 0.0114
vn 0.5738 0.8024 -0.1641
vn 0.5147 0.7224 -0.4617
vn 0.3340 0.7469 0.5750
vn 0.2924 0.7397 -0.6061
vn 0.2908 0.7738 -0.5627
vn 0.7333 0.5650 0.3783
vn -0.1744 0.5286 0.8308
vn -0.2549 0.5185 0.8162
vn -0.0027 1.0000 0.0006
vn 0.8685 0.4420 -0.2243
vn 0.4655 0.4889 -0.7377
vn 0.6178 0.6976 0.3630
vn 0.8914 0.3333 -0.3073
vn -0.0443 0.4574 -0.8882
vn 0.2604 0.5755 -0.7752
vn 0.8593 0.4415 0.2583
vn 0.7156 0.5964 0.3635
vn 0.3109 0.7425 -0.5934
vn 0.0232 0.5930 -0.8049
vn 0.4092 0.5574 0.7224
vn 0.4830 0.7016 0.5239
vn 0.5362 0.7171 0.4453
vn 0.4952 0.8203 0.2863
vn 0.2711 0.6362 -0.7223
vn -0.6672 0.5380 -0.5152
vn -0.5298 0.6601 -0.5325
vn 0.8455 0.5096 -0.1595
vn 0.5671 0.7152 -0.4084
vn 0.0026 0.6241 -0.7814
vn 0.7655 0.5318 -0.3621
vn 0.7817 0.3034 -0.5449
vn 0.4662 0.7959 -0.3863
vn 0.1642 0.5106 -0.8440
vn -0.4497 0.8061 -0.3847
vn -0.2856 0.7070 -0.6470
vn -0.3162 0.8329 0.4541
vn 0.0553 0.6896 0.7221
vn -0.0033 0.5892 0.8080
vn 0.1138 0.7446 -0.6577
vn 0.5466 0.7184 0.4302
vn 0.5165 0.6919 0.5044
vn 0.1635 0.8371 -0.5220
vn 0.8893 0.3350 -0.3114
vn 0.4403 0.8014 -0.4048
vn 0.3721 0.7344 0.5676
vn 0.4354 0.8571 0.2755
vn 0.2201 0.7324 0.6443
vn 0.6620 0.4312 -0.6130
vn 0.7534 0.4495 -0.4800
vn 0.7870 0.4862 -0.3798
vn 0.3480 0.7522 -0.5595
vn -0.1225 0.9465 -0.2987
vn 0.3619 0.5853 -0.7255
vn 0.7397 0.6199 -0.2618
vn -0.0667 0.8863 -0.4584
vn 0.5434 0.6821 0.4893
vn 0.0385 0.5979 -0.8006
vn 0.2385 0.7574 0.6078
vn 0.0221 0.9925 -0.1200
vn 0.2676 0.6973 -0.6649
vn 0.2464 0.9537 0.1726
vn 0.3528 0.7561 0.5511
vn -0.1735 0.9848 -0.0041
vn 0.4150 0.6479 0.6387
vn 0.1199 0.6530 0.7478
vn -0.0008 0.5878 0.8090
vn 0.1039 0.6341 -0.7663
vn 0.0774 0.5663 0.8206
vn 0.4940 0.7073 0.5056
vn -0.0920 0.9902 -0.1047
vn 0.7790 0.3123 -0.5437
vn -0.0468 0.5388 -0.8411
vn -0.0542 0.5502 -0.8333
vn 0.4747 0.8635 0.1704
vn 0.2762 0.9575 -0.0836
vn 0.6133 0.7336 0.2928
vn 0.5329 0.8426 -0.0775
vn 0.1160 0.6449 0.7554
vn 0.2533 0.5556 -0.7919
vn 0.5295 0.8455 0.0689
vn -0.1681 0.6631 0.7294
vn 0.0283 0.7085 0.7051
vn 0.6253 0.5940 -0.5061
vn -0.2262 0.9360 -0.2697
vn 0.5686 0.8222 -0.0238
vn 0.2842 0.7313 -0.6199
vn -0.1041 0.8903 0.4433
vn -0.1436 0.8569 0.4950
vn 0.0301 0.4399 0.8976
vn 0.6111 0.7183 0.3326
vn -0.1084 0.9904 -0.0855
vn 0.8587 0.3894 -0.3333
vn 0.7431 0.6268 -0.2345
vn 0.1850 0.6438 -0.7425
vn -0.1284 0.9917 -0.0031
vn -0.0357 0.7535 0.6564
vn 0.0250 0.5901 0.8069
vn 0.2153 0.7589 -0.6146
vn 0.4242 0.8327 0.3558
vn 0.0746 0.8267 0.5577
vn 0.4144 0.8410 0.3478
vn -0.0016 1.0000 0.0004
vn 0.3267 0.4953 -0.8050
vn 0.8723 0.4104 -0.2658
vn 0.8620 0.3888 -0.3253
vn -0.1167 0.7715 -0.6254
vn -0.1558 0.8780 -0.4526
vn 0.4876 0.5432 -0.6835
vn -0.3382 0.9154 0.2183
vn 0.2981 0.9517 0.0730
vn 0.2995 0.9273 0.2244
vn 0.4947 0.7538 0.4325
vn 0.0980 0.7714 -0.6288
vn -0.2269 0.9378 -0.2626
vn -0.5543 0.8138 -0.1742
vn 0.4641 0.8673 0.1799
vn 0.3169 0.8589 -0.4024
vn 0.3202 0.6694 -0.6703
vn 0.1184 0.4499 0.8852
vn 0.3020 0.7061 0.6405
vn -0.6859 0.5697 -0.4527
vn 0.3849 0.6697 -0.6351
vn -0.0875 0.8420 0.5324
vn -0.1846 0.8218 0.5390
vn 0.4891 0.3861 -0.7821
vn 0.8265 0.5418 -0.1527
vn -0.0807 0.9723 -0.2195
vn -0.2743 0.6801 -0.6799
vn -0.0769 0.9076 0.4127
vn 0.1903 0.7117 -0.6763
vn 0.5021 0.7571 0.4179
vn 0.0156 0.9891 -0.1466
vn 0.0546 0.7695 -0.6363
vn -0.4408 0.8155 0.3749
vn -0.2552 0.7034 0.6634
vn 0.3272 0.7474 -0.5782
vn 0.2362 0.7917 0.5634
vn -0.0264 0.9975 -0.0653
vn 0.4830 0.3817 -0.7880
vn 0.1184 0.9313 -0.3446
vn -0.0389 0.8049 -0.5921
vn -0.2063 0.8846 -0.4182
vn -0.0742 0.9618 -0.2634
vn -0.3798 0.9177 0.1165
vn -0.0566 0.9728 -0.2246
vn -0.3327 0.8336 0.4409
vn 0.3722 0.6182 -0.6923
vn 0.1042 0.6336 -0.7666
vn -0.0848 0.6445 0.7599
vn 0.2715 0.5768 0.7704
vn 0.1820 0.8353 0.5188
vn 0.4420 0.5640 -0.6975
vn 0.6679 0.6945 0.2675
vn -0.0080 0.5720 -0.8202
vn -0.0906 0.8095 -0.5801
vn -0.1944 0.8207 -0.5374
vn -0.0488 0.7418 -0.6689
vn -0.1725 0.6676 -0.7243
vn 0.3052 0.9078 0.2876
vn -0.0690 0.9974 -0.0192
vn -0.2130 0.7433 0.6341
vn -0.2663 0.5565 0.7870
vn 0.1665 0.9433 -0.2870
vn 0.3189 0.5784 0.7508
vn 0.2774 0.8134 0.5112
vn 0.2448 0.9274 0.2828
vn -0.0174 0.9998 -0.0114
vn 0.4388 0.6807 -0.5866
vn 0.8643 0.4954 0.0874
vn -0.1815 0.8989 -0.3989
vn -0.4378 0.6297 0.6417
vn -0.4150 0.5898 0.6928
vn 0.3433 0.6981 -0.6283
vn 0.3838 0.6922 0.6111
vn -0.1709 0.5529 0.8155
vn 0.3347 0.7821 0.5256
vn 0.4490 0.7968 -0.4043
vn -0.0165 0.9992 0.0374
vn -0.4959 0.8512 0.1719
vn -0.3053 0.6328 0.7116
vn -0.1944 0.6295 0.7523
vn 0.2378 0.8850 0.4003
vn 0.1972 0.7387 0.6446
vn 0.6267 0.5147 -0.5850
vn 0.5635 0.6854 -0.4612
vn 0.5015 0.8110 -0.3012
vn 0.6665 0.6955 0.2686
vn 0.1941 0.8665 -0.4599
vn 0.1812 0.8340 -0.5211
vn 0.3900 0.8360 0.3861
vn -0.0282 0.9981 -0.0555
vn 0.5115 0.4809 -0.7121
vn 0.3455 0.9255 -0.1553
vn 0.4656 0.6872 0.5576
vn 0.7174 0.6596 -0.2239
vn 0.3090 0.7578 -0.5746
vn 0.1642 0.6397 -0.7509
vn 0.4068 0.6997 0.5873
vn 0.2049 0.8294 0.5197
vn 0.4017 0.3945 -0.8264
vn 0.5198 0.3687 -0.7706
vn -0.0325 0.9991 0.0271
vn 0.0078 0.9945 -0.1042
vn 0.1925 0.9373 0.2905
vn 0.1004 0.9060 0.4113
vn -0.3058 0.6897 0.6563
vn 0.3425 0.6111 0.7136
vn 0.0328 0.5759 0.8168
vn 0.2451 0.9274 0.2825
vn -0.0737 0.6856 0.7242
vn 0.6833 0.5563 -0.4728
vn 0.6351 0.7701 0.0600
vn 0.3310 0.7126 -0.6186
vn 0.0982 0.9092 0.4045
vn -0.2831 0.8593 0.4260
vn 0.2473 0.6705 -0.6995
vn 0.1970 0.5853 -0.7865
vn 0.3476 0.8417 -0.4132
vn 0.3158 0.9053 0.2840
vn -0.0378 0.7523 0.6578
vn 0.2476 0.8857 0.3927
vn 0.5502 0.6761 -0.4900
vn 0.4945 0.5957 -0.6329
vn -0.1227 0.9267 -0.3551
vn -0.3786 0.7008 0.6047
vn 0.4277 0.3634 -0.8277
vn 0.6939 0.6088 0.3844
vn 0.4331 0.5010 -0.7493
vn 0.4499 0.4009 -0.7981
vn 0.7740 0.6332 -0.0038
vn 0.2851 0.6953 -0.6597
vn 0.3546 0.6012 0.7161
vn -0.1539 0.9772 -0.1465
vn 0.5974 0.7520 -0.2785
vn 0.8166 0.5773 -0.0007
vn -0.2886 0.7535 0.5908
vn 0.1550 0.7207 -0.6757
vn 0.4458 0.5745 -0.6864
vn -0.0477 0.9505 0.3072
vn 0.4072 0.5586 -0.7226
vn 0.8075 0.5008 -0.3117
vn 0.5334 0.8254 0.1849
vn -0.2029 0.9018 0.3816
vn -0.1654 0.6846 0.7099
vn 0.4793 0.5906 -0.6492
vn 0.5947 0.7945 -0.1225
vn 0.2180 0.5901 0.7773
vn -0.1299 0.9590 -0.2519
vn 0.6731 0.4760 -0.5660
vn 0.2780 0.9167 -0.2868
vn 0.0871 0.9959 0.0261
vn -0.4297 0.9029 -0.0143
vn 0.1601 0.7221 0.6730
vn -0.0311 0.7659 0.6423
vn 0.0002 0.9998 -0.0191
vn 0.1036 0.9122 -0.3965
vn 0.2521 0.8438 -0.4737
vn 0.7049 0.6105 0.3610
vn -0.3924 0.9164 -0.0793
vn -0.3348 0.7661 0.5487
vn 0.1678 0.7643 -0.6226
vn 0.4202 0.5958 -0.6845
vn 0.0506 0.9378 0.3434
vn -0.2784 0.7222 0.6331
vn -0.1562 0.7345 0.6604
vn -0.0803 0.6791 0.7296
vn 0.2251 0.4066 -0.8854
vn 0.4215 0.7379 -0.5272
vn -0.2844 0.7522 0.5943
vn -0.1759 0.6540 0.7358
vn -0.0237 0.7333 0.6795
vn 0.0019 0.9475 0.3198
vn 0.0900 0.8534 0.5135
vn 0.1781 0.5064 0.8437
vn 0.1636 0.7222 0.6721
vn 0.1421 0.6344 0.7599
vn 0.0475 0.9027 0.4277
vn 0.1655 0.4563 -0.8743
vn -0.1677 0.6758 0.7177
vn 0.3802 0.5328 -0.7561
vn 0.0589 0.9920 -0.1113
vn 0.7249 0.6298 0.2790
vn 0.2990 0.9362 0.1850
vn -0.3215 0.9222 0.2148
vn -0.3991 0.9137 -0.0769
vn -0.3927 0.7452 0.5388
vn -0.1795 0.6575 0.7317
vn 0.0659 0.9659 0.2505
vn -0.4427 0.7676 0.4634
vn -0.1638 0.9394 0.3013
vn 0.0471 0.6013 0.7976
vn 0.3251 0.7065 -0.6287
vn 0.1943 0.8333 -0.5175
vn 0.2032 0.7003 0.6844
vn 0.5128 0.5617 -0.6493
vn 0.2309 0.6796 -0.6963
vn 0.0128 0.8814 0.4721
vn 0.3314 0.5030 -0.7982
vn -0.0286 0.8743 -0.4845
vn 0.8042 0.5628 0.1911
vn 0.7516 0.6545 0.0816
vn 0.5957 0.6494 0.4726
vn -0.2903 0.7553 0.5877
vn 0.0548 0.7926 0.6073
vn 0.0625 0.9785 0.1966
vn -0.0557 0.9151 0.3995
vn -0.0255 0.5219 -0.8526
vn 0.0741 0.8847 -0.4603
vn 0.2120 0.8056 -0.5533
vn 0.6686 0.4377 -0.6011
vn -0.0576 0.8346 0.5478
vn -0.1317 0.9853 0.1092
vn -0.2000 0.8873 0.4156
vn -0.2800 0.7606 0.5858
vn 0.3241 0.5270 -0.7856
vn 0.0446 0.9063 -0.4203
vn 0.3317 0.5198 0.7873
vn 0.3618 0.5894 0.7223
vn 0.3743 0.5913 -0.7144
vn 0.2591 0.6579 -0.7072
vn 0.4670 0.5683 -0.6774
vn 0.3621 0.4680 -0.8062
vn 0.3404 0.4302 -0.8361
vn 0.1879 0.9663 -0.1761
vn 0.1202 0.6407 0.7583
vn 0.1222 0.5883 0.7994
vn -0.2569 0.7761 0.5759
vn -0.0003 1.0000 0.0002
vn 0.5771 0.5939 -0.5605
vn -0.0355 0.8340 0.5506
vn -0.0895 0.9388 0.3326
vn 0.2320 0.9093 0.3455
vn -0.2473 0.8497 0.4656
vn 0.1805 0.5996 0.7796
vn 0.0537 0.8238 0.5644
vn 0.3801 0.7894 -0.4821
vn 0.3309 0.9422 -0.0523
vn -0.0208 0.5675 0.8231
vn -0.0722 0.6594 0.7483
vn 0.1360 0.5809 0.8025
vn 0.3362 0.7482 -0.5720
vn -0.2094 0.5101 -0.8342
vn -0.2543 0.8533 -0.4551
vn 0.3930 0.6853 0.6131
vn 0.4418 0.7169 -0.5393
vn 0.4452 0.7153 -0.5386
vn 0.1070 0.8184 0.5647
vn 0.1126 0.9678 0.2249
vn -0.1517 0.7365 0.6591
vn 0.2948 0.4564 -0.8396
vn -0.1612 0.9599 -0.2291
vn 0.4108 0.6526 -0.6367
vn 0.5267 0.5930 -0.6091
vn -0.0050 0.9948 0.1021
vn 0.0977 0.9000 0.4248
vn -0.0920 0.7614 0.6417
vn 0.3232 0.8541 0.4075
vn 0.3221 0.9458 -0.0405
vn 0.2351 0.8931 0.3834
vn 0.2227 0.7701 -0.5978
vn 0.2690 0.8287 -0.4909
vn 0.4975 0.3968 -0.7714
vn 0.0341 0.9242 0.3804
vn 0.2909 0.5422 0.7883
vn -0.1218 0.8562 0.5020
vn -0.0022 1.0000 -0.0017
vn 0.7048 0.5625 -0.4323
vn 0.2949 0.8468 -0.4428
vn -0.0983 0.7781 0.6205
vn 0.0186 0.6949 0.7189
vn 0.6584 0.5701 -0.4915
vn 0.2910 0.5278 0.7980
vn -0.0888 0.9246 0.3706
vn 0.2138 0.8057 -0.5523
vn 0.4784 0.5284 -0.7014
vn 0.2329 0.8179 0.5261
vn 0.1102 0.9354 0.3359
vn -0.0909 0.9788 0.1833
vn 0.2796 0.6658 0.6917
vn 0.5125 0.6917 -0.5088
vn -0.4300 0.7093 -0.5586
vn 0.0939 0.8704 -0.4833
vn 0.1397 0.6051 0.7838
vn 0.0268 0.8330 0.5526
vn 0.1158 0.7625 0.6365
vn 0.1638 0.7501 0.6407
vn 0.6704 0.6299 -0.3922
vn 0.2656 0.6109 0.7458
vn -0.0024 1.0000 -0.0038
vn 0.6062 0.5545 -0.5701
vn -0.1670 0.7584 0.6300
vn 0.2534 0.5385 -0.8036
vn 0.1655 0.7605 0.6279
vn -0.1443 0.6914 0.7079
vn 0.4456 0.4951 -0.7459
vn 0.0393 0.6481 0.7605
vn 0.5152 0.7094 -0.4809
vn 0.6132 0.6496 0.4495
vn 0.5262 0.6994 -0.4837
vn 0.2805 0.4499 -0.8479
vn -0.2903 0.7489 -0.5957
vn 0.4343 0.6898 -0.5793
vn 0.6071 0.5452 -0.5781
vn 0.0468 0.7877 0.6142
vn 0.0931 0.9363 0.3386
vn 0.0171 0.9801 0.1979
vn 0.1656 0.7677 0.6191
vn 0.1865 0.6900 0.6994
vn 0.6500 0.6897 -0.3191
vn 0.1575 0.6777 0.7183
vn 0.0097 0.9184 0.3956
vn 0.0058 0.8585 0.5128
vn -0.1752 0.7484 0.6397
vn 0.3338 0.6049 -0.7229
vn -0.1838 0.7460 0.6401
vn 0.6239 0.6485 0.4362
vn 0.2440 0.4739 -0.8461
vn 0.3165 0.7821 0.5368
vn 0.0614 0.9064 0.4180
vn 0.2969 0.4825 -0.8240
vn 0.0431 0.8157 0.5768
vn 0.3995 0.5465 0.7360
vn 0.3237 0.5616 0.7615
vn 0.3611 0.9305 0.0615
vn 0.1626 0.8172 -0.5530
vn 0.1600 0.8359 -0.5251
vn 0.4449 0.6287 0.6378
vn -0.1372 0.8547 0.5007
vn -0.0499 0.8787 0.4747
vn 0.0020 0.8433 0.5374
vn -0.4732 0.6129 -0.6327
vn -0.1846 0.6273 -0.7566
vn 0.3210 0.6038 -0.7297
vn -0.1894 0.8147 0.5480
vn 0.3397 0.6982 -0.6302
vn 0.5209 0.6766 -0.5205
vn 0.1183 0.9042 -0.4105
vn -0.0997 0.8502 0.5169
vn 0.1449 0.7338 0.6637
vn 0.4758 0.5606 -0.6777
vn 0.2380 0.7835 0.5740
vn 0.2613 0.5854 0.7675
vn 0.1937 0.5518 -0.8111
vn 0.4283 0.6998 -0.5718
vn 0.3675 0.7598 0.5364
vn 0.2314 0.5035 -0.8324
vn 0.4347 0.6810 -0.5893
vn -0.3867 0.9110 0.1434
vn 0.2329 0.7232 0.6502
vn 0.3754 0.6811 -0.6286
vn 0.4284 0.4634 -0.7758
vn 0.1563 0.8289 0.5371
vn -0.2674 0.8067 0.5270
vn 0.3395 0.6447 0.6849
vn 0.2428 0.6649 0.7064
vn 0.2413 0.6709 0.7012
vn -0.0533 0.7463 0.6635
vn 0.0004 1.0000 -0.0001
vn 0.5659 0.7339 -0.3756
vn 0.2987 0.4848 -0.8220
vn 0.4591 0.6312 0.6252
vn -0.1599 0.8440 0.5119
vn -0.1179 0.9155 0.3847
vn -0.1237 0.9886 0.0857
vn 0.3336 0.5851 0.7392
vn -0.2913 0.9554 -0.0475
vn 0.2786 0.6744 -0.6838
vn 0.0306 0.9856 0.1660
vn -0.0003 0.9511 0.3089
vn 0.5597 0.5180 -0.6468
vn 0.3448 0.8684 -0.3564
vn 0.0359 0.6417 0.7661
vn -0.2558 0.8629 0.4359
vn 0.2765 0.5607 0.7805
vn 0.1501 0.8265 0.5426
vn 0.6494 0.6329 -0.4215
vn 0.1028 0.8092 -0.5785
vn 0.3649 0.7554 0.5443
vn 0.7844 0.5645 -0.2569
vn 0.6911 0.6644 -0.2845
vn -0.1471 0.7792 -0.6093
vn -0.4696 0.8767 -0.1048
vn 0.0676 0.7771 -0.6257
vn 0.2539 0.7366 0.6269
vn 0.3555 0.5251 -0.7733
vn -0.3937 0.6584 0.6414
vn 0.0390 0.8331 0.5517
vn 0.6471 0.5232 -0.5546
vn 0.6457 0.5160 -0.5629
vn -0.2474 0.9396 -0.2367
vn -0.3312 0.9289 -0.1657
vn -0.3119 0.9197 -0.2383
vn -0.1635 0.8950 0.4151
vn -0.0354 0.7131 0.7002
vn 0.2887 0.6018 0.7446
vn 0.2454 0.6917 0.6792
vn 0.0365 0.9270 0.3732
vn 0.0131 0.6981 0.7158
vn 0.1762 0.4637 -0.8683
vn -0.5354 0.8423 -0.0618
vn -0.0039 0.5429 -0.8398
vn 0.1023 0.7484 -0.6553
vn 0.0141 0.7905 0.6123
vn 0.0893 0.8548 0.5112
vn -0.0627 0.9932 0.0985
vn 0.0207 0.8610 0.5081
vn -0.0021 0.4254 -0.9050
vn -0.5310 0.8385 -0.1222
vn -0.3126 0.8675 0.3868
vn 0.1113 0.7120 0.6933
vn 0.3203 0.6648 -0.6749
vn 0.2982 0.7294 -0.6157
vn 0.4225 0.8000 0.4261
vn -0.2699 0.8566 0.4398
vn -0.0395 0.7531 0.6567
vn 0.7176 0.6417 -0.2708
vn 0.4117 0.6388 -0.6499
vn 0.0054 0.5481 -0.8364
vn -0.5628 0.7912 -0.2394
vn 0.0616 0.8827 0.4660
vn 0.3867 0.7417 0.5480
vn 0.1295 0.6847 0.7172
vn 0.7101 0.6600 -0.2454
vn -0.3591 0.8331 -0.4207
vn -0.2386 0.5954 -0.7672
vn -0.1237 0.4281 -0.8952
vn 0.0777 0.8968 0.4355
vn 0.1193 0.6300 0.7674
vn -0.2552 0.8391 0.4804
vn 0.3196 0.5235 0.7898
vn 0.1996 0.8487 0.4898
vn -0.0000 1.0000 -0.0000
vn -0.0323 0.5475 -0.8362
vn -0.5615 0.7807 -0.2742
vn -0.4685 0.8564 -0.2171
vn 0.0851 0.5617 -0.8230
vn -0.0332 0.7814 0.6232
vn -0.2889 0.9559 -0.0520
vn -0.2198 0.6743 -0.7050
vn -0.1245 0.7784 0.6153
vn -0.0235 0.9446 0.3273
vn 0.0028 1.0000 -0.0016
vn -0.0293 0.8042 0.5936
vn 0.3833 0.4718 0.7941
vn 0.6115 0.5674 -0.5516
vn -0.0166 0.7231 0.6905
vn 0.0464 0.7345 -0.6771
vn 0.2101 0.9205 0.3294
vn -0.1769 0.9577 0.2269
vn -0.0880 0.9241 0.3718
vn 0.0595 0.9347 0.3504
vn 0.2138 0.9590 -0.1858
vn 0.2079 0.9684 -0.1378
vn 0.2763 0.6248 0.7303
vn 0.7056 0.5329 -0.4671
vn 0.6567 0.5225 -0.5439
vn 0.3422 0.6348 -0.6928
vn -0.2619 0.4766 -0.8392
vn -0.6273 0.7390 -0.2457
vn 0.3535 0.8007 0.4837
vn 0.4830 0.6052 -0.6328
vn 0.5220 0.7616 -0.3840
vn -0.6501 0.7353 -0.1915
vn -0.0521 0.9855 -0.1617
vn -0.0711 0.8038 0.5906
vn 0.0275 0.9195 0.3922
vn 0.0925 0.8955 0.4353
vn 0.3460 0.6244 -0.7002
vn 0.0927 0.6315 0.7698
vn 0.7068 0.6088 -0.3602
vn 0.5546 0.7536 -0.3528
vn 0.7102 0.6963 -0.1040
vn 0.6383 0.6924 -0.3364
vn 0.3744 0.8429 -0.3865
vn -0.3929 0.8185 -0.4191
vn 0.0639 0.4045 -0.9123
vn -0.5519 0.8102 0.1977
vn 0.0750 0.9364 0.3429
vn -0.0744 0.8895 -0.4508
vn 0.0826 0.5141 0.8538
vn 0.1938 0.6577 0.7279
vn 0.4642 0.5529 0.6920
vn 0.4495 0.6753 0.5848
vn 0.2639 0.7137 0.6488
vn 0.2325 0.8514 0.4702
vn -0.3522 0.7939 -0.4956
vn -0.1821 0.9566 0.2273
vn -0.2483 0.8087 0.5333
vn -0.1594 0.7941 0.5866
vn 0.3419 0.9377 0.0611
vn 0.4652 0.5617 0.6842
vn 0.5976 0.6503 -0.4691
vn -0.4926 0.7171 -0.4930
vn -0.1268 0.9818 -0.1410
vn 0.0599 0.5451 -0.8362
vn 0.0621 0.5481 -0.8341
vn -0.1239 0.4810 -0.8679
vn -0.4347 0.8530 -0.2889
vn -0.5393 0.8234 -0.1764
vn -0.3205 0.7252 0.6094
vn 0.1059 0.8662 0.4883
vn 0.1490 0.6448 -0.7497
vn 0.0185 0.6151 -0.7883
vn 0.4737 0.8761 0.0892
vn 0.1670 0.9094 0.3809
vn 0.6608 0.7364 -0.1453
vn 0.0379 0.7979 -0.6017
vn -0.0224 0.8701 0.4923
vn 0.2462 0.9277 0.2807
vn -0.1456 0.9149 0.3765
vn 0.5784 0.5867 0.5668
vn 0.2158 0.6397 0.7377
vn 0.2662 0.8989 0.3481
vn -0.2276 0.9570 0.1797
vn -0.2962 0.6962 0.6539
vn -0.1249 0.9786 0.1638
vn 0.2846 0.6635 0.6919
vn 0.2159 0.6389 0.7384
vn 0.3000 0.7694 0.5639
vn -0.1971 0.8356 -0.5128
vn -0.3046 0.9369 0.1715
vn 0.1970 0.7434 0.6392
vn 0.3277 0.8303 0.4507
vn -0.0163 0.5864 -0.8099
vn 0.2013 0.7567 -0.6220
vn 0.1477 0.7747 0.6148
vn 0.3967 0.6370 0.6610
vn 0.5638 0.5451 0.6205
vn 0.6123 0.5476 -0.5703
vn 0.5994 0.7642 -0.2383
vn -0.0291 0.8626 -0.5050
vn -0.2973 0.7985 0.5234
vn -0.0258 0.8826 0.4695
vn 0.1525 0.7140 0.6833
vn 0.4899 0.5608 0.6674
vn -0.0001 1.0000 0.0006
vn 0.4299 0.6649 -0.6108
vn -0.2256 0.7976 -0.5594
vn 0.1338 0.6229 -0.7708
vn -0.2946 0.6280 -0.7203
vn -0.0412 0.8487 -0.5272
vn 0.0286 0.9429 0.3320
vn -0.1071 0.7082 -0.6979
vn 0.5964 0.8024 -0.0199
vn -0.3768 0.6596 0.6504
vn 0.3144 0.5811 0.7507
vn 0.4446 0.7584 0.4766
vn 0.4277 0.7183 0.5488
vn 0.5540 0.7546 -0.3516
vn 0.6522 0.7447 -0.1416
vn -0.3817 0.8833 -0.2723
vn -0.0448 0.8497 -0.5254
vn -0.3415 0.9324 0.1187
vn -0.3652 0.8462 0.3881
vn 0.0170 0.6147 -0.7886
vn 0.5109 0.7975 0.3209
vn -0.4295 0.8939 -0.1286
vn 0.0911 0.9555 0.2806
vn 0.0802 0.9710 0.2252
vn 0.4429 0.7467 0.4963
vn -0.4300 0.6404 0.6364
vn 0.4908 0.8427 0.2213
vn 0.0996 0.9587 -0.2665
vn -0.2032 0.5582 -0.8044
vn 0.2917 0.7409 0.6050
vn 0.4057 0.7366 0.5411
vn 0.1026 0.8372 0.5372
vn 0.3047 0.8929 0.3316
vn 0.5726 0.5017 -0.6484
vn 0.2503 0.7070 -0.6614
vn 0.1056 0.9623 -0.2505
vn -0.1288 0.8386 -0.5293
vn -0.3944 0.6790 0.6192
vn -0.0883 0.8187 0.5674
vn -0.0673 0.8748 0.4797
vn 0.0212 0.8940 0.4476
vn 0.4527 0.8064 -0.3804
vn -0.1178 0.8939 -0.4324
vn -0.1243 0.8041 0.5813
vn -0.0611 0.7482 -0.6607
vn -0.0109 0.8687 -0.4952
vn -0.2478 0.8948 0.3714
vn 0.3729 0.8682 0.3273
vn 0.0001 1.0000 -0.0006
vn 0.5355 0.6834 -0.4962
vn -0.1657 0.9565 -0.2401
vn -0.2608 0.6622 -0.7025
vn -0.2490 0.8537 0.4574
vn 0.3228 0.7841 0.5301
vn 0.4808 0.5527 0.6806
vn 0.4519 0.7888 -0.4167
vn 0.2671 0.7435 -0.6131
vn 0.3361 0.9163 0.2178
vn -0.1521 0.5419 -0.8265
vn 0.0637 0.7182 0.6929
vn 0.3441 0.9039 0.2540
vn 0.0013 1.0000 -0.0006
vn 0.2835 0.6190 -0.7324
vn 0.5657 0.7570 -0.3269
vn -0.4245 0.8387 -0.3411
vn -0.0967 0.5381 -0.8373
vn -0.1073 0.9680 -0.2269
vn 0.4210 0.7284 -0.5406
vn -0.0300 0.8130 0.5815
vn -0.0671 0.9004 0.4299
vn -0.1849 0.6834 -0.7063
vn 0.0755 0.5060 0.8592
vn 0.3928 0.7905 0.4699
vn -0.0642 0.4295 -0.9008
vn -0.1505 0.6855 -0.7123
vn 0.1294 0.7856 -0.6050
vn 0.3097 0.9471 0.0840
vn 0.0318 0.7481 0.6628
vn -0.2077 0.6224 -0.7546
vn -0.0100 0.7632 0.6461
vn 0.6541 0.6414 0.4011
vn 0.6216 0.5430 0.5646
vn 0.4667 0.4903 0.7360
vn 0.6728 0.7353 -0.0819
vn 0.6438 0.7483 0.1598
vn 0.6113 0.7307 0.3041
vn -0.0777 0.9852 -0.1530
vn -0.1540 0.7975 0.5833
vn -0.3681 0.8663 -0.3378
vn 0.5204 0.7288 0.4451
vn 0.4420 0.5611 0.6999
vn 0.6382 0.6981 -0.3246
vn -0.2361 0.6094 -0.7569
vn -0.0783 0.8713 0.4845
vn 0.0932 0.9738 0.2073
vn 0.1289 0.9418 0.3105
vn 0.2800 0.6533 -0.7035
vn -0.1652 0.9403 0.2976
vn 0.3922 0.7799 0.4878
vn -0.0397 0.5751 -0.8171
vn 0.0522 0.4493 -0.8919
vn 0.3338 0.7056 -0.6251
vn -0.0795 0.7649 0.6392
vn -0.1375 0.8302 0.5403
vn 0.0436 0.8627 0.5039
vn -0.0275 0.8809 0.4725
vn 0.0122 0.4990 0.8665
vn 0.6525 0.4810 0.5856
vn 0.5702 0.4397 0.6939
vn 0.6394 0.7620 -0.1026
vn 0.3372 0.7849 0.5197
vn -0.1597 0.9870 -0.0190
vn 0.4440 0.8330 -0.3302
vn -0.2152 0.9621 0.1676
vn 0.5920 0.7265 0.3490
vn 0.6528 0.5460 0.5251
vn 0.3820 0.9006 0.2075
vn -0.0013 1.0000 0.0027
vn 0.5802 0.6167 -0.5320
vn 0.3980 0.8070 -0.4362
vn 0.3350 0.6547 -0.6776
vn 0.2189 0.6689 0.7103
vn -0.1225 0.9886 0.0880
vn 0.0909 0.6587 -0.7469
vn 0.4372 0.7977 -0.4153
vn 0.0496 0.9983 0.0290
vn -0.5872 0.6916 -0.4205
vn -0.5875 0.6920 -0.4195
vn -0.3717 0.6500 0.6628
vn 0.0866 0.6579 0.7481
vn 0.5805 0.7200 0.3802
vn -0.0802 0.7207 -0.6886
vn 0.2187 0.5927 -0.7752
vn -0.1065 0.8888 0.4457
vn -0.0814 0.9417 0.3265
vn 0.1351 0.9414 0.3090
vn -0.0382 0.7708 0.6359
vn -0.0009 1.0000 0.0030
vn 0.3421 0.6808 -0.6477
vn -0.0204 0.5010 -0.8652
vn 0.2909 0.8145 -0.5020
vn 0.2049 0.5397 -0.8166
vn 0.4193 0.8844 0.2050
vn 0.5589 0.6194 0.5513
vn 0.4440 0.8522 0.2769
vn 0.0738 0.4869 -0.8703
vn -0.0755 0.8445 0.5302
vn -0.0076 0.9007 0.4343
vn -0.6540 0.6194 0.4344
vn 0.6244 0.5739 0.5299
vn 0.5138 0.7858 0.3441
vn 0.6042 0.7145 -0.3528
vn -0.0587 0.9917 -0.1147
vn 0.3145 0.7442 0.5893
vn 0.2936 0.6710 0.6808
vn -0.1917 0.9808 0.0349
vn 0.4398 0.6674 -0.6010
vn -0.4659 0.8378 -0.2847
vn 0.6191 0.6664 -0.4155
vn 0.4780 0.6148 -0.6273
vn 0.1695 0.9791 -0.1127
vn -0.7293 0.6419 -0.2367
vn 0.4875 0.8530 0.1865
vn 0.0005 1.0000 -0.0007
vn 0.3822 0.6254 -0.6803
vn 0.6662 0.7426 -0.0691
vn 0.6800 0.6892 0.2502
vn 0.0423 0.7952 -0.6049
vn 0.2396 0.6030 -0.7609
vn 0.5544 0.5918 -0.5852
vn 0.2096 0.6451 0.7347
vn -0.1614 0.8920 0.4223
vn 0.0486 0.6257 -0.7785
vn 0.0907 0.5932 -0.8000
vn 0.0854 0.7089 -0.7001
vn 0.3842 0.4623 -0.7992
vn -0.7790 0.6051 0.1646
vn 0.4281 0.7324 0.5294
vn 0.7204 0.6228 0.3051
vn 0.7081 0.5258 0.4713
vn 0.4623 0.7479 -0.4764
vn 0.3809 0.5628 -0.7336
vn 0.4705 0.5822 -0.6631
vn 0.6726 0.7250 -0.1485
vn 0.1894 0.7890 0.5845
vn 0.6180 0.6749 -0.4032
vn 0.1833 0.9037 -0.3869
vn 0.5295 0.8394 0.1225
vn 0.5473 0.8285 0.1188
vn 0.3630 0.8959 -0.2561
vn 0.5546 0.8119 -0.1825
vn 0.5223 0.7074 -0.4762
vn 0.2191 0.8524 0.4749
vn 0.1974 0.9084 0.3687
vn 0.1569 0.5952 -0.7881
vn -0.0135 0.9291 0.3695
vn -0.1654 0.8168 0.5527
vn -0.0281 0.9996 -0.0059
vn 0.6454 0.4209 0.6375
vn 0.5333 0.8198 0.2088
vn 0.4663 0.8826 -0.0603
vn 0.4045 0.5199 -0.7524
vn 0.4042 0.5182 -0.7537
vn 0.3352 0.6545 -0.6777
vn 0.1297 0.7930 -0.5953
vn -0.4450 0.8563 0.2622
vn 0.1959 0.8000 0.5671
vn 0.3844 0.8982 0.2133
vn 0.6996 0.6491 0.2987
vn 0.6436 0.5287 0.5533
vn 0.6877 0.6308 0.3594
vn 0.4146 0.9096 -0.0256
vn 0.2356 0.6699 0.7041
vn 0.0310 0.9957 -0.0869
vn -0.3377 0.8195 0.4630
vn -0.6475 0.7431 0.1686
vn 0.7165 0.6233 0.3133
vn 0.5691 0.8151 0.1085
vn 0.4354 0.7309 -0.5256
vn 0.1960 0.4686 -0.8614
vn 0.5175 0.6016 -0.6085
vn 0.1112 0.9869 0.1166
vn -0.0366 0.9309 0.3634
vn -0.3327 0.8877 0.3183
vn 0.3997 0.7827 0.4770
vn 0.6015 0.7315 -0.3210
vn 0.5800 0.7876 0.2082
vn 0.5296 0.7980 -0.2877
vn 0.5206 0.7006 -0.4880
vn 0.0069 0.6459 0.7634
vn -0.3539 0.9343 0.0435
vn -0.4180 0.8992 0.1291
vn -0.0379 0.5810 -0.8131
vn -0.2632 0.8664 -0.4244
vn -0.3744 0.8884 0.2655
vn 0.6443 0.4208 0.6386
vn 0.6609 0.7060 -0.2547
vn 0.5987 0.7741 -0.2055
vn 0.3955 0.8640 -0.3118
vn 0.2237 0.4707 -0.8534
vn -0.0712 0.8859 0.4583
vn -0.1387 0.8088 0.5716
vn -0.3118 0.9048 0.2899
vn -0.6344 0.7709 0.0569
vn 0.1527 0.6719 0.7247
vn 0.6114 0.7218 0.3244
vn 0.6842 0.7181 0.1273
vn 0.6650 0.7375 0.1179
vn 0.6061 0.7878 0.1092
vn 0.5381 0.7895 -0.2952
vn 0.2005 0.4525 -0.8689
vn 0.5668 0.7148 -0.4096
vn 0.3370 0.8955 0.2908
vn -0.5532 0.8214 -0.1386
vn 0.0438 0.9340 0.3547
vn 0.1430 0.7721 0.6192
vn 0.6687 0.6016 0.4370
vn 0.6155 0.7628 0.1983
vn 0.3710 0.5647 0.7372
vn 0.2895 0.5351 -0.7937
vn 0.1984 0.9276 0.3165
vn -0.0998 0.9706 0.2192
vn -0.2906 0.8604 0.4187
vn -0.2467 0.5557 -0.7939
vn -0.6862 0.7219 -0.0897
vn -0.4687 0.7852 0.4048
vn 0.5803 0.7590 -0.2953
vn 0.4880 0.7225 -0.4897
vn -0.2663 0.5514 -0.7906
vn -0.4181 0.8797 -0.2265
vn -0.3360 0.8666 -0.3689
vn 0.5752 0.8050 0.1453
vn 0.3381 0.5719 0.7474
vn 0.3857 0.4990 -0.7760
vn 0.3804 0.5271 -0.7599
vn -0.2857 0.8622 0.4183
vn 0.0046 0.6830 0.7304
vn 0.7773 0.5699 0.2665
vn 0.2756 0.9603 -0.0427
vn 0.4786 0.7290 -0.4894
vn -0.1947 0.7381 0.6460
vn -0.1669 0.6891 0.7052
vn -0.4657 0.7834 0.4117
vn -0.2854 0.7929 0.5383
vn 0.3874 0.8952 0.2202
vn 0.5499 0.8342 -0.0415
vn 0.6732 0.4936 0.5506
vn 0.2455 0.9193 0.3075
vn 0.3715 0.9215 0.1131
vn 0.4484 0.7555 -0.4777
vn 0.5192 0.7796 -0.3502
vn 0.5727 0.6414 -0.5104
vn 0.5453 0.5808 -0.6043
vn -0.2120 0.7786 0.5906
vn -0.2436 0.9515 0.1881
vn -0.2892 0.6107 -0.7372
vn -0.8223 0.5387 -0.1832
vn 0.4859 0.8184 -0.3069
vn 0.4169 0.8386 -0.3506
vn 0.5728 0.6429 -0.5085
vn 0.2103 0.9758 0.0605
vn 0.5778 0.6805 0.4506
vn 0.6875 0.6455 -0.3327
vn 0.2306 0.8895 0.3946
vn -0.2954 0.6876 0.6633
vn 0.0109 0.8020 0.5972
vn 0.7175 0.5249 0.4579
vn 0.2877 0.8798 -0.3784
vn 0.2748 0.9389 0.2073
vn -0.8152 0.5281 -0.2378
vn 0.3665 0.9001 0.2355
vn 0.5240 0.8341 -0.1723
vn 0.7467 0.5684 0.3456
vn 0.3078 0.7245 -0.6168
vn 0.6542 0.6639 -0.3623
vn 0.1833 0.8717 -0.4545
vn 0.1030 0.9768 -0.1878
vn 0.1815 0.4634 -0.8673
vn -0.1124 0.9919 0.0591
vn -0.6232 0.7807 0.0467
vn -0.2393 0.9360 0.2581
vn -0.4495 0.8468 -0.2842
vn 0.7431 0.5524 0.3778
vn 0.6945 0.6848 0.2209
vn 0.6922 0.6844 0.2288
vn 0.5319 0.8294 0.1708
vn 0.4815 0.8102 -0.3344
vn 0.5569 0.5711 -0.6031
vn 0.2571 0.6415 -0.7228
vn 0.3541 0.8582 -0.3716
vn 0.0340 0.8063 0.5906
vn 0.0793 0.7518 0.6546
vn 0.2159 0.4964 -0.8408
vn 0.1570 0.5532 -0.8181
vn -0.2964 0.8782 0.3754
vn 0.5508 0.8234 0.1363
vn 0.1880 0.8556 -0.4823
vn 0.3274 0.7231 -0.6082
vn 0.6912 0.6164 -0.3772
vn -0.3266 0.9005 0.2873
vn -0.1776 0.9715 -0.1568
vn 0.3195 0.8572 -0.4040
vn -0.1517 0.9869 0.0547
vn -0.3761 0.6532 -0.6572
vn -0.4183 0.8178 -0.3952
vn -0.4722 0.8172 0.3304
vn 0.6989 0.5236 0.4872
vn 0.5709 0.3766 0.7296
vn 0.4883 0.5406 0.6850
vn 0.6436 0.6232 0.4443
vn 0.2360 0.8978 0.3718
vn -0.0797 0.7943 -0.6022
vn -0.1891 0.8392 -0.5098
vn -0.1313 0.7124 0.6894
vn -0.1113 0.7774 -0.6191
vn -0.2301 0.6534 -0.7212
vn 0.5246 0.8495 -0.0555
vn 0.7242 0.4042 0.5587
vn 0.6195 0.5744 0.5351
vn 0.2793 0.9086 0.3106
vn 0.6430 0.6691 0.3725
vn -0.0594 0.6201 -0.7822
vn 0.0809 0.9918 0.0986
vn 0.3339 0.8724 0.3569
vn 0.0286 0.6377 0.7698
vn -0.4426 0.8166 -0.3704
vn -0.5446 0.8288 0.1288
vn 0.6328 0.7132 0.3014
vn 0.4403 0.8889 0.1264
vn 0.5034 0.8591 0.0925
vn -0.1144 0.8533 0.5087
vn 0.6988 0.6073 -0.3779
vn 0.0634 0.7394 0.6703
vn -0.2741 0.6995 0.6600
vn -0.1957 0.8156 0.5445
vn -0.1935 0.9708 0.1416
vn -0.1991 0.9486 0.2460
vn -0.2284 0.9327 0.2792
vn -0.1363 0.9904 -0.0242
vn 0.5720 0.8029 -0.1679
vn 0.3537 0.8960 0.2684
vn 0.2864 0.8626 -0.4170
vn 0.1318 0.8750 -0.4658
vn -0.2762 0.9350 0.2223
vn -0.2593 0.8823 0.3927
vn -0.3626 0.8977 0.2503
vn -0.1367 0.9714 -0.1944
vn 0.7109 0.5170 0.4767
vn 0.6991 0.6110 0.3714
vn 0.5254 0.7888 -0.3191
vn 0.5699 0.5630 -0.5985
vn 0.3190 0.7945 0.5168
vn 0.3509 0.9260 0.1395
vn 0.4026 0.4731 -0.7836
vn 0.0974 0.9897 -0.1053
vn 0.1239 0.7430 0.6577
vn -0.1491 0.6410 0.7529
vn -0.2527 0.7762 0.5776
vn -0.1922 0.8336 0.5178
vn -0.3519 0.9009 0.2541
vn 0.5279 0.7872 -0.3189
vn 0.4589 0.8731 -0.1645
vn 0.6337 0.7394 0.2275
vn 0.5750 0.5980 -0.5584
vn 0.4390 0.6599 -0.6097
vn 0.2032 0.9692 -0.1390
vn -0.2027 0.9459 0.2534
vn -0.1020 0.8621 -0.4964
vn -0.0360 0.7803 -0.6244
vn -0.3315 0.9428 -0.0365
vn -0.1300 0.9815 -0.1403
vn -0.3655 0.9275 0.0781
vn -0.0480 0.9881 -0.1460
vn 0.5474 0.8158 -0.1866
vn 0.5025 0.3761 0.7785
vn 0.4908 0.3701 0.7888
vn 0.5674 0.7319 -0.3775
vn 0.4113 0.8850 -0.2181
vn -0.4556 0.8653 -0.2089
vn -0.4680 0.8657 -0.1778
vn -0.4153 0.9005 0.1293
vn 0.0378 0.9849 0.1692
vn 0.4916 0.6602 -0.5679
vn 0.5687 0.5614 -0.6012
vn 0.5796 0.5794 -0.5730
vn 0.0828 0.6167 -0.7828
vn 0.3014 0.8226 -0.4822
vn 0.4851 0.8744 0.0087
vn 0.6402 0.7082 0.2977
vn 0.6143 0.7852 -0.0774
vn 0.1370 0.8655 -0.4818
vn -0.0121 0.8205 -0.5715
vn 0.7053 0.6508 -0.2811
vn 0.0814 0.6174 -0.7824
vn 0.2842 0.8367 -0.4681
vn 0.1003 0.8012 -0.5900
vn 0.6922 0.6972 0.1863
vn 0.7208 0.5471 0.4257
vn 0.6395 0.5660 0.5202
vn 0.5579 0.5622 -0.6105
vn 0.2928 0.8489 -0.4401
vn 0.2000 0.9313 -0.3046
vn 0.4056 0.4689 -0.7846
vn -0.0585 0.6341 0.7711
vn 0.0752 0.7912 0.6069
vn -0.2807 0.8706 0.4041
vn -0.1339 0.8553 -0.5006
vn 0.1946 0.7142 -0.6724
vn 0.6471 0.6515 0.3960
vn 0.5332 0.7633 0.3649
vn 0.6382 0.7633 0.1002
vn -0.0372 0.9561 -0.2907
vn 0.3563 0.6452 -0.6759
vn -0.1636 0.9678 0.1915
vn -0.2110 0.9209 -0.3278
vn -0.0179 0.9862 -0.1648
vn 0.5822 0.7967 -0.1622
vn 0.5882 0.7599 0.2769
vn -0.2358 0.9671 0.0951
vn 0.5135 0.8580 0.0130
vn 0.0246 0.7189 0.6946
vn 0.2414 0.8266 -0.5084
vn 0.1469 0.8598 -0.4890
vn 0.2638 0.9582 -0.1104
vn 0.6622 0.6886 0.2955
vn 0.6453 0.5579 0.5219
vn 0.5242 0.7455 0.4116
vn 0.0342 0.7893 -0.6130
vn 0.6691 0.7403 0.0655
vn -0.0847 0.7528 0.6528
vn 0.2890 0.7524 -0.5920
vn 0.0932 0.8627 -0.4971
vn -0.0613 0.9846 0.1637
vn -0.4176 0.9058 0.0716
vn 0.1885 0.8743 -0.4473
vn 0.1855 0.8455 -0.5006
vn 0.5857 0.3779 0.7170
vn 0.5443 0.7779 0.3141
vn -0.0123 0.9632 -0.2684
vn 0.0674 0.7079 -0.7031
vn 0.2944 0.9200 0.2588
vn 0.0587 0.9922 0.1101
vn 0.6392 0.7145 -0.2844
vn 0.6696 0.7158 -0.1982
vn 0.1465 0.7540 0.6403
vn -0.0388 0.5945 0.8032
vn 0.0415 0.5685 0.8216
vn 0.2841 0.8323 -0.4760
vn 0.6519 0.6029 0.4599
vn 0.4271 0.4914 0.7590
vn 0.6698 0.6482 0.3624
vn 0.6559 0.7519 -0.0667
vn 0.5874 0.5523 -0.5915
vn 0.0453 0.9865 -0.1574
vn 0.3583 0.9134 0.1933
vn 0.3332 0.7115 -0.6187
vn 0.4766 0.6821 -0.5547
vn 0.6072 0.5620 -0.5617
vn -0.8626 0.4975 -0.0915
vn 0.1337 0.6675 -0.7325
vn 0.3128 0.9497 0.0126
vn 0.3966 0.9179 -0.0127
vn 0.4840 0.5171 -0.7059
vn 0.3413 0.6407 0.6878
vn -0.0124 0.9342 -0.3566
vn 0.3286 0.9211 -0.2086
vn 0.6564 0.7528 -0.0489
vn 0.7112 0.6704 -0.2116
vn 0.4556 0.6196 -0.6392
vn -0.0884 0.8375 -0.5392
vn -0.0572 0.9921 -0.1119
vn 0.5435 0.7331 0.4089
vn 0.5895 0.7952 0.1418
vn 0.6849 0.6089 -0.4002
vn 0.6233 0.6994 -0.3499
vn -0.0209 0.9724 0.2325
vn 0.3789 0.7443 -0.5500
vn 0.4745 0.8771 -0.0738
vn 0.6346 0.7294 -0.2555
vn 0.1369 0.7254 0.6746
vn 0.2124 0.8400 0.4993
vn -0.1590 0.8698 -0.4671
vn 0.6091 0.7372 0.2924
vn 0.2640 0.9627 -0.0593
vn 0.3860 0.8870 -0.2536
vn 0.6862 0.7102 0.1573
vn 0.4476 0.8942 -0.0061
vn 0.3018 0.9483 0.0981
vn 0.2812 0.7558 -0.5914
vn 0.1596 0.7215 0.6737
vn -0.0045 0.5684 0.8228
vn -0.1503 0.8424 0.5174
vn -0.4888 0.8293 0.2706
vn -0.0144 0.9868 -0.1612
vn -0.0966 0.9309 -0.3523
vn 0.2768 0.6969 0.6616
vn 0.5267 0.7165 0.4575
vn 0.2290 0.9648 -0.1289
vn 0.0179 0.8450 -0.5344
vn -0.4648 0.8823 -0.0738
vn 0.4950 0.6038 0.6248
vn 0.5115 0.4047 0.7580
vn 0.4274 0.6587 0.6193
vn 0.1949 0.9498 0.2446
vn 0.3208 0.5823 -0.7470
vn 0.6276 0.7298 0.2712
vn 0.1928 0.9443 -0.2666
vn -0.1774 0.9650 0.1929
vn -0.4062 0.8552 -0.3220
vn -0.4797 0.7388 -0.4734
vn -0.5440 0.8167 0.1928
vn -0.4625 0.8830 -0.0804
vn -0.0906 0.8988 -0.4290
vn 0.2732 0.5702 0.7747
vn 0.6173 0.7616 0.1974
vn 0.5520 0.6612 -0.5080
vn 0.4852 0.8744 -0.0052
vn 0.3657 0.9103 -0.1937
vn 0.1053 0.6899 -0.7162
vn 0.3724 0.6094 -0.7000
vn 0.4074 0.8912 -0.1997
vn -0.1343 0.5865 0.7987
vn -0.4479 0.8940 -0.0143
vn 0.3921 0.8584 -0.3308
vn -0.2410 0.8521 -0.4645
vn 0.0625 0.9979 -0.0137
vn 0.3860 0.8195 0.4235
vn 0.3439 0.9389 -0.0110
vn 0.4229 0.6265 -0.6547
vn -0.0477 0.5495 0.8341
vn 0.0391 0.7821 0.6220
vn -0.3383 0.7618 -0.5524
vn -0.5458 0.7437 -0.3860
vn 0.4679 0.5383 0.7009
vn 0.4427 0.8820 -0.1614
vn 0.4919 0.8704 -0.0214
vn 0.4193 0.8094 -0.4112
vn 0.2488 0.8278 -0.5028
vn 0.0061 0.8585 0.5128
vn -0.4073 0.8270 -0.3876
vn -0.2084 0.9212 -0.3287
vn -0.0325 0.9665 -0.2547
vn 0.6102 0.6172 -0.4968
vn 0.5368 0.5364 -0.6512
vn 0.5106 0.5798 -0.6349
vn 0.5263 0.8432 0.1093
vn -0.1663 0.8759 0.4530
vn -0.1773 0.8632 0.4727
vn -0.1986 0.9653 0.1698
vn -0.2220 0.9424 0.2503
vn 0.5411 0.7778 -0.3197
vn 0.1192 0.9721 -0.2019
vn 0.5271 0.4113 0.7436
vn 0.4246 0.6581 0.6218
vn 0.6193 0.7058 0.3441
vn 0.5976 0.7104 0.3717
vn -0.0995 0.6757 0.7305
vn -0.5293 0.7521 -0.3927
vn 0.0082 0.9999 -0.0126
vn 0.4426 0.5230 0.7284
vn 0.5686 0.7476 0.3432
vn 0.7509 0.6106 -0.2518
vn 0.2845 0.5708 -0.7702
vn 0.2590 0.4888 -0.8331
vn 0.1749 0.9401 -0.2926
vn -0.1666 0.6494 0.7420
vn -0.1600 0.6795 0.7160
vn 0.0222 0.9947 0.1006
vn 0.4486 0.5752 0.6841
vn 0.8064 0.5890 -0.0518
vn 0.1819 0.8509 -0.4928
vn 0.3871 0.5946 -0.7047
vn 0.1002 0.7287 0.6774
vn 0.0232 0.7876 0.6157
vn -0.3556 0.8464 -0.3965
vn 0.0065 0.9218 -0.3875
vn -0.0670 0.9940 0.0870
vn 0.0338 0.9600 0.2778
vn 0.2835 0.5296 0.7995
vn 0.7677 0.5958 -0.2360
vn 0.7635 0.4905 -0.4201
vn 0.8012 0.5830 0.1351
vn -0.1208 0.8721 -0.4741
vn -0.0945 0.8384 -0.5367
vn -0.0623 0.6583 0.7502
vn -0.0825 0.5469 0.8331
vn 0.0254 0.7891 0.6138
vn 0.3624 0.9111 -0.1963
vn 0.2889 0.8309 -0.4755
vn 0.1345 0.9776 -0.1618
vn -0.3960 0.9015 -0.1747
vn 0.1586 0.8069 0.5690
vn 0.3818 0.8913 -0.2446
vn 0.6510 0.4095 -0.6392
vn 0.5746 0.8158 -0.0654
vn 0.3486 0.9364 -0.0401
vn 0.3669 0.6152 -0.6978
vn -0.3688 0.5601 0.7418
vn -0.0230 0.9995 0.0193
vn 0.1248 0.7772 -0.6168
vn 0.4343 0.8956 -0.0969
vn 0.5959 0.8029 0.0152
vn 0.4540 0.7387 -0.4982
vn 0.7065 0.6795 -0.1979
vn 0.0145 0.9986 -0.0500
vn 0.2474 0.5256 -0.8139
vn -0.2941 0.9480 0.1219
vn -0.0400 0.9965 0.0732
vn -0.0087 0.8228 0.5682
vn -0.4611 0.6717 -0.5798
vn 0.0177 0.9939 0.1091
vn 0.0126 0.9932 0.1161
vn 0.3266 0.8256 -0.4601
vn -0.0770 0.9622 -0.2613
vn 0.4946 0.6106 0.6184
vn 0.8434 0.5371 0.0114
vn 0.1982 0.9643 -0.1757
vn 0.0189 0.8895 0.4566
vn -0.0273 0.9994 0.0204
vn -0.0322 0.9766 0.2127
vn 0.0659 0.8685 -0.4913
vn 0.0382 0.8626 -0.5044
vn 0.0536 0.9749 -0.2160
vn -0.0697 0.9856 -0.1541
vn 0.4096 0.4262 0.8066
vn 0.4319 0.6852 0.5865
vn 0.5716 0.7638 0.2998
vn 0.6336 0.7435 0.2140
vn 0.6425 0.7410 -0.1952
vn -0.2834 0.8112 0.5115
vn 0.2533 0.7557 0.6039
vn 0.0685 0.8732 -0.4826
vn 0.1200 0.9620 -0.2452
vn 0.0959 0.9777 -0.1866
vn -0.6852 0.7283 -0.0106
vn 0.1089 0.5705 0.8140
vn 0.3467 0.4737 0.8096
vn 0.8372 0.5448 0.0482
vn 0.4215 0.9029 -0.0845
vn 0.7127 0.5800 -0.3946
vn 0.7370 0.6050 0.3014
vn 0.1937 0.8520 -0.4864
vn 0.4467 0.5726 -0.6875
vn -0.4671 0.8133 -0.3470
vn -0.0878 0.7861 -0.6118
vn -0.1395 0.7892 -0.5981
vn -0.0047 0.9930 -0.1180
vn 0.3613 0.9325 -0.0054
vn 0.7781 0.5861 0.2260
vn 0.2180 0.6767 0.7032
vn 0.5179 0.7440 0.4222
vn -0.1447 0.6341 0.7596
vn 0.1418 0.7465 0.6501
vn -0.1742 0.8545 -0.4895
vn 0.3643 0.9280 -0.0776
vn -0.3687 0.7497 0.5495
vn 0.8402 0.5013 0.2067
vn 0.4300 0.8513 -0.3007
vn 0.7624 0.4165 -0.4952
vn 0.7486 0.3993 -0.5293
vn 0.7840 0.5791 -0.2234
vn 0.6335 0.6705 0.3861
vn 0.3171 0.4839 -0.8157
vn -0.5377 0.7683 -0.3472
vn 0.0260 0.5567 0.8303
vn -0.1620 0.6141 0.7724
vn -0.1967 0.7598 0.6198
vn 0.3136 0.9475 0.0632
vn 0.5238 0.8061 0.2753
vn 0.6328 0.7498 0.1932
vn 0.2168 0.9156 0.3388
vn -0.1324 0.9006 -0.4141
vn 0.2355 0.9518 -0.1967
vn 0.4683 0.6665 0.5801
vn 0.3918 0.6940 0.6040
vn 0.6908 0.4787 -0.5419
vn 0.6009 0.6732 0.4309
vn 0.1343 0.6157 -0.7765
vn -0.2227 0.9041 0.3646
vn -0.4435 0.7040 0.5547
vn 0.0780 0.9243 0.3736
vn -0.1858 0.9767 0.1072
vn -0.2527 0.9309 -0.2636
vn 0.1603 0.9189 -0.3605
vn -0.2106 0.8827 0.4201
vn -0.3488 0.7510 0.5607
vn 0.6756 0.7361 0.0407
vn 0.3809 0.7221 0.5775
vn 0.3555 0.8646 0.3552
vn -0.3243 0.7228 -0.6102
vn 0.0707 0.9827 -0.1714
vn -0.2720 0.8572 -0.4373
vn -0.7533 0.6520 0.0864
vn 0.2716 0.4888 0.8291
vn 0.8161 0.5640 0.1258
vn 0.7457 0.6612 0.0823
vn 0.5013 0.8005 -0.3286
vn -0.0060 0.8240 0.5665
vn 0.0304 0.8900 -0.4550
vn -0.0463 0.9832 -0.1765
vn -0.7407 0.6714 -0.0240
vn -0.6682 0.7121 0.2154
vn 0.5138 0.8145 0.2694
vn 0.6943 0.7185 0.0426
vn 0.6436 0.7639 -0.0476
vn 0.5641 0.6321 -0.5313
vn -0.6994 0.7089 -0.0914
vn -0.4828 0.7719 0.4135
vn -0.0845 0.6576 0.7486
vn -0.2437 0.7704 -0.5892
vn 0.2328 0.9459 -0.2259
vn -0.2143 0.8800 0.4238
vn -0.1488 0.7160 0.6820
vn -0.1665 0.6784 0.7156
vn -0.1131 0.6454 0.7554
vn 0.1428 0.7031 -0.6966
vn 0.1863 0.8332 0.5206
vn 0.2245 0.8613 0.4558
vn 0.1123 0.9166 0.3836
vn -0.3153 0.7143 0.6248
vn 0.6011 0.7964 -0.0667
vn 0.7057 0.6966 0.1294
vn 0.6472 0.7621 -0.0178
vn 0.6122 0.6816 -0.4008
vn 0.7384 0.6380 -0.2183
vn 0.5008 0.7671 0.4010
vn 0.3676 0.9288 -0.0467
vn 0.2042 0.4923 -0.8461
vn -0.6944 0.7002 0.1658
vn -0.1025 0.7957 0.5970
vn 0.4449 0.6206 0.6457
vn 0.6070 0.7796 0.1543
vn 0.7706 0.6198 0.1484
vn -0.5032 0.7662 -0.3996
vn -0.2224 0.5410 0.8111
vn -0.5288 0.3853 0.7562
vn -0.2021 0.9697 0.1370
vn -0.1932 0.7741 -0.6028
vn 0.1358 0.9887 -0.0629
vn -0.3084 0.9182 -0.2485
vn 0.7073 0.6893 0.1568
vn 0.5460 0.8178 -0.1818
vn -0.2586 0.6318 -0.7307
vn -0.6331 0.7357 -0.2406
vn -0.5076 0.8580 -0.0779
vn -0.5142 0.8557 -0.0577
vn -0.2064 0.9721 0.1117
vn 0.2852 0.9477 0.1430
vn -0.3160 0.9262 -0.2056
vn 0.6821 0.7283 0.0656
vn 0.7756 0.6166 0.1351
vn 0.3010 0.8444 0.4432
vn 0.4175 0.8797 0.2277
vn 0.2567 0.5808 -0.7726
vn -0.1637 0.7772 0.6075
vn -0.1810 0.8464 0.5009
vn -0.3068 0.7625 -0.5697
vn 0.0615 0.9843 -0.1654
vn 0.1052 0.8867 -0.4502
vn -0.5100 0.7910 -0.3381
vn -0.5753 0.6565 0.4879
vn 0.1843 0.6633 0.7253
vn 0.6737 0.7383 0.0318
vn 0.3117 0.8382 0.4475
vn -0.6448 0.7170 0.2648
vn -0.5767 0.5888 0.5663
vn -0.0369 0.8938 0.4469
vn -0.1818 0.9493 -0.2565
vn -0.5766 0.6955 0.4287
vn -0.3254 0.9426 0.0753
vn 0.3179 0.9362 -0.1499
vn 0.2645 0.8972 0.3536
vn 0.3497 0.7379 0.5773
vn 0.4741 0.7571 -0.4495
vn -0.4101 0.9010 0.1417
vn -0.5253 0.7845 0.3295
vn -0.3560 0.9344 0.0131
vn -0.4367 0.8867 -0.1521
vn -0.5592 0.6383 0.5289
vn 0.4284 0.8905 0.1533
vn 0.5947 0.8027 0.0450
vn 0.4365 0.8156 -0.3799
vn -0.0907 0.7915 0.6045
vn 0.3523 0.8345 0.4236
vn -0.4177 0.8944 0.1602
vn -0.6142 0.7889 0.0193
vn -0.0234 0.9007 0.4339
vn -0.0219 0.9196 0.3922
vn -0.2580 0.6510 -0.7139
vn -0.1137 0.9073 -0.4048
vn -0.4935 0.8697 0.0094
vn -0.7560 0.6537 0.0343
vn -0.7530 0.6556 -0.0567
vn -0.7603 0.6104 0.2223
vn -0.3034 0.9188 0.2526
vn -0.5729 0.6005 0.5578
vn -0.5762 0.6473 0.4990
vn 0.5454 0.7698 -0.3315
vn 0.6343 0.7166 0.2901
vn 0.5118 0.7292 -0.4543
vn 0.2739 0.5531 -0.7868
vn -0.5490 0.3450 0.7613
vn -0.5099 0.8407 0.1823
vn 0.3893 0.6351 0.6672
vn 0.3311 0.9404 -0.0772
vn 0.7304 0.6676 0.1441
vn 0.5222 0.6584 -0.5421
vn -0.2937 0.9494 0.1112
vn -0.5597 0.3713 0.7409
vn -0.5548 0.5424 0.6308
vn -0.4718 0.7995 0.3717
vn -0.4146 0.9047 0.0984
vn -0.1757 0.9118 -0.3711
vn -0.0673 0.9841 -0.1646
vn -0.6887 0.6753 0.2640
vn -0.6734 0.5996 0.4325
vn 0.2664 0.7517 0.6033
vn 0.4487 0.8936 0.0128
vn 0.4855 0.7910 0.3723
vn 0.5639 0.4836 -0.6695
vn 0.4251 0.6048 -0.6735
vn -0.1731 0.9460 0.2739
vn 0.6178 0.7265 0.3007
vn 0.7237 0.6788 -0.1244
vn 0.0465 0.9663 0.2532
vn 0.0554 0.9541 0.2944
vn -0.4422 0.8669 0.2303
vn 0.6765 0.7314 -0.0857
vn 0.5455 0.4996 -0.6729
vn 0.6006 0.6050 -0.5228
vn -0.3840 0.9206 0.0703
vn 0.3943 0.6079 -0.6892
vn -0.4375 0.8909 0.1218
vn -0.4099 0.9080 0.0868
vn 0.1772 0.8800 0.4407
vn -0.2215 0.7892 0.5728
vn -0.5094 0.7838 0.3552
vn 0.4735 0.7766 0.4156
vn 0.4406 0.8538 0.2774
vn -0.1983 0.9692 0.1463
vn -0.7796 0.6180 -0.1014
vn -0.1062 0.7350 -0.6697
vn -0.2952 0.9449 -0.1416
vn 0.0289 0.9967 -0.0762
vn 0.6168 0.7225 -0.3124
vn -0.4027 0.7273 0.5557
vn -0.3399 0.6131 -0.7132
vn -0.8258 0.5548 -0.1015
vn -0.1958 0.9759 0.0962
vn -0.1230 0.8299 -0.5442
vn -0.5080 0.6560 0.5582
vn -0.4176 0.8448 0.3345
vn -0.2126 0.8429 0.4943
vn 0.1044 0.9017 -0.4196
vn 0.6754 0.7277 0.1194
vn -0.8339 0.5506 -0.0387
vn -0.6459 0.6971 -0.3113
vn -0.7282 0.5879 0.3522
vn -0.2817 0.9286 -0.2414
vn -0.2511 0.9620 0.1068
vn 0.3025 0.9241 0.2336
vn 0.3342 0.5769 -0.7453
vn -0.3345 0.9413 0.0461
vn 0.4190 0.9044 0.0800
vn -0.3519 0.6962 -0.6257
vn -0.1876 0.8619 -0.4711
vn -0.2085 0.9035 -0.3744
vn -0.1806 0.9815 0.0632
vn -0.4948 0.8690 -0.0083
vn -0.4254 0.7305 0.5343
vn -0.6037 0.7029 0.3760
vn -0.3634 0.7327 0.5753
vn 0.0619 0.9694 0.2375
vn 0.7774 0.6162 0.1261
vn 0.2573 0.8954 -0.3633
vn -0.1189 0.6825 -0.7212
vn -0.0214 0.8898 0.4559
vn -0.1925 0.9729 -0.1281
vn -0.2105 0.9758 -0.0592
vn 0.4881 0.8638 -0.1246
vn 0.6431 0.7027 0.3045
vn 0.3534 0.7755 -0.5231
vn 0.8042 0.5911 -0.0614
vn -0.2887 0.8279 -0.4809
vn -0.0442 0.9675 0.2491
vn -0.4415 0.7689 -0.4624
vn -0.4539 0.8647 0.2151
vn -0.5012 0.8047 0.3182
vn -0.3232 0.8182 0.4755
vn 0.0923 0.9452 0.3133
vn 0.0225 0.9940 -0.1074
vn 0.3893 0.6931 -0.6066
vn -0.7989 0.6014 0.0077
vn -0.5983 0.6969 -0.3955
vn -0.0993 0.9864 -0.1309
vn -0.2482 0.9653 0.0815
vn 0.1739 0.9737 0.1469
vn 0.0897 0.9896 0.1123
vn -0.7239 0.4175 0.5492
vn -0.1264 0.9892 -0.0735
vn -0.1650 0.9542 -0.2495
vn -0.4018 0.8685 0.2904
vn -0.4332 0.9012 0.0144
vn 0.1612 0.9620 0.2203
vn -0.3930 0.7543 0.5259
vn -0.1029 0.9165 -0.3865
vn -0.6357 0.3784 0.6728
vn 0.1947 0.8836 0.4259
vn -0.3386 0.7990 -0.4969
vn -0.4289 0.8926 -0.1391
vn -0.4030 0.8908 0.2097
vn -0.3819 0.8165 0.4331
vn -0.0881 0.8606 0.5017
vn -0.2112 0.9711 0.1116
vn -0.0386 0.9911 0.1278
vn 0.1253 0.8917 -0.4350
vn 0.3086 0.9512 -0.0036
vn 0.4960 0.7537 -0.4311
vn 0.0722 0.8939 -0.4424
vn 0.1293 0.9074 -0.3999
vn -0.4298 0.8930 -0.1335
vn -0.8560 0.5139 0.0559
vn -0.1705 0.7972 0.5791
vn -0.2738 0.6719 -0.6882
vn -0.2671 0.9570 -0.1135
vn 0.1046 0.9387 -0.3284
vn 0.5132 0.8572 0.0428
vn 0.3079 0.6003 -0.7381
vn -0.2594 0.7868 0.5600
vn 0.7218 0.6320 -0.2822
vn -0.7281 0.6536 -0.2066
vn -0.8176 0.4317 0.3810
vn -0.2649 0.6684 -0.6950
vn -0.3119 0.7935 0.5226
vn -0.0661 0.9956 0.0670
vn 0.5073 0.7259 -0.4644
vn 0.4446 0.5921 -0.6721
vn -0.2664 0.7966 0.5427
vn -0.0714 0.9137 0.4002
vn 0.5793 0.7705 -0.2660
vn -0.4427 0.8888 -0.1184
vn -0.6257 0.5037 0.5957
vn -0.3212 0.9457 0.0501
vn -0.2655 0.6530 -0.7093
vn -0.4125 0.9003 -0.1388
vn -0.1692 0.9836 0.0622
vn 0.2691 0.9574 0.1049
vn 0.5798 0.8143 0.0280
vn 0.2904 0.9563 0.0354
vn 0.5427 0.8131 0.2106
vn 0.7652 0.5930 -0.2507
vn -0.0525 0.9865 -0.1552
vn 0.1543 0.8932 0.4223
vn -0.2781 0.7728 -0.5705
vn -0.4892 0.8091 0.3258
vn -0.3842 0.8162 0.4315
vn -0.3893 0.8640 0.3194
vn -0.1329 0.9649 0.2265
vn 0.5720 0.8175 -0.0678
vn 0.3556 0.8470 -0.3952
vn -0.7836 0.6065 0.1349
vn -0.8504 0.4887 0.1947
vn -0.1526 0.9093 0.3872
vn -0.2177 0.9556 -0.1987
vn -0.2001 0.8114 0.5492
vn -0.2392 0.7062 -0.6664
vn -0.3917 0.8905 -0.2316
vn 0.1253 0.9909 -0.0501
vn 0.4404 0.8018 0.4040
vn 0.4424 0.5589 -0.7014
vn 0.4168 0.8762 0.2420
vn 0.6346 0.7051 -0.3163
vn 0.3986 0.8449 0.3568
vn -0.7131 0.7008 -0.0171
vn -0.0813 0.9794 0.1848
vn 0.1044 0.8283 0.5505
vn -0.2713 0.9620 -0.0309
vn -0.6417 0.7384 -0.2073
vn -0.6349 0.7321 -0.2467
vn -0.4766 0.8784 0.0364
vn -0.4598 0.7763 0.4312
vn 0.2921 0.9454 -0.1443
vn 0.2806 0.8455 -0.4544
vn 0.6393 0.5322 -0.5550
vn 0.6410 0.5525 -0.5328
vn -0.4000 0.8050 -0.4381
vn -0.4593 0.8057 0.3740
vn -0.2379 0.7038 -0.6693
vn -0.3605 0.9327 -0.0077
vn 0.2741 0.8256 -0.4932
vn 0.3294 0.9440 0.0200
vn 0.6809 0.6868 0.2542
vn -0.4510 0.8209 -0.3503
vn -0.8164 0.4811 0.3195
vn -0.5521 0.8134 0.1833
vn -0.1164 0.9925 0.0377
vn 0.6603 0.7402 -0.1272
vn 0.6856 0.5948 -0.4197
vn 0.6296 0.6751 0.3844
vn -0.5047 0.6579 0.5590
vn -0.3270 0.9391 -0.1056
vn -0.3329 0.5933 -0.7329
vn -0.3882 0.8791 -0.2766
vn -0.3745 0.8990 -0.2270
vn -0.4967 0.8182 0.2898
vn 0.2359 0.9711 -0.0374
vn 0.5438 0.8242 0.1579
vn 0.2205 0.7317 0.6450
vn 0.7024 0.7110 0.0335
vn -0.0097 0.9295 0.3687
vn -0.3260 0.9409 0.0919
vn -0.3335 0.9164 0.2215
vn -0.3033 0.9528 -0.0125
vn -0.3546 0.9310 0.0863
vn -0.6812 0.7289 0.0687
vn -0.4863 0.8732 0.0323
vn -0.4601 0.8317 0.3108
vn 0.4857 0.8444 0.2261
vn -0.0927 0.9949 -0.0386
vn 0.1546 0.9756 0.1559
vn 0.3895 0.7041 0.5938
vn -0.8483 0.5184 0.1083
vn -0.2812 0.9217 -0.2673
vn -0.4193 0.8884 0.1868
vn -0.2942 0.8961 0.3325
vn -0.1622 0.9154 0.3685
vn 0.0166 0.9377 0.3471
vn -0.1101 0.8594 -0.4994
vn 0.4537 0.7703 -0.4481
vn 0.5522 0.8070 -0.2097
vn 0.5205 0.7452 0.4168
vn 0.6798 0.6999 0.2191
vn -0.5769 0.7882 0.2142
vn -0.6711 0.7087 -0.2176
vn 0.0326 0.9322 0.3605
vn -0.3601 0.8284 0.4291
vn -0.1088 0.9492 0.2953
vn -0.1079 0.9521 -0.2861
vn -0.1505 0.9603 0.2350
vn 0.1488 0.9683 -0.2007
vn 0.1628 0.9497 -0.2676
vn -0.0891 0.9936 -0.0693
vn 0.2032 0.6484 0.7337
vn -0.8027 0.5962 0.0163
vn -0.8014 0.5887 0.1056
vn -0.8670 0.4926 0.0755
vn -0.8364 0.4648 0.2905
vn -0.2958 0.9151 -0.2740
vn -0.1923 0.9028 -0.3845
vn -0.1903 0.9700 0.1510
vn -0.0479 0.8309 0.5544
vn -0.1787 0.6984 0.6930
vn -0.7170 0.6963 -0.0328
vn -0.3434 0.7474 0.5687
vn 0.1680 0.9521 0.2556
vn -0.6287 0.7726 0.0887
vn -0.5501 0.8102 -0.2025
vn -0.4342 0.8808 0.1888
vn 0.0846 0.9910 -0.1039
vn 0.2595 0.7816 0.5673
vn 0.0032 0.9562 0.2927
vn -0.7457 0.6550 0.1219
vn -0.1184 0.9867 0.1112
vn -0.5126 0.8549 0.0802
vn 0.2228 0.9491 -0.2228
vn 0.4869 0.5239 -0.6989
vn 0.5322 0.5714 -0.6247
vn 0.1335 0.9560 0.2612
vn 0.3108 0.7568 0.5751
vn -0.4868 0.7296 0.4804
vn -0.5656 0.7582 0.3244
vn -0.8190 0.5432 0.1851
vn -0.5924 0.6449 0.4829
vn -0.5599 0.7947 0.2346
vn -0.0309 0.8070 0.5897
vn -0.2933 0.7759 -0.5585
vn -0.6965 0.7175 -0.0083
vn 0.3347 0.9157 0.2222
vn 0.3790 0.8962 0.2306
vn 0.3826 0.8967 -0.2227
vn 0.3597 0.7501 -0.5549
vn 0.3460 0.5215 -0.7800
vn 0.6763 0.6676 0.3112
vn 0.8032 0.5770 -0.1482
vn -0.5793 0.6363 0.5095
vn -0.4117 0.8692 -0.2737
vn -0.5656 0.8247 0.0047
vn 0.2081 0.9515 -0.2266
vn 0.3570 0.9203 -0.1600
vn -0.0818 0.7482 -0.6584
vn -0.3244 0.9177 -0.2292
vn 0.7712 0.5739 -0.2755
vn 0.8418 0.4671 -0.2705
vn 0.7950 0.5988 0.0966
vn 0.4800 0.8239 0.3013
vn 0.3797 0.5791 0.7214
vn -0.7442 0.6542 0.1349
vn -0.7485 0.6210 0.2325
vn -0.3361 0.7083 -0.6208
vn -0.2780 0.6605 -0.6975
vn -0.3673 0.9299 0.0202
vn 0.2137 0.9576 0.1931
vn 0.4505 0.6622 -0.5988
vn 0.3777 0.7842 -0.4923
vn -0.2209 0.9718 0.0820
vn 0.6413 0.7645 0.0651
vn 0.7893 0.4302 -0.4382
vn 0.5562 0.6581 0.5075
vn -0.6615 0.6867 0.3016
vn -0.0785 0.8214 0.5649
vn -0.3593 0.7227 -0.5905
vn -0.1562 0.9770 0.1453
vn -0.1542 0.9855 0.0711
vn 0.2014 0.9748 0.0956
vn 0.3327 0.9426 -0.0289
vn -0.1563 0.8638 0.4789
vn 0.7804 0.4675 -0.4153
vn -0.1420 0.7823 0.6065
vn -0.6173 0.6780 0.3991
vn -0.7586 0.6335 0.1519
vn -0.5537 0.8143 0.1745
vn -0.6750 0.7005 -0.2317
vn -0.0230 0.9231 -0.3840
vn -0.4064 0.7957 -0.4490
vn -0.3864 0.7888 -0.4780
vn -0.4345 0.8866 0.1589
vn 0.1158 0.8861 -0.4488
vn -0.5356 0.7972 -0.2784
vn -0.5471 0.8352 -0.0566
vn -0.3135 0.5948 -0.7403
vn -0.1649 0.8880 -0.4292
vn -0.0607 0.9858 0.1564
vn -0.6059 0.7235 -0.3308
vn -0.0980 0.8984 -0.4282
vn -0.2871 0.8199 0.4953
vn 0.1617 0.9533 0.2551
vn 0.1589 0.6020 -0.7825
vn -0.2750 0.9581 0.0796
vn 0.3229 0.7637 0.5591
vn -0.7083 0.6351 0.3081
vn -0.7013 0.6954 0.1565
vn -0.4245 0.8721 0.2435
vn -0.7507 0.6068 0.2614
vn -0.4622 0.8592 -0.2194
vn -0.3686 0.9049 -0.2130
vn -0.3723 0.6759 -0.6361
vn -0.3710 0.6751 -0.6377
vn -0.1091 0.9940 0.0035
vn -0.5712 0.8129 0.1138
vn -0.1415 0.9282 -0.3442
vn -0.1425 0.9046 0.4018
vn 0.0268 0.9996 -0.0103
vn 0.7824 0.5844 -0.2155
vn 0.2176 0.5721 0.7908
vn -0.6513 0.6983 0.2970
vn -0.5600 0.7946 0.2346
vn -0.6010 0.7782 -0.1822
vn -0.3403 0.8603 0.3796
vn -0.3926 0.8625 0.3193
vn -0.0021 0.9766 0.2151
vn 0.1595 0.8822 -0.4431
vn -0.6155 0.6969 0.3681
vn -0.2964 0.6103 -0.7346
vn -0.2090 0.8319 0.5141
vn 0.1587 0.8386 0.5211
vn -0.0396 0.9039 -0.4259
vn 0.0632 0.9925 0.1044
vn 0.0180 0.9924 0.1220
vn 0.0230 0.9619 0.2723
vn -0.1086 0.9941 0.0001
vn -0.1811 0.9123 -0.3673
vn 0.1454 0.9848 0.0953
vn -0.2429 0.8325 0.4980
vn -0.5389 0.8363 0.1011
vn -0.6716 0.7354 0.0900
vn -0.5685 0.7393 0.3608
vn -0.7030 0.7094 0.0508
vn -0.0052 0.9961 -0.0878
vn 0.2703 0.9174 -0.2921
vn -0.7391 0.6617 -0.1257
vn 0.0493 0.9904 -0.1289
vn -0.1811 0.9377 0.2967
vn -0.5773 0.7480 -0.3276
vn -0.2108 0.7989 0.5634
vn -0.2118 0.7976 0.5648
vn -0.1919 0.7000 0.6879
vn 0.2750 0.8575 0.4348
vn -0.2104 0.9326 -0.2933
vn 0.1012 0.9344 -0.3414
vn -0.1780 0.9830 0.0455
vn 0.0839 0.7871 -0.6110
vn -0.4808 0.8768 0.0083
vn 0.5238 0.7675 -0.3695
vn 0.5432 0.6284 -0.5568
vn 0.0737 0.6884 0.7216
vn 0.1636 0.5809 0.7974
vn -0.2682 0.7131 0.6477
vn -0.5443 0.8322 -0.1060
vn -0.2852 0.9317 0.2249
vn -0.0612 0.9965 0.0576
vn 0.1576 0.9733 0.1671
vn -0.7136 0.6882 -0.1308
vn -0.5135 0.8566 0.0503
vn -0.5231 0.8522 0.0129
vn -0.4816 0.7281 -0.4878
vn -0.3069 0.9359 0.1730
vn -0.2434 0.9699 0.0063
vn 0.0328 0.9846 0.1718
vn 0.1528 0.9882 -0.0140
vn -0.1746 0.9834 -0.0493
vn -0.2634 0.9447 -0.1956
vn -0.4355 0.8765 -0.2054
vn 0.3854 0.7460 -0.5431
vn 0.0459 0.7418 0.6691
vn -0.1674 0.8373 0.5204
vn -0.4410 0.8935 0.0849
vn -0.3651 0.7827 0.5040
vn -0.4081 0.7888 -0.4596
vn 0.1837 0.9635 0.1945
vn 0.0641 0.8347 -0.5470
vn 0.0551 0.6410 -0.7656
vn -0.0030 0.5769 -0.8168
vn -0.4564 0.8797 0.1334
vn -0.3370 0.6554 -0.6759
vn -0.4198 0.8351 0.3555
vn 0.0916 0.6380 0.7646
vn -0.3699 0.5851 -0.7217
vn -0.3920 0.9197 0.0225
vn -0.2868 0.7824 0.5528
vn -0.4778 0.8561 0.1968
vn -0.1279 0.9872 -0.0957
vn -0.2725 0.9546 0.1199
vn -0.4390 0.8912 0.1146
vn -0.2313 0.7670 -0.5985
vn -0.5640 0.7820 0.2654
vn -0.4613 0.8629 0.2064
vn -0.0863 0.9960 -0.0252
vn -0.4485 0.8511 0.2728
vn -0.4499 0.7924 -0.4120
vn 0.0075 0.6856 -0.7280
vn -0.4374 0.8946 -0.0911
vn -0.3594 0.8055 0.4711
vn 0.0639 0.5186 0.8526
vn -0.1229 0.6240 0.7717
vn -0.3645 0.7254 0.5840
vn -0.4221 0.7512 0.5076
vn -0.5769 0.7262 0.3739
vn -0.2263 0.7642 -0.6040
vn 0.3255 0.8414 0.4314
vn -0.1884 0.9398 -0.2851
vn -0.5730 0.7649 0.2944
vn -0.4439 0.8658 0.2309
vn -0.6716 0.7184 0.1816
vn -0.2321 0.7590 -0.6083
vn -0.5046 0.8515 -0.1426
vn 0.0403 0.9948 -0.0936
vn -0.5982 0.7944 0.1051
vn -0.2382 0.9602 0.1461
vn -0.2375 0.7046 0.6687
vn -0.4496 0.8931 0.0171
vn -0.6452 0.7068 -0.2902
vn -0.4036 0.6394 -0.6545
vn -0.4455 0.8588 -0.2531
vn -0.2166 0.9441 0.2486
vn -0.2046 0.8602 -0.4672
vn 0.0079 0.8853 -0.4649
vn -0.3008 0.7332 -0.6098
vn -0.3310 0.7697 -0.5459
vn -0.5205 0.8179 -0.2450
vn -0.2794 0.9236 -0.2623
vn -0.1683 0.9777 -0.1254
vn -0.1311 0.7819 -0.6095
vn -0.5081 0.8519 0.1270
vn -0.5545 0.8307 -0.0506
vn -0.6022 0.7808 -0.1668
vn -0.5895 0.6905 0.4192
vn -0.3854 0.9216 0.0460
vn 0.0874 0.9847 0.1509
vn 0.3387 0.9257 0.1684
vn -0.2653 0.9615 -0.0711
vn -0.4658 0.7844 0.4096
vn -0.0538 0.9943 -0.0925
vn -0.3433 0.7731 -0.5333
vn -0.1359 0.9895 -0.0498
vn -0.1330 0.8390 -0.5276
vn -0.6382 0.6495 0.4134
vn -0.4306 0.6963 0.5742
vn -0.3950 0.8189 0.4164
vn -0.6031 0.7935 0.0816
vn -0.6628 0.7416 -0.1038
vn -0.6667 0.7441 -0.0432
vn -0.6234 0.7719 -0.1244
vn -0.5563 0.8149 -0.1625
vn -0.2407 0.6213 0.7456
vn -0.2833 0.6569 -0.6988
vn -0.2031 0.9791 0.0045
vn -0.4613 0.8872 -0.0011
vn -0.1579 0.9772 0.1417
vn -0.1990 0.8226 -0.5327
vn -0.6693 0.7426 -0.0256
vn -0.2478 0.7151 0.6536
vn -0.4622 0.8868 -0.0005
vn -0.6872 0.7223 -0.0776
vn 0.1446 0.9844 0.1003
vn 0.2073 0.9776 -0.0353
vn -0.5474 0.8366 0.0218
vn -0.2751 0.9606 0.0391
vn -0.5432 0.7402 -0.3962
vn -0.0770 0.7573 -0.6485
vn -0.0551 0.6830 -0.7283
vn -0.4888 0.6730 0.5550
vn -0.2921 0.5577 0.7769
vn -0.3395 0.8333 0.4364
vn -0.6490 0.7330 0.2035
vn -0.6463 0.7616 -0.0477
vn 0.1768 0.9120 -0.3702
vn -0.1785 0.9691 -0.1704
vn -0.5587 0.8255 0.0798
vn -0.2797 0.9584 -0.0560
vn -0.0486 0.6944 -0.7180
vn -0.5990 0.7928 0.1123
vn -0.2385 0.9301 0.2794
vn 0.2204 0.8204 0.5277
vn 0.2663 0.9161 0.2997
vn -0.4976 0.6715 -0.5490
vn -0.1238 0.9789 -0.1629
vn -0.3788 0.7679 0.5165
vn -0.6033 0.7088 -0.3656
vn -0.1403 0.8093 -0.5704
vn -0.3125 0.9423 -0.1200
vn 0.0925 0.9696 -0.2265
vn -0.3482 0.8454 -0.4050
vn -0.6063 0.7913 -0.0796
vn -0.5399 0.7532 -0.3758
vn -0.7354 0.6643 -0.1340
vn -0.6407 0.7507 0.1610
vn -0.6168 0.7006 0.3587
vn -0.3179 0.6297 -0.7088
vn -0.5662 0.8085 -0.1605
vn -0.0834 0.8630 -0.4982
vn -0.1709 0.9430 -0.2855
vn -0.3846 0.8850 -0.2624
vn -0.2008 0.7253 -0.6585
vn -0.5876 0.8091 -0.0073
vn -0.4324 0.7751 0.4606
vn -0.3077 0.8750 0.3737
vn -0.6192 0.7243 -0.3033
vn -0.1718 0.9466 -0.2730
vn -0.2641 0.9307 0.2530
vn -0.2053 0.9768 -0.0617
vn -0.3130 0.9089 0.2757
vn -0.7308 0.6052 0.3158
vn -0.4575 0.8774 -0.1445
vn -0.3286 0.5902 0.7373
vn -0.3090 0.6241 0.7176
vn -0.1825 0.9420 -0.2816
vn -0.5727 0.8196 0.0176
vn 0.1862 0.9805 0.0624
vn -0.7515 0.6030 0.2678
vn -0.4697 0.8694 -0.1531
vn -0.5549 0.7784 0.2935
vn -0.2705 0.9448 -0.1849
vn -0.3461 0.9382 0.0027
vn -0.2561 0.9564 0.1402
vn -0.2452 0.9403 0.2362
vn -0.2574 0.9660 0.0249
vn -0.3454 0.8979 -0.2728
vn -0.4920 0.7725 -0.4015
vn -0.3170 0.9484 0.0116
vn -0.1323 0.8846 0.4473
vn 0.0821 0.9931 0.0842
vn -0.1197 0.8143 -0.5679
vn -0.3681 0.8413 -0.3958
vn -0.3405 0.9399 0.0247
vn -0.4028 0.7495 0.5253
vn -0.4487 0.8715 -0.1982
vn -0.3188 0.6311 -0.7072
vn -0.3249 0.9404 -0.1004
vn -0.5494 0.8347 -0.0372
vn -0.3177 0.9473 0.0412
vn 0.1838 0.9489 0.2566
vn -0.1586 0.9873 -0.0026
vn -0.0126 0.9717 -0.2359
vn -0.2244 0.7143 -0.6629
vn -0.3756 0.5464 0.7486
vn -0.4012 0.7614 0.5093
vn -0.3004 0.9080 -0.2922
vn -0.3041 0.9521 -0.0305
vn -0.1747 0.8806 -0.4405
vn -0.0058 0.9757 -0.2190
vn -0.1772 0.9721 0.1535
vn -0.2369 0.9239 -0.3003
vn -0.2556 0.8945 -0.3667
vn -0.4487 0.6845 -0.5746
vn -0.3461 0.5888 0.7305
vn -0.3746 0.8646 0.3349
vn -0.4771 0.8785 0.0256
vn -0.6319 0.7540 0.1796
vn -0.5150 0.8546 -0.0667
vn -0.4208 0.8947 0.1496
vn -0.3833 0.9104 -0.1558
vn -0.0265 0.9750 0.2205
vn -0.0033 0.9672 -0.2541
vn -0.1840 0.8501 -0.4935
vn -0.4476 0.8913 -0.0716
vn -0.6089 0.7922 0.0403
vn -0.4082 0.8014 0.4371
vn -0.7065 0.7063 -0.0445
vn -0.4171 0.8947 -0.1598
vn -0.6165 0.7788 0.1160
vn -0.0738 0.8149 -0.5749
vn -0.5096 0.8556 0.0908
vn -0.3264 0.9194 -0.2195
vn -0.1965 0.7129 -0.6732
vn -0.5231 0.7620 0.3817
vn -0.0869 0.8463 0.5256
vn -0.5850 0.8099 -0.0420
vn -0.6780 0.6894 -0.2552
vn -0.3206 0.8827 0.3436
vn -0.4811 0.8763 0.0253
vn -0.5988 0.7517 0.2763
vn -0.5456 0.8053 0.2320
vn -0.0370 0.8597 0.5095
vn -0.1574 0.8111 -0.5633
vn -0.1178 0.8155 -0.5667
vn -0.4666 0.8822 -0.0636
vn -0.5695 0.8176 0.0852
vn -0.3962 0.8195 -0.4141
vn -0.5021 0.8520 -0.1486
vn 0.0026 0.9707 -0.2403
vn -0.0148 0.9222 -0.3864
vn 0.0651 0.7799 -0.6224
vn -0.4074 0.8377 -0.3638
vn -0.5062 0.7903 0.3452
vn -0.3610 0.7877 0.4992
vn -0.5876 0.8017 0.1092
vn -0.1017 0.9724 0.2098
vn -0.2541 0.9627 -0.0929
vn -0.4984 0.8549 -0.1443
vn -0.0989 0.7852 0.6113
vn -0.3469 0.8312 0.4345
vn -0.3757 0.8646 0.3335
vn -0.0664 0.9975 -0.0238
vn -0.5843 0.8113 0.0203
vn -0.6604 0.6917 -0.2923
vn -0.1619 0.8515 -0.4987
vn -0.3851 0.8684 -0.3124
vn -0.3654 0.9272 -0.0826
vn -0.4384 0.8491 -0.2945
vn -0.4554 0.8728 0.1753
vn -0.2207 0.7944 0.5658
vn -0.3953 0.6336 0.6651
vn -0.2396 0.8794 -0.4113
vn -0.3028 0.6308 -0.7144
vn -0.6439 0.7531 0.1350
vn -0.0487 0.9196 -0.3898
vn -0.3060 0.9520 -0.0057
vn -0.4123 0.9106 0.0280
vn -0.0133 0.8494 -0.5275
vn -0.3462 0.8335 0.4307
vn -0.0042 0.9182 0.3960
vn -0.1361 0.9887 0.0629
vn -0.2770 0.9293 -0.2443
vn -0.5157 0.8456 -0.1381
vn -0.6401 0.7457 0.1848
vn -0.3430 0.9389 -0.0275
vn -0.3255 0.9454 0.0182
vn -0.1953 0.9553 -0.2221
vn -0.2403 0.8431 0.4811
vn -0.3649 0.9310 -0.0028
vn -0.1430 0.7416 0.6554
vn -0.1032 0.7909 0.6032
vn -0.2646 0.9099 0.3193
vn -0.5104 0.8584 -0.0514
vn -0.2415 0.9462 -0.2156
vn -0.1506 0.9706 -0.1878
vn 0.1012 0.9159 -0.3884
vn -0.0592 0.9966 -0.0577
vn -0.3496 0.7182 0.6017
vn -0.1281 0.6790 0.7228
vn -0.1665 0.9619 -0.2170
vn -0.1524 0.9456 -0.2873
vn -0.0835 0.9965 0.0058
vn -0.1180 0.8831 0.4540
vn -0.5083 0.8591 0.0593
vn -0.1918 0.7860 -0.5878
vn -0.3031 0.6306 -0.7145
vn -0.4229 0.8939 -0.1484
vn -0.3974 0.9118 0.1034
vn -0.2904 0.9414 -0.1716
vn -0.6031 0.7970 -0.0313
vn -0.4854 0.8085 0.3327
vn 0.0177 0.9654 -0.2603
vn -0.0619 0.9349 -0.3496
vn -0.0681 0.9977 -0.0023
vn -0.2427 0.9346 0.2600
vn -0.2206 0.6222 0.7512
vn -0.1326 0.7266 0.6741
vn -0.1478 0.8489 0.5075
vn -0.4582 0.8198 -0.3436
vn -0.2218 0.8813 -0.4172
vn -0.4598 0.8714 0.1711
vn -0.4208 0.9001 -0.1127
vn 0.0138 0.9192 -0.3935
vn -0.1273 0.9402 -0.3159
vn -0.0840 0.9964 0.0063
vn -0.1128 0.9935 0.0117
vn -0.1410 0.9417 -0.3055
vn -0.5464 0.8136 0.1990
vn -0.3993 0.9138 -0.0745
vn -0.3240 0.9447 -0.0515
vn 0.0129 0.9330 -0.3595
vn -0.0711 0.9380 -0.3392
vn 0.0126 0.9184 0.3954
vn -0.4970 0.8179 -0.2898
vn -0.2895 0.9565 -0.0367
vn -0.2811 0.9273 -0.2474
vn -0.2730 0.9606 0.0515
vn -0.2108 0.9201 0.3302
vn -0.2045 0.9316 0.3006
vn 0.1015 0.9937 -0.0469
vn 0.1379 0.7692 -0.6239
vn -0.0719 0.9922 0.1021
vn 0.1844 0.9690 0.1643
vn -0.2012 0.9305 0.3059
vn -0.4515 0.8870 -0.0968
vn -0.1434 0.8172 -0.5582
vn -0.6604 0.7500 0.0369
vn -0.4301 0.8999 -0.0726
vn 0.0147 0.8452 0.5343
vn -0.1516 0.9825 -0.1081
vn -0.3275 0.7071 0.6266
vn -0.2711 0.9472 0.1711
vn -0.3961 0.9111 -0.1142
vn 0.0549 0.9574 -0.2835
vn -0.1277 0.7551 0.6430
vn -0.4611 0.8779 0.1295
vn -0.3671 0.9238 0.1088
vn -0.0896 0.9318 -0.3518
vn -0.0591 0.8022 -0.5941
vn 0.0540 0.9945 -0.0900
vn 0.0637 0.8947 0.4421
vn -0.2661 0.6999 0.6629
vn -0.4155 0.8833 0.2171
vn -0.4931 0.8656 0.0871
vn -0.4292 0.8987 -0.0899
vn -0.0902 0.9321 -0.3508
vn -0.0584 0.8016 -0.5949
vn 0.0676 0.8969 0.4371
vn 0.1771 0.9407 0.2894
vn -0.1545 0.9270 0.3417
vn -0.3406 0.9234 -0.1771
vn -0.5318 0.8397 0.1098
vn 0.2088 0.9759 0.0630
vn 0.2170 0.9759 0.0236
vn -0.1016 0.9614 -0.2557
vn -0.0372 0.9645 -0.2613
vn 0.1179 0.7955 0.5944
vn -0.1095 0.8419 0.5284
vn -0.4847 0.8712 0.0778
vn -0.3752 0.9269 -0.0084
vn -0.2085 0.8882 -0.4094
vn -0.3409 0.9183 -0.2012
vn -0.2481 0.9537 -0.1699
vn -0.5257 0.8492 -0.0487
vn -0.4524 0.8541 0.2565
vn -0.1940 0.9616 -0.1939
vn 0.0969 0.9639 -0.2480
vn 0.1337 0.7712 0.6223
vn 0.0097 0.9933 0.1155
vn -0.3719 0.8383 0.3988
vn -0.5576 0.8277 -0.0628
vn -0.2513 0.9250 -0.2851
vn -0.4959 0.8666 0.0558
vn -0.4480 0.8854 -0.1240
vn -0.1659 0.9249 0.3423
vn 0.1474 0.8119 0.5649
vn -0.1369 0.9413 -0.3084
vn -0.0532 0.9138 0.4027
vn -0.4158 0.8557 -0.3081
vn -0.5115 0.8042 -0.3026
vn -0.4233 0.9026 -0.0784
vn -0.1715 0.9570 -0.2338
vn 0.3285 0.8788 -0.3461
vn -0.1669 0.9449 -0.2817
vn -0.1483 0.9366 0.3175
vn -0.5981 0.7730 -0.2115
vn -0.4895 0.8688 0.0751
vn -0.4736 0.8785 0.0634
vn 0.3629 0.8473 -0.3877
vn -0.3626 0.8509 -0.3802
vn -0.1103 0.7875 0.6064
vn -0.0277 0.9030 0.4288
vn -0.1093 0.9099 0.4001
vn -0.5032 0.6286 -0.5930
vn 0.4011 0.9113 -0.0934
vn -0.3628 0.8347 -0.4143
vn -0.4632 0.7476 0.4760
vn -0.1789 0.8145 0.5520
vn -0.0203 0.7795 0.6260
vn -0.4109 0.8806 0.2361
vn -0.4550 0.8671 -0.2025
vn -0.4649 0.8851 0.0221
vn -0.6174 0.7771 0.1225
vn 0.3947 0.8910 -0.2244
vn 0.1928 0.9437 -0.2689
vn -0.0718 0.9936 -0.0869
vn -0.3149 0.9491 0.0091
vn -0.5028 0.8436 -0.1884
vn -0.4583 0.7842 0.4183
vn -0.2041 0.8153 0.5419
vn -0.4954 0.7666 -0.4085
vn -0.5760 0.8074 0.1280
vn -0.5352 0.8431 -0.0517
vn -0.6345 0.7729 -0.0083
vn -0.6316 0.7725 0.0657
vn -0.5902 0.7992 -0.1136
vn 0.0986 0.9379 -0.3326
vn 0.1541 0.9249 -0.3475
vn -0.3908 0.8826 0.2613
vn -0.3228 0.9274 0.1889
vn -0.4945 0.7302 0.4715
vn -0.2527 0.8578 0.4476
vn -0.4319 0.8377 -0.3343
vn -0.3183 0.8041 -0.5021
vn -0.4928 0.8055 -0.3292
vn -0.5098 0.8602 0.0144
vn -0.6637 0.7290 0.1673
vn -0.5812 0.8131 -0.0336
vn -0.4404 0.8019 -0.4037
vn -0.6010 0.7832 -0.1591
vn 0.0046 0.8131 0.5821
vn -0.4507 0.8923 0.0263
vn -0.0624 0.9681 0.2425
vn -0.2466 0.7596 0.6018
vn -0.6679 0.7434 -0.0351
vn 0.1333 0.9323 -0.3363
vn 0.1869 0.9522 -0.2416
vn -0.0742 0.8713 0.4851
vn -0.0054 0.8091 0.5877
vn -0.2068 0.9022 0.3785
vn -0.4559 0.8666 -0.2029
vn -0.4614 0.7923 -0.3992
vn -0.4296 0.8531 -0.2962
vn -0.3670 0.9214 -0.1280
vn -0.3277 0.8853 -0.3299
vn 0.1083 0.9324 -0.3448
vn -0.2784 0.9391 -0.2013
vn -0.4325 0.7795 -0.4532
vn -0.7289 0.6676 -0.1517
vn -0.7069 0.6100 0.3580
vn -0.5071 0.7918 0.3405
vn -0.6154 0.7816 -0.1020
vn -0.4474 0.8597 -0.2463
vn -0.6596 0.7301 0.1785
vn -0.6274 0.7702 0.1149
vn -0.6421 0.7218 -0.2583
vn -0.7628 0.6331 -0.1315
vn -0.6770 0.7018 0.2218
vn -0.4245 0.8890 -0.1716
vn -0.4048 0.9054 0.1279
vn -0.6385 0.7679 0.0502
vn -0.1144 0.8921 -0.4371
vn 0.3187 0.9346 -0.1582
vn -0.6986 0.7129 -0.0615
vn -0.7814 0.6126 0.1185
vn -0.6779 0.6237 0.3891
vn -0.6881 0.6667 0.2865
vn -0.2320 0.8791 0.4163
vn -0.0023 0.9237 0.3831
vt 0.000162 -0.000004
vt 0.024685 0.021802
vt 0.034844 -0.000004
vt 0.204878 0.000000
vt 0.206538 0.010555
vt 0.212028 0.000219
vt 0.432644 0.000019
vt 0.452073 0.007941
vt 0.452800 0.000000
vt 0.463429 0.000002
vt 0.472428 0.007441
vt 0.471988 0.000000
vt 0.480287 0.000000
vt 0.506983 0.000000
vt 0.502199 0.012127
vt 0.614026 0.000214
vt 0.627482 0.011139
vt 0.641490 0.000833
vt 0.688401 0.011457
vt 0.704259 0.003525
vt 0.684276 0.001545
vt 0.725653 0.013346
vt 0.743701 0.001435
vt 0.721762 0.000129
vt 0.749196 0.011772
vt 0.759452 -0.000069
vt 0.776019 0.000016
vt 0.777119 0.009608
vt 0.790323 0.000003
vt 0.819880 -0.000040
vt 0.827586 0.014655
vt 0.832942 0.000002
vt 0.847907 0.000034
vt 0.860843 0.009282
vt 0.866043 0.001068
vt 0.085802 0.000243
vt 0.107616 0.002304
vt 0.094850 0.000008
vt 0.187665 0.000375
vt 0.317744 0.000020
vt 0.330368 0.011275
vt 0.331300 -0.000001
vt 0.375187 -0.000008
vt 0.368025 0.011693
vt 0.385653 0.000005
vt 0.396756 0.007014
vt 0.394050 0.000005
vt 0.405707 0.000003
vt 0.567343 0.000020
vt 0.569128 0.008307
vt 0.581090 0.000101
vt 0.594727 0.010916
vt 0.610835 0.012980
vt 0.873293 0.024831
vt 0.894441 0.001239
vt 0.914698 0.004194
vt 0.919739 0.019466
vt 0.939321 0.000315
vt -0.000366 0.007690
vt 0.129732 0.000009
vt 0.126190 0.021019
vt 0.146447 0.000130
vt 0.237525 0.000000
vt 0.242874 0.015806
vt 0.247741 0.000010
vt 0.275216 0.000000
vt 0.276412 0.020632
vt 0.290169 0.000009
vt 0.300118 0.000084
vt 0.347917 -0.000072
vt 0.348798 0.013803
vt 0.360108 0.000011
vt 0.426983 0.000011
vt 0.415656 0.000000
vt 0.521229 0.000099
vt 0.526142 0.008500
vt 0.537748 0.000027
vt 0.556695 0.000206
vt 0.797735 0.025136
vt 0.809274 -0.000007
vt 0.897890 0.012763
vt 0.050732 0.000500
vt 0.058298 0.018928
vt 0.174667 0.000072
vt 0.186667 0.014203
vt 0.224970 0.000031
vt 0.255278 -0.000002
vt 0.320163 0.018085
vt 0.430128 0.013636
vt 0.845773 0.019391
vt 0.960677 0.000340
vt 0.978931 0.018341
vt 0.982565 0.001013
vt 0.149530 0.017966
vt 0.158254 0.000032
vt 0.170126 0.025638
vt 0.303398 0.027199
vt 0.393057 0.018321
vt 0.482436 0.012742
vt 0.545641 0.016357
vt 0.619571 0.021252
vt 0.664137 0.001137
vt 0.664524 0.028863
vt 0.956862 0.027401
vt 0.999997 0.000055
vt 0.220448 0.019024
vt 0.361815 0.021324
vt 0.408595 0.016793
vt 0.569931 0.019150
vt 0.756039 0.019984
vt 0.832080 0.024100
vt 0.087873 0.031509
vt 0.466308 0.019655
vt 0.526277 0.022169
vt 0.715659 0.024095
vt 0.492953 0.019975
vt 0.000015 0.021811
vt 0.374598 0.025959
vt 0.424214 0.018981
vt 0.583258 0.020539
vt 0.638119 0.033795
vt 0.815486 0.030915
vt 0.999993 0.021565
vt 0.153877 0.031819
vt 0.180205 0.033696
vt 0.229627 0.030813
vt 0.336464 0.027375
vt 0.551244 0.033484
vt 0.784555 0.037373
vt 0.105086 0.040703
vt 0.197709 0.028498
vt 0.210630 0.030758
vt 0.341991 0.042407
vt 0.438617 0.026741
vt 0.600246 0.028152
vt 0.728200 0.031116
vt 0.262448 0.030912
vt 0.394406 0.030446
vt 0.506341 0.030576
vt 0.685674 0.029207
vt 0.763223 0.030350
vt 0.884608 0.038114
vt 0.911013 0.032277
vt 0.050729 0.037576
vt 0.068345 0.046279
vt 0.410386 0.032364
vt 0.466782 0.028816
vt 0.520562 0.035400
vt 0.573652 0.031934
vt 0.937742 0.040085
vt 0.985993 0.042434
vt 0.837769 0.047655
vt 0.479864 0.033245
vt 0.590867 0.036403
vt 0.624937 0.042746
vt 0.732853 0.042509
vt 0.794572 0.045142
vt 0.021691 0.036673
vt 0.292501 0.040691
vt 0.319712 0.040313
vt 0.378603 0.036238
vt 0.414476 0.039257
vt 0.426667 0.038027
vt 0.673963 0.044943
vt 0.705656 0.038282
vt 0.849568 0.045207
vt 0.204189 0.041097
vt 0.360854 0.039436
vt 0.445347 0.035689
vt 0.464757 0.039460
vt 0.689610 0.048240
vt 0.000333 0.041676
vt 0.249699 0.047150
vt 0.566408 0.041950
vt 0.663774 0.049997
vt 0.719870 0.040600
vt 0.868302 0.043119
vt 1.000000 0.034788
vt 0.121382 0.056592
vt 0.142634 0.053186
vt 0.266075 0.056647
vt 0.303863 0.053053
vt 0.397527 0.039755
vt 0.452262 0.041050
vt 0.478968 0.041752
vt 0.498681 0.042250
vt 0.594877 0.046114
vt 0.959484 0.051535
vt 1.000015 0.042857
vt 0.233874 0.050142
vt 0.436922 0.043991
vt 0.737996 0.055587
vt 0.023403 0.054140
vt 0.221093 0.051701
vt 0.349614 0.048530
vt 0.399331 0.046306
vt 0.550713 0.049299
vt 0.800451 0.059605
vt 0.184136 0.061994
vt 0.411959 0.046356
vt 0.458598 0.049682
vt 0.516408 0.049609
vt 0.577421 0.050572
vt 0.601287 0.052550
vt 0.633095 0.051997
vt 0.773081 0.048191
vt 0.861521 0.056882
vt 0.896430 0.052588
vt 0.941849 0.054839
vt 0.169809 0.064899
vt 0.360545 0.054176
vt 0.375918 0.056552
vt 0.422217 0.050532
vt 0.434910 0.055611
vt 0.485908 0.048759
vt 0.811991 0.068013
vt 0.921173 0.056836
vt 0.831279 0.059876
vt 0.882570 0.059065
vt 0.089055 0.060537
vt 0.317917 0.056241
vt 0.393299 0.052604
vt 0.470736 0.054740
vt 0.521926 0.056349
vt 0.408849 0.055616
vt 0.489707 0.055455
vt -0.000005 0.065625
vt 0.203781 0.061591
vt 0.501634 0.057300
vt 0.584031 0.058398
vt 0.645778 0.067704
vt 0.675060 0.063023
vt 0.698883 0.059764
vt 0.749936 0.070123
vt 0.395100 0.060075
vt 0.564644 0.060983
vt 0.611391 0.063496
vt 0.769942 0.066425
vt 0.852610 0.063495
vt 0.999992 0.079509
vt 0.055828 0.070370
vt 0.111398 0.070085
vt 0.225535 0.071245
vt 0.237035 0.068098
vt 0.283633 0.069750
vt 0.320213 0.070448
vt 0.412110 0.061125
vt 0.455249 0.059404
vt 0.471457 0.059669
vt 0.627421 0.062792
vt 0.787723 0.062139
vt 0.892238 0.064672
vt 0.938068 0.068589
vt 0.972027 0.070977
vt 0.073984 0.067357
vt 0.306084 0.072398
vt 0.524276 0.065367
vt 0.600685 0.062370
vt 0.799096 0.072899
vt 0.912161 0.072731
vt 0.346316 0.065841
vt 0.447621 0.064125
vt 0.479841 0.064380
vt 0.504347 0.063169
vt 0.547399 0.064250
vt 0.710653 0.069988
vt 0.999995 0.059252
vt 0.362367 0.070332
vt 0.657044 0.076560
vt 0.033615 0.078769
vt 0.410897 0.066075
vt 0.429360 0.075696
vt 0.490570 0.067864
vt 0.688808 0.070905
vt 0.872202 0.072176
vt 0.095276 0.081429
vt 0.264538 0.090864
vt 0.384651 0.073517
vt 0.392920 0.071262
vt 0.414444 0.072866
vt 0.459206 0.067948
vt 0.510760 0.068735
vt 0.569247 0.071302
vt 0.586324 0.072952
vt 0.134840 0.081013
vt 0.442674 0.072480
vt 0.478990 0.073456
vt 0.213007 0.081049
vt 0.250249 0.085526
vt 0.402340 0.075291
vt 0.501593 0.072828
vt 0.548766 0.076533
vt 0.812262 0.079477
vt 0.904881 0.086822
vt 0.162408 0.086921
vt 0.180313 0.085187
vt 0.343891 0.078277
vt 0.621755 0.078795
vt 0.788035 0.075175
vt 0.022579 0.090040
vt 0.085150 0.085273
vt 0.373727 0.081740
vt 0.463105 0.077437
vt 0.600045 0.076382
vt 0.696060 0.080307
vt 0.774597 0.078717
vt 0.885898 0.082594
vt 0.126546 0.084074
vt 0.219443 0.093220
vt 0.288839 0.082585
vt 0.319015 0.081850
vt 0.489810 0.078629
vt 0.521156 0.080033
vt 0.552913 0.083177
vt 0.565995 0.085262
vt 0.640780 0.087392
vt 0.730292 0.085135
vt 0.759480 0.081989
vt 0.915753 0.083497
vt 0.054587 0.091208
vt 0.303854 0.085594
vt 0.450063 0.080590
vt 0.477735 0.080072
vt 0.503552 0.081678
vt 0.709936 0.084407
vt 0.746015 0.084237
vt 0.395314 0.083889
vt 0.414639 0.083801
vt 0.464768 0.086036
vt 0.529044 0.083993
vt 0.587097 0.087055
vt 0.602320 0.083368
vt 0.665977 0.090943
vt 0.852532 0.086473
vt 0.869626 0.087269
vt 0.064970 0.101502
vt 0.365728 0.088362
vt 0.763948 0.089722
vt 0.790955 0.090683
vt 0.948198 0.103291
vt 0.201890 0.086271
vt 0.198436 0.100645
vt 0.236128 0.097655
vt 0.398531 0.091306
vt 0.437470 0.088223
vt 0.485670 0.084852
vt 0.499909 0.085741
vt 0.934047 0.098454
vt 0.000135 0.097805
vt 0.340174 0.092328
vt 0.376649 0.091388
vt 0.509482 0.092632
vt 0.575551 0.087679
vt 0.614519 0.092199
vt 0.627116 0.091770
vt 0.646957 0.098482
vt 0.890098 0.099409
vt 0.999991 0.089997
vt 0.476551 0.090340
vt 0.545237 0.089332
vt 0.587480 0.092228
vt 0.603276 0.093800
vt 0.695561 0.099190
vt 0.749352 0.091731
vt 0.976202 0.101592
vt 0.319872 0.098144
vt 0.417007 0.092427
vt 0.441921 0.093919
vt 0.460323 0.092485
vt 0.492922 0.094641
vt 0.722130 0.096235
vt 0.813956 0.094800
vt 0.844429 0.100593
vt 0.092757 0.103822
vt 0.143240 0.100732
vt 0.277114 0.099837
vt 0.536637 0.100047
vt 0.548093 0.098097
vt 0.735681 0.098650
vt 0.860518 0.100287
vt 0.176175 0.101580
vt 0.246508 0.105865
vt 0.474572 0.100136
vt 0.568225 0.100390
vt 0.587157 0.097049
vt 0.897298 0.110234
vt 0.134947 0.109554
vt 0.161259 0.108695
vt 0.295251 0.105722
vt 0.359974 0.101135
vt 0.390078 0.100080
vt 0.398369 0.103502
vt 0.516114 0.099227
vt 0.914853 0.110651
vt 0.415523 0.101697
vt 0.676006 0.100365
vt 0.868650 0.108327
vt 0.000345 0.128833
vt 0.110612 0.114090
vt 0.212320 0.110226
vt 0.264685 0.108826
vt 0.334842 0.109585
vt 0.457983 0.103716
vt 0.497815 0.102173
vt 0.588425 0.107413
vt 0.604152 0.106980
vt 0.621790 0.115593
vt 0.630374 0.106261
vt 0.658386 0.109260
vt 0.829390 0.112489
vt 0.040115 0.124646
vt 0.074726 0.111259
vt 0.372181 0.109507
vt 0.436603 0.104953
vt 0.725246 0.108482
vt 0.803949 0.108590
vt 0.025730 0.116985
vt 0.153642 0.115230
vt 0.300663 0.118918
vt 0.408395 0.109119
vt 0.545761 0.106353
vt 0.565717 0.106586
vt 0.679486 0.117556
vt 0.711137 0.107143
vt 0.846789 0.115333
vt 0.186562 0.120637
vt 0.426467 0.110962
vt 0.477359 0.109208
vt 0.527433 0.111550
vt 0.646667 0.112230
vt 0.747347 0.126247
vt 0.765993 0.116291
vt 0.786364 0.121743
vt 0.173395 0.112267
vt 0.381303 0.115366
vt 0.494383 0.111641
vt 0.686264 0.120499
vt 0.852846 0.122725
vt 1.000002 0.118022
vt 0.129037 0.128360
vt 0.195677 0.118772
vt 0.224162 0.115940
vt 0.270548 0.119621
vt 0.348413 0.118931
vt 0.397931 0.114669
vt 0.439898 0.113437
vt 0.450758 0.117875
vt 0.607992 0.120262
vt 0.697027 0.116986
vt 0.876422 0.116292
vt 0.930318 0.120616
vt 0.084893 0.123099
vt 0.246842 0.115444
vt 0.315321 0.117698
vt 0.413087 0.115772
vt 0.546741 0.114718
vt 0.587402 0.114575
vt 0.862708 0.118435
vt 0.965110 0.120378
vt 0.472130 0.117084
vt 0.484434 0.116923
vt 0.710593 0.121423
vt 0.992627 0.130092
vt 0.514405 0.122212
vt 0.557550 0.121180
vt 0.589434 0.123970
vt 0.903423 0.122437
vt 0.205817 0.122605
vt 0.234427 0.129730
vt 0.428471 0.121947
vt 0.655380 0.125340
vt 0.731592 0.128357
vt 0.806886 0.132727
vt 0.320892 0.127371
vt 0.367572 0.125031
vt 0.574044 0.132337
vt 0.888393 0.126353
vt 0.047777 0.139977
vt 0.153718 0.129452
vt 0.169062 0.133711
vt 0.218895 0.129671
vt 0.249190 0.131469
vt 0.452518 0.125837
vt 0.488483 0.120908
vt 0.538912 0.126347
vt 0.562092 0.126579
vt 0.630619 0.131600
vt 0.839175 0.123574
vt 0.861702 0.135021
vt 0.943885 0.134024
vt 0.406989 0.132971
vt 0.872195 0.136425
vt 0.916691 0.133685
vt 0.976566 0.141943
vt 0.344999 0.132012
vt 0.472271 0.132941
vt 0.519382 0.135191
vt 0.609618 0.131583
vt 0.693314 0.140371
vt 0.832366 0.137355
vt 0.088643 0.143545
vt 0.188547 0.137416
vt 0.448938 0.141943
vt 0.640697 0.135839
vt 0.717028 0.138525
vt 0.778756 0.133873
vt 0.072007 0.137914
vt 0.376023 0.136371
vt 0.396124 0.135393
vt 0.425347 0.136355
vt 0.668898 0.138578
vt 0.685205 0.139270
vt 0.763789 0.134122
vt 0.900570 0.134044
vt 0.999969 0.138215
vt 0.024063 0.141444
vt 0.125098 0.141750
vt 0.296976 0.144585
vt 0.543620 0.137532
vt 0.585305 0.139706
vt 0.203338 0.139028
vt 0.216466 0.141928
vt 0.237407 0.142134
vt 0.265575 0.142892
vt 0.279647 0.144129
vt 0.311388 0.147261
vt 0.357005 0.142438
vt 0.489700 0.136530
vt 0.798353 0.142030
vt 0.664156 0.144978
vt 0.752694 0.145996
vt 0.813180 0.140421
vt 0.883042 0.142559
vt 0.926732 0.140585
vt 0.951145 0.148667
vt 0.050898 0.155193
vt 0.101317 0.154281
vt 0.603614 0.148241
vt 0.738748 0.144581
vt 0.823298 0.148367
vt 0.837347 0.147515
vt 0.000119 0.154560
vt 0.163654 0.149746
vt 0.410107 0.144264
vt 0.561092 0.144674
vt 0.806482 0.147043
vt 0.851211 0.149493
vt 0.907129 0.143735
vt 0.010942 0.149666
vt 0.224152 0.146970
vt 0.335594 0.147833
vt 0.492898 0.147648
vt 0.518376 0.148248
vt 0.626170 0.148377
vt 0.775113 0.149337
vt 0.861238 0.149178
vt 0.146056 0.159264
vt 0.376723 0.151642
vt 0.470199 0.155824
vt 0.911085 0.153629
vt 0.039062 0.158016
vt 0.394404 0.152738
vt 0.645744 0.157565
vt 0.676499 0.153401
vt 0.888679 0.150801
vt 0.416621 0.155324
vt 0.571370 0.151054
vt 0.693444 0.155150
vt 0.754362 0.161795
vt 0.782338 0.156092
vt 0.927964 0.153665
vt 0.022352 0.159806
vt 0.205953 0.155059
vt 0.306749 0.164450
vt 0.343872 0.162962
vt 0.358059 0.163731
vt 0.539670 0.153700
vt 0.717243 0.155602
vt 0.787752 0.160275
vt 0.798569 0.157865
vt 0.813601 0.156153
vt 0.870633 0.155807
vt 1.000228 0.163798
vt 0.059950 0.164590
vt 0.113135 0.158250
vt 0.284852 0.158174
vt 0.441563 0.157526
vt 0.725800 0.165323
vt 0.828352 0.155470
vt 0.130364 0.163964
vt 0.224239 0.158768
vt 0.522409 0.161102
vt 0.661348 0.173465
vt 0.833494 0.161715
vt 0.958139 0.157423
vt 0.085669 0.164383
vt 0.176925 0.172272
vt 0.264883 0.165377
vt 0.894060 0.158445
vt 0.921870 0.167040
vt 0.295602 0.164978
vt 0.399856 0.165244
vt 0.562353 0.160202
vt 0.619592 0.159988
vt 0.677161 0.164932
vt 0.856495 0.158278
vt 0.863101 0.163680
vt 0.162068 0.173901
vt 0.253768 0.167342
vt 0.275397 0.175182
vt 0.333603 0.175077
vt 0.422901 0.170938
vt 0.701891 0.166141
vt 0.773710 0.162182
vt 0.817207 0.164578
vt 0.823614 0.171775
vt 0.935893 0.168570
vt 0.010971 0.171828
vt 0.471139 0.171301
vt 0.600466 0.163332
vt 0.873415 0.169699
vt 0.909924 0.167354
vt 0.206491 0.169396
vt 0.443740 0.168291
vt 0.634400 0.165494
vt 0.745616 0.178479
vt 0.948781 0.168556
vt 0.316642 0.170906
vt 0.363353 0.170479
vt 0.375769 0.168090
vt 0.546823 0.168406
vt 0.759759 0.172131
vt 0.797953 0.170761
vt 0.235755 0.175624
vt 0.780813 0.170033
vt 0.858739 0.174340
vt 0.879609 0.176173
vt 0.000010 0.176822
vt 0.219597 0.178255
vt 0.577346 0.182005
vt 0.726967 0.182326
vt 0.847762 0.177454
vt 0.865181 0.180319
vt 0.035272 0.188434
vt 0.109618 0.173528
vt 0.395513 0.178525
vt 0.495647 0.180407
vt 0.620918 0.175996
vt 0.688083 0.177140
vt 0.715091 0.182987
vt 0.833470 0.183269
vt 1.000100 0.175159
vt 0.071213 0.190268
vt 0.100693 0.183535
vt 0.123469 0.184086
vt 0.351714 0.187782
vt 0.520955 0.175529
vt 0.554551 0.181930
vt 0.917955 0.176692
vt 0.053749 0.193773
vt 0.086232 0.187905
vt 0.321402 0.188923
vt 0.647835 0.179755
vt 0.768184 0.183768
vt 0.904613 0.180871
vt 0.201308 0.184637
vt 0.265087 0.182568
vt 0.602130 0.185110
vt 0.738933 0.183592
vt 0.778806 0.193180
vt 0.808583 0.177791
vt 0.826745 0.183346
vt 0.894701 0.188631
vt 0.952723 0.181546
vt 0.149515 0.190278
vt 0.295803 0.191783
vt 0.307843 0.189095
vt 0.430809 0.184079
vt 0.882836 0.184495
vt 0.929570 0.184844
vt 0.339197 0.184007
vt 0.410457 0.181125
vt 0.800433 0.184786
vt 0.977365 0.185230
vt 0.667196 0.186565
vt 0.697740 0.188593
vt 0.821050 0.189888
vt 0.874697 0.184482
vt 0.933042 0.193862
vt 0.266111 0.193064
vt 0.636499 0.186234
vt 0.850671 0.188369
vt 0.113866 0.198756
vt 0.422524 0.192169
vt 0.448713 0.194744
vt 0.511146 0.191776
vt 0.807732 0.195023
vt 0.914134 0.191921
vt 0.170268 0.200867
vt 0.222005 0.203585
vt 0.407404 0.202208
vt 0.651091 0.193835
vt 0.669074 0.198040
vt 0.756401 0.194428
vt 0.841734 0.192384
vt 0.853167 0.195743
vt 0.879425 0.195004
vt 0.905304 0.197184
vt 0.999999 0.194478
vt 0.096073 0.194303
vt 0.236494 0.193948
vt 0.340485 0.198086
vt 0.471975 0.196733
vt 0.532251 0.195761
vt 0.584312 0.204486
vt 0.619883 0.198553
vt 0.735299 0.202898
vt 0.788654 0.197659
vt 0.800584 0.193474
vt 0.862981 0.199637
vt 0.939601 0.199917
vt 0.968047 0.198247
vt 0.076504 0.204365
vt 0.311957 0.212184
vt 0.383676 0.199516
vt 0.555857 0.198017
vt 0.716879 0.201704
vt 0.954547 0.200255
vt 0.150520 0.211846
vt 0.261815 0.203104
vt 0.826087 0.199618
vt 0.895216 0.196534
vt 0.985148 0.203137
vt 0.133913 0.205239
vt 0.352939 0.208560
vt 0.435189 0.207779
vt 0.772462 0.202328
vt 0.812983 0.205784
vt 0.838488 0.203860
vt 0.057403 0.217451
vt 0.289567 0.207406
vt 0.485447 0.205883
vt 0.911538 0.206708
vt 0.919679 0.207445
vt 0.000012 0.212949
vt 0.505584 0.221147
vt 0.519950 0.213307
vt 0.743581 0.206932
vt 0.761825 0.210118
vt 0.848863 0.208669
vt 0.854262 0.204370
vt 0.891922 0.206265
vt 0.899835 0.204477
vt 0.930120 0.208702
vt 0.939961 0.210764
vt 0.648511 0.208647
vt 0.697188 0.209716
vt 0.785591 0.206604
vt 0.806895 0.214149
vt 0.818095 0.211880
vt 0.868548 0.207806
vt 0.874550 0.210095
vt 0.970654 0.213921
vt 0.016205 0.217312
vt 0.085136 0.220261
vt 0.167077 0.213790
vt 0.280964 0.213604
vt 0.326285 0.228529
vt 0.427784 0.217963
vt 0.468877 0.219901
vt 0.629380 0.217458
vt 0.668091 0.209968
vt 0.683894 0.213427
vt 0.707805 0.215653
vt 0.728953 0.209644
vt 0.799730 0.214630
vt 0.832900 0.214544
vt 0.843641 0.209489
vt 0.860098 0.210386
vt 0.949623 0.213689
vt 0.209791 0.219944
vt 0.387400 0.225428
vt 0.613100 0.214882
vt 0.898988 0.213521
vt 0.999994 0.204520
vt 0.041100 0.225737
vt 0.338784 0.225639
vt 0.368389 0.218005
vt 0.419403 0.226085
vt 0.537819 0.221448
vt 0.914026 0.216583
vt 0.770412 0.221778
vt 0.883023 0.218700
vt 0.102297 0.225354
vt 0.238327 0.227325
vt 0.728766 0.216622
vt 0.742321 0.218676
vt 0.789219 0.220059
vt 0.857609 0.219414
vt 0.905590 0.215457
vt 0.637469 0.230588
vt 0.869694 0.219491
vt 0.188481 0.229310
vt 0.408730 0.231511
vt 0.749569 0.229531
vt 0.815958 0.230684
vt 0.840410 0.221380
vt 0.848502 0.219057
vt 1.000402 0.218479
vt 0.132131 0.228162
vt 0.163735 0.240811
vt 0.276856 0.227427
vt 0.549639 0.238099
vt 0.719007 0.226108
vt 0.874398 0.224484
vt 0.918890 0.224297
vt 0.945944 0.224671
vt 0.297761 0.226982
vt 0.655140 0.232711
vt 0.707272 0.225481
vt 0.731059 0.224726
vt 0.803322 0.230444
vt 0.881307 0.230145
vt 0.906115 0.227221
vt 0.358727 0.236659
vt 0.451697 0.237405
vt 0.596885 0.246687
vt 0.846177 0.227222
vt 0.932498 0.232340
vt 0.098762 0.238453
vt 0.495264 0.232872
vt 0.583302 0.231873
vt 0.697507 0.237740
vt 0.781548 0.235769
vt 0.839001 0.237302
vt 0.012538 0.240356
vt 0.311527 0.236244
vt 0.686202 0.230146
vt 0.759955 0.237454
vt 0.869685 0.231230
vt 0.986227 0.238255
vt 0.001180 0.253936
vt 0.732833 0.234964
vt 0.743500 0.236349
vt 0.775484 0.235309
vt 0.851112 0.232038
vt 0.862669 0.237300
vt 0.961089 0.238850
vt 0.077646 0.239404
vt 0.115631 0.244851
vt 0.146259 0.243981
vt 0.309224 0.249579
vt 0.523551 0.244699
vt 0.718593 0.239063
vt 0.912453 0.239231
vt 0.943326 0.234719
vt 0.055029 0.244761
vt 0.384143 0.244985
vt 0.401053 0.240919
vt 0.662007 0.249607
vt 0.900365 0.236300
vt 0.218168 0.248554
vt 0.290681 0.258081
vt 0.438540 0.248289
vt 0.877672 0.237426
vt 0.999905 0.240661
vt 0.470139 0.248232
vt 0.714341 0.246125
vt 0.870669 0.241405
vt 0.231771 0.259884
vt 0.564894 0.247349
vt 0.629157 0.247345
vt 0.744729 0.246266
vt 0.815460 0.247104
vt 0.886631 0.244725
vt 0.929151 0.246508
vt 0.267156 0.259555
vt 0.787064 0.251011
vt 0.796629 0.248229
vt 0.908480 0.244466
vt 0.040744 0.249782
vt 0.085047 0.262338
vt 0.423227 0.251772
vt 0.733440 0.245940
vt 0.766430 0.245994
vt 0.837135 0.248253
vt 0.847141 0.248818
vt 0.875594 0.245626
vt 0.894499 0.256346
vt 0.936469 0.247137
vt 0.987330 0.251283
vt 0.134346 0.255935
vt 0.186818 0.252090
vt 0.337944 0.256744
vt 0.755845 0.249662
vt 0.323371 0.270827
vt 0.378319 0.264524
vt 0.691921 0.253927
vt 0.856336 0.248512
vt 0.869999 0.250694
vt 0.955815 0.248615
vt 0.017201 0.262500
vt 0.721101 0.254295
vt 0.823158 0.250914
vt 0.880857 0.251629
vt 0.921241 0.250799
vt 0.999960 0.255415
vt 0.480266 0.263827
vt 0.518249 0.259308
vt 0.638424 0.254265
vt 0.903995 0.254643
vt 0.149489 0.261152
vt 0.452519 0.262556
vt 0.582375 0.264887
vt 0.606150 0.259641
vt 0.707987 0.259403
vt 0.745079 0.258778
vt 0.776424 0.255948
vt 0.948682 0.255047
vt 0.970171 0.263787
vt 0.047148 0.261801
vt 0.122788 0.273144
vt 0.341396 0.269941
vt 0.530740 0.266087
vt 0.560029 0.267810
vt 0.809600 0.260649
vt 0.854638 0.259681
vt 0.164670 0.267325
vt 0.202226 0.265749
vt 0.444701 0.268815
vt 0.739012 0.261550
vt 0.764859 0.259565
vt 0.791396 0.267614
vt 0.844464 0.259775
vt 0.879475 0.263622
vt 0.070211 0.273727
vt 0.719873 0.265031
vt 0.829418 0.265119
vt 0.897355 0.263138
vt 0.983515 0.259594
vt 0.054444 0.276879
vt 0.102177 0.280154
vt 0.398316 0.269612
vt 0.629930 0.280167
vt 0.865458 0.264274
vt 0.933948 0.267048
vt 0.582841 0.275488
vt 0.752014 0.265878
vt 0.921456 0.267080
vt 0.213708 0.285262
vt 0.305264 0.277607
vt 0.429312 0.273465
vt 0.645511 0.281553
vt 0.699377 0.266755
vt 0.736438 0.270778
vt 0.896464 0.271217
vt 0.907691 0.269397
vt 0.943394 0.270265
vt 0.957123 0.270078
vt 0.178296 0.278343
vt 0.667606 0.273832
vt 0.848756 0.267766
vt 0.000031 0.285561
vt 0.271489 0.287548
vt 0.605987 0.280062
vt 0.713549 0.273199
vt 0.731734 0.275559
vt 0.740323 0.274124
vt 0.774597 0.273149
vt 0.805953 0.272278
vt 0.864860 0.271434
vt 0.882445 0.272047
vt 0.913783 0.276619
vt 0.975986 0.271932
vt 0.243604 0.277770
vt 0.692132 0.280526
vt 0.810562 0.277392
vt 0.827104 0.272774
vt 0.835738 0.274177
vt 0.999444 0.273487
vt 0.037279 0.283604
vt 0.149357 0.294994
vt 0.754945 0.279864
vt 0.841197 0.277317
vt 0.418428 0.282333
vt 0.553613 0.287296
vt 0.870387 0.277486
vt 0.895064 0.277333
vt 0.959295 0.278701
vt 0.724709 0.278990
vt 0.788657 0.280182
vt 0.856188 0.281341
vt 0.896574 0.288278
vt 0.933633 0.285608
vt 0.944036 0.284486
vt 0.980059 0.281755
vt 0.086727 0.287796
vt 0.190880 0.296346
vt 0.385528 0.288722
vt 0.463549 0.285885
vt 0.505147 0.288954
vt 0.804126 0.285788
vt 0.991824 0.281911
vt 0.016245 0.287858
vt 0.243870 0.300953
vt 0.733037 0.284012
vt 0.775056 0.287938
vt 0.964976 0.285522
vt 0.352159 0.296457
vt 0.590794 0.297225
vt 0.825132 0.284771
vt 1.000271 0.287822
vt 0.302287 0.295319
vt 0.335907 0.300638
vt 0.650943 0.325753
vt 0.838777 0.288305
vt 0.890415 0.287626
vt 0.130807 0.299785
vt 0.171314 0.309762
vt 0.321952 0.301106
vt 0.707876 0.291683
vt 0.789288 0.290864
vt 0.949123 0.288862
vt 0.671833 0.309122
vt 0.817573 0.292055
vt 0.877506 0.296874
vt 0.925371 0.294557
vt 0.113938 0.297398
vt 0.473012 0.303137
vt 0.621006 0.300375
vt 0.743731 0.294883
vt 0.964574 0.294236
vt 0.983073 0.292595
vt 0.035135 0.301089
vt 0.098970 0.303921
vt 0.804457 0.298800
vt 0.842474 0.292918
vt 0.850362 0.296505
vt 0.904007 0.299566
vt 0.945334 0.296619
vt 0.087545 0.311327
vt 0.446259 0.299034
vt 0.690156 0.309030
vt 0.774202 0.297437
vt 0.863116 0.306173
vt 0.891133 0.297133
vt 0.998045 0.301973
vt 0.820674 0.300124
vt 0.057928 0.310967
vt 0.071633 0.319505
vt 0.380780 0.302868
vt 0.719742 0.299857
vt 0.788727 0.307189
vt 0.934238 0.300667
vt 0.962339 0.302906
vt 0.733135 0.307538
vt 0.759390 0.308061
vt 0.837026 0.302645
vt 0.880417 0.311347
vt 0.913999 0.308690
vt 0.706050 0.314561
vt 0.777011 0.305451
vt 0.947386 0.303689
vt 0.977839 0.310597
vt 0.266758 0.319722
vt 0.591560 0.453154
vt 0.821614 0.310319
vt 0.890212 0.309332
vt 0.938846 0.311424
vt 0.000146 0.321940
vt 0.216579 0.310470
vt 0.405077 0.324574
vt 0.846876 0.309365
vt 0.124373 0.322129
vt 0.294189 0.312716
vt 0.769234 0.318106
vt 0.805976 0.309778
vt 0.043943 0.319206
vt 0.149733 0.322101
vt 0.436613 0.316229
vt 0.829053 0.315578
vt 0.954519 0.312939
vt 0.192835 0.337493
vt 0.226406 0.324918
vt 0.921561 0.315468
vt 0.327959 0.322250
vt 0.745338 0.321585
vt 0.784647 0.316169
vt 0.789840 0.322953
vt 0.845120 0.317200
vt 0.975359 0.319177
vt 0.027010 0.327946
vt 0.807810 0.320851
vt 0.941771 0.317699
vt 0.999656 0.317252
vt 0.359963 0.324083
vt 0.881149 0.320052
vt 0.063058 0.329025
vt 0.166150 0.328448
vt 0.295671 0.341042
vt 0.723363 0.329594
vt 0.863680 0.322005
vt 0.932539 0.323795
vt 0.988874 0.323695
vt 0.797384 0.327611
vt 0.834714 0.328652
vt 0.966252 0.332963
vt 0.375009 0.345912
vt 0.676560 0.334613
vt 0.700201 0.326871
vt 0.876369 0.325797
vt 0.892520 0.328344
vt 0.914228 0.325364
vt 0.945073 0.332548
vt 0.079138 0.336427
vt 0.088293 0.344759
vt 0.814886 0.329186
vt 0.122465 0.337747
vt 0.249422 0.339522
vt 0.865388 0.331081
vt 0.978292 0.330526
vt 0.987684 0.331950
vt 0.748467 0.341792
vt 0.771617 0.335359
vt 0.875564 0.335263
vt 0.909242 0.332829
vt 0.999928 0.334859
vt 0.107370 0.348522
vt 0.151572 0.340728
vt 0.784311 0.341632
vt 0.046578 0.339413
vt 0.313723 0.341134
vt 0.348757 0.341006
vt 0.803059 0.335377
vt 0.822594 0.335423
vt 0.913339 0.337855
vt 0.330724 0.346126
vt 0.728866 0.347115
vt 0.839413 0.336839
vt 0.888901 0.341401
vt 0.990299 0.338261
vt 0.002274 0.350194
vt 0.704611 0.344941
vt 0.855917 0.336656
vt 0.937855 0.339425
vt 0.973992 0.338215
vt 0.136772 0.361899
vt 0.223317 0.356059
vt 0.066221 0.345363
vt 0.163232 0.348120
vt 0.254383 0.353082
vt 0.767615 0.346457
vt 0.798935 0.340771
vt 0.822342 0.343531
vt 0.842098 0.345560
vt 0.924891 0.349815
vt 0.957769 0.342365
vt 0.976406 0.350385
vt 1.000041 0.344512
vt 0.019257 0.347960
vt 0.812468 0.344454
vt 0.864305 0.345142
vt 0.338055 0.364160
vt 0.905972 0.343907
vt 0.939041 0.346838
vt 0.669355 0.377417
vt 0.683077 0.361761
vt 0.912041 0.348650
vt 0.987610 0.348682
vt 0.042151 0.355434
vt 0.099201 0.364901
vt 0.192039 0.370944
vt 0.797097 0.352951
vt 0.958819 0.355593
vt 0.084623 0.366664
vt 0.175145 0.367064
vt 0.323578 0.371486
vt 0.354449 0.363935
vt 0.757544 0.354853
vt 0.823748 0.351914
vt 0.848544 0.350267
vt 0.870267 0.352013
vt 0.877127 0.355584
vt 1.000012 0.354127
vt 0.024661 0.370928
vt 0.150659 0.363496
vt 0.781331 0.357010
vt 0.833976 0.354734
vt 0.860961 0.359796
vt 0.938740 0.355518
vt 0.950634 0.356788
vt 0.274557 0.369076
vt 0.804189 0.359299
vt 0.815716 0.360936
vt 0.839415 0.359919
vt 0.893788 0.356383
vt 0.907189 0.360099
vt 0.717170 0.366423
vt 0.999980 0.357791
vt 0.066605 0.378889
vt 0.166016 0.366939
vt 0.306192 0.366810
vt 0.763506 0.364773
vt 0.931102 0.361315
vt 0.976112 0.365628
vt 0.002231 0.374353
vt 0.054323 0.385940
vt 0.628213 0.401194
vt 0.654277 0.389362
vt 0.786794 0.368780
vt 0.855926 0.365097
vt 0.873961 0.364690
vt 0.948193 0.366443
vt 0.958993 0.363793
vt 0.247226 0.390727
vt 0.257726 0.367818
vt 0.698769 0.376502
vt 0.736268 0.377010
vt 0.823070 0.365920
vt 0.832713 0.366119
vt 0.335094 0.387690
vt 0.801639 0.369434
vt 0.906912 0.373584
vt 0.917841 0.366821
vt 0.938492 0.370447
vt 0.999949 0.364492
vt 0.032335 0.389146
vt 0.124911 0.379597
vt 0.226985 0.385281
vt 0.859176 0.370937
vt 0.983445 0.374773
vt 0.150176 0.382882
vt 0.203901 0.384727
vt 0.813731 0.378064
vt 0.831654 0.371616
vt 0.847371 0.373438
vt 0.944221 0.377153
vt 0.952346 0.377808
vt 0.768139 0.381850
vt 0.892810 0.375251
vt 0.999902 0.376679
vt 0.079896 0.383712
vt 0.110910 0.384382
vt 0.302980 0.388193
vt 0.751398 0.386175
vt 0.783834 0.374605
vt 0.924390 0.376176
vt 0.166176 0.386505
vt 0.877501 0.380019
vt 0.326894 0.404202
vt 0.684331 0.395425
vt 0.791559 0.380105
vt 0.832847 0.383499
vt 0.902978 0.382919
vt 0.921843 0.380404
vt 0.983207 0.382261
vt 0.014459 0.391116
vt 0.088502 0.388649
vt 0.281739 0.384846
vt 0.797867 0.385676
vt 0.881016 0.386189
vt 0.914159 0.388191
vt 0.956243 0.386659
vt 0.716150 0.397692
vt 0.819652 0.385244
vt 0.855496 0.385460
vt 0.999925 0.385537
vt 0.771027 0.392265
vt 0.808366 0.390071
vt 0.934177 0.392840
vt 0.148757 0.401867
vt 0.892388 0.395219
vt 0.946788 0.393405
vt 0.980603 0.394904
vt 0.185944 0.402797
vt 0.214349 0.403695
vt 0.698485 0.397417
vt 0.738744 0.395899
vt 0.858094 0.389860
vt 0.915834 0.394240
vt 0.950851 0.399779
vt 0.000474 0.409654
vt 0.067651 0.403186
vt 0.121546 0.398495
vt 0.131187 0.399211
vt 0.791982 0.395058
vt 0.812200 0.395820
vt 0.829956 0.393792
vt 0.848217 0.395124
vt 0.868387 0.392748
vt 0.085797 0.413358
vt 0.291732 0.406040
vt 0.879409 0.394914
vt 0.998948 0.397417
vt 0.106123 0.412141
vt 0.229757 0.414479
vt 0.752080 0.401778
vt 0.770697 0.404498
vt 0.820585 0.398695
vt 0.853378 0.404369
vt 0.865734 0.400025
vt 0.916967 0.401419
vt 0.934334 0.400728
vt 0.962701 0.402991
vt 0.200610 0.416205
vt 0.669870 0.422452
vt 0.799026 0.401219
vt 0.829861 0.401492
vt 0.895434 0.403526
vt 0.164224 0.415074
vt 0.261822 0.413594
vt 0.785544 0.404079
vt 0.843861 0.407679
vt 0.036190 0.416407
vt 0.863559 0.408182
vt 0.980422 0.406938
vt 0.056351 0.423034
vt 0.724151 0.420923
vt 0.807479 0.409183
vt 0.898006 0.410861
vt 0.916009 0.408654
vt 0.934846 0.407055
vt 0.792259 0.410897
vt 0.818652 0.413896
vt 0.884718 0.408767
vt 0.948585 0.408627
vt 0.010739 0.421519
vt 0.127122 0.425667
vt 0.145272 0.415698
vt 0.640690 0.431626
vt 0.698848 0.417974
vt 0.746897 0.413594
vt 0.984064 0.413362
vt 0.176481 0.424941
vt 0.232064 0.425747
vt 0.867218 0.416404
vt 0.925212 0.412302
vt 0.934664 0.413617
vt 1.000005 0.404861
vt 1.000067 0.413561
vt 0.759008 0.426190
vt 0.840850 0.413251
vt 0.852154 0.416077
vt 0.961975 0.419200
vt 0.066934 0.439395
vt 0.737786 0.426264
vt 0.830727 0.417814
vt 0.889579 0.418591
vt 0.913399 0.418750
vt 0.000057 0.430270
vt 0.859834 0.425162
vt 0.926383 0.422025
vt 0.935878 0.421949
vt 0.945589 0.420052
vt 0.971199 0.422028
vt 0.101152 0.428535
vt 0.264376 0.438547
vt 0.085809 0.428826
vt 0.152437 0.442105
vt 0.221024 0.434699
vt 0.685149 0.441004
vt 0.782033 0.429396
vt 0.798729 0.424058
vt 0.821826 0.426414
vt 0.912419 0.427704
vt 0.974323 0.428452
vt 0.035876 0.446296
vt 0.188062 0.431466
vt 0.711683 0.437398
vt 0.844686 0.426931
vt 0.893840 0.427289
vt 0.948241 0.430470
vt 1.000021 0.424910
vt 0.877281 0.428320
vt 0.923048 0.432038
vt 0.114470 0.437188
vt 0.299647 0.457756
vt 0.855237 0.431664
vt 0.987883 0.432156
vt 0.999999 0.432731
vt 0.243091 0.441469
vt 0.703282 0.437976
vt 0.793044 0.435530
vt 0.813723 0.436580
vt 0.823906 0.432783
vt 0.936635 0.436013
vt 0.205698 0.454162
vt 0.299861 0.434747
vt 0.764290 0.443729
vt 0.887985 0.439637
vt 0.907246 0.435374
vt 0.947816 0.436204
vt 0.132057 0.446922
vt 0.832510 0.438348
vt 0.873939 0.436062
vt 0.960883 0.437415
vt 0.852820 0.439506
vt 0.976126 0.440109
vt 1.000007 0.438193
vt 0.655170 0.448910
vt 0.725785 0.448833
vt 0.739164 0.448689
vt 0.779940 0.447295
vt 0.802171 0.446497
vt 0.821233 0.442213
vt 0.911904 0.442933
vt 0.991476 0.443094
vt -0.000019 0.455104
vt 0.101261 0.458624
vt 0.903924 0.442659
vt 0.919797 0.444098
vt 0.058144 0.463173
vt 0.087387 0.448151
vt 0.173481 0.454749
vt 0.864483 0.447129
vt 0.955292 0.445801
vt 0.021938 0.457341
vt 0.196307 0.450233
vt 0.710034 0.452371
vt 0.885233 0.449521
vt 0.943570 0.450702
vt 0.999997 0.449536
vt 0.223805 0.454012
vt 0.831819 0.449702
vt 0.850650 0.451663
vt 0.875781 0.448696
vt 0.911522 0.450926
vt 0.976616 0.448420
vt 0.809286 0.453677
vt 0.966882 0.455110
vt 0.144854 0.465197
vt 0.280799 0.461097
vt 0.634973 0.462897
vt 0.673669 0.462947
vt 0.822198 0.457476
vt 0.899093 0.452532
vt 0.925792 0.453350
vt 0.990223 0.454790
vt 0.839396 0.455747
vt 0.952235 0.458053
vt 0.074162 0.458441
vt 0.124061 0.461443
vt 0.697391 0.465312
vt 0.746156 0.466654
vt 0.764125 0.459154
vt 0.788716 0.459793
vt 0.186927 0.461305
vt 0.661784 0.472650
vt 0.851955 0.459245
vt 0.871463 0.458502
vt 0.906085 0.461167
vt 0.915704 0.459254
vt 1.000000 0.458596
vt 0.247123 0.473512
vt 0.724906 0.468628
vt 0.934884 0.461493
vt 0.965778 0.463486
vt 0.863110 0.466142
vt 0.033762 0.474448
vt 0.086279 0.469380
vt 0.205939 0.474802
vt 0.281416 0.474835
vt 0.779694 0.466722
vt 0.818081 0.466622
vt 0.833177 0.466072
vt 0.882980 0.469388
vt 0.969965 0.470090
vt 0.982240 0.469705
vt 0.156773 0.473602
vt 0.164565 0.479293
vt 0.645902 0.495711
vt 0.804953 0.469444
vt 0.842991 0.468391
vt 0.953884 0.470995
vt 0.999994 0.469406
vt 0.001482 0.478348
vt 0.073362 0.486198
vt 0.100498 0.475335
vt 0.767807 0.473815
vt 0.883086 0.479978
vt 0.927779 0.476217
vt 0.934728 0.473063
vt 0.137311 0.477906
vt 0.609128 0.499008
vt 0.792521 0.477291
vt 0.834432 0.475434
vt 0.901493 0.476350
vt 0.914524 0.477486
vt 0.815613 0.474844
vt 0.850218 0.472321
vt 0.220123 0.483579
vt 0.313734 0.485303
vt 0.828693 0.479750
vt 0.867459 0.475360
vt 0.947230 0.476984
vt 0.731214 0.482782
vt 0.745771 0.485395
vt 0.963884 0.480570
vt 0.985615 0.485010
vt 0.044917 0.488518
vt 0.191088 0.488767
vt 0.678399 0.489946
vt 0.695722 0.488051
vt 0.848600 0.482561
vt 0.085657 0.486112
vt 0.713055 0.485983
vt 0.865908 0.482739
vt 0.999999 0.477716
vt 0.112106 0.491394
vt 0.154112 0.490580
vt 0.243056 0.496703
vt 0.276623 0.487788
vt 0.769972 0.488748
vt 0.805848 0.484849
vt 0.907234 0.485596
vt 0.839620 0.487432
vt 0.777398 0.496787
vt 0.822865 0.491185
vt 0.849656 0.491492
vt 0.868264 0.491842
vt 0.891204 0.488022
vt 0.940647 0.490796
vt 0.799697 0.493220
vt 0.920709 0.495476
vt 0.965178 0.491042
vt 0.999982 0.489307
vt 0.022163 0.501814
vt 0.087044 0.506600
vt 0.682828 0.504368
vt 0.753151 0.500367
vt 0.905968 0.495660
vt 0.135913 0.499913
vt 0.173533 0.506975
vt 0.327180 0.500652
vt 0.729950 0.495816
vt 0.285685 0.504072
vt 0.813007 0.499828
vt 0.892546 0.496499
vt 0.000057 0.499532
vt 0.068021 0.501938
vt 0.205153 0.508433
vt 0.228359 0.507780
vt 0.792585 0.506754
vt 0.829946 0.496606
vt 0.847290 0.496516
vt 0.709726 0.506771
vt 0.849241 0.503043
vt 0.980354 0.507277
vt 1.000008 0.501849
vt 0.047712 0.505360
vt 0.309001 0.509175
vt 0.732730 0.515945
vt 0.804482 0.503123
vt 0.951140 0.507227
vt 0.111887 0.510756
vt 0.189168 0.499088
vt 0.767844 0.508633
vt 0.836224 0.505492
vt 0.866194 0.503361
vt 0.877654 0.502417
vt 0.918821 0.503587
vt 0.931584 0.503375
vt 0.895060 0.505403
vt 0.961572 0.513003
vt 0.076184 0.529081
vt 0.151681 0.512255
vt 0.254940 0.518593
vt 0.660459 0.514350
vt 0.825368 0.511725
vt 0.857528 0.510171
vt 0.910244 0.507894
vt 0.055745 0.522234
vt 0.098776 0.517757
vt 0.137114 0.507551
vt 0.187021 0.516371
vt 0.783693 0.514245
vt 0.804402 0.516437
vt 0.884177 0.512630
vt 0.036628 0.520234
vt 0.128393 0.520814
vt 0.744168 0.520975
vt 0.761602 0.519947
vt 0.932422 0.510090
vt 0.999999 0.515310
vt 0.000348 0.523943
vt 0.334111 0.515793
vt 0.691190 0.520504
vt 0.841826 0.512009
vt 0.848273 0.516785
vt 0.863768 0.516528
vt 0.901845 0.515055
vt 0.918998 0.514222
vt 0.279441 0.523948
vt 0.792188 0.518212
vt 0.871863 0.517724
vt 0.016929 0.531094
vt 0.165561 0.529051
vt 0.894193 0.520908
vt 0.142165 0.529574
vt 0.708221 0.526808
vt 0.771695 0.524917
vt 0.814769 0.524994
vt 0.655824 0.536470
vt 0.826656 0.525240
vt 0.937580 0.522349
vt 0.220641 0.526818
vt 0.630776 0.571998
vt 0.796172 0.528572
vt 0.857248 0.525025
vt 0.872090 0.525480
vt 0.910481 0.524682
vt 0.926533 0.527551
vt 0.088479 0.527876
vt 0.672563 0.538347
vt 0.844708 0.528014
vt 0.976033 0.532444
vt 0.180422 0.537226
vt 0.238266 0.536866
vt 0.961188 0.534730
vt 0.064035 0.537776
vt 0.117204 0.538837
vt 0.287177 0.535393
vt 0.768121 0.533820
vt 0.888257 0.536855
vt 0.943356 0.540784
vt 0.999968 0.540948
vt 0.255185 0.542342
vt 0.729239 0.537343
vt 0.747887 0.538819
vt 0.782119 0.533870
vt 0.805040 0.530815
vt 0.691682 0.544600
vt 0.831892 0.533497
vt 0.035516 0.546475
vt 0.049922 0.540624
vt 0.128018 0.544852
vt 0.198288 0.536919
vt 0.875717 0.537004
vt 0.900729 0.535667
vt 0.914769 0.536096
vt 0.161113 0.544027
vt 0.310166 0.552015
vt 0.847567 0.545573
vt 0.862025 0.536085
vt 0.923055 0.546403
vt 0.000345 0.556856
vt 0.099651 0.539986
vt 0.207827 0.564306
vt 0.813967 0.548379
vt 0.789084 0.544604
vt 0.827529 0.556944
vt 0.764928 0.550788
vt 0.806289 0.549343
vt 0.837570 0.550414
vt 0.017795 0.556771
vt 0.086832 0.549886
vt 0.220651 0.554851
vt 0.869727 0.548804
vt 0.905116 0.548863
vt 0.967119 0.558093
vt 0.141736 0.553559
vt 0.888200 0.553205
vt 0.583949 0.614491
vt 0.730666 0.550380
vt 0.745180 0.560269
vt 0.795662 0.554425
vt 0.063854 0.558759
vt 0.118120 0.555390
vt 0.274658 0.550564
vt 0.289782 0.566037
vt 0.328088 0.561938
vt 0.711872 0.562495
vt 0.931459 0.560412
vt 0.951156 0.562194
vt 0.987789 0.560913
vt 0.178916 0.556528
vt 0.861191 0.557031
vt 0.873916 0.560034
vt 0.904738 0.562533
vt 0.239191 0.565733
vt 0.101336 0.563740
vt 0.652007 0.574365
vt 0.778829 0.569650
vt 0.979899 0.573724
vt 0.076235 0.569666
vt 0.085996 0.568117
vt 0.669912 0.573917
vt 0.730578 0.562611
vt 0.803499 0.567734
vt 0.840103 0.568365
vt 0.914911 0.564118
vt 0.999992 0.568650
vt 0.769139 0.564528
vt 0.888613 0.565211
vt 0.020154 0.575062
vt 0.055588 0.574396
vt 0.161387 0.567338
vt 0.690054 0.575485
vt 0.123570 0.577013
vt 0.196192 0.574264
vt 0.270811 0.576266
vt 0.872122 0.577281
vt 0.848632 0.575412
vt 0.912080 0.577079
vt 0.001628 0.578996
vt 0.102000 0.574301
vt 0.147915 0.578010
vt 0.725467 0.583433
vt 0.754184 0.579515
vt 0.220578 0.579856
vt 0.309107 0.599411
vt 0.700290 0.595052
vt 0.827836 0.579604
vt 0.894349 0.575642
vt 0.931989 0.579257
vt 0.112800 0.588918
vt 0.715291 0.578940
vt 0.812458 0.583004
vt 0.184979 0.597845
vt 0.232909 0.597433
vt 0.611570 0.591406
vt 0.839951 0.581242
vt 0.950388 0.586898
vt 0.068264 0.594260
vt 0.131677 0.591532
vt 0.211178 0.589961
vt 0.635074 0.593156
vt 0.831522 0.593014
vt 0.868495 0.590179
vt 0.999904 0.599974
vt 0.788413 0.594012
vt 0.914508 0.598129
vt 0.043665 0.591287
vt 0.164779 0.594963
vt 0.771342 0.587810
vt 0.849718 0.593947
vt 0.017463 0.593515
vt 0.085367 0.592073
vt 0.666496 0.600910
vt 0.748645 0.596144
vt 0.889027 0.593663
vt 0.901009 0.602016
vt 0.974483 0.600750
vt 0.251173 0.606447
vt 0.270392 0.593098
vt 0.663182 0.612344
vt 0.923758 0.603646
vt 0.711693 0.597804
vt 0.857157 0.600766
vt 0.330362 0.606382
vt 0.736325 0.606440
vt 0.816854 0.600361
vt 0.000126 0.600699
vt 0.653220 0.612311
vt 0.949659 0.610590
vt 0.105356 0.603919
vt 0.144267 0.603819
vt 0.764727 0.600348
vt 0.802067 0.602466
vt 0.887132 0.613670
vt 0.987090 0.623373
vt 0.015633 0.612653
vt 0.052077 0.618068
vt 0.093738 0.609221
vt 0.129864 0.609877
vt 0.169897 0.617837
vt 0.233904 0.622813
vt 0.291020 0.616562
vt 0.782969 0.612178
vt 0.939355 0.617195
vt 0.077742 0.606597
vt 0.845413 0.610261
vt 0.065150 0.619364
vt 0.213751 0.620513
vt 0.243566 0.619261
vt 0.630803 0.609136
vt 0.805751 0.612096
vt 0.615356 0.611832
vt 0.693351 0.618684
vt 0.705747 0.620395
vt 0.790575 0.620894
vt 0.999969 0.622187
vt 0.319505 0.623943
vt 0.595429 0.626066
vt 0.824990 0.618300
vt 0.863771 0.613227
vt 0.901899 0.625046
vt 0.269438 0.623808
vt 0.674639 0.618889
vt 0.729981 0.623507
vt 0.764014 0.624260
vt 0.081506 0.623471
vt 0.304090 0.627215
vt 0.833273 0.626144
vt 0.849584 0.628708
vt -0.000056 0.635075
vt 0.102273 0.628389
vt 0.149675 0.630921
vt 0.614569 0.630220
vt 0.630800 0.632701
vt 0.808223 0.624305
vt 0.966626 0.622605
vt 0.112570 0.631371
vt 0.166238 0.626043
vt 0.743483 0.631996
vt 0.141621 0.633863
vt 0.204666 0.633434
vt 0.552101 0.636721
vt 0.683335 0.632847
vt 0.037271 0.639073
vt 0.713408 0.634700
vt 0.865893 0.628680
vt 0.349402 0.637596
vt 0.926471 0.634117
vt 0.055567 0.647315
vt 0.069099 0.635952
vt 0.090198 0.640436
vt 0.561054 0.648197
vt 0.576516 0.643588
vt 0.672050 0.640557
vt 0.815748 0.636707
vt 0.269909 0.647292
vt 0.600670 0.645057
vt 0.845603 0.639661
vt 0.954633 0.640498
vt 0.971651 0.640756
vt 0.164804 0.645042
vt 0.618427 0.643883
vt 0.649895 0.646950
vt 0.761774 0.650718
vt 0.804164 0.648315
vt 0.128031 0.647598
vt 0.188854 0.650958
vt 0.219063 0.646081
vt 0.284764 0.655419
vt 0.316195 0.646994
vt 0.861556 0.640937
vt 0.885015 0.641647
vt 0.726228 0.642265
vt 0.774992 0.655073
vt 0.786648 0.640597
vt 0.906374 0.645742
vt 0.017861 0.649886
vt 0.074161 0.649843
vt 0.929051 0.651422
vt 0.987973 0.650481
vt 0.101916 0.647536
vt 0.242321 0.656241
vt 0.299439 0.662518
vt 0.732688 0.653105
vt 0.855043 0.655144
vt 0.999969 0.659539
vt 0.000000 0.645378
vt 0.177160 0.668366
vt 0.206259 0.658311
vt 0.548277 0.663620
vt 0.636849 0.660800
vt 0.823484 0.654890
vt 0.868283 0.660667
vt 0.266454 0.659064
vt 0.371416 0.656030
vt 0.702302 0.655040
vt 0.745939 0.660024
vt 0.785696 0.655665
vt 0.954706 0.664523
vt 0.021200 0.667535
vt 0.085795 0.660558
vt 0.139508 0.660454
vt 0.659444 0.668741
vt 0.840849 0.652785
vt 0.677987 0.654888
vt 0.977334 0.668236
vt 0.116662 0.661783
vt 0.690679 0.661164
vt 0.000000 0.665878
vt 0.096300 0.666535
vt 0.161621 0.684389
vt 0.333930 0.668767
vt 0.522558 0.669851
vt 0.620405 0.675073
vt 0.805795 0.663430
vt 0.885686 0.660437
vt 0.900939 0.668578
vt 0.573009 0.674495
vt 0.595324 0.672836
vt 0.076520 0.664417
vt 0.125531 0.673734
vt 0.371599 0.680192
vt 0.045505 0.667648
vt 0.848250 0.674064
vt 0.412753 0.679386
vt 0.532230 0.677089
vt 0.714906 0.673055
vt 0.762342 0.667313
vt 0.787358 0.669832
vt 0.833988 0.673130
vt 0.862710 0.672477
vt 0.925572 0.675842
vt 0.065399 0.672564
vt 0.324108 0.680256
vt 0.814742 0.672253
vt 0.143761 0.673589
vt 0.228460 0.677671
vt 0.301401 0.680980
vt 0.649962 0.679214
vt 0.673425 0.684330
vt 0.698768 0.673119
vt 0.880007 0.676693
vt 0.089382 0.673818
vt 0.183122 0.681850
vt 0.998866 0.683280
vt 0.057742 0.679376
vt 0.729035 0.684344
vt 0.750431 0.685846
vt 0.828049 0.682015
vt 0.906498 0.680371
vt 0.112542 0.685715
vt 0.259290 0.686561
vt 0.559844 0.686386
vt 0.687030 0.678533
vt 0.711478 0.686532
vt 0.805079 0.678099
vt 0.970298 0.684663
vt 0.203419 0.679138
vt 0.462111 0.689341
vt 0.603169 0.685099
vt 0.634300 0.689587
vt 0.766074 0.681419
vt 0.845156 0.685922
vt 0.075689 0.683710
vt 0.948590 0.683881
vt 0.138467 0.685334
vt 0.497613 0.686332
vt 0.787684 0.687879
vt 0.000004 0.685296
vt 0.356443 0.689726
vt 0.890319 0.689421
vt 0.102681 0.692585
vt 0.231840 0.696940
vt 0.581915 0.696591
vt 0.864322 0.693880
vt 0.043442 0.694563
vt 0.804718 0.696241
vt 0.822102 0.693082
vt 0.056827 0.695415
vt 0.084327 0.694027
vt 0.399551 0.694576
vt 0.521115 0.699973
vt 0.668004 0.704166
vt 0.922919 0.695063
vt 0.000028 0.695946
vt 0.019688 0.699025
vt 0.193286 0.702602
vt 0.308902 0.701160
vt 0.500905 0.704164
vt 0.550983 0.702344
vt 0.695043 0.702328
vt 0.435490 0.697247
vt 0.616355 0.702631
vt 0.705927 0.702719
vt 0.756905 0.706297
vt 0.115632 0.696392
vt 0.271420 0.720684
vt 0.471735 0.701276
vt 0.533284 0.716778
vt 0.659613 0.708458
vt 0.721547 0.699818
vt 0.172845 0.703698
vt 0.333098 0.712481
vt 0.374264 0.706206
vt 0.837051 0.702725
vt 0.921063 0.711182
vt 0.095026 0.705061
vt 0.562747 0.710821
vt 0.740554 0.718467
vt 0.793687 0.713032
vt 0.853315 0.714016
vt 0.954491 0.708364
vt 0.129484 0.703371
vt 0.894198 0.708868
vt 0.977486 0.711343
vt 0.999742 0.715703
vt 0.000213 0.708398
vt 0.044724 0.703264
vt 0.073797 0.707558
vt 0.064523 0.712585
vt 0.144278 0.711781
vt 0.358316 0.716493
vt 0.428413 0.707189
vt 0.440156 0.713412
vt 0.583620 0.713672
vt 0.815252 0.706665
vt 0.122375 0.708536
vt 0.824962 0.716198
vt 0.603022 0.712520
vt 0.019125 0.723601
vt 0.101641 0.722436
vt 0.395866 0.716934
vt 0.687739 0.722645
vt 0.776292 0.712804
vt 0.086231 0.721490
vt 0.143000 0.719945
vt 0.221076 0.723414
vt 0.482730 0.722973
vt 0.805811 0.714321
vt 0.870202 0.731846
vt 0.931091 0.716645
vt 0.197814 0.719923
vt 0.308908 0.721169
vt 0.460362 0.718263
vt 0.500946 0.722220
vt 0.620075 0.722475
vt 0.730821 0.722600
vt 0.898774 0.723055
vt 0.986287 0.724224
vt 0.046230 0.727277
vt 0.176725 0.722441
vt 0.664008 0.719105
vt 0.701467 0.732370
vt 0.834858 0.721784
vt 0.239679 0.734758
vt 0.577062 0.725690
vt 0.158792 0.731758
vt 0.553916 0.727319
vt 0.652610 0.729216
vt 0.763827 0.735383
vt 0.062365 0.732062
vt 0.120899 0.727062
vt 0.262607 0.748791
vt 0.368602 0.736426
vt 0.412123 0.728675
vt 0.601223 0.729582
vt 0.678664 0.727610
vt 0.960098 0.726888
vt 0.146606 0.729428
vt 0.807150 0.729510
vt 0.069162 0.734913
vt 0.287277 0.736507
vt 0.320265 0.738643
vt 0.340064 0.736146
vt 0.427579 0.731560
vt 0.793739 0.730055
vt -0.000001 0.730525
vt 0.017855 0.733442
vt 0.206182 0.738567
vt 0.825881 0.734403
vt 0.838516 0.737588
vt 0.852233 0.731675
vt 0.448318 0.735526
vt 0.469503 0.737883
vt 0.673692 0.740473
vt 0.722312 0.745797
vt 0.907395 0.739079
vt 0.971506 0.752834
vt 0.133471 0.745206
vt 0.224453 0.738886
vt 0.590117 0.734761
vt 0.636010 0.735858
vt 0.927457 0.748797
vt 1.000027 0.749851
vt 0.105367 0.743929
vt 0.279292 0.745559
vt 0.492464 0.738878
vt 0.520894 0.747364
vt 0.686435 0.741306
vt 0.743632 0.752227
vt 0.879681 0.744836
vt 0.984395 0.753043
vt 0.086945 0.745398
vt 0.176765 0.745595
vt 0.615047 0.744058
vt 0.042136 0.740312
vt 0.303899 0.756842
vt 0.602087 0.750112
vt 0.645770 0.746317
vt 0.659516 0.750989
vt 0.703626 0.745633
vt 0.733278 0.750338
vt 0.777657 0.741876
vt 0.796320 0.741681
vt 0.813869 0.744535
vt 0.379992 0.749145
vt 0.557003 0.745499
vt 0.571087 0.754853
vt -0.000015 0.743680
vt 0.233708 0.756023
vt 0.351556 0.759798
vt 0.541183 0.742296
vt 0.759293 0.752632
vt 0.856821 0.760204
vt 0.865012 0.758123
vt 0.942774 0.754567
vt 0.047608 0.748496
vt 0.412321 0.754450
vt 0.440345 0.753681
vt 0.141929 0.753052
vt 0.000185 0.755836
vt 0.029988 0.752921
vt 0.191413 0.762337
vt 0.247962 0.762546
vt 0.326943 0.757855
vt 0.581043 0.761096
vt 0.824633 0.757840
vt 0.913687 0.756020
vt 0.064882 0.752488
vt 0.111446 0.757447
vt 0.158272 0.762897
vt 0.558347 0.755688
vt 0.615856 0.753598
vt 0.627933 0.753382
vt 0.802809 0.764952
vt 0.838644 0.758568
vt 0.883744 0.757831
vt 0.214213 0.759936
vt 0.475691 0.766616
vt 0.496292 0.776435
vt 0.686393 0.755348
vt 0.704449 0.758993
vt 0.784543 0.759516
vt 0.456338 0.767920
vt 0.489523 0.756896
vt 0.117738 0.766578
vt 0.377254 0.771386
vt 0.526039 0.765893
vt 0.545121 0.755792
vt 0.604056 0.765974
vt 0.010535 0.763791
vt 0.417311 0.776841
vt 0.564563 0.771210
vt 0.618290 0.768278
vt 0.635215 0.763814
vt 0.663271 0.765930
vt 0.820320 0.771017
vt 0.895565 0.768032
vt 0.999961 0.764495
vt 0.079998 0.772702
vt 0.175456 0.768761
vt 0.284757 0.767558
vt 0.728418 0.766446
vt 0.094413 0.773399
vt 0.265017 0.777513
vt 0.321366 0.777570
vt 0.338619 0.773488
vt 0.530958 0.773395
vt 0.699240 0.774254
vt 0.957996 0.770796
vt 0.030387 0.778252
vt 0.047894 0.775745
vt 0.065236 0.774520
vt 0.239355 0.769530
vt 0.436391 0.775948
vt 0.544787 0.783216
vt 0.682520 0.774683
vt 0.766734 0.777303
vt 0.849149 0.778580
vt 0.233503 0.781920
vt 0.359820 0.781859
vt 0.787831 0.774931
vt 0.909655 0.774737
vt 0.000270 0.771369
vt 0.871654 0.778825
vt 0.215817 0.778403
vt 0.581200 0.777554
vt 0.660095 0.781177
vt 0.930597 0.781129
vt 0.943020 0.779063
vt 0.145575 0.780342
vt 0.202754 0.783021
vt 0.381824 0.789362
vt 0.316322 0.791696
vt 0.741123 0.793034
vt 0.814361 0.778841
vt 0.910685 0.787102
vt 0.968823 0.787481
vt 0.478776 0.793260
vt 0.716560 0.786396
vt 0.999982 0.786733
vt 0.012357 0.788637
vt 0.108247 0.791482
vt 0.257547 0.785146
vt 0.292503 0.780690
vt 0.605514 0.797717
vt 0.617109 0.795100
vt 0.796739 0.785959
vt 0.833865 0.789628
vt 0.179391 0.788885
vt 0.514007 0.794707
vt 0.678123 0.788420
vt 0.084970 0.789879
vt 0.138185 0.789367
vt 0.492503 0.788252
vt 0.546393 0.805257
vt 0.692985 0.792858
vt 0.820188 0.789674
vt 0.949404 0.796764
vt 0.986502 0.799354
vt 0.000453 0.788116
vt 0.066176 0.791962
vt 0.232956 0.790181
vt 0.359405 0.790965
vt 0.438628 0.796944
vt 0.775021 0.799321
vt 0.933852 0.791895
vt 0.055056 0.803035
vt 0.164164 0.795665
vt 0.344037 0.793356
vt 0.846958 0.797000
vt 0.243346 0.796893
vt 0.283102 0.794994
vt 0.526043 0.810142
vt 0.024618 0.803299
vt 0.127291 0.806456
vt 0.189207 0.803102
vt 0.211088 0.798875
vt 0.399397 0.800259
vt 0.859797 0.798437
vt 0.894958 0.800178
vt 0.572133 0.813094
vt 0.637184 0.805020
vt 0.667129 0.806523
vt 0.806400 0.804816
vt 0.915709 0.802737
vt 0.080341 0.803247
vt 0.370432 0.799844
vt 0.705047 0.801583
vt 0.784783 0.801797
vt 0.357131 0.809300
vt 0.589863 0.812291
vt 0.715854 0.812452
vt 0.833759 0.800523
vt 0.956781 0.810645
vt 0.141948 0.811989
vt 0.219821 0.805480
vt 0.284420 0.808825
vt 0.685452 0.810744
vt 0.068415 0.812510
vt 0.252576 0.810078
vt 0.341436 0.810006
vt 0.454728 0.807529
vt 0.512658 0.824200
vt 0.999980 0.805027
vt 0.270367 0.811553
vt 0.388160 0.811875
vt 0.501201 0.829899
vt 0.820747 0.810613
vt 0.000113 0.807126
vt 0.089925 0.819129
vt 0.310706 0.806421
vt 0.327669 0.812966
vt 0.841843 0.808027
vt 0.920844 0.813116
vt 0.371228 0.810035
vt 0.483009 0.818558
vt 0.611660 0.807251
vt 0.698971 0.815769
vt 0.745265 0.821506
vt 0.427030 0.815377
vt 0.766466 0.818281
vt 0.857781 0.813236
vt 0.881487 0.812219
vt 0.973454 0.819026
vt 0.032776 0.826393
vt 0.107291 0.822362
vt 0.163105 0.818581
vt 0.782504 0.816199
vt 0.825330 0.817210
vt 0.406235 0.818914
vt 0.640872 0.816999
vt 0.725284 0.828796
vt 0.985434 0.832985
vt 0.021803 0.839121
vt 0.195089 0.824733
vt 0.235237 0.821393
vt 0.339016 0.820945
vt 0.609616 0.817426
vt 0.887341 0.838894
vt 0.929302 0.822926
vt 0.119933 0.825584
vt 0.254099 0.821467
vt 0.390902 0.823785
vt 0.611505 0.828060
vt 0.670771 0.824191
vt 0.799447 0.819368
vt 0.846453 0.822400
vt 0.899523 0.838574
vt 0.177590 0.827925
vt 0.296940 0.823797
vt 0.317397 0.828947
vt 0.367885 0.838084
vt 0.418721 0.827796
vt 0.949371 0.826298
vt 0.214462 0.832232
vt 0.589151 0.828693
vt 0.718481 0.839819
vt 0.873183 0.836179
vt 0.357157 0.827292
vt 0.468567 0.836420
vt 0.530810 0.831606
vt 0.910679 0.834376
vt 0.154900 0.833658
vt 0.277377 0.839066
vt 0.437362 0.832895
vt 0.655881 0.827764
vt 0.682403 0.833756
vt 0.707626 0.834763
vt 0.964718 0.842333
vt 0.237046 0.837995
vt 0.567864 0.828596
vt 0.636626 0.836273
vt 0.804725 0.828130
vt 0.936242 0.837282
vt 0.999973 0.833360
vt 0.825051 0.837591
vt 0.054304 0.835261
vt 0.089143 0.839851
vt 0.401765 0.841201
vt 0.753223 0.839980
vt 0.777959 0.835906
vt 0.302859 0.838609
vt 0.322834 0.838298
vt 0.339815 0.842121
vt 0.485237 0.847445
vt 0.784828 0.842440
vt 0.425428 0.846028
vt 0.547970 0.849572
vt 0.644007 0.847889
vt 0.671736 0.841929
vt 0.000014 0.845981
vt 0.069240 0.841828
vt 0.147465 0.842566
vt 0.253950 0.847624
vt 0.616942 0.843027
vt 0.658248 0.846240
vt 0.688288 0.846566
vt 0.737013 0.842330
vt 0.976911 0.854133
vt 0.171345 0.852321
vt 0.448474 0.848032
vt 0.130966 0.858555
vt 0.211010 0.850848
vt 0.360515 0.848475
vt 0.569836 0.847328
vt 0.919096 0.847191
vt 0.385726 0.845672
vt 0.589634 0.848275
vt 0.859591 0.859516
vt 0.190351 0.852293
vt 0.051640 0.875614
vt 0.111698 0.853197
vt 0.300763 0.852567
vt 0.324404 0.853472
vt 0.376851 0.858151
vt 0.410860 0.857894
vt 0.460796 0.856630
vt 0.510986 0.862693
vt 0.725561 0.856276
vt 0.754705 0.856411
vt 0.833032 0.864213
vt 0.999882 0.855070
vt 0.033143 0.862601
vt 0.086939 0.864875
vt 0.617118 0.855536
vt 0.786628 0.857415
vt 0.290980 0.864381
vt 0.526532 0.869721
vt 0.712878 0.855959
vt 0.896406 0.864142
vt 0.343049 0.857491
vt 0.396525 0.860677
vt 0.438821 0.869630
vt 0.487224 0.858368
vt 0.673765 0.866142
vt 0.936500 0.857520
vt 0.958574 0.861403
vt 0.067055 0.860504
vt 0.234075 0.859741
vt 0.587519 0.862587
vt 0.765529 0.862363
vt 0.813942 0.865522
vt 0.846286 0.865006
vt 0.019418 0.871529
vt 0.561892 0.865018
vt 0.627039 0.866817
vt 0.643821 0.864462
vt 0.144118 0.861867
vt 0.271339 0.869054
vt 0.425714 0.860393
vt 0.658179 0.866969
vt 0.739355 0.865439
vt 0.874128 0.864883
vt 0.333878 0.869228
vt 0.699382 0.869669
vt 0.191826 0.869144
vt 0.368317 0.866713
vt 0.914811 0.877386
vt 0.000019 0.876514
vt 0.111213 0.877168
vt 0.382721 0.876445
vt 0.689625 0.870236
vt 0.721740 0.874965
vt 0.099353 0.875907
vt 0.181851 0.871772
vt 0.222332 0.874912
vt 0.240821 0.889130
vt 0.449111 0.874412
vt 0.485739 0.882288
vt 0.504873 0.873922
vt 0.609673 0.873153
vt 0.072879 0.892942
vt 0.307377 0.881705
vt 0.354787 0.872860
vt 0.424535 0.885727
vt 0.577225 0.872286
vt 0.889238 0.881332
vt 0.162376 0.880885
vt 0.206260 0.878437
vt 0.288809 0.886870
vt 0.341135 0.879020
vt 0.752020 0.876189
vt 0.789108 0.878393
vt 0.935359 0.874623
vt 0.982784 0.881309
vt 0.999863 0.889192
vt 0.258189 0.885779
vt 0.465536 0.880086
vt 0.124922 0.881660
vt 0.813162 0.885235
vt 0.958271 0.882628
vt 0.374042 0.887692
vt 0.548090 0.882747
vt 0.601953 0.883686
vt 0.746288 0.881626
vt 0.865642 0.885843
vt 0.144525 0.896045
vt 0.405719 0.886453
vt 0.512023 0.888280
vt 0.527629 0.892535
vt 0.618084 0.892958
vt 0.634398 0.891007
vt 0.173473 0.887349
vt 0.354710 0.887662
vt 0.391921 0.892759
vt 0.445482 0.882568
vt 0.653347 0.894728
vt 0.677284 0.884887
vt 0.699554 0.884684
vt 0.833251 0.886804
vt 0.022571 0.898288
vt 0.569465 0.884847
vt 0.761648 0.890341
vt 0.056822 0.894561
vt 0.089854 0.897300
vt 0.196105 0.894126
vt 0.463457 0.894308
vt 0.734831 0.890490
vt 0.128200 0.896669
vt 0.346352 0.893678
vt 0.429835 0.893148
vt 0.935875 0.898901
vt 0.105358 0.895619
vt 0.181260 0.900775
vt 0.480603 0.900636
vt 0.546135 0.899377
vt 0.591658 0.891523
vt 0.691102 0.894718
vt 0.784093 0.893682
vt 0.819331 0.895892
vt 0.955409 0.895734
vt 0.039463 0.914221
vt 0.864820 0.899336
vt 0.881534 0.900230
vt 0.914626 0.902355
vt 0.224125 0.902105
vt 0.317443 0.904186
vt 0.835648 0.902743
vt 0.000170 0.894334
vt 0.270320 0.903445
vt 0.342310 0.911082
vt 0.364425 0.900606
vt 0.407815 0.897019
vt 0.605360 0.898874
vt 0.671302 0.891808
vt 0.671739 0.904127
vt 0.798781 0.905782
vt 0.848776 0.919315
vt 0.297937 0.905814
vt 0.500892 0.921233
vt 0.967918 0.907864
vt 0.982253 0.922515
vt 0.376067 0.909130
vt 0.392472 0.908251
vt 0.579123 0.916206
vt 0.626688 0.905356
vt 0.702886 0.905404
vt 0.721918 0.913993
vt 0.898368 0.908175
vt 0.249444 0.910032
vt 0.443268 0.906473
vt 0.083548 0.922635
vt 0.555578 0.906082
vt 0.592552 0.913240
vt 0.738855 0.917944
vt 0.759631 0.908788
vt 0.135304 0.910496
vt 0.145708 0.909774
vt 0.510254 0.922528
vt 0.529503 0.912545
vt 0.616249 0.907666
vt 0.696899 0.914594
vt 0.020476 0.925416
vt 0.105307 0.908504
vt 0.477221 0.915790
vt 0.155676 0.917503
vt 0.189110 0.919074
vt 0.210332 0.924839
vt 0.354575 0.921530
vt 0.425665 0.914304
vt 0.450084 0.913943
vt 0.779413 0.927333
vt 0.815775 0.921743
vt 0.863368 0.928065
vt 0.285544 0.919012
vt 0.408888 0.920847
vt 0.667669 0.927656
vt 0.000663 0.907525
vt 0.273829 0.919549
vt 0.647441 0.917349
vt 0.765698 0.937297
vt 0.918807 0.920804
vt 0.061477 0.930564
vt 0.246111 0.926073
vt 0.594851 0.925517
vt 0.168970 0.921607
vt 0.366762 0.922738
vt 0.490017 0.929419
vt 0.791706 0.920336
vt 0.957973 0.928523
vt 0.106988 0.928423
vt 0.333316 0.928624
vt 0.393721 0.928695
vt 0.439427 0.925671
vt 0.621265 0.926692
vt 0.896696 0.924228
vt 0.999980 0.918054
vt 0.131236 0.925744
vt 0.466895 0.929864
vt 0.547071 0.930038
vt 0.746288 0.940738
vt 0.305014 0.932899
vt 0.382439 0.933546
vt 0.423109 0.928671
vt 0.607887 0.932586
vt 0.707425 0.931682
vt 0.814819 0.941267
vt 0.880599 0.932019
vt 0.937131 0.936771
vt 0.000009 0.926020
vt 0.267897 0.938153
vt 0.520221 0.936053
vt 0.574795 0.934290
vt 0.636244 0.939110
vt 0.676817 0.947644
vt 0.692404 0.932086
vt 0.034999 0.942851
vt 0.086949 0.940821
vt 0.148847 0.938226
vt 0.173064 0.938784
vt 0.714336 0.947676
vt 0.790400 0.935844
vt 0.197008 0.948045
vt 0.359655 0.941757
vt 0.661699 0.945997
vt 0.893131 0.944272
vt 0.988711 0.938841
vt 0.999969 0.949626
vt 0.121225 0.949782
vt 0.230522 0.940118
vt 0.407265 0.948403
vt 0.921514 0.945613
vt 0.102994 0.958157
vt 0.184001 0.945641
vt 0.286009 0.937257
vt 0.314253 0.942926
vt 0.475372 0.951987
vt 0.583437 0.945261
vt 0.421517 0.945868
vt 0.544909 0.948526
vt 0.841753 0.942822
vt 0.070396 0.947797
vt 0.431676 0.962333
vt 0.500835 0.954561
vt 0.907018 0.946703
vt 0.392952 0.955573
vt 0.442913 0.954830
vt 0.515198 0.952687
vt 0.617678 0.953091
vt 0.880457 0.948394
vt 0.968424 0.953199
vt 0.216231 0.948645
vt 0.485593 0.960171
vt 0.646370 0.950229
vt 0.000157 0.953404
vt 0.277612 0.954835
vt 0.601913 0.951272
vt 0.688650 0.955527
vt 0.774196 0.966796
vt 0.935852 0.960405
vt 0.946151 0.953250
vt 0.329547 0.961837
vt 0.346981 0.957238
vt 0.630517 0.954805
vt 0.168263 0.969207
vt 0.236120 0.958223
vt 0.378317 0.953171
vt 0.583328 0.959050
vt 0.851240 0.958714
vt 0.561158 0.962879
vt 0.867251 0.964256
vt 0.909369 0.960671
vt 0.064629 0.969593
vt 0.081440 0.964370
vt 0.817672 0.966445
vt 0.984880 0.963621
vt 0.000796 0.968814
vt 0.034169 0.961242
vt 0.312873 0.968093
vt 0.533575 0.963359
vt 0.644791 0.961607
vt 0.662359 0.957784
vt 0.801694 0.962201
vt 0.145092 0.968806
vt 0.270718 0.971135
vt 0.372946 0.970596
vt 0.752475 0.966133
vt 0.540251 0.978865
vt 0.620592 0.979983
vt 0.702085 0.975150
vt 0.729033 0.969345
vt 0.838744 0.980616
vt 0.889507 0.981733
vt 0.919319 0.974727
vt 0.053863 0.977567
vt 0.212075 0.971060
vt 0.448091 0.972792
vt 0.603117 0.976281
vt 0.680811 0.970558
vt 0.949657 0.976271
vt 0.022301 0.984711
vt 0.241739 0.978280
vt 0.513212 0.981800
vt 0.634943 0.977562
vt 0.391213 0.980181
vt 0.414396 0.971609
vt 0.786353 0.981202
vt 0.969281 0.975634
vt 0.121591 0.998405
vt 0.343294 0.977598
vt 0.495646 0.979083
vt 0.660937 0.981351
vt 0.358675 0.981178
vt 0.862325 0.982746
vt 0.909597 0.985390
vt 0.999875 0.974280
vt 0.722481 0.983508
vt 0.087877 0.984770
vt 0.572264 0.981740
vt 0.583445 0.990140
vt 0.647204 0.981516
vt 0.871292 0.998164
vt 0.989364 1.000235
vt 0.296175 0.983330
vt 0.319928 0.986868
vt 0.379483 0.985204
vt 0.804121 0.999076
vt 0.101602 0.998196
vt 0.271446 0.988389
vt 0.427437 0.983178
vt 0.760214 0.988541
vt 0.981677 0.999862
vt 0.000006 0.999931
vt 0.147074 0.985684
vt 0.405114 0.992889
vt 0.077301 0.998989
vt 0.175976 0.997850
vt 0.669856 0.989795
vt 0.963392 0.991437
vt 0.458952 0.991233
vt 0.551293 0.999439
vt 0.066171 1.000076
vt 0.202526 0.998827
vt 0.604492 0.989306
vt 0.739539 1.000408
vt 0.853781 0.999237
vt 0.943424 0.998589
vt 0.446444 0.999948
vt 0.698100 0.988927
vt 0.922021 0.999909
vt 0.276039 0.999919
vt 0.507881 0.997971
vt 0.649897 0.993951
vt 0.827156 0.999508
vt 0.967784 0.999863
vt 0.226102 0.999919
vt 0.252383 0.999986
vt 0.343344 0.999956
vt 0.364192 1.000043
vt 0.415162 0.999070
vt 0.464784 0.999405
vt 0.719702 1.000026
vt 0.893834 0.998458
vt 0.018971 0.999950
vt 0.304093 0.999960
vt 0.583341 0.999984
vt 0.767664 1.000030
vt 0.999981 0.999924
vt 0.323065 0.999987
vt 0.388724 0.999927
vt 0.613243 1.000003
vt 0.689115 0.999975
vt 0.602433 0.999995
vt 0.648756 1.000000
vt 0.665406 0.999997
vt 0.148825 0.999987
s 0
f 1/1/1 62/2/1 2/3/1
f 11/4/2 63/5/2 12/6/2
f 30/7/3 65/8/3 31/9/3
f 32/10/4 66/11/4 33/12/4
f 33/12/5 66/11/5 34/13/5
f 34/13/6 66/11/6 35/14/6
f 66/11/7 67/15/7 35/14/7
f 41/16/8 69/17/8 42/18/8
f 70/19/9 45/20/9 44/21/9
f 71/22/10 47/23/10 46/24/10
f 47/23/11 72/25/11 48/26/11
f 49/27/12 73/28/12 50/29/12
f 52/30/13 74/31/13 53/32/13
f 54/33/14 75/34/14 55/35/14
f 4/36/15 78/37/15 5/38/15
f 11/4/16 10/39/16 63/5/16
f 20/40/17 81/41/17 21/42/17
f 24/43/18 64/44/18 25/45/18
f 25/45/19 82/46/19 26/47/19
f 82/46/20 27/48/20 26/47/20
f 65/8/21 66/11/21 31/9/21
f 31/9/22 66/11/22 32/10/22
f 39/49/23 84/50/23 40/51/23
f 68/52/24 85/53/24 40/51/24
f 40/51/25 85/53/25 41/16/25
f 74/31/26 54/33/26 53/32/26
f 88/54/27 56/55/27 55/35/27
f 57/56/28 99/57/28 58/58/28
f 77/59/29 62/2/29 1/1/29
f 6/60/30 78/37/30 79/61/30
f 6/60/31 79/61/31 7/62/31
f 14/63/32 87/64/32 15/65/32
f 17/66/33 102/67/33 18/68/33
f 102/67/34 19/69/34 18/68/34
f 21/42/35 81/41/35 22/70/35
f 22/70/36 92/71/36 23/72/36
f 92/71/37 24/43/37 23/72/37
f 27/48/38 29/73/38 28/74/38
f 35/14/39 67/15/39 36/75/39
f 67/15/40 83/76/40 36/75/40
f 36/75/41 83/76/41 37/77/41
f 38/78/42 84/50/42 39/49/42
f 85/53/43 69/17/43 41/16/43
f 50/29/44 112/79/44 51/80/44
f 56/55/45 76/81/45 57/56/45
f 3/82/46 86/83/46 4/36/46
f 9/84/47 91/85/47 10/39/47
f 13/86/48 87/64/48 14/63/48
f 87/64/49 16/87/49 15/65/49
f 80/88/50 81/41/50 20/40/50
f 30/7/51 95/89/51 65/8/51
f 84/50/52 68/52/52 40/51/52
f 48/26/53 73/28/53 49/27/53
f 54/33/54 93/90/54 75/34/54
f 59/91/55 89/92/55 60/93/55
f 2/3/56 62/2/56 3/82/56
f 94/94/57 7/62/57 79/61/57
f 7/62/58 94/94/58 8/95/58
f 8/95/59 90/96/59 9/84/59
f 90/96/60 91/85/60 9/84/60
f 12/6/61 87/64/61 13/86/61
f 16/87/62 102/67/62 17/66/62
f 19/69/63 115/97/63 20/40/63
f 81/41/64 92/71/64 22/70/64
f 24/43/65 92/71/65 64/44/65
f 104/98/66 82/46/66 25/45/66
f 82/46/67 29/73/67 27/48/67
f 29/73/68 95/89/68 30/7/68
f 66/11/69 96/99/69 67/15/69
f 97/100/70 38/78/70 37/77/70
f 38/78/71 97/100/71 84/50/71
f 85/53/72 98/101/72 69/17/72
f 43/102/73 119/103/73 44/21/73
f 45/20/74 71/22/74 46/24/74
f 50/29/75 73/28/75 112/79/75
f 112/79/76 52/30/76 51/80/76
f 88/54/77 76/81/77 56/55/77
f 58/58/78 113/104/78 59/91/78
f 60/93/79 89/92/79 61/105/79
f 91/85/80 63/5/80 10/39/80
f 63/5/81 101/106/81 12/6/81
f 87/64/82 102/67/82 16/87/82
f 103/107/83 64/44/83 92/71/83
f 64/44/84 104/98/84 25/45/84
f 104/98/85 105/108/85 82/46/85
f 82/46/86 105/108/86 29/73/86
f 65/8/87 96/99/87 66/11/87
f 83/76/88 97/100/88 37/77/88
f 97/100/89 108/109/89 84/50/89
f 108/109/90 68/52/90 84/50/90
f 72/25/91 110/110/91 48/26/91
f 48/26/92 110/110/92 73/28/92
f 74/31/93 139/111/93 54/33/93
f 139/111/94 93/90/94 54/33/94
f 75/34/95 88/54/95 55/35/95
f 4/36/96 111/112/96 78/37/96
f 94/94/97 90/96/97 8/95/97
f 12/6/98 101/106/98 87/64/98
f 105/108/99 95/89/99 29/73/99
f 65/8/100 106/113/100 96/99/100
f 67/15/101 107/114/101 83/76/101
f 107/114/102 97/100/102 83/76/102
f 70/19/103 109/115/103 45/20/103
f 76/81/104 99/57/104 57/56/104
f 62/2/105 86/83/105 3/82/105
f 95/89/106 106/113/106 65/8/106
f 96/99/107 117/116/107 67/15/107
f 71/22/108 72/25/108 47/23/108
f 77/59/109 100/117/109 62/2/109
f 115/97/110 80/88/110 20/40/110
f 103/107/111 134/118/111 64/44/111
f 64/44/112 134/118/112 104/98/112
f 105/108/113 116/119/113 95/89/113
f 108/109/114 114/120/114 68/52/114
f 42/18/115 118/121/115 43/102/115
f 44/21/116 119/103/116 70/19/116
f 45/20/117 109/115/117 71/22/117
f 52/30/118 120/122/118 74/31/118
f 99/57/119 113/104/119 58/58/119
f 113/104/120 89/92/120 59/91/120
f 121/123/121 61/105/121 89/92/121
f 94/94/122 122/124/122 90/96/122
f 90/96/123 123/125/123 91/85/123
f 101/106/124 133/126/124 87/64/124
f 81/41/125 124/127/125 92/71/125
f 96/99/126 106/113/126 117/116/126
f 117/116/127 107/114/127 67/15/127
f 97/100/128 147/128/128 108/109/128
f 98/101/129 118/121/129 69/17/129
f 69/17/130 118/121/130 42/18/130
f 73/28/131 126/129/131 112/79/131
f 86/83/132 111/112/132 4/36/132
f 127/130/133 79/61/133 78/37/133
f 91/85/134 128/131/134 63/5/134
f 63/5/135 129/132/135 101/106/135
f 80/88/136 124/127/136 81/41/136
f 130/133/137 103/107/137 92/71/137
f 116/119/138 135/134/138 95/89/138
f 114/120/139 137/135/139 68/52/139
f 137/135/140 85/53/140 68/52/140
f 71/22/141 131/136/141 72/25/141
f 112/79/142 120/122/142 52/30/142
f 128/131/143 129/132/143 63/5/143
f 87/64/144 152/137/144 102/67/144
f 102/67/145 115/97/145 19/69/145
f 104/98/146 142/138/146 105/108/146
f 95/89/147 135/134/147 106/113/147
f 146/139/148 107/114/148 117/116/148
f 85/53/149 137/135/149 98/101/149
f 125/140/150 109/115/150 70/19/150
f 110/110/151 138/141/151 73/28/151
f 88/54/152 140/142/152 76/81/152
f 76/81/153 141/143/153 99/57/153
f 62/2/154 132/144/154 86/83/154
f 132/144/155 151/145/155 86/83/155
f 123/125/156 128/131/156 91/85/156
f 129/132/157 133/126/157 101/106/157
f 124/127/158 130/133/158 92/71/158
f 134/118/159 142/138/159 104/98/159
f 142/138/160 116/119/160 105/108/160
f 145/146/161 135/134/161 116/119/161
f 106/113/162 135/134/162 136/147/162
f 106/113/163 136/147/163 117/116/163
f 161/148/164 97/100/164 107/114/164
f 108/109/165 148/149/165 114/120/165
f 118/121/166 119/103/166 43/102/166
f 109/115/167 131/136/167 71/22/167
f 138/141/168 126/129/168 73/28/168
f 93/90/169 88/54/169 75/34/169
f 143/150/170 113/104/170 99/57/170
f 89/92/171 144/151/171 121/123/171
f 79/61/172 122/124/172 94/94/172
f 142/138/173 145/146/173 116/119/173
f 146/139/174 161/148/174 107/114/174
f 161/148/175 147/128/175 97/100/175
f 147/128/176 148/149/176 108/109/176
f 70/19/177 119/103/177 125/140/177
f 139/111/178 149/152/178 93/90/178
f 140/142/179 141/143/179 76/81/179
f 86/83/180 151/145/180 111/112/180
f 111/112/181 127/130/181 78/37/181
f 133/126/182 152/137/182 87/64/182
f 136/147/183 154/153/183 117/116/183
f 154/153/184 146/139/184 117/116/184
f 114/120/185 155/154/185 137/135/185
f 98/101/186 220/155/186 118/121/186
f 72/25/187 157/156/187 110/110/187
f 157/156/188 138/141/188 110/110/188
f 112/79/189 185/157/189 120/122/189
f 120/122/190 139/111/190 74/31/190
f 100/117/191 158/158/191 62/2/191
f 102/67/192 167/159/192 115/97/192
f 153/160/193 124/127/193 80/88/193
f 134/118/194 173/161/194 142/138/194
f 168/162/195 159/163/195 145/146/195
f 145/146/196 159/163/196 135/134/196
f 148/149/197 155/154/197 114/120/197
f 98/101/198 137/135/198 220/155/198
f 119/103/199 156/164/199 125/140/199
f 125/140/200 162/165/200 109/115/200
f 162/165/201 131/136/201 109/115/201
f 93/90/202 163/166/202 88/54/202
f 141/143/203 143/150/203 99/57/203
f 128/131/204 166/167/204 129/132/204
f 152/137/205 167/159/205 102/67/205
f 172/168/206 134/118/206 103/107/206
f 159/163/207 160/169/207 135/134/207
f 135/134/208 160/169/208 136/147/208
f 169/170/209 154/153/209 136/147/209
f 170/171/210 162/165/210 125/140/210
f 131/136/211 157/156/211 72/25/211
f 93/90/212 149/152/212 163/166/212
f 100/117/213 150/172/213 158/158/213
f 62/2/214 158/158/214 132/144/214
f 122/124/215 123/125/215 90/96/215
f 133/126/216 171/173/216 152/137/216
f 80/88/217 115/97/217 153/160/217
f 130/133/218 172/168/218 103/107/218
f 172/168/219 173/161/219 134/118/219
f 154/153/220 161/148/220 146/139/220
f 147/128/221 174/174/221 148/149/221
f 119/103/222 181/175/222 156/164/222
f 162/165/223 196/176/223 131/136/223
f 163/166/224 164/177/224 88/54/224
f 88/54/225 164/177/225 140/142/225
f 121/123/226 144/151/226 165/178/226
f 127/130/227 175/179/227 79/61/227
f 79/61/228 176/180/228 122/124/228
f 152/137/229 192/181/229 167/159/229
f 167/159/230 183/182/230 115/97/230
f 173/161/231 190/183/231 142/138/231
f 142/138/232 190/183/232 145/146/232
f 160/169/233 178/184/233 136/147/233
f 179/185/234 180/186/234 154/153/234
f 154/153/235 180/186/235 161/148/235
f 155/154/236 205/187/236 137/135/236
f 186/188/237 89/92/237 113/104/237
f 144/151/238 182/189/238 165/178/238
f 177/190/239 171/173/239 133/126/239
f 190/183/240 168/162/240 145/146/240
f 159/163/241 184/191/241 160/169/241
f 178/184/242 169/170/242 136/147/242
f 154/153/243 169/170/243 179/185/243
f 205/187/244 220/155/244 137/135/244
f 156/164/245 170/171/245 125/140/245
f 131/136/246 196/176/246 157/156/246
f 157/156/247 221/192/247 138/141/247
f 126/129/248 185/157/248 112/79/248
f 143/150/249 186/188/249 113/104/249
f 150/172/250 187/193/250 158/158/250
f 129/132/251 188/194/251 133/126/251
f 130/133/252 189/195/252 172/168/252
f 190/183/253 194/196/253 168/162/253
f 184/191/254 178/184/254 160/169/254
f 147/128/255 218/197/255 174/174/255
f 185/157/256 198/198/256 120/122/256
f 120/122/257 149/152/257 139/111/257
f 79/61/258 175/179/258 176/180/258
f 209/199/259 166/167/259 128/131/259
f 166/167/260 188/194/260 129/132/260
f 188/194/261 177/190/261 133/126/261
f 171/173/262 192/181/262 152/137/262
f 115/97/263 183/182/263 153/160/263
f 124/127/264 153/160/264 130/133/264
f 168/162/265 210/200/265 159/163/265
f 202/201/266 179/185/266 169/170/266
f 161/148/267 204/202/267 147/128/267
f 174/174/268 212/203/268 148/149/268
f 148/149/269 212/203/269 155/154/269
f 205/187/270 219/204/270 220/155/270
f 220/155/271 195/205/271 118/121/271
f 118/121/272 195/205/272 119/103/272
f 138/141/273 197/206/273 126/129/273
f 163/166/274 199/207/274 164/177/274
f 140/142/275 191/208/275 141/143/275
f 143/150/276 200/209/276 186/188/276
f 122/124/277 232/210/277 123/125/277
f 123/125/278 209/199/278 128/131/278
f 189/195/279 193/211/279 172/168/279
f 201/212/280 173/161/280 172/168/280
f 210/200/281 211/213/281 159/163/281
f 216/214/282 178/184/282 184/191/282
f 178/184/283 202/201/283 169/170/283
f 179/185/284 203/215/284 180/186/284
f 180/186/285 204/202/285 161/148/285
f 212/203/286 205/187/286 155/154/286
f 221/192/287 197/206/287 138/141/287
f 198/198/288 206/216/288 120/122/288
f 141/143/289 208/217/289 143/150/289
f 89/92/290 186/188/290 144/151/290
f 122/124/291 176/180/291 232/210/291
f 193/211/292 201/212/292 172/168/292
f 173/161/293 201/212/293 190/183/293
f 194/196/294 210/200/294 168/162/294
f 159/163/295 211/213/295 184/191/295
f 218/197/296 212/203/296 174/174/296
f 195/205/297 181/175/297 119/103/297
f 197/206/298 185/157/298 126/129/298
f 206/216/299 207/218/299 120/122/299
f 120/122/300 207/218/300 149/152/300
f 164/177/301 213/219/301 140/142/301
f 111/112/302 214/220/302 127/130/302
f 153/160/303 225/221/303 130/133/303
f 201/212/304 215/222/304 190/183/304
f 190/183/305 215/222/305 194/196/305
f 215/222/306 210/200/306 194/196/306
f 211/213/307 216/214/307 184/191/307
f 202/201/308 217/223/308 179/185/308
f 217/223/309 203/215/309 179/185/309
f 203/215/310 204/202/310 180/186/310
f 222/224/311 218/197/311 204/202/311
f 204/202/312 218/197/312 147/128/312
f 140/142/313 213/219/313 191/208/313
f 191/208/314 208/217/314 141/143/314
f 215/222/315 226/225/315 210/200/315
f 210/200/316 226/225/316 211/213/316
f 216/214/317 202/201/317 178/184/317
f 203/215/318 227/226/318 204/202/318
f 196/176/319 221/192/319 157/156/319
f 150/172/320 283/227/320 187/193/320
f 158/158/321 187/193/321 132/144/321
f 166/167/322 224/228/322 188/194/322
f 227/226/323 228/229/323 204/202/323
f 204/202/324 228/229/324 222/224/324
f 245/230/325 219/204/325 205/187/325
f 229/231/326 181/175/326 195/205/326
f 223/232/327 170/171/327 156/164/327
f 170/171/328 230/233/328 162/165/328
f 221/192/329 280/234/329 197/206/329
f 151/145/330 214/220/330 111/112/330
f 123/125/331 232/210/331 209/199/331
f 183/182/332 225/221/332 153/160/332
f 215/222/333 250/235/333 226/225/333
f 217/223/334 227/226/334 203/215/334
f 233/236/335 212/203/335 218/197/335
f 212/203/336 245/230/336 205/187/336
f 219/204/337 234/237/337 220/155/337
f 181/175/338 223/232/338 156/164/338
f 162/165/339 230/233/339 196/176/339
f 281/238/340 185/157/340 197/206/340
f 149/152/341 231/239/341 163/166/341
f 163/166/342 231/239/342 199/207/342
f 164/177/343 199/207/343 213/219/343
f 144/151/344 236/240/344 182/189/344
f 187/193/345 238/241/345 132/144/345
f 214/220/346 248/242/346 127/130/346
f 127/130/347 248/242/347 175/179/347
f 209/199/348 224/228/348 166/167/348
f 188/194/349 240/243/349 177/190/349
f 177/190/350 241/244/350 171/173/350
f 171/173/351 241/244/351 192/181/351
f 192/181/352 242/245/352 167/159/352
f 167/159/353 242/245/353 183/182/353
f 256/246/354 189/195/354 130/133/354
f 226/225/355 243/247/355 211/213/355
f 216/214/356 244/248/356 202/201/356
f 202/201/357 244/248/357 217/223/357
f 251/249/358 227/226/358 217/223/358
f 220/155/359 234/237/359 195/205/359
f 234/237/360 271/250/360 195/205/360
f 185/157/361 246/251/361 198/198/361
f 213/219/362 247/252/362 191/208/362
f 208/217/363 200/209/363 143/150/363
f 200/209/364 282/253/364 186/188/364
f 186/188/365 235/254/365 144/151/365
f 132/144/366 238/241/366 151/145/366
f 151/145/367 239/255/367 214/220/367
f 183/182/368 261/256/368 225/221/368
f 201/212/369 250/235/369 215/222/369
f 250/235/370 243/247/370 226/225/370
f 244/248/371 251/249/371 217/223/371
f 222/224/372 252/257/372 218/197/372
f 233/236/373 245/230/373 212/203/373
f 245/230/374 253/258/374 219/204/374
f 219/204/375 253/258/375 234/237/375
f 246/251/376 254/259/376 198/198/376
f 191/208/377 255/260/377 208/217/377
f 238/241/378 239/255/378 151/145/378
f 188/194/379 224/228/379 240/243/379
f 225/221/380 256/246/380 130/133/380
f 189/195/381 249/261/381 193/211/381
f 211/213/382 243/247/382 216/214/382
f 216/214/383 257/262/383 244/248/383
f 258/263/384 228/229/384 227/226/384
f 228/229/385 259/264/385 222/224/385
f 252/257/386 260/265/386 218/197/386
f 218/197/387 260/265/387 233/236/387
f 223/232/388 230/233/388 170/171/388
f 196/176/389 279/266/389 221/192/389
f 280/234/390 281/238/390 197/206/390
f 281/238/391 246/251/391 185/157/391
f 282/253/392 235/254/392 186/188/392
f 236/240/393 237/267/393 182/189/393
f 256/246/394 249/261/394 189/195/394
f 193/211/395 262/268/395 201/212/395
f 251/249/396 258/263/396 227/226/396
f 259/264/397 252/257/397 222/224/397
f 271/250/398 229/231/398 195/205/398
f 272/269/399 223/232/399 181/175/399
f 279/266/400 196/176/400 230/233/400
f 247/252/401 255/260/401 191/208/401
f 208/217/402 255/260/402 200/209/402
f 144/151/403 235/254/403 236/240/403
f 283/227/404 265/270/404 187/193/404
f 177/190/405 240/243/405 241/244/405
f 183/182/406 242/245/406 261/256/406
f 261/256/407 256/246/407 225/221/407
f 249/261/408 262/268/408 193/211/408
f 250/235/409 263/271/409 243/247/409
f 263/271/410 216/214/410 243/247/410
f 216/214/411 269/272/411 257/262/411
f 257/262/412 251/249/412 244/248/412
f 258/263/413 270/273/413 228/229/413
f 270/273/414 259/264/414 228/229/414
f 229/231/415 272/269/415 181/175/415
f 223/232/416 289/274/416 230/233/416
f 264/275/417 213/219/417 199/207/417
f 214/220/418 266/276/418 248/242/418
f 275/277/419 242/245/419 192/181/419
f 201/212/420 267/278/420 250/235/420
f 250/235/421 267/278/421 268/279/421
f 263/271/422 286/280/422 216/214/422
f 286/280/423 269/272/423 216/214/423
f 257/262/424 276/281/424 251/249/424
f 276/281/425 258/263/425 251/249/425
f 277/282/426 252/257/426 259/264/426
f 260/265/427 278/283/427 233/236/427
f 233/236/428 278/283/428 245/230/428
f 245/230/429 296/284/429 253/258/429
f 254/259/430 206/216/430 198/198/430
f 207/218/431 231/239/431 149/152/431
f 255/260/432 282/253/432 200/209/432
f 265/270/433 238/241/433 187/193/433
f 248/242/434 273/285/434 175/179/434
f 175/179/435 273/285/435 176/180/435
f 250/235/436 268/279/436 263/271/436
f 269/272/437 287/286/437 257/262/437
f 257/262/438 287/286/438 276/281/438
f 258/263/439 295/287/439 270/273/439
f 270/273/440 277/282/440 259/264/440
f 278/283/441 296/284/441 245/230/441
f 296/284/442 234/237/442 253/258/442
f 231/239/443 264/275/443 199/207/443
f 176/180/444 273/285/444 232/210/444
f 224/228/445 274/288/445 240/243/445
f 241/244/446 285/289/446 192/181/446
f 262/268/447 267/278/447 201/212/447
f 268/279/448 291/290/448 263/271/448
f 291/290/449 286/280/449 263/271/449
f 270/273/450 292/291/450 277/282/450
f 277/282/451 260/265/451 252/257/451
f 288/292/452 278/283/452 260/265/452
f 254/259/453 299/293/453 206/216/453
f 264/275/454 247/252/454 213/219/454
f 247/252/455 293/294/455 255/260/455
f 302/295/456 294/296/456 232/210/456
f 232/210/457 294/296/457 209/199/457
f 285/289/458 275/277/458 192/181/458
f 256/246/459 290/297/459 249/261/459
f 249/261/460 290/297/460 262/268/460
f 295/287/461 292/291/461 270/273/461
f 260/265/462 277/282/462 288/292/462
f 234/237/463 297/298/463 271/250/463
f 297/298/464 229/231/464 271/250/464
f 230/233/465 289/274/465 279/266/465
f 246/251/466 298/299/466 254/259/466
f 206/216/467 299/293/467 207/218/467
f 283/227/468 284/300/468 265/270/468
f 239/255/469 301/301/469 214/220/469
f 273/285/470 302/295/470 232/210/470
f 262/268/471 305/302/471 267/278/471
f 287/286/472 306/303/472 276/281/472
f 276/281/473 306/303/473 258/263/473
f 258/263/474 306/303/474 295/287/474
f 296/284/475 317/304/475 234/237/475
f 317/304/476 297/298/476 234/237/476
f 289/274/477 308/305/477 279/266/477
f 281/238/478 309/306/478 246/251/478
f 309/306/479 298/299/479 246/251/479
f 247/252/480 310/307/480 293/294/480
f 248/242/481 311/308/481 273/285/481
f 294/296/482 274/288/482 224/228/482
f 303/309/483 241/244/483 240/243/483
f 242/245/484 304/310/484 261/256/484
f 256/246/485 312/311/485 290/297/485
f 295/287/486 314/312/486 292/291/486
f 292/291/487 307/313/487 277/282/487
f 277/282/488 307/313/488 288/292/488
f 288/292/489 315/314/489 278/283/489
f 278/283/490 316/315/490 296/284/490
f 297/298/491 318/316/491 229/231/491
f 221/192/492 320/317/492 280/234/492
f 321/318/493 281/238/493 280/234/493
f 299/293/494 231/239/494 207/218/494
f 264/275/495 310/307/495 247/252/495
f 255/260/496 323/319/496 282/253/496
f 265/270/497 300/320/497 238/241/497
f 266/276/498 311/308/498 248/242/498
f 209/199/499 294/296/499 224/228/499
f 274/288/500 303/309/500 240/243/500
f 261/256/501 324/321/501 256/246/501
f 324/321/502 312/311/502 256/246/502
f 267/278/503 305/302/503 268/279/503
f 305/302/504 291/290/504 268/279/504
f 269/272/505 325/322/505 287/286/505
f 306/303/506 313/323/506 295/287/506
f 313/323/507 314/312/507 295/287/507
f 314/312/508 326/324/508 292/291/508
f 229/231/509 318/316/509 272/269/509
f 308/305/510 319/325/510 279/266/510
f 279/266/511 319/325/511 221/192/511
f 320/317/512 327/326/512 280/234/512
f 280/234/513 327/326/513 321/318/513
f 214/220/514 301/301/514 266/276/514
f 275/277/515 304/310/515 242/245/515
f 305/302/516 328/327/516 291/290/516
f 291/290/517 329/328/517 286/280/517
f 287/286/518 325/322/518 306/303/518
f 325/322/519 330/329/519 306/303/519
f 330/329/520 313/323/520 306/303/520
f 292/291/521 326/324/521 307/313/521
f 331/330/522 288/292/522 307/313/522
f 315/314/523 316/315/523 278/283/523
f 296/284/524 332/331/524 317/304/524
f 317/304/525 333/332/525 297/298/525
f 272/269/526 334/333/526 223/232/526
f 223/232/527 334/333/527 289/274/527
f 281/238/528 321/318/528 309/306/528
f 299/293/529 335/334/529 231/239/529
f 231/239/530 322/335/530 264/275/530
f 322/335/531 310/307/531 264/275/531
f 238/241/532 300/320/532 239/255/532
f 239/255/533 337/336/533 301/301/533
f 304/310/534 324/321/534 261/256/534
f 262/268/535 363/337/535 305/302/535
f 291/290/536 328/327/536 329/328/536
f 329/328/537 269/272/537 286/280/537
f 316/315/538 332/331/538 296/284/538
f 332/331/539 333/332/539 317/304/539
f 319/325/540 320/317/540 221/192/540
f 321/318/541 338/338/541 309/306/541
f 298/299/542 339/339/542 254/259/542
f 335/334/543 322/335/543 231/239/543
f 282/253/544 340/340/544 235/254/544
f 300/320/545 337/336/545 239/255/545
f 348/341/546 371/342/546 274/288/546
f 303/309/547 342/343/547 241/244/547
f 342/343/548 285/289/548 241/244/548
f 290/297/549 363/337/549 262/268/549
f 328/327/550 343/344/550 329/328/550
f 329/328/551 344/345/551 269/272/551
f 269/272/552 344/345/552 325/322/552
f 330/329/553 345/346/553 313/323/553
f 313/323/554 345/346/554 314/312/554
f 345/346/555 346/347/555 314/312/555
f 314/312/556 346/347/556 326/324/556
f 326/324/557 346/347/557 307/313/557
f 331/330/558 315/314/558 288/292/558
f 289/274/559 334/333/559 308/305/559
f 309/306/560 339/339/560 298/299/560
f 323/319/561 347/348/561 282/253/561
f 283/227/562 336/349/562 284/300/562
f 294/296/563 348/341/563 274/288/563
f 312/311/564 349/350/564 290/297/564
f 305/302/565 350/351/565 328/327/565
f 344/345/566 330/329/566 325/322/566
f 346/347/567 351/352/567 307/313/567
f 307/313/568 351/352/568 331/330/568
f 316/315/569 352/353/569 332/331/569
f 353/354/570 297/298/570 333/332/570
f 297/298/571 354/355/571 318/316/571
f 318/316/572 359/356/572 272/269/572
f 272/269/573 359/356/573 334/333/573
f 310/307/574 355/357/574 293/294/574
f 255/260/575 293/294/575 323/319/575
f 347/348/576 340/340/576 282/253/576
f 235/254/577 341/358/577 236/240/577
f 265/270/578 284/300/578 300/320/578
f 363/337/579 350/351/579 305/302/579
f 330/329/580 357/359/580 345/346/580
f 331/330/581 358/360/581 315/314/581
f 315/314/582 358/360/582 316/315/582
f 332/331/583 367/361/583 333/332/583
f 333/332/584 375/362/584 353/354/584
f 353/354/585 354/355/585 297/298/585
f 308/305/586 368/363/586 319/325/586
f 327/326/587 377/364/587 321/318/587
f 377/364/588 338/338/588 321/318/588
f 235/254/589 356/365/589 341/358/589
f 324/321/590 362/366/590 312/311/590
f 349/350/591 363/337/591 290/297/591
f 350/351/592 343/344/592 328/327/592
f 329/328/593 372/367/593 344/345/593
f 344/345/594 364/368/594 330/329/594
f 364/368/595 365/369/595 330/329/595
f 365/369/596 357/359/596 330/329/596
f 357/359/597 366/370/597 345/346/597
f 345/346/598 366/370/598 346/347/598
f 366/370/599 351/352/599 346/347/599
f 352/353/600 367/361/600 332/331/600
f 367/361/601 375/362/601 333/332/601
f 368/363/602 360/371/602 319/325/602
f 319/325/603 360/371/603 320/317/603
f 339/339/604 369/372/604 254/259/604
f 254/259/605 369/372/605 299/293/605
f 369/372/606 370/373/606 299/293/606
f 266/276/607 378/374/607 311/308/607
f 273/285/608 361/375/608 302/295/608
f 304/310/609 380/376/609 324/321/609
f 312/311/610 362/366/610 349/350/610
f 343/344/611 372/367/611 329/328/611
f 372/367/612 364/368/612 344/345/612
f 331/330/613 373/377/613 358/360/613
f 374/378/614 352/353/614 358/360/614
f 358/360/615 352/353/615 316/315/615
f 320/317/616 376/379/616 327/326/616
f 376/379/617 377/364/617 327/326/617
f 338/338/618 339/339/618 309/306/618
f 299/293/619 370/373/619 335/334/619
f 335/334/620 389/380/620 322/335/620
f 311/308/621 361/375/621 273/285/621
f 379/381/622 348/341/622 294/296/622
f 371/342/623 303/309/623 274/288/623
f 285/289/624 393/382/624 275/277/624
f 365/369/625 382/383/625 357/359/625
f 351/352/626 373/377/626 331/330/626
f 373/377/627 374/378/627 358/360/627
f 383/384/628 367/361/628 352/353/628
f 384/385/629 375/362/629 367/361/629
f 334/333/630 368/363/630 308/305/630
f 293/294/631 390/386/631 323/319/631
f 301/301/632 378/374/632 266/276/632
f 311/308/633 385/387/633 361/375/633
f 302/295/634 392/388/634 294/296/634
f 275/277/635 380/376/635 304/310/635
f 324/321/636 386/389/636 362/366/636
f 401/390/637 350/351/637 363/337/637
f 350/351/638 381/391/638 343/344/638
f 387/392/639 372/367/639 343/344/639
f 388/393/640 373/377/640 351/352/640
f 374/378/641 383/384/641 352/353/641
f 360/371/642 376/379/642 320/317/642
f 370/373/643 389/380/643 335/334/643
f 310/307/644 322/335/644 355/357/644
f 355/357/645 390/386/645 293/294/645
f 390/386/646 391/394/646 323/319/646
f 349/350/647 401/390/647 363/337/647
f 381/391/648 387/392/648 343/344/648
f 387/392/649 395/395/649 372/367/649
f 372/367/650 395/395/650 364/368/650
f 382/383/651 366/370/651 357/359/651
f 366/370/652 388/393/652 351/352/652
f 383/384/653 384/385/653 367/361/653
f 354/355/654 359/356/654 318/316/654
f 414/396/655 368/363/655 334/333/655
f 389/380/656 397/397/656 322/335/656
f 322/335/657 397/397/657 355/357/657
f 323/319/658 391/394/658 347/348/658
f 340/340/659 356/365/659 235/254/659
f 336/349/660 398/398/660 284/300/660
f 378/374/661 410/399/661 311/308/661
f 311/308/662 410/399/662 385/387/662
f 392/388/663 379/381/663 294/296/663
f 371/342/664 400/400/664 303/309/664
f 342/343/665 393/382/665 285/289/665
f 393/382/666 394/401/666 275/277/666
f 275/277/667 394/401/667 380/376/667
f 380/376/668 386/389/668 324/321/668
f 362/366/669 418/402/669 349/350/669
f 364/368/670 396/403/670 365/369/670
f 365/369/671 396/403/671 382/383/671
f 366/370/672 403/404/672 388/393/672
f 384/385/673 404/405/673 375/362/673
f 375/362/674 405/406/674 353/354/674
f 353/354/675 412/407/675 354/355/675
f 412/407/676 406/408/676 354/355/676
f 354/355/677 406/408/677 359/356/677
f 359/356/678 407/409/678 334/333/678
f 369/372/679 408/410/679 370/373/679
f 284/300/680 409/411/680 300/320/680
f 337/336/681 399/412/681 301/301/681
f 399/412/682 378/374/682 301/301/682
f 379/381/683 371/342/683 348/341/683
f 349/350/684 418/402/684 401/390/684
f 401/390/685 402/413/685 350/351/685
f 395/395/686 411/414/686 364/368/686
f 411/414/687 396/403/687 364/368/687
f 382/383/688 403/404/688 366/370/688
f 360/371/689 415/415/689 376/379/689
f 339/339/690 416/416/690 369/372/690
f 398/398/691 417/417/691 284/300/691
f 409/411/692 337/336/692 300/320/692
f 361/375/693 436/418/693 302/295/693
f 303/309/694 400/400/694 342/343/694
f 473/419/695 362/366/695 386/389/695
f 402/413/696 381/391/696 350/351/696
f 387/392/697 419/420/697 395/395/697
f 373/377/698 420/421/698 374/378/698
f 420/421/699 421/422/699 374/378/699
f 421/422/700 404/405/700 384/385/700
f 405/406/701 412/407/701 353/354/701
f 334/333/702 407/409/702 414/396/702
f 467/423/703 368/363/703 414/396/703
f 368/363/704 422/424/704 360/371/704
f 370/373/705 423/425/705 389/380/705
f 436/418/706 392/388/706 302/295/706
f 379/381/707 429/426/707 371/342/707
f 424/427/708 411/414/708 395/395/708
f 396/403/709 425/428/709 382/383/709
f 382/383/710 425/428/710 403/404/710
f 453/429/711 420/421/711 373/377/711
f 421/422/712 383/384/712 374/378/712
f 383/384/713 421/422/713 384/385/713
f 404/405/714 405/406/714 375/362/714
f 413/430/715 407/409/715 359/356/715
f 377/364/716 469/431/716 338/338/716
f 426/432/717 427/433/717 339/339/717
f 416/416/718 408/410/718 369/372/718
f 284/300/719 417/417/719 409/411/719
f 392/388/720 428/434/720 379/381/720
f 402/413/721 430/435/721 381/391/721
f 419/420/722 424/427/722 395/395/722
f 403/404/723 431/436/723 388/393/723
f 388/393/724 453/429/724 373/377/724
f 467/423/725 432/437/725 368/363/725
f 376/379/726 469/431/726 377/364/726
f 338/338/727 426/432/727 339/339/727
f 339/339/728 427/433/728 416/416/728
f 423/425/729 433/438/729 389/380/729
f 356/365/730 434/439/730 341/358/730
f 410/399/731 435/440/731 385/387/731
f 385/387/732 436/418/732 361/375/732
f 379/381/733 428/434/733 429/426/733
f 429/426/734 437/441/734 371/342/734
f 371/342/735 437/441/735 400/400/735
f 400/400/736 438/442/736 342/343/736
f 464/443/737 386/389/737 380/376/737
f 418/402/738 457/444/738 401/390/738
f 430/435/739 387/392/739 381/391/739
f 387/392/740 447/445/740 419/420/740
f 424/427/741 449/446/741 411/414/741
f 411/414/742 449/446/742 396/403/742
f 449/446/743 440/447/743 396/403/743
f 405/406/744 441/448/744 412/407/744
f 406/408/745 413/430/745 359/356/745
f 432/437/746 442/449/746 368/363/746
f 368/363/747 442/449/747 422/424/747
f 443/450/748 355/357/748 397/397/748
f 391/394/749 444/451/749 347/348/749
f 444/451/750 340/340/750 347/348/750
f 399/412/751 445/452/751 378/374/751
f 342/343/752 438/442/752 393/382/752
f 446/453/753 394/401/753 393/382/753
f 394/401/754 464/443/754 380/376/754
f 473/419/755 439/454/755 362/366/755
f 439/454/756 418/402/756 362/366/756
f 457/444/757 402/413/757 401/390/757
f 430/435/758 447/445/758 387/392/758
f 447/445/759 448/455/759 419/420/759
f 396/403/760 440/447/760 425/428/760
f 425/428/761 431/436/761 403/404/761
f 420/421/762 450/456/762 421/422/762
f 404/405/763 454/457/763 405/406/763
f 422/424/764 415/415/764 360/371/764
f 408/410/765 423/425/765 370/373/765
f 433/438/766 452/458/766 389/380/766
f 389/380/767 452/458/767 397/397/767
f 340/340/768 456/459/768 356/365/768
f 419/420/769 448/455/769 424/427/769
f 458/460/770 459/461/770 425/428/770
f 425/428/771 459/461/771 431/436/771
f 431/436/772 453/429/772 388/393/772
f 422/424/773 451/462/773 415/415/773
f 469/431/774 426/432/774 338/338/774
f 356/365/775 471/463/775 434/439/775
f 392/388/776 436/418/776 428/434/776
f 440/447/777 458/460/777 425/428/777
f 459/461/778 453/429/778 431/436/778
f 453/429/779 477/464/779 420/421/779
f 450/456/780 460/465/780 421/422/780
f 421/422/781 460/465/781 404/405/781
f 460/465/782 454/457/782 404/405/782
f 454/457/783 466/466/783 405/406/783
f 412/407/784 413/430/784 406/408/784
f 443/450/785 390/386/785 355/357/785
f 390/386/786 461/467/786 391/394/786
f 436/418/787 429/426/787 428/434/787
f 437/441/788 462/468/788 400/400/788
f 438/442/789 463/469/789 393/382/789
f 393/382/790 463/469/790 446/453/790
f 446/453/791 464/443/791 394/401/791
f 424/427/792 465/470/792 449/446/792
f 477/464/793 450/456/793 420/421/793
f 466/466/794 441/448/794 405/406/794
f 413/430/795 455/471/795 407/409/795
f 407/409/796 455/471/796 414/396/796
f 442/449/797 451/462/797 422/424/797
f 468/472/798 469/431/798 376/379/798
f 416/416/799 479/473/799 408/410/799
f 462/468/800 438/442/800 400/400/800
f 464/443/801 473/419/801 386/389/801
f 439/454/802 474/474/802 418/402/802
f 418/402/803 474/474/803 457/444/803
f 457/444/804 475/475/804 402/413/804
f 475/475/805 430/435/805 402/413/805
f 448/455/806 465/470/806 424/427/806
f 459/461/807 477/464/807 453/429/807
f 454/457/808 478/476/808 466/466/808
f 455/471/809 467/423/809 414/396/809
f 415/415/810 468/472/810 376/379/810
f 452/458/811 443/450/811 397/397/811
f 443/450/812 480/477/812 390/386/812
f 409/411/813 472/478/813 337/336/813
f 337/336/814 472/478/814 399/412/814
f 378/374/815 445/452/815 410/399/815
f 385/387/816 481/479/816 436/418/816
f 436/418/817 516/480/817 429/426/817
f 462/468/818 482/481/818 438/442/818
f 486/482/819 464/443/819 446/453/819
f 449/446/820 465/470/820 440/447/820
f 440/447/821 487/483/821 458/460/821
f 458/460/822 476/484/822 459/461/822
f 476/484/823 477/464/823 459/461/823
f 477/464/824 484/485/824 450/456/824
f 450/456/825 484/485/825 460/465/825
f 460/465/826 488/486/826 454/457/826
f 488/486/827 478/476/827 454/457/827
f 412/407/828 500/487/828 413/430/828
f 408/410/829 470/488/829 423/425/829
f 452/458/830 497/489/830 443/450/830
f 444/451/831 508/490/831 340/340/831
f 472/478/832 445/452/832 399/412/832
f 438/442/833 482/481/833 463/469/833
f 447/445/834 483/491/834 448/455/834
f 443/450/835 490/492/835 480/477/835
f 390/386/836 480/477/836 461/467/836
f 461/467/837 485/493/837 391/394/837
f 485/493/838 444/451/838 391/394/838
f 340/340/839 508/490/839 456/459/839
f 491/494/840 471/463/840 356/365/840
f 436/418/841 481/479/841 516/480/841
f 429/426/842 462/468/842 437/441/842
f 457/444/843 492/495/843 475/475/843
f 430/435/844 483/491/844 447/445/844
f 483/491/845 465/470/845 448/455/845
f 465/470/846 487/483/846 440/447/846
f 487/483/847 493/496/847 458/460/847
f 458/460/848 493/496/848 476/484/848
f 476/484/849 494/497/849 477/464/849
f 441/448/850 495/498/850 412/407/850
f 442/449/851 503/499/851 451/462/851
f 496/500/852 470/488/852 408/410/852
f 470/488/853 433/438/853 423/425/853
f 433/438/854 497/489/854 452/458/854
f 445/452/855 499/501/855 410/399/855
f 385/387/856 435/440/856 481/479/856
f 429/426/857 561/502/857 462/468/857
f 463/469/858 486/482/858 446/453/858
f 513/503/859 493/496/859 487/483/859
f 500/487/860 501/504/860 413/430/860
f 413/430/861 501/504/861 455/471/861
f 432/437/862 503/499/862 442/449/862
f 451/462/863 504/505/863 415/415/863
f 426/432/864 506/506/864 427/433/864
f 427/433/865 479/473/865 416/416/865
f 479/473/866 496/500/866 408/410/866
f 497/489/867 490/492/867 443/450/867
f 456/459/868 491/494/868 356/365/868
f 472/478/869 509/507/869 445/452/869
f 475/475/870 511/508/870 430/435/870
f 430/435/871 512/509/871 483/491/871
f 520/510/872 487/483/872 465/470/872
f 493/496/873 494/497/873 476/484/873
f 477/464/874 494/497/874 484/485/874
f 484/485/875 488/486/875 460/465/875
f 466/466/876 495/498/876 441/448/876
f 495/498/877 500/487/877 412/407/877
f 502/511/878 467/423/878 455/471/878
f 514/512/879 503/499/879 432/437/879
f 504/505/880 468/472/880 415/415/880
f 469/431/881 489/513/881 426/432/881
f 426/432/882 489/513/882 506/506/882
f 480/477/883 507/514/883 461/467/883
f 485/493/884 508/490/884 444/451/884
f 471/463/885 515/515/885 434/439/885
f 417/417/886 398/398/886 498/516/886
f 417/417/887 498/516/887 409/411/887
f 410/399/888 510/517/888 435/440/888
f 516/480/889 561/502/889 429/426/889
f 464/443/890 518/518/890 473/419/890
f 474/474/891 492/495/891 457/444/891
f 430/435/892 511/508/892 512/509/892
f 483/491/893 520/510/893 465/470/893
f 484/485/894 526/519/894 488/486/894
f 535/520/895 495/498/895 466/466/895
f 467/423/896 514/512/896 432/437/896
f 503/499/897 504/505/897 451/462/897
f 461/467/898 507/514/898 485/493/898
f 561/502/899 521/521/899 462/468/899
f 462/468/900 521/521/900 482/481/900
f 529/522/901 463/469/901 482/481/901
f 463/469/902 522/523/902 486/482/902
f 486/482/903 523/524/903 464/443/903
f 464/443/904 523/524/904 517/525/904
f 464/443/905 517/525/905 518/518/905
f 473/419/906 518/518/906 439/454/906
f 439/454/907 524/526/907 474/474/907
f 492/495/908 519/527/908 475/475/908
f 493/496/909 525/528/909 494/497/909
f 526/519/910 478/476/910 488/486/910
f 506/506/911 527/529/911 427/433/911
f 529/522/912 522/523/912 463/469/912
f 518/518/913 524/526/913 439/454/913
f 519/527/914 511/508/914 475/475/914
f 494/497/915 526/519/915 484/485/915
f 478/476/916 535/520/916 466/466/916
f 455/471/917 530/530/917 502/511/917
f 467/423/918 502/511/918 514/512/918
f 469/431/919 531/531/919 489/513/919
f 427/433/920 527/529/920 479/473/920
f 479/473/921 528/532/921 496/500/921
f 496/500/922 433/438/922 470/488/922
f 490/492/923 532/533/923 480/477/923
f 532/533/924 507/514/924 480/477/924
f 485/493/925 544/534/925 508/490/925
f 508/490/926 566/535/926 456/459/926
f 498/516/927 472/478/927 409/411/927
f 472/478/928 533/536/928 509/507/928
f 499/501/929 534/537/929 410/399/929
f 410/399/930 534/537/930 510/517/930
f 540/538/931 500/487/931 495/498/931
f 468/472/932 505/539/932 469/431/932
f 528/532/933 542/540/933 496/500/933
f 496/500/934 564/541/934 433/438/934
f 456/459/935 566/535/935 491/494/935
f 398/398/936 536/542/936 498/516/936
f 481/479/937 553/543/937 516/480/937
f 521/521/938 529/522/938 482/481/938
f 522/523/939 523/524/939 486/482/939
f 512/509/940 538/544/940 483/491/940
f 483/491/941 538/544/941 520/510/941
f 526/519/942 539/545/942 478/476/942
f 478/476/943 539/545/943 535/520/943
f 540/538/944 495/498/944 535/520/944
f 505/539/945 531/531/945 469/431/945
f 527/529/946 541/546/946 479/473/946
f 564/541/947 543/547/947 433/438/947
f 433/438/948 543/547/948 497/489/948
f 507/514/949 557/548/949 485/493/949
f 536/542/950 545/549/950 498/516/950
f 509/507/951 499/501/951 445/452/951
f 529/522/952 546/550/952 522/523/952
f 474/474/953 537/551/953 492/495/953
f 520/510/954 513/503/954 487/483/954
f 525/528/955 548/552/955 494/497/955
f 494/497/956 556/553/956 526/519/956
f 540/538/957 549/554/957 500/487/957
f 489/513/958 550/555/958 506/506/958
f 506/506/959 550/555/959 527/529/959
f 479/473/960 541/546/960 528/532/960
f 497/489/961 551/556/961 490/492/961
f 557/548/962 544/534/962 485/493/962
f 510/517/963 552/557/963 435/440/963
f 519/527/964 554/558/964 511/508/964
f 513/503/965 555/559/965 493/496/965
f 555/559/966 525/528/966 493/496/966
f 501/504/967 530/530/967 455/471/967
f 504/505/968 505/539/968 468/472/968
f 557/548/969 558/560/969 544/534/969
f 498/516/970 560/561/970 472/478/970
f 552/557/971 481/479/971 435/440/971
f 553/543/972 561/502/972 516/480/972
f 537/551/973 519/527/973 492/495/973
f 554/558/974 562/562/974 511/508/974
f 511/508/975 538/544/975 512/509/975
f 548/552/976 556/553/976 494/497/976
f 500/487/977 549/554/977 501/504/977
f 501/504/978 596/563/978 530/530/978
f 502/511/979 563/564/979 514/512/979
f 542/540/980 564/541/980 496/500/980
f 532/533/981 565/565/981 507/514/981
f 507/514/982 565/565/982 557/548/982
f 544/534/983 566/535/983 508/490/983
f 568/566/984 513/503/984 520/510/984
f 525/528/985 555/559/985 548/552/985
f 539/545/986 570/567/986 535/520/986
f 535/520/987 570/567/987 540/538/987
f 514/512/988 571/568/988 503/499/988
f 531/531/989 604/569/989 489/513/989
f 550/555/990 573/570/990 527/529/990
f 543/547/991 551/556/991 497/489/991
f 544/534/992 559/571/992 566/535/992
f 545/549/993 567/572/993 498/516/993
f 561/502/994 576/573/994 521/521/994
f 518/518/995 577/574/995 524/526/995
f 578/575/996 519/527/996 537/551/996
f 579/576/997 554/558/997 519/527/997
f 511/508/998 562/562/998 538/544/998
f 538/544/999 568/566/999 520/510/999
f 556/553/1000 569/577/1000 526/519/1000
f 526/519/1001 569/577/1001 539/545/1001
f 501/504/1002 549/554/1002 596/563/1002
f 504/505/1003 572/578/1003 505/539/1003
f 489/513/1004 604/569/1004 550/555/1004
f 573/570/1005 580/579/1005 527/529/1005
f 580/579/1006 581/580/1006 527/529/1006
f 528/532/1007 541/546/1007 574/581/1007
f 551/556/1008 582/582/1008 490/492/1008
f 491/494/1009 583/583/1009 471/463/1009
f 533/536/1010 587/584/1010 509/507/1010
f 534/537/1011 575/585/1011 510/517/1011
f 481/479/1012 552/557/1012 553/543/1012
f 521/521/1013 576/573/1013 529/522/1013
f 529/522/1014 576/573/1014 546/550/1014
f 517/525/1015 547/586/1015 518/518/1015
f 524/526/1016 537/551/1016 474/474/1016
f 612/587/1017 555/559/1017 513/503/1017
f 530/530/1018 563/564/1018 502/511/1018
f 563/564/1019 571/568/1019 514/512/1019
f 572/578/1020 585/588/1020 505/539/1020
f 527/529/1021 581/580/1021 541/546/1021
f 528/532/1022 574/581/1022 542/540/1022
f 542/540/1023 586/589/1023 564/541/1023
f 582/582/1024 532/533/1024 490/492/1024
f 582/582/1025 565/565/1025 532/533/1025
f 558/560/1026 559/571/1026 544/534/1026
f 583/583/1027 515/515/1027 471/463/1027
f 472/478/1028 560/561/1028 533/536/1028
f 575/585/1029 588/590/1029 510/517/1029
f 588/590/1030 552/557/1030 510/517/1030
f 546/550/1031 609/591/1031 522/523/1031
f 578/575/1032 579/576/1032 519/527/1032
f 556/553/1033 589/592/1033 569/577/1033
f 539/545/1034 569/577/1034 570/567/1034
f 530/530/1035 596/563/1035 584/593/1035
f 503/499/1036 571/568/1036 504/505/1036
f 571/568/1037 572/578/1037 504/505/1037
f 597/594/1038 543/547/1038 564/541/1038
f 566/535/1039 591/595/1039 491/494/1039
f 499/501/1040 592/596/1040 534/537/1040
f 553/543/1041 593/597/1041 561/502/1041
f 576/573/1042 609/591/1042 546/550/1042
f 522/523/1043 594/598/1043 523/524/1043
f 523/524/1044 547/586/1044 517/525/1044
f 562/562/1045 568/566/1045 538/544/1045
f 565/565/1046 590/599/1046 557/548/1046
f 557/548/1047 590/599/1047 558/560/1047
f 558/560/1048 598/600/1048 559/571/1048
f 498/516/1049 567/572/1049 560/561/1049
f 593/597/1050 576/573/1050 561/502/1050
f 547/586/1051 599/601/1051 518/518/1051
f 599/601/1052 577/574/1052 518/518/1052
f 554/558/1053 600/602/1053 562/562/1053
f 568/566/1054 612/587/1054 513/503/1054
f 555/559/1055 556/553/1055 548/552/1055
f 569/577/1056 601/603/1056 570/567/1056
f 570/567/1057 601/603/1057 540/538/1057
f 549/554/1058 602/604/1058 596/563/1058
f 530/530/1059 603/605/1059 563/564/1059
f 505/539/1060 604/569/1060 531/531/1060
f 597/594/1061 605/606/1061 543/547/1061
f 543/547/1062 605/606/1062 551/556/1062
f 605/606/1063 606/607/1063 551/556/1063
f 551/556/1064 606/607/1064 582/582/1064
f 491/494/1065 591/595/1065 583/583/1065
f 509/507/1066 592/596/1066 499/501/1066
f 552/557/1067 608/608/1067 553/543/1067
f 609/591/1068 610/609/1068 522/523/1068
f 610/609/1069 594/598/1069 522/523/1069
f 594/598/1070 658/610/1070 523/524/1070
f 537/551/1071 639/611/1071 578/575/1071
f 611/612/1072 612/587/1072 568/566/1072
f 540/538/1073 602/604/1073 549/554/1073
f 571/568/1074 613/613/1074 572/578/1074
f 550/555/1075 614/614/1075 573/570/1075
f 574/581/1076 615/615/1076 542/540/1076
f 542/540/1077 616/616/1077 586/589/1077
f 564/541/1078 586/589/1078 597/594/1078
f 559/571/1079 617/617/1079 566/535/1079
f 536/542/1080 618/618/1080 545/549/1080
f 523/524/1081 658/610/1081 547/586/1081
f 524/526/1082 639/611/1082 537/551/1082
f 562/562/1083 600/602/1083 568/566/1083
f 555/559/1084 630/619/1084 556/553/1084
f 595/620/1085 602/604/1085 540/538/1085
f 581/580/1086 574/581/1086 541/546/1086
f 542/540/1087 615/615/1087 616/616/1087
f 565/565/1088 623/621/1088 590/599/1088
f 590/599/1089 607/622/1089 558/560/1089
f 607/622/1090 598/600/1090 558/560/1090
f 598/600/1091 617/617/1091 559/571/1091
f 545/549/1092 618/618/1092 567/572/1092
f 587/584/1093 592/596/1093 509/507/1093
f 608/608/1094 593/597/1094 553/543/1094
f 593/597/1095 619/623/1095 576/573/1095
f 619/623/1096 609/591/1096 576/573/1096
f 600/602/1097 611/612/1097 568/566/1097
f 620/624/1098 555/559/1098 612/587/1098
f 601/603/1099 595/620/1099 540/538/1099
f 602/604/1100 621/625/1100 596/563/1100
f 563/564/1101 603/605/1101 571/568/1101
f 505/539/1102 622/626/1102 604/569/1102
f 604/569/1103 614/614/1103 550/555/1103
f 614/614/1104 580/579/1104 573/570/1104
f 582/582/1105 623/621/1105 565/565/1105
f 617/617/1106 624/627/1106 566/535/1106
f 566/535/1107 624/627/1107 591/595/1107
f 577/574/1108 627/628/1108 524/526/1108
f 627/628/1109 639/611/1109 524/526/1109
f 579/576/1110 628/629/1110 554/558/1110
f 554/558/1111 629/630/1111 600/602/1111
f 620/624/1112 630/619/1112 555/559/1112
f 556/553/1113 630/619/1113 589/592/1113
f 569/577/1114 631/631/1114 601/603/1114
f 604/569/1115 632/632/1115 614/614/1115
f 581/580/1116 634/633/1116 574/581/1116
f 634/633/1117 615/615/1117 574/581/1117
f 616/616/1118 597/594/1118 586/589/1118
f 606/607/1119 623/621/1119 582/582/1119
f 609/591/1120 626/634/1120 610/609/1120
f 554/558/1121 628/629/1121 629/630/1121
f 611/612/1122 620/624/1122 612/587/1122
f 569/577/1123 589/592/1123 631/631/1123
f 603/605/1124 613/613/1124 571/568/1124
f 585/588/1125 622/626/1125 505/539/1125
f 614/614/1126 633/635/1126 580/579/1126
f 605/606/1127 635/636/1127 606/607/1127
f 623/621/1128 653/637/1128 590/599/1128
f 653/637/1129 607/622/1129 590/599/1129
f 591/595/1130 624/627/1130 583/583/1130
f 536/542/1131 637/638/1131 618/618/1131
f 609/591/1132 625/639/1132 626/634/1132
f 601/603/1133 641/640/1133 595/620/1133
f 584/593/1134 603/605/1134 530/530/1134
f 572/578/1135 643/641/1135 585/588/1135
f 580/579/1136 634/633/1136 581/580/1136
f 605/606/1137 644/642/1137 635/636/1137
f 606/607/1138 635/636/1138 623/621/1138
f 635/636/1139 645/643/1139 623/621/1139
f 560/561/1140 646/644/1140 533/536/1140
f 533/536/1141 646/644/1141 587/584/1141
f 575/585/1142 638/645/1142 588/590/1142
f 619/623/1143 625/639/1143 609/591/1143
f 600/602/1144 629/630/1144 640/646/1144
f 630/619/1145 648/647/1145 589/592/1145
f 602/604/1146 642/648/1146 621/625/1146
f 621/625/1147 584/593/1147 596/563/1147
f 603/605/1148 650/649/1148 613/613/1148
f 613/613/1149 651/650/1149 572/578/1149
f 622/626/1150 632/632/1150 604/569/1150
f 633/635/1151 634/633/1151 580/579/1151
f 597/594/1152 652/651/1152 605/606/1152
f 652/651/1153 644/642/1153 605/606/1153
f 624/627/1154 654/652/1154 583/583/1154
f 587/584/1155 656/653/1155 592/596/1155
f 534/537/1156 661/654/1156 575/585/1156
f 638/645/1157 657/655/1157 588/590/1157
f 552/557/1158 588/590/1158 608/608/1158
f 547/586/1159 658/610/1159 599/601/1159
f 647/656/1160 628/629/1160 579/576/1160
f 589/592/1161 649/657/1161 631/631/1161
f 631/631/1162 659/658/1162 601/603/1162
f 595/620/1163 642/648/1163 602/604/1163
f 572/578/1164 651/650/1164 643/641/1164
f 598/600/1165 667/659/1165 617/617/1165
f 618/618/1166 560/561/1166 567/572/1166
f 646/644/1167 655/660/1167 587/584/1167
f 592/596/1168 660/661/1168 534/537/1168
f 660/661/1169 661/654/1169 534/537/1169
f 575/585/1170 661/654/1170 638/645/1170
f 627/628/1171 663/662/1171 639/611/1171
f 659/658/1172 641/640/1172 601/603/1172
f 642/648/1173 665/663/1173 621/625/1173
f 621/625/1174 665/663/1174 584/593/1174
f 614/614/1175 679/664/1175 633/635/1175
f 636/665/1176 667/659/1176 607/622/1176
f 607/622/1177 667/659/1177 598/600/1177
f 593/597/1178 674/666/1178 619/623/1178
f 619/623/1179 674/666/1179 625/639/1179
f 610/609/1180 662/667/1180 594/598/1180
f 594/598/1181 662/667/1181 658/610/1181
f 628/629/1182 640/646/1182 629/630/1182
f 640/646/1183 611/612/1183 600/602/1183
f 589/592/1184 648/647/1184 649/657/1184
f 595/620/1185 664/668/1185 642/648/1185
f 650/649/1186 651/650/1186 613/613/1186
f 585/588/1187 669/669/1187 622/626/1187
f 632/632/1188 679/664/1188 614/614/1188
f 679/664/1189 670/670/1189 633/635/1189
f 633/635/1190 670/670/1190 634/633/1190
f 634/633/1191 666/671/1191 615/615/1191
f 615/615/1192 666/671/1192 616/616/1192
f 616/616/1193 671/672/1193 597/594/1193
f 671/672/1194 652/651/1194 597/594/1194
f 653/637/1195 672/673/1195 607/622/1195
f 672/673/1196 636/665/1196 607/622/1196
f 617/617/1197 673/674/1197 624/627/1197
f 618/618/1198 646/644/1198 560/561/1198
f 707/675/1199 608/608/1199 588/590/1199
f 599/601/1200 675/676/1200 577/574/1200
f 577/574/1201 676/677/1201 627/628/1201
f 578/575/1202 647/656/1202 579/576/1202
f 611/612/1203 678/678/1203 620/624/1203
f 620/624/1204 678/678/1204 630/619/1204
f 641/640/1205 664/668/1205 595/620/1205
f 584/593/1206 650/649/1206 603/605/1206
f 653/637/1207 680/679/1207 672/673/1207
f 667/659/1208 699/680/1208 617/617/1208
f 624/627/1209 673/674/1209 654/652/1209
f 577/574/1210 675/676/1210 676/677/1210
f 639/611/1211 668/681/1211 578/575/1211
f 640/646/1212 677/682/1212 611/612/1212
f 585/588/1213 643/641/1213 669/669/1213
f 634/633/1214 682/683/1214 666/671/1214
f 645/643/1215 653/637/1215 623/621/1215
f 673/674/1216 683/684/1216 654/652/1216
f 649/657/1217 659/658/1217 631/631/1217
f 584/593/1218 684/685/1218 650/649/1218
f 650/649/1219 685/686/1219 651/650/1219
f 666/671/1220 686/687/1220 616/616/1220
f 645/643/1221 687/688/1221 653/637/1221
f 617/617/1222 700/689/1222 673/674/1222
f 655/660/1223 656/653/1223 587/584/1223
f 656/653/1224 660/661/1224 592/596/1224
f 610/609/1225 681/690/1225 662/667/1225
f 658/610/1226 675/676/1226 599/601/1226
f 676/677/1227 663/662/1227 627/628/1227
f 668/681/1228 647/656/1228 578/575/1228
f 677/682/1229 678/678/1229 611/612/1229
f 642/648/1230 690/691/1230 665/663/1230
f 665/663/1231 684/685/1231 584/593/1231
f 622/626/1232 679/664/1232 632/632/1232
f 616/616/1233 686/687/1233 671/672/1233
f 644/642/1234 691/692/1234 635/636/1234
f 653/637/1235 687/688/1235 680/679/1235
f 661/654/1236 693/693/1236 638/645/1236
f 638/645/1237 693/693/1237 657/655/1237
f 626/634/1238 681/690/1238 610/609/1238
f 662/667/1239 681/690/1239 658/610/1239
f 647/656/1240 640/646/1240 628/629/1240
f 677/682/1241 695/694/1241 678/678/1241
f 710/695/1242 648/647/1242 630/619/1242
f 696/696/1243 649/657/1243 648/647/1243
f 696/696/1244 659/658/1244 649/657/1244
f 634/633/1245 670/670/1245 682/683/1245
f 682/683/1246 698/697/1246 666/671/1246
f 644/642/1247 652/651/1247 691/692/1247
f 635/636/1248 691/692/1248 645/643/1248
f 692/698/1249 699/680/1249 667/659/1249
f 699/680/1250 700/689/1250 617/617/1250
f 588/590/1251 657/655/1251 707/675/1251
f 608/608/1252 701/699/1252 593/597/1252
f 593/597/1253 701/699/1253 674/666/1253
f 694/700/1254 626/634/1254 625/639/1254
f 640/646/1255 709/701/1255 677/682/1255
f 697/702/1256 684/685/1256 665/663/1256
f 684/685/1257 722/703/1257 650/649/1257
f 622/626/1258 702/704/1258 679/664/1258
f 698/697/1259 686/687/1259 666/671/1259
f 652/651/1260 703/705/1260 691/692/1260
f 691/692/1261 704/706/1261 645/643/1261
f 687/688/1262 728/707/1262 680/679/1262
f 672/673/1263 706/708/1263 636/665/1263
f 636/665/1264 692/698/1264 667/659/1264
f 683/684/1265 689/709/1265 654/652/1265
f 637/638/1266 646/644/1266 618/618/1266
f 660/661/1267 718/710/1267 661/654/1267
f 694/700/1268 708/711/1268 626/634/1268
f 626/634/1269 708/711/1269 681/690/1269
f 658/610/1270 681/690/1270 675/676/1270
f 663/662/1271 668/681/1271 639/611/1271
f 668/681/1272 725/712/1272 647/656/1272
f 677/682/1273 709/701/1273 695/694/1273
f 678/678/1274 710/695/1274 630/619/1274
f 710/695/1275 711/713/1275 648/647/1275
f 711/713/1276 696/696/1276 648/647/1276
f 696/696/1277 744/714/1277 659/658/1277
f 641/640/1278 778/715/1278 664/668/1278
f 712/716/1279 690/691/1279 642/648/1279
f 690/691/1280 697/702/1280 665/663/1280
f 643/641/1281 713/717/1281 669/669/1281
f 669/669/1282 702/704/1282 622/626/1282
f 670/670/1283 714/718/1283 682/683/1283
f 682/683/1284 715/719/1284 698/697/1284
f 645/643/1285 705/720/1285 687/688/1285
f 705/720/1286 728/707/1286 687/688/1286
f 700/689/1287 716/721/1287 673/674/1287
f 673/674/1288 717/722/1288 683/684/1288
f 731/723/1289 718/710/1289 660/661/1289
f 674/666/1290 694/700/1290 625/639/1290
f 676/677/1291 720/724/1291 663/662/1291
f 647/656/1292 726/725/1292 640/646/1292
f 695/694/1293 710/695/1293 678/678/1293
f 659/658/1294 744/714/1294 721/726/1294
f 659/658/1295 721/726/1295 641/640/1295
f 664/668/1296 712/716/1296 642/648/1296
f 697/702/1297 722/703/1297 684/685/1297
f 723/727/1298 643/641/1298 651/650/1298
f 671/672/1299 686/687/1299 652/651/1299
f 688/728/1300 717/722/1300 673/674/1300
f 661/654/1301 718/710/1301 693/693/1301
f 707/675/1302 719/729/1302 608/608/1302
f 708/711/1303 755/730/1303 681/690/1303
f 640/646/1304 726/725/1304 709/701/1304
f 690/691/1305 712/716/1305 697/702/1305
f 702/704/1306 670/670/1306 679/664/1306
f 682/683/1307 714/718/1307 715/719/1307
f 686/687/1308 727/731/1308 652/651/1308
f 727/731/1309 703/705/1309 652/651/1309
f 703/705/1310 704/706/1310 691/692/1310
f 704/706/1311 705/720/1311 645/643/1311
f 680/679/1312 728/707/1312 672/673/1312
f 724/732/1313 706/708/1313 672/673/1313
f 636/665/1314 706/708/1314 692/698/1314
f 699/680/1315 692/698/1315 700/689/1315
f 673/674/1316 716/721/1316 688/728/1316
f 656/653/1317 731/723/1317 660/661/1317
f 719/729/1318 701/699/1318 608/608/1318
f 722/703/1319 685/686/1319 650/649/1319
f 685/686/1320 723/727/1320 651/650/1320
f 728/707/1321 724/732/1321 672/673/1321
f 683/684/1322 737/733/1322 689/709/1322
f 693/693/1323 738/734/1323 657/655/1323
f 657/655/1324 738/734/1324 707/675/1324
f 663/662/1325 725/712/1325 668/681/1325
f 725/712/1326 729/735/1326 647/656/1326
f 695/694/1327 732/736/1327 710/695/1327
f 713/717/1328 702/704/1328 669/669/1328
f 702/704/1329 740/737/1329 670/670/1329
f 698/697/1330 736/738/1330 686/687/1330
f 760/739/1331 704/706/1331 703/705/1331
f 717/722/1332 737/733/1332 683/684/1332
f 743/740/1333 731/723/1333 656/653/1333
f 681/690/1334 739/741/1334 675/676/1334
f 696/696/1335 711/713/1335 733/742/1335
f 664/668/1336 778/715/1336 712/716/1336
f 686/687/1337 736/738/1337 727/731/1337
f 706/708/1338 741/743/1338 692/698/1338
f 692/698/1339 742/744/1339 700/689/1339
f 730/745/1340 646/644/1340 637/638/1340
f 655/660/1341 743/740/1341 656/653/1341
f 675/676/1342 720/724/1342 676/677/1342
f 647/656/1343 729/735/1343 726/725/1343
f 709/701/1344 732/736/1344 695/694/1344
f 770/746/1345 744/714/1345 696/696/1345
f 745/747/1346 721/726/1346 744/714/1346
f 723/727/1347 713/717/1347 643/641/1347
f 713/717/1348 746/748/1348 702/704/1348
f 702/704/1349 747/749/1349 740/737/1349
f 670/670/1350 740/737/1350 714/718/1350
f 727/731/1351 760/739/1351 703/705/1351
f 748/750/1352 749/751/1352 704/706/1352
f 749/751/1353 705/720/1353 704/706/1353
f 728/707/1354 751/752/1354 724/732/1354
f 724/732/1355 762/753/1355 706/708/1355
f 741/743/1356 742/744/1356 692/698/1356
f 700/689/1357 752/754/1357 716/721/1357
f 763/755/1358 688/728/1358 716/721/1358
f 738/734/1359 719/729/1359 707/675/1359
f 663/662/1360 720/724/1360 725/712/1360
f 733/742/1361 770/746/1361 696/696/1361
f 641/640/1362 721/726/1362 778/715/1362
f 697/702/1363 734/756/1363 722/703/1363
f 722/703/1364 757/757/1364 685/686/1364
f 685/686/1365 757/757/1365 723/727/1365
f 714/718/1366 740/737/1366 735/758/1366
f 758/759/1367 698/697/1367 715/719/1367
f 736/738/1368 759/760/1368 727/731/1368
f 760/739/1369 748/750/1369 704/706/1369
f 705/720/1370 761/761/1370 728/707/1370
f 728/707/1371 761/761/1371 750/762/1371
f 728/707/1372 750/762/1372 751/752/1372
f 751/752/1373 762/753/1373 724/732/1373
f 742/744/1374 752/754/1374 700/689/1374
f 717/722/1375 764/763/1375 737/733/1375
f 781/764/1376 655/660/1376 646/644/1376
f 731/723/1377 766/765/1377 718/710/1377
f 701/699/1378 754/766/1378 674/666/1378
f 708/711/1379 694/700/1379 755/730/1379
f 755/730/1380 756/767/1380 681/690/1380
f 720/724/1381 767/768/1381 725/712/1381
f 709/701/1382 768/769/1382 732/736/1382
f 769/770/1383 733/742/1383 711/713/1383
f 712/716/1384 779/771/1384 697/702/1384
f 734/756/1385 771/772/1385 722/703/1385
f 722/703/1386 772/773/1386 757/757/1386
f 757/757/1387 773/774/1387 723/727/1387
f 774/775/1388 713/717/1388 723/727/1388
f 714/718/1389 780/776/1389 715/719/1389
f 715/719/1390 780/776/1390 758/759/1390
f 727/731/1391 775/777/1391 760/739/1391
f 760/739/1392 776/778/1392 748/750/1392
f 749/751/1393 777/779/1393 705/720/1393
f 706/708/1394 762/753/1394 741/743/1394
f 688/728/1395 793/780/1395 717/722/1395
f 730/745/1396 781/764/1396 646/644/1396
f 719/729/1397 754/766/1397 701/699/1397
f 791/781/1398 694/700/1398 674/666/1398
f 756/767/1399 739/741/1399 681/690/1399
f 785/782/1400 709/701/1400 726/725/1400
f 732/736/1401 769/770/1401 710/695/1401
f 710/695/1402 769/770/1402 711/713/1402
f 778/715/1403 787/783/1403 712/716/1403
f 697/702/1404 779/771/1404 734/756/1404
f 771/772/1405 772/773/1405 722/703/1405
f 773/774/1406 774/775/1406 723/727/1406
f 702/704/1407 746/748/1407 747/749/1407
f 735/758/1408 780/776/1408 714/718/1408
f 759/760/1409 775/777/1409 727/731/1409
f 777/779/1410 761/761/1410 705/720/1410
f 788/784/1411 741/743/1411 762/753/1411
f 763/755/1412 793/780/1412 688/728/1412
f 793/780/1413 764/763/1413 717/722/1413
f 689/709/1414 737/733/1414 753/785/1414
f 655/660/1415 781/764/1415 765/786/1415
f 754/766/1416 791/781/1416 674/666/1416
f 739/741/1417 720/724/1417 675/676/1417
f 725/712/1418 783/787/1418 729/735/1418
f 729/735/1419 784/788/1419 726/725/1419
f 709/701/1420 786/789/1420 768/769/1420
f 721/726/1421 799/790/1421 778/715/1421
f 787/783/1422 779/771/1422 712/716/1422
f 774/775/1423 746/748/1423 713/717/1423
f 747/749/1424 735/758/1424 740/737/1424
f 698/697/1425 758/759/1425 736/738/1425
f 748/750/1426 777/779/1426 749/751/1426
f 751/752/1427 788/784/1427 762/753/1427
f 741/743/1428 790/791/1428 742/744/1428
f 742/744/1429 790/791/1429 752/754/1429
f 752/754/1430 763/755/1430 716/721/1430
f 765/786/1431 743/740/1431 655/660/1431
f 770/746/1432 745/747/1432 744/714/1432
f 745/747/1433 799/790/1433 721/726/1433
f 747/749/1434 805/792/1434 735/758/1434
f 736/738/1435 758/759/1435 759/760/1435
f 760/739/1436 775/777/1436 776/778/1436
f 750/762/1437 792/793/1437 751/752/1437
f 718/710/1438 808/794/1438 693/693/1438
f 808/794/1439 738/734/1439 693/693/1439
f 694/700/1440 782/795/1440 755/730/1440
f 725/712/1441 767/768/1441 783/787/1441
f 773/774/1442 794/796/1442 774/775/1442
f 795/797/1443 747/749/1443 746/748/1443
f 735/758/1444 796/798/1444 780/776/1444
f 748/750/1445 801/799/1445 777/779/1445
f 792/793/1446 788/784/1446 751/752/1446
f 741/743/1447 788/784/1447 789/800/1447
f 789/800/1448 790/791/1448 741/743/1448
f 743/740/1449 766/765/1449 731/723/1449
f 782/795/1450 756/767/1450 755/730/1450
f 726/725/1451 784/788/1451 785/782/1451
f 779/771/1452 800/801/1452 734/756/1452
f 777/779/1453 801/799/1453 761/761/1453
f 761/761/1454 801/799/1454 797/802/1454
f 761/761/1455 797/802/1455 750/762/1455
f 754/766/1456 802/803/1456 791/781/1456
f 783/787/1457 784/788/1457 729/735/1457
f 785/782/1458 804/804/1458 709/701/1458
f 709/701/1459 804/804/1459 786/789/1459
f 769/770/1460 770/746/1460 733/742/1460
f 774/775/1461 794/796/1461 746/748/1461
f 794/796/1462 795/797/1462 746/748/1462
f 819/805/1463 805/792/1463 747/749/1463
f 759/760/1464 821/806/1464 775/777/1464
f 775/777/1465 806/807/1465 776/778/1465
f 806/807/1466 807/808/1466 776/778/1466
f 776/778/1467 807/808/1467 748/750/1467
f 748/750/1468 807/808/1468 801/799/1468
f 764/763/1469 798/809/1469 737/733/1469
f 737/733/1470 798/809/1470 753/785/1470
f 766/765/1471 808/794/1471 718/710/1471
f 808/794/1472 809/810/1472 738/734/1472
f 738/734/1473 809/810/1473 719/729/1473
f 812/811/1474 802/803/1474 754/766/1474
f 782/795/1475 803/812/1475 756/767/1475
f 799/790/1476 810/813/1476 778/715/1476
f 773/774/1477 811/814/1477 794/796/1477
f 795/797/1478 819/805/1478 747/749/1478
f 735/758/1479 805/792/1479 796/798/1479
f 797/802/1480 822/815/1480 750/762/1480
f 822/815/1481 792/793/1481 750/762/1481
f 790/791/1482 828/816/1482 752/754/1482
f 752/754/1483 828/816/1483 763/755/1483
f 763/755/1484 823/817/1484 793/780/1484
f 719/729/1485 812/811/1485 754/766/1485
f 694/700/1486 791/781/1486 782/795/1486
f 803/812/1487 813/818/1487 756/767/1487
f 756/767/1488 813/818/1488 739/741/1488
f 739/741/1489 813/818/1489 720/724/1489
f 734/756/1490 815/819/1490 771/772/1490
f 757/757/1491 817/820/1491 773/774/1491
f 818/821/1492 795/797/1492 794/796/1492
f 820/822/1493 758/759/1493 780/776/1493
f 758/759/1494 821/806/1494 759/760/1494
f 840/823/1495 788/784/1495 792/793/1495
f 788/784/1496 833/824/1496 789/800/1496
f 793/780/1497 823/817/1497 764/763/1497
f 783/787/1498 824/825/1498 784/788/1498
f 732/736/1499 814/826/1499 769/770/1499
f 770/746/1500 799/790/1500 745/747/1500
f 825/827/1501 779/771/1501 787/783/1501
f 817/820/1502 811/814/1502 773/774/1502
f 806/807/1503 827/828/1503 807/808/1503
f 789/800/1504 833/824/1504 790/791/1504
f 833/824/1505 828/816/1505 790/791/1505
f 763/755/1506 829/829/1506 823/817/1506
f 808/794/1507 831/830/1507 809/810/1507
f 769/770/1508 832/831/1508 770/746/1508
f 778/715/1509 842/832/1509 787/783/1509
f 772/773/1510 837/833/1510 757/757/1510
f 757/757/1511 837/833/1511 817/820/1511
f 794/796/1512 811/814/1512 818/821/1512
f 867/834/1513 796/798/1513 805/792/1513
f 867/834/1514 780/776/1514 796/798/1514
f 775/777/1515 826/835/1515 806/807/1515
f 840/823/1516 833/824/1516 788/784/1516
f 828/816/1517 829/829/1517 763/755/1517
f 835/836/1518 781/764/1518 730/745/1518
f 813/818/1519 836/837/1519 720/724/1519
f 720/724/1520 836/837/1520 767/768/1520
f 768/769/1521 814/826/1521 732/736/1521
f 778/715/1522 810/813/1522 842/832/1522
f 787/783/1523 842/832/1523 825/827/1523
f 800/801/1524 815/819/1524 734/756/1524
f 771/772/1525 815/819/1525 772/773/1525
f 816/838/1526 837/833/1526 772/773/1526
f 819/805/1527 838/839/1527 805/792/1527
f 867/834/1528 820/822/1528 780/776/1528
f 797/802/1529 839/840/1529 822/815/1529
f 822/815/1530 840/823/1530 792/793/1530
f 764/763/1531 834/841/1531 798/809/1531
f 730/745/1532 830/842/1532 835/836/1532
f 811/814/1533 843/843/1533 818/821/1533
f 818/821/1534 844/844/1534 795/797/1534
f 795/797/1535 844/844/1535 819/805/1535
f 838/839/1536 845/845/1536 805/792/1536
f 758/759/1537 820/822/1537 821/806/1537
f 821/806/1538 826/835/1538 775/777/1538
f 806/807/1539 826/835/1539 827/828/1539
f 827/828/1540 846/846/1540 807/808/1540
f 801/799/1541 849/847/1541 797/802/1541
f 849/847/1542 839/840/1542 797/802/1542
f 823/817/1543 856/848/1543 764/763/1543
f 743/740/1544 891/849/1544 766/765/1544
f 891/849/1545 831/830/1545 766/765/1545
f 766/765/1546 831/830/1546 808/794/1546
f 831/830/1547 848/850/1547 809/810/1547
f 809/810/1548 841/851/1548 719/729/1548
f 841/851/1549 812/811/1549 719/729/1549
f 813/818/1550 853/852/1550 836/837/1550
f 824/825/1551 785/782/1551 784/788/1551
f 770/746/1552 860/853/1552 799/790/1552
f 815/819/1553 816/838/1553 772/773/1553
f 817/820/1554 855/854/1554 811/814/1554
f 855/854/1555 843/843/1555 811/814/1555
f 843/843/1556 844/844/1556 818/821/1556
f 805/792/1557 845/845/1557 867/834/1557
f 807/808/1558 849/847/1558 801/799/1558
f 822/815/1559 839/840/1559 840/823/1559
f 833/824/1560 847/855/1560 828/816/1560
f 851/856/1561 856/848/1561 823/817/1561
f 835/836/1562 765/786/1562 781/764/1562
f 765/786/1563 852/857/1563 743/740/1563
f 824/825/1564 854/858/1564 785/782/1564
f 864/859/1565 804/804/1565 785/782/1565
f 815/819/1566 874/860/1566 816/838/1566
f 837/833/1567 855/854/1567 817/820/1567
f 844/844/1568 838/839/1568 819/805/1568
f 826/835/1569 846/846/1569 827/828/1569
f 850/861/1570 847/855/1570 833/824/1570
f 856/848/1571 834/841/1571 764/763/1571
f 791/781/1572 858/862/1572 782/795/1572
f 813/818/1573 859/863/1573 853/852/1573
f 768/769/1574 872/864/1574 814/826/1574
f 832/831/1575 860/853/1575 770/746/1575
f 860/853/1576 810/813/1576 799/790/1576
f 846/846/1577 849/847/1577 807/808/1577
f 839/840/1578 861/865/1578 840/823/1578
f 840/823/1579 850/861/1579 833/824/1579
f 828/816/1580 847/855/1580 829/829/1580
f 829/829/1581 851/856/1581 823/817/1581
f 798/809/1582 834/841/1582 857/866/1582
f 852/857/1583 891/849/1583 743/740/1583
f 785/782/1584 854/858/1584 864/859/1584
f 769/770/1585 893/867/1585 832/831/1585
f 837/833/1586 866/868/1586 855/854/1586
f 849/847/1587 869/869/1587 839/840/1587
f 791/781/1588 802/803/1588 858/862/1588
f 782/795/1589 877/870/1589 803/812/1589
f 803/812/1590 859/863/1590 813/818/1590
f 786/789/1591 872/864/1591 768/769/1591
f 814/826/1592 893/867/1592 769/770/1592
f 810/813/1593 873/871/1593 842/832/1593
f 779/771/1594 865/872/1594 800/801/1594
f 883/873/1595 838/839/1595 844/844/1595
f 820/822/1596 875/874/1596 821/806/1596
f 875/874/1597 826/835/1597 821/806/1597
f 839/840/1598 869/869/1598 861/865/1598
f 840/823/1599 881/875/1599 850/861/1599
f 887/876/1600 851/856/1600 829/829/1600
f 803/812/1601 877/870/1601 863/877/1601
f 863/877/1602 859/863/1602 803/812/1602
f 865/872/1603 815/819/1603 800/801/1603
f 867/834/1604 879/878/1604 820/822/1604
f 868/879/1605 875/874/1605 820/822/1605
f 846/846/1606 826/835/1606 849/847/1606
f 861/865/1607 881/875/1607 840/823/1607
f 850/861/1608 886/880/1608 847/855/1608
f 847/855/1609 887/876/1609 829/829/1609
f 765/786/1610 862/881/1610 852/857/1610
f 876/882/1611 831/830/1611 891/849/1611
f 809/810/1612 848/850/1612 841/851/1612
f 783/787/1613 767/768/1613 824/825/1613
f 804/804/1614 888/883/1614 786/789/1614
f 888/883/1615 872/864/1615 786/789/1615
f 843/843/1616 878/884/1616 844/844/1616
f 878/884/1617 883/873/1617 844/844/1617
f 889/885/1618 845/845/1618 838/839/1618
f 845/845/1619 889/885/1619 867/834/1619
f 820/822/1620 879/878/1620 868/879/1620
f 875/874/1621 880/886/1621 826/835/1621
f 826/835/1622 884/887/1622 849/847/1622
f 869/869/1623 890/888/1623 861/865/1623
f 881/875/1624 885/889/1624 850/861/1624
f 850/861/1625 885/889/1625 886/880/1625
f 887/876/1626 870/890/1626 851/856/1626
f 851/856/1627 870/890/1627 856/848/1627
f 897/891/1628 857/866/1628 834/841/1628
f 835/836/1629 862/881/1629 765/786/1629
f 848/850/1630 904/892/1630 841/851/1630
f 812/811/1631 871/893/1631 802/803/1631
f 767/768/1632 882/894/1632 824/825/1632
f 864/859/1633 888/883/1633 804/804/1633
f 873/871/1634 825/827/1634 842/832/1634
f 779/771/1635 825/827/1635 865/872/1635
f 855/854/1636 878/884/1636 843/843/1636
f 907/895/1637 889/885/1637 838/839/1637
f 867/834/1638 889/885/1638 879/878/1638
f 861/865/1639 890/888/1639 881/875/1639
f 886/880/1640 887/876/1640 847/855/1640
f 871/893/1641 858/862/1641 802/803/1641
f 858/862/1642 877/870/1642 782/795/1642
f 853/852/1643 899/896/1643 767/768/1643
f 824/825/1644 892/897/1644 854/858/1644
f 865/872/1645 874/860/1645 815/819/1645
f 874/860/1646 901/898/1646 816/838/1646
f 816/838/1647 901/898/1647 837/833/1647
f 855/854/1648 866/868/1648 878/884/1648
f 880/886/1649 884/887/1649 826/835/1649
f 884/887/1650 894/899/1650 849/847/1650
f 849/847/1651 894/899/1651 869/869/1651
f 894/899/1652 895/900/1652 869/869/1652
f 895/900/1653 890/888/1653 869/869/1653
f 870/890/1654 896/901/1654 856/848/1654
f 835/836/1655 935/902/1655 862/881/1655
f 836/837/1656 853/852/1656 767/768/1656
f 899/896/1657 882/894/1657 767/768/1657
f 872/864/1658 893/867/1658 814/826/1658
f 902/903/1659 878/884/1659 866/868/1659
f 838/839/1660 883/873/1660 907/895/1660
f 903/904/1661 880/886/1661 875/874/1661
f 881/875/1662 908/905/1662 885/889/1662
f 886/880/1663 910/906/1663 887/876/1663
f 856/848/1664 896/901/1664 834/841/1664
f 896/901/1665 897/891/1665 834/841/1665
f 897/891/1666 898/907/1666 857/866/1666
f 832/831/1667 929/908/1667 860/853/1667
f 905/909/1668 810/813/1668 860/853/1668
f 865/872/1669 921/910/1669 874/860/1669
f 890/888/1670 908/905/1670 881/875/1670
f 885/889/1671 909/911/1671 886/880/1671
f 909/911/1672 910/906/1672 886/880/1672
f 910/906/1673 870/890/1673 887/876/1673
f 830/842/1674 935/902/1674 835/836/1674
f 876/882/1675 848/850/1675 831/830/1675
f 841/851/1676 918/912/1676 812/811/1676
f 864/859/1677 854/858/1677 888/883/1677
f 872/864/1678 911/913/1678 893/867/1678
f 893/867/1679 929/908/1679 832/831/1679
f 873/871/1680 912/914/1680 825/827/1680
f 825/827/1681 900/915/1681 865/872/1681
f 837/833/1682 913/916/1682 866/868/1682
f 883/873/1683 878/884/1683 906/917/1683
f 883/873/1684 906/917/1684 907/895/1684
f 915/918/1685 879/878/1685 889/885/1685
f 895/900/1686 908/905/1686 890/888/1686
f 870/890/1687 916/919/1687 896/901/1687
f 896/901/1688 917/920/1688 897/891/1688
f 862/881/1689 925/921/1689 852/857/1689
f 936/922/1690 904/892/1690 848/850/1690
f 882/894/1691 937/923/1691 824/825/1691
f 905/909/1692 919/924/1692 810/813/1692
f 919/924/1693 920/925/1693 810/813/1693
f 920/925/1694 873/871/1694 810/813/1694
f 868/879/1695 922/926/1695 875/874/1695
f 894/899/1696 924/927/1696 895/900/1696
f 812/811/1697 927/928/1697 871/893/1697
f 871/893/1698 928/929/1698 858/862/1698
f 943/930/1699 911/913/1699 872/864/1699
f 929/908/1700 905/909/1700 860/853/1700
f 901/898/1701 913/916/1701 837/833/1701
f 930/931/1702 906/917/1702 878/884/1702
f 907/895/1703 914/932/1703 889/885/1703
f 914/932/1704 915/918/1704 889/885/1704
f 879/878/1705 931/933/1705 868/879/1705
f 931/933/1706 922/926/1706 868/879/1706
f 875/874/1707 922/926/1707 903/904/1707
f 884/887/1708 880/886/1708 923/934/1708
f 884/887/1709 923/934/1709 894/899/1709
f 923/934/1710 924/927/1710 894/899/1710
f 895/900/1711 932/935/1711 908/905/1711
f 916/919/1712 917/920/1712 896/901/1712
f 925/921/1713 891/849/1713 852/857/1713
f 926/936/1714 876/882/1714 891/849/1714
f 918/912/1715 927/928/1715 812/811/1715
f 937/923/1716 892/897/1716 824/825/1716
f 912/914/1717 900/915/1717 825/827/1717
f 865/872/1718 900/915/1718 921/910/1718
f 913/916/1719 902/903/1719 866/868/1719
f 902/903/1720 938/937/1720 878/884/1720
f 903/904/1721 939/938/1721 880/886/1721
f 932/935/1722 885/889/1722 908/905/1722
f 885/889/1723 940/939/1723 909/911/1723
f 917/920/1724 934/940/1724 897/891/1724
f 935/902/1725 925/921/1725 862/881/1725
f 925/921/1726 964/941/1726 891/849/1726
f 891/849/1727 964/941/1727 926/936/1727
f 876/882/1728 941/942/1728 848/850/1728
f 941/942/1729 936/922/1729 848/850/1729
f 904/892/1730 918/912/1730 841/851/1730
f 858/862/1731 928/929/1731 877/870/1731
f 892/897/1732 942/943/1732 854/858/1732
f 888/883/1733 943/930/1733 872/864/1733
f 900/915/1734 948/944/1734 921/910/1734
f 902/903/1735 913/916/1735 938/937/1735
f 938/937/1736 930/931/1736 878/884/1736
f 924/927/1737 945/945/1737 895/900/1737
f 870/890/1738 933/946/1738 916/919/1738
f 934/940/1739 898/907/1739 897/891/1739
f 854/858/1740 942/943/1740 888/883/1740
f 893/867/1741 911/913/1741 929/908/1741
f 912/914/1742 981/947/1742 900/915/1742
f 907/895/1743 944/948/1743 914/932/1743
f 939/938/1744 923/934/1744 880/886/1744
f 895/900/1745 945/945/1745 932/935/1745
f 910/906/1746 950/949/1746 870/890/1746
f 950/949/1747 933/946/1747 870/890/1747
f 928/929/1748 976/950/1748 877/870/1748
f 853/852/1749 947/951/1749 899/896/1749
f 888/883/1750 952/952/1750 943/930/1750
f 873/871/1751 920/925/1751 912/914/1751
f 921/910/1752 953/953/1752 874/860/1752
f 901/898/1753 949/954/1753 913/916/1753
f 938/937/1754 960/955/1754 930/931/1754
f 930/931/1755 960/955/1755 906/917/1755
f 906/917/1756 944/948/1756 907/895/1756
f 914/932/1757 944/948/1757 915/918/1757
f 879/878/1758 915/918/1758 931/933/1758
f 922/926/1759 939/938/1759 903/904/1759
f 939/938/1760 924/927/1760 923/934/1760
f 940/939/1761 955/956/1761 909/911/1761
f 909/911/1762 956/957/1762 910/906/1762
f 956/957/1763 950/949/1763 910/906/1763
f 933/946/1764 957/958/1764 916/919/1764
f 916/919/1765 946/959/1765 917/920/1765
f 927/928/1766 959/960/1766 871/893/1766
f 959/960/1767 928/929/1767 871/893/1767
f 899/896/1768 937/923/1768 882/894/1768
f 942/943/1769 952/952/1769 888/883/1769
f 965/961/1770 949/954/1770 901/898/1770
f 924/927/1771 961/962/1771 945/945/1771
f 932/935/1772 940/939/1772 885/889/1772
f 955/956/1773 956/957/1773 909/911/1773
f 830/842/1774 958/963/1774 935/902/1774
f 863/877/1775 972/964/1775 859/863/1775
f 900/915/1776 995/965/1776 948/944/1776
f 874/860/1777 965/961/1777 901/898/1777
f 949/954/1778 966/966/1778 913/916/1778
f 966/966/1779 938/937/1779 913/916/1779
f 938/937/1780 973/967/1780 960/955/1780
f 960/955/1781 967/968/1781 906/917/1781
f 967/968/1782 944/948/1782 906/917/1782
f 944/948/1783 954/969/1783 915/918/1783
f 931/933/1784 968/970/1784 922/926/1784
f 968/970/1785 939/938/1785 922/926/1785
f 939/938/1786 961/962/1786 924/927/1786
f 961/962/1787 962/971/1787 945/945/1787
f 970/972/1788 940/939/1788 932/935/1788
f 956/957/1789 963/973/1789 950/949/1789
f 957/958/1790 946/959/1790 916/919/1790
f 917/920/1791 971/974/1791 934/940/1791
f 877/870/1792 951/975/1792 863/877/1792
f 981/947/1793 995/965/1793 900/915/1793
f 948/944/1794 953/953/1794 921/910/1794
f 982/976/1795 966/966/1795 949/954/1795
f 954/969/1796 931/933/1796 915/918/1796
f 968/970/1797 997/977/1797 939/938/1797
f 974/978/1798 969/979/1798 939/938/1798
f 969/979/1799 961/962/1799 939/938/1799
f 970/972/1800 955/956/1800 940/939/1800
f 946/959/1801 971/974/1801 917/920/1801
f 934/940/1802 975/980/1802 898/907/1802
f 925/921/1803 986/981/1803 964/941/1803
f 918/912/1804 979/982/1804 927/928/1804
f 859/863/1805 947/951/1805 853/852/1805
f 966/966/1806 973/967/1806 938/937/1806
f 944/948/1807 977/983/1807 954/969/1807
f 997/977/1808 974/978/1808 939/938/1808
f 969/979/1809 978/984/1809 961/962/1809
f 945/945/1810 962/971/1810 932/935/1810
f 971/974/1811 975/980/1811 934/940/1811
f 904/892/1812 936/922/1812 918/912/1812
f 942/943/1813 980/985/1813 952/952/1813
f 919/924/1814 987/986/1814 920/925/1814
f 920/925/1815 981/947/1815 912/914/1815
f 953/953/1816 965/961/1816 874/860/1816
f 967/968/1817 977/983/1817 944/948/1817
f 978/984/1818 962/971/1818 961/962/1818
f 962/971/1819 990/987/1819 932/935/1819
f 990/987/1820 970/972/1820 932/935/1820
f 955/956/1821 983/988/1821 956/957/1821
f 946/959/1822 984/989/1822 971/974/1822
f 935/902/1823 986/981/1823 925/921/1823
f 976/950/1824 951/975/1824 877/870/1824
f 966/966/1825 988/990/1825 973/967/1825
f 960/955/1826 973/967/1826 967/968/1826
f 931/933/1827 1003/991/1827 968/970/1827
f 978/984/1828 989/992/1828 962/971/1828
f 983/988/1829 991/993/1829 956/957/1829
f 933/946/1830 998/994/1830 957/958/1830
f 957/958/1831 992/995/1831 946/959/1831
f 971/974/1832 1004/996/1832 975/980/1832
f 926/936/1833 993/997/1833 876/882/1833
f 936/922/1834 979/982/1834 918/912/1834
f 959/960/1835 1001/998/1835 928/929/1835
f 928/929/1836 1001/998/1836 976/950/1836
f 942/943/1837 1006/999/1837 980/985/1837
f 911/913/1838 994/1000/1838 929/908/1838
f 929/908/1839 1007/1001/1839 905/909/1839
f 905/909/1840 1007/1001/1840 919/924/1840
f 965/961/1841 982/976/1841 949/954/1841
f 1003/991/1842 996/1002/1842 968/970/1842
f 970/972/1843 983/988/1843 955/956/1843
f 991/993/1844 963/973/1844 956/957/1844
f 950/949/1845 998/994/1845 933/946/1845
f 992/995/1846 984/989/1846 946/959/1846
f 1004/996/1847 985/1003/1847 975/980/1847
f 958/963/1848 1000/1004/1848 935/902/1848
f 951/975/1849 1019/1005/1849 863/877/1849
f 863/877/1850 1019/1005/1850 972/964/1850
f 859/863/1851 972/964/1851 947/951/1851
f 973/967/1852 1009/1006/1852 967/968/1852
f 954/969/1853 1002/1007/1853 931/933/1853
f 1002/1007/1854 1003/991/1854 931/933/1854
f 996/1002/1855 997/977/1855 968/970/1855
f 996/1002/1856 974/978/1856 997/977/1856
f 989/992/1857 990/987/1857 962/971/1857
f 970/972/1858 990/987/1858 983/988/1858
f 998/994/1859 992/995/1859 957/958/1859
f 971/974/1860 984/989/1860 999/1008/1860
f 999/1008/1861 1004/996/1861 971/974/1861
f 935/902/1862 1000/1004/1862 986/981/1862
f 937/923/1863 1005/1009/1863 892/897/1863
f 892/897/1864 1006/999/1864 942/943/1864
f 952/952/1865 994/1000/1865 943/930/1865
f 943/930/1866 994/1000/1866 911/913/1866
f 1008/1010/1867 981/947/1867 920/925/1867
f 988/990/1868 1009/1006/1868 973/967/1868
f 954/969/1869 977/983/1869 1002/1007/1869
f 969/979/1870 1010/1011/1870 978/984/1870
f 963/973/1871 998/994/1871 950/949/1871
f 985/1003/1872 1025/1012/1872 975/980/1872
f 876/882/1873 993/997/1873 941/942/1873
f 947/951/1874 1013/1013/1874 899/896/1874
f 899/896/1875 1015/1014/1875 937/923/1875
f 892/897/1876 1005/1009/1876 1006/999/1876
f 987/986/1877 1008/1010/1877 920/925/1877
f 1105/1015/1878 965/961/1878 953/953/1878
f 966/966/1879 1009/1006/1879 988/990/1879
f 967/968/1880 1009/1006/1880 977/983/1880
f 996/1002/1881 1010/1011/1881 974/978/1881
f 974/978/1882 1010/1011/1882 969/979/1882
f 978/984/1883 1011/1016/1883 989/992/1883
f 1017/1017/1884 991/993/1884 983/988/1884
f 936/922/1885 1012/1018/1885 979/982/1885
f 979/982/1886 1018/1019/1886 927/928/1886
f 1013/1013/1887 947/951/1887 972/964/1887
f 1013/1013/1888 1014/1020/1888 899/896/1888
f 982/976/1889 1016/1021/1889 966/966/1889
f 1003/991/1890 1002/1007/1890 1030/1022/1890
f 1003/991/1891 1030/1022/1891 996/1002/1891
f 1010/1011/1892 1011/1016/1892 978/984/1892
f 990/987/1893 1017/1017/1893 983/988/1893
f 992/995/1894 1024/1023/1894 984/989/1894
f 1024/1023/1895 999/1008/1895 984/989/1895
f 1014/1020/1896 1015/1014/1896 899/896/1896
f 937/923/1897 1015/1014/1897 1005/1009/1897
f 1008/1010/1898 995/965/1898 981/947/1898
f 965/961/1899 1020/1024/1899 982/976/1899
f 996/1002/1900 1031/1025/1900 1010/1011/1900
f 989/992/1901 1022/1026/1901 990/987/1901
f 991/993/1902 1023/1027/1902 963/973/1902
f 941/942/1903 1027/1028/1903 936/922/1903
f 994/1000/1904 1028/1029/1904 929/908/1904
f 929/908/1905 1028/1029/1905 1007/1001/1905
f 1046/1030/1906 948/944/1906 995/965/1906
f 1016/1021/1907 1009/1006/1907 966/966/1907
f 1029/1031/1908 1002/1007/1908 977/983/1908
f 1010/1011/1909 1031/1025/1909 1011/1016/1909
f 990/987/1910 1022/1026/1910 1017/1017/1910
f 963/973/1911 1023/1027/1911 998/994/1911
f 1024/1023/1912 1033/1032/1912 999/1008/1912
f 999/1008/1913 1033/1032/1913 1004/996/1913
f 1004/996/1914 1034/1033/1914 985/1003/1914
f 1000/1004/1915 1026/1034/1915 986/981/1915
f 993/997/1916 1035/1035/1916 941/942/1916
f 919/924/1917 1007/1001/1917 987/986/1917
f 1009/1006/1918 1029/1031/1918 977/983/1918
f 996/1002/1919 1036/1036/1919 1031/1025/1919
f 1011/1016/1920 1037/1037/1920 989/992/1920
f 1037/1037/1921 1021/1038/1921 989/992/1921
f 1021/1038/1922 1022/1026/1922 989/992/1922
f 1032/1039/1923 1023/1027/1923 991/993/1923
f 992/995/1924 1038/1040/1924 1024/1023/1924
f 985/1003/1925 1034/1033/1925 1025/1012/1925
f 926/936/1926 1039/1041/1926 993/997/1926
f 1039/1041/1927 1035/1035/1927 993/997/1927
f 936/922/1928 1027/1028/1928 1012/1018/1928
f 1018/1019/1929 959/960/1929 927/928/1929
f 980/985/1930 1040/1042/1930 952/952/1930
f 952/952/1931 1040/1042/1931 994/1000/1931
f 982/976/1932 1050/1043/1932 1016/1021/1932
f 1002/1007/1933 1041/1044/1933 1030/1022/1933
f 1030/1022/1934 1036/1036/1934 996/1002/1934
f 1021/1038/1935 1047/1045/1935 1022/1026/1935
f 1017/1017/1936 1042/1046/1936 991/993/1936
f 998/994/1937 1023/1027/1937 992/995/1937
f 1033/1032/1938 1034/1033/1938 1004/996/1938
f 1034/1033/1939 1043/1047/1939 1025/1012/1939
f 976/950/1940 1019/1005/1940 951/975/1940
f 1006/999/1941 1040/1042/1941 980/985/1941
f 1008/1010/1942 1046/1030/1942 995/965/1942
f 948/944/1943 1046/1030/1943 953/953/1943
f 1046/1030/1944 1105/1015/1944 953/953/1944
f 1029/1031/1945 1041/1044/1945 1002/1007/1945
f 1031/1025/1946 1055/1048/1946 1011/1016/1946
f 1011/1016/1947 1055/1048/1947 1037/1037/1947
f 1022/1026/1948 1042/1046/1948 1017/1017/1948
f 1042/1046/1949 1032/1039/1949 991/993/1949
f 1023/1027/1950 1038/1040/1950 992/995/1950
f 1024/1023/1951 1038/1040/1951 1033/1032/1951
f 986/981/1952 1048/1049/1952 964/941/1952
f 964/941/1953 1048/1049/1953 926/936/1953
f 1044/1050/1954 1039/1041/1954 926/936/1954
f 1035/1035/1955 1027/1028/1955 941/942/1955
f 1006/999/1956 1049/1051/1956 1040/1042/1956
f 1020/1024/1957 1050/1043/1957 982/976/1957
f 1016/1021/1958 1051/1052/1958 1009/1006/1958
f 1030/1022/1959 1054/1053/1959 1036/1036/1959
f 1023/1027/1960 1058/1054/1960 1038/1040/1960
f 1033/1032/1961 1059/1055/1961 1034/1033/1961
f 1048/1049/1962 1044/1050/1962 926/936/1962
f 1005/1009/1963 1049/1051/1963 1006/999/1963
f 1051/1052/1964 1052/1056/1964 1009/1006/1964
f 1009/1006/1965 1052/1056/1965 1029/1031/1965
f 1029/1031/1966 1053/1057/1966 1041/1044/1966
f 1036/1036/1967 1055/1048/1967 1031/1025/1967
f 1055/1048/1968 1056/1058/1968 1037/1037/1968
f 1037/1037/1969 1056/1058/1969 1021/1038/1969
f 1022/1026/1970 1057/1059/1970 1042/1046/1970
f 1062/1060/1971 1058/1054/1971 1023/1027/1971
f 1038/1040/1972 1059/1055/1972 1033/1032/1972
f 1026/1034/1973 1048/1049/1973 986/981/1973
f 959/960/1974 1018/1019/1974 1001/998/1974
f 1060/1061/1975 1051/1052/1975 1016/1021/1975
f 1041/1044/1976 1061/1062/1976 1030/1022/1976
f 1032/1039/1977 1062/1060/1977 1023/1027/1977
f 1058/1054/1978 1063/1063/1978 1038/1040/1978
f 1038/1040/1979 1063/1063/1979 1059/1055/1979
f 1059/1055/1980 1064/1064/1980 1034/1033/1980
f 972/964/1981 1065/1065/1981 1013/1013/1981
f 994/1000/1982 1040/1042/1982 1028/1029/1982
f 987/986/1983 1368/1066/1983 1008/1010/1983
f 1016/1021/1984 1050/1043/1984 1060/1061/1984
f 1052/1056/1985 1053/1057/1985 1029/1031/1985
f 1053/1057/1986 1061/1062/1986 1041/1044/1986
f 1030/1022/1987 1061/1062/1987 1054/1053/1987
f 1055/1048/1988 1066/1067/1988 1056/1058/1988
f 1042/1046/1989 1067/1068/1989 1032/1039/1989
f 1062/1060/1990 1068/1069/1990 1058/1054/1990
f 958/963/1991 1070/1070/1991 1000/1004/1991
f 1001/998/1992 1045/1071/1992 976/950/1992
f 976/950/1993 1045/1071/1993 1019/1005/1993
f 1019/1005/1994 1065/1065/1994 972/964/1994
f 1049/1051/1995 1077/1072/1995 1040/1042/1995
f 1008/1010/1996 1105/1015/1996 1046/1030/1996
f 1105/1015/1997 1020/1024/1997 965/961/1997
f 1056/1058/1998 1069/1073/1998 1021/1038/1998
f 1021/1038/1999 1069/1073/1999 1047/1045/1999
f 1057/1059/2000 1067/1068/2000 1042/1046/2000
f 1034/1033/2001 1064/1064/2001 1043/1047/2001
f 1000/1004/2002 1070/1070/2002 1026/1034/2002
f 1027/1028/2003 1095/1074/2003 1012/1018/2003
f 1076/1075/2004 1014/1020/2004 1013/1013/2004
f 1368/1066/2005 1105/1015/2005 1008/1010/2005
f 1053/1057/2006 1072/1076/2006 1061/1062/2006
f 1036/1036/2007 1073/1077/2007 1055/1048/2007
f 1073/1077/2008 1066/1067/2008 1055/1048/2008
f 1047/1045/2009 1057/1059/2009 1022/1026/2009
f 1032/1039/2010 1067/1068/2010 1062/1060/2010
f 1068/1069/2011 1063/1063/2011 1058/1054/2011
f 1026/1034/2012 1071/1078/2012 1048/1049/2012
f 1012/1018/2013 1075/1079/2013 979/982/2013
f 979/982/2014 1075/1079/2014 1018/1019/2014
f 1065/1065/2015 1076/1075/2015 1013/1013/2015
f 1081/1080/2016 1028/1029/2016 1040/1042/2016
f 1051/1052/2017 1060/1061/2017 1052/1056/2017
f 1066/1067/2018 1078/1081/2018 1056/1058/2018
f 1056/1058/2019 1078/1081/2019 1069/1073/2019
f 1074/1082/2020 1059/1055/2020 1063/1063/2020
f 1074/1082/2021 1064/1064/2021 1059/1055/2021
f 1035/1035/2022 1095/1074/2022 1027/1028/2022
f 1001/998/2023 1079/1083/2023 1045/1071/2023
f 1045/1071/2024 1080/1084/2024 1019/1005/2024
f 1072/1076/2025 1054/1053/2025 1061/1062/2025
f 1054/1053/2026 1073/1077/2026 1036/1036/2026
f 1062/1060/2027 1082/1085/2027 1068/1069/2027
f 1063/1063/2028 1068/1069/2028 1074/1082/2028
f 1076/1075/2029 1084/1086/2029 1014/1020/2029
f 1014/1020/2030 1084/1086/2030 1015/1014/2030
f 1077/1072/2031 1081/1080/2031 1040/1042/2031
f 1081/1080/2032 1368/1066/2032 1028/1029/2032
f 1052/1056/2033 1086/1087/2033 1053/1057/2033
f 1072/1076/2034 1089/1088/2034 1054/1053/2034
f 1054/1053/2035 1087/1089/2035 1073/1077/2035
f 1069/1073/2036 1091/1090/2036 1047/1045/2036
f 1074/1082/2037 1088/1091/2037 1064/1064/2037
f 1070/1070/2038 1083/1092/2038 1026/1034/2038
f 1018/1019/2039 1079/1083/2039 1001/998/2039
f 1073/1077/2040 1090/1093/2040 1066/1067/2040
f 1078/1081/2041 1091/1090/2041 1069/1073/2041
f 1082/1085/2042 1092/1094/2042 1068/1069/2042
f 1064/1064/2043 1093/1095/2043 1043/1047/2043
f 1026/1034/2044 1083/1092/2044 1071/1078/2044
f 1019/1005/2045 1080/1084/2045 1065/1065/2045
f 1005/1009/2046 1085/1096/2046 1049/1051/2046
f 1085/1096/2047 1077/1072/2047 1049/1051/2047
f 1089/1088/2048 1087/1089/2048 1054/1053/2048
f 1087/1089/2049 1090/1093/2049 1073/1077/2049
f 1066/1067/2050 1090/1093/2050 1078/1081/2050
f 1091/1090/2051 1057/1059/2051 1047/1045/2051
f 1057/1059/2052 1096/1097/2052 1067/1068/2052
f 1068/1069/2053 1092/1094/2053 1074/1082/2053
f 1071/1078/2054 1094/1098/2054 1048/1049/2054
f 1094/1098/2055 1044/1050/2055 1048/1049/2055
f 1075/1079/2056 1098/1099/2056 1018/1019/2056
f 1076/1075/2057 1112/1100/2057 1084/1086/2057
f 1368/1066/2058 1007/1001/2058 1028/1029/2058
f 1060/1061/2059 1100/1101/2059 1052/1056/2059
f 1091/1090/2060 1108/1102/2060 1057/1059/2060
f 1096/1097/2061 1062/1060/2061 1067/1068/2061
f 1082/1085/2062 1101/1103/2062 1092/1094/2062
f 1088/1091/2063 1102/1104/2063 1064/1064/2063
f 1064/1064/2064 1102/1104/2064 1093/1095/2064
f 1012/1018/2065 1095/1074/2065 1075/1079/2065
f 1100/1101/2066 1086/1087/2066 1052/1056/2066
f 1086/1087/2067 1072/1076/2067 1053/1057/2067
f 1103/1105/2068 1090/1093/2068 1087/1089/2068
f 1078/1081/2069 1107/1106/2069 1091/1090/2069
f 1108/1102/2070 1096/1097/2070 1057/1059/2070
f 1096/1097/2071 1082/1085/2071 1062/1060/2071
f 1092/1094/2072 1104/1107/2072 1074/1082/2072
f 1074/1082/2073 1104/1107/2073 1088/1091/2073
f 1015/1014/2074 1085/1096/2074 1005/1009/2074
f 1085/1096/2075 1114/1108/2075 1077/1072/2075
f 1050/1043/2076 1099/1109/2076 1060/1061/2076
f 1099/1109/2077 1106/1110/2077 1060/1061/2077
f 1090/1093/2078 1107/1106/2078 1078/1081/2078
f 1116/1111/2079 1109/1112/2079 1096/1097/2079
f 1109/1112/2080 1110/1113/2080 1096/1097/2080
f 1096/1097/2081 1110/1113/2081 1082/1085/2081
f 1117/1114/2082 1104/1107/2082 1092/1094/2082
f 1044/1050/2083 1111/1115/2083 1039/1041/2083
f 1039/1041/2084 1111/1115/2084 1097/1116/2084
f 1018/1019/2085 1098/1099/2085 1079/1083/2085
f 1106/1110/2086 1100/1101/2086 1060/1061/2086
f 1090/1093/2087 1115/1117/2087 1107/1106/2087
f 1107/1106/2088 1108/1102/2088 1091/1090/2088
f 1108/1102/2089 1116/1111/2089 1096/1097/2089
f 1110/1113/2090 1101/1103/2090 1082/1085/2090
f 1101/1103/2091 1117/1114/2091 1092/1094/2091
f 1035/1035/2092 1123/1118/2092 1095/1074/2092
f 1080/1084/2093 1119/1119/2093 1065/1065/2093
f 1065/1065/2094 1112/1100/2094 1076/1075/2094
f 1103/1105/2095 1115/1117/2095 1090/1093/2095
f 1121/1120/2096 1116/1111/2096 1108/1102/2096
f 1104/1107/2097 1118/1121/2097 1088/1091/2097
f 1088/1091/2098 1118/1121/2098 1102/1104/2098
f 1122/1122/2099 1093/1095/2099 1102/1104/2099
f 1083/1092/2100 1094/1098/2100 1071/1078/2100
f 1015/1014/2101 1084/1086/2101 1085/1096/2101
f 1081/1080/2102 1077/1072/2102 1368/1066/2102
f 1020/1024/2103 1099/1109/2103 1050/1043/2103
f 1124/1123/2104 1072/1076/2104 1086/1087/2104
f 1072/1076/2105 1120/1124/2105 1089/1088/2105
f 1107/1106/2106 1121/1120/2106 1108/1102/2106
f 1141/1125/2107 1109/1112/2107 1116/1111/2107
f 1110/1113/2108 1135/1126/2108 1101/1103/2108
f 1118/1121/2109 1122/1122/2109 1102/1104/2109
f 1122/1122/2110 1129/1127/2110 1093/1095/2110
f 1094/1098/2111 1111/1115/2111 1044/1050/2111
f 1097/1116/2112 1126/1128/2112 1039/1041/2112
f 1075/1079/2113 1130/1129/2113 1098/1099/2113
f 987/986/2114 1007/1001/2114 1368/1066/2114
f 1089/1088/2115 1128/1130/2115 1087/1089/2115
f 1121/1120/2116 1141/1125/2116 1116/1111/2116
f 1109/1112/2117 1135/1126/2117 1110/1113/2117
f 1125/1131/2118 1094/1098/2118 1083/1092/2118
f 1039/1041/2119 1123/1118/2119 1035/1035/2119
f 1095/1074/2120 1123/1118/2120 1075/1079/2120
f 1112/1100/2121 1131/1132/2121 1084/1086/2121
f 1084/1086/2122 1127/1133/2122 1085/1096/2122
f 1114/1108/2123 1368/1066/2123 1077/1072/2123
f 1120/1124/2124 1128/1130/2124 1089/1088/2124
f 1087/1089/2125 1128/1130/2125 1103/1105/2125
f 1103/1105/2126 1133/1134/2126 1115/1117/2126
f 1115/1117/2127 1134/1135/2127 1107/1106/2127
f 1135/1126/2128 1142/1136/2128 1101/1103/2128
f 1075/1079/2129 1123/1118/2129 1130/1129/2129
f 1079/1083/2130 1080/1084/2130 1045/1071/2130
f 1084/1086/2131 1131/1132/2131 1113/1137/2131
f 1100/1101/2132 1132/1138/2132 1086/1087/2132
f 1124/1123/2133 1120/1124/2133 1072/1076/2133
f 1128/1130/2134 1133/1134/2134 1103/1105/2134
f 1133/1134/2135 1134/1135/2135 1115/1117/2135
f 1107/1106/2136 1140/1139/2136 1121/1120/2136
f 1141/1125/2137 1137/1140/2137 1109/1112/2137
f 1142/1136/2138 1117/1114/2138 1101/1103/2138
f 1122/1122/2139 1138/1141/2139 1129/1127/2139
f 1070/1070/2140 1157/1142/2140 1083/1092/2140
f 1039/1041/2141 1126/1128/2141 1123/1118/2141
f 1113/1137/2142 1127/1133/2142 1084/1086/2142
f 1020/1024/2143 1105/1015/2143 1099/1109/2143
f 1106/1110/2144 1139/1143/2144 1100/1101/2144
f 1121/1120/2145 1140/1139/2145 1136/1144/2145
f 1136/1144/2146 1141/1125/2146 1121/1120/2146
f 1137/1140/2147 1135/1126/2147 1109/1112/2147
f 1142/1136/2148 1143/1145/2148 1117/1114/2148
f 1118/1121/2149 1149/1146/2149 1122/1122/2149
f 1123/1118/2150 1151/1147/2150 1130/1129/2150
f 1189/1148/2151 1119/1119/2151 1080/1084/2151
f 1134/1135/2152 1140/1139/2152 1107/1106/2152
f 1104/1107/2153 1149/1146/2153 1118/1121/2153
f 1125/1131/2154 1150/1149/2154 1094/1098/2154
f 1130/1129/2155 1145/1150/2155 1098/1099/2155
f 1145/1150/2156 1079/1083/2156 1098/1099/2156
f 1079/1083/2157 1189/1148/2157 1080/1084/2157
f 1065/1065/2158 1162/1151/2158 1112/1100/2158
f 1120/1124/2159 1152/1152/2159 1128/1130/2159
f 1146/1153/2160 1134/1135/2160 1133/1134/2160
f 1134/1135/2161 1153/1154/2161 1140/1139/2161
f 1140/1139/2162 1154/1155/2162 1136/1144/2162
f 1136/1144/2163 1154/1155/2163 1141/1125/2163
f 1135/1126/2164 1137/1140/2164 1142/1136/2164
f 1142/1136/2165 1161/1156/2165 1143/1145/2165
f 1117/1114/2166 1143/1145/2166 1148/1157/2166
f 1117/1114/2167 1148/1157/2167 1104/1107/2167
f 1104/1107/2168 1148/1157/2168 1149/1146/2168
f 1149/1146/2169 1155/1158/2169 1122/1122/2169
f 1122/1122/2170 1155/1158/2170 1138/1141/2170
f 1138/1141/2171 1156/1159/2171 1129/1127/2171
f 1083/1092/2172 1157/1142/2172 1144/1160/2172
f 1144/1160/2173 1125/1131/2173 1083/1092/2173
f 1094/1098/2174 1150/1149/2174 1111/1115/2174
f 1099/1109/2175 1139/1143/2175 1106/1110/2175
f 1132/1138/2176 1124/1123/2176 1086/1087/2176
f 1124/1123/2177 1152/1152/2177 1120/1124/2177
f 1146/1153/2178 1133/1134/2178 1128/1130/2178
f 1146/1153/2179 1159/1161/2179 1134/1135/2179
f 1159/1161/2180 1153/1154/2180 1134/1135/2180
f 1154/1155/2181 1147/1162/2181 1141/1125/2181
f 1189/1148/2182 1162/1151/2182 1119/1119/2182
f 1113/1137/2183 1163/1163/2183 1127/1133/2183
f 1085/1096/2184 1127/1133/2184 1114/1108/2184
f 1137/1140/2185 1160/1164/2185 1142/1136/2185
f 1160/1164/2186 1161/1156/2186 1142/1136/2186
f 1165/1165/2187 1148/1157/2187 1143/1145/2187
f 1148/1157/2188 1155/1158/2188 1149/1146/2188
f 1105/1015/2189 1158/1166/2189 1099/1109/2189
f 1158/1166/2190 1164/1167/2190 1099/1109/2190
f 1099/1109/2191 1164/1167/2191 1139/1143/2191
f 1167/1168/2192 1161/1156/2192 1160/1164/2192
f 1161/1156/2193 1165/1165/2193 1143/1145/2193
f 1155/1158/2194 1168/1169/2194 1138/1141/2194
f 1138/1141/2195 1168/1169/2195 1156/1159/2195
f 1144/1160/2196 1169/1170/2196 1125/1131/2196
f 1150/1149/2197 1097/1116/2197 1111/1115/2197
f 1097/1116/2198 1175/1171/2198 1126/1128/2198
f 1079/1083/2199 1170/1172/2199 1189/1148/2199
f 1139/1143/2200 1132/1138/2200 1100/1101/2200
f 1166/1173/2201 1159/1161/2201 1146/1153/2201
f 1153/1154/2202 1154/1155/2202 1140/1139/2202
f 1147/1162/2203 1137/1140/2203 1141/1125/2203
f 1137/1140/2204 1167/1168/2204 1160/1164/2204
f 1148/1157/2205 1173/1174/2205 1155/1158/2205
f 1150/1149/2206 1174/1175/2206 1097/1116/2206
f 1145/1150/2207 1176/1176/2207 1079/1083/2207
f 1119/1119/2208 1162/1151/2208 1065/1065/2208
f 1131/1132/2209 1178/1177/2209 1113/1137/2209
f 1127/1133/2210 1195/1178/2210 1114/1108/2210
f 1124/1123/2211 1171/1179/2211 1152/1152/2211
f 1128/1130/2212 1166/1173/2212 1146/1153/2212
f 1159/1161/2213 1166/1173/2213 1153/1154/2213
f 1153/1154/2214 1185/1180/2214 1154/1155/2214
f 1154/1155/2215 1172/1181/2215 1147/1162/2215
f 1147/1162/2216 1179/1182/2216 1137/1140/2216
f 1137/1140/2217 1186/1183/2217 1167/1168/2217
f 1168/1169/2218 1181/1184/2218 1156/1159/2218
f 1144/1160/2219 1182/1185/2219 1169/1170/2219
f 1125/1131/2220 1169/1170/2220 1150/1149/2220
f 1130/1129/2221 1183/1186/2221 1145/1150/2221
f 1171/1179/2222 1184/1187/2222 1152/1152/2222
f 1152/1152/2223 1184/1187/2223 1128/1130/2223
f 1166/1173/2224 1185/1180/2224 1153/1154/2224
f 1185/1180/2225 1191/1188/2225 1154/1155/2225
f 1154/1155/2226 1191/1188/2226 1172/1181/2226
f 1172/1181/2227 1193/1189/2227 1147/1162/2227
f 1193/1189/2228 1179/1182/2228 1147/1162/2228
f 1179/1182/2229 1186/1183/2229 1137/1140/2229
f 1161/1156/2230 1180/1190/2230 1165/1165/2230
f 1165/1165/2231 1187/1191/2231 1148/1157/2231
f 1162/1151/2232 1177/1192/2232 1112/1100/2232
f 1166/1173/2233 1197/1193/2233 1185/1180/2233
f 1198/1194/2234 1191/1188/2234 1185/1180/2234
f 1191/1188/2235 1192/1195/2235 1172/1181/2235
f 1186/1183/2236 1199/1196/2236 1167/1168/2236
f 1200/1197/2237 1161/1156/2237 1167/1168/2237
f 1180/1190/2238 1187/1191/2238 1165/1165/2238
f 1148/1157/2239 1187/1191/2239 1173/1174/2239
f 1126/1128/2240 1151/1147/2240 1123/1118/2240
f 1151/1147/2241 1183/1186/2241 1130/1129/2241
f 1163/1163/2242 1195/1178/2242 1127/1133/2242
f 1139/1143/2243 1196/1198/2243 1132/1138/2243
f 1128/1130/2244 1184/1187/2244 1166/1173/2244
f 1192/1195/2245 1193/1189/2245 1172/1181/2245
f 1199/1196/2246 1200/1197/2246 1167/1168/2246
f 1168/1169/2247 1201/1199/2247 1181/1184/2247
f 1188/1200/2248 1174/1175/2248 1150/1149/2248
f 1174/1175/2249 1175/1171/2249 1097/1116/2249
f 1145/1150/2250 1215/1201/2250 1176/1176/2250
f 1176/1176/2251 1170/1172/2251 1079/1083/2251
f 1194/1202/2252 1178/1177/2252 1112/1100/2252
f 1112/1100/2253 1178/1177/2253 1131/1132/2253
f 1132/1138/2254 1171/1179/2254 1124/1123/2254
f 1171/1179/2255 1205/1203/2255 1184/1187/2255
f 1197/1193/2256 1198/1194/2256 1185/1180/2256
f 1193/1189/2257 1186/1183/2257 1179/1182/2257
f 1161/1156/2258 1202/1204/2258 1180/1190/2258
f 1155/1158/2259 1207/1205/2259 1168/1169/2259
f 1144/1160/2260 1225/1206/2260 1182/1185/2260
f 1169/1170/2261 1208/1207/2261 1150/1149/2261
f 1208/1207/2262 1188/1200/2262 1150/1149/2262
f 1113/1137/2263 1178/1177/2263 1163/1163/2263
f 1196/1198/2264 1171/1179/2264 1132/1138/2264
f 1200/1197/2265 1202/1204/2265 1161/1156/2265
f 1173/1174/2266 1207/1205/2266 1155/1158/2266
f 1207/1205/2267 1201/1199/2267 1168/1169/2267
f 1157/1142/2268 1225/1206/2268 1144/1160/2268
f 1112/1100/2269 1177/1192/2269 1194/1202/2269
f 1105/1015/2270 1266/1208/2270 1209/1209/2270
f 1105/1015/2271 1209/1209/2271 1158/1166/2271
f 1184/1187/2272 1210/1210/2272 1166/1173/2272
f 1166/1173/2273 1210/1210/2273 1197/1193/2273
f 1192/1195/2274 1211/1211/2274 1193/1189/2274
f 1193/1189/2275 1206/1212/2275 1186/1183/2275
f 1206/1212/2276 1199/1196/2276 1186/1183/2276
f 1180/1190/2277 1202/1204/2277 1187/1191/2277
f 1202/1204/2278 1212/1213/2278 1187/1191/2278
f 1187/1191/2279 1212/1213/2279 1173/1174/2279
f 1212/1213/2280 1213/1214/2280 1173/1174/2280
f 1173/1174/2281 1213/1214/2281 1207/1205/2281
f 1183/1186/2282 1215/1201/2282 1145/1150/2282
f 1216/1215/2283 1162/1151/2283 1189/1148/2283
f 1190/1216/2284 1177/1192/2284 1162/1151/2284
f 1164/1167/2285 1217/1217/2285 1139/1143/2285
f 1196/1198/2286 1204/1218/2286 1171/1179/2286
f 1198/1194/2287 1218/1219/2287 1191/1188/2287
f 1191/1188/2288 1218/1219/2288 1192/1195/2288
f 1218/1219/2289 1219/1220/2289 1192/1195/2289
f 1211/1211/2290 1206/1212/2290 1193/1189/2290
f 1206/1212/2291 1200/1197/2291 1199/1196/2291
f 1195/1178/2292 1259/1221/2292 1114/1108/2292
f 1259/1221/2293 1368/1066/2293 1114/1108/2293
f 1204/1218/2294 1205/1203/2294 1171/1179/2294
f 1210/1210/2295 1223/1222/2295 1197/1193/2295
f 1197/1193/2296 1223/1222/2296 1198/1194/2296
f 1192/1195/2297 1219/1220/2297 1211/1211/2297
f 1206/1212/2298 1224/1223/2298 1200/1197/2298
f 1200/1197/2299 1220/1224/2299 1202/1204/2299
f 1202/1204/2300 1220/1224/2300 1221/1225/2300
f 1207/1205/2301 1214/1226/2301 1201/1199/2301
f 1182/1185/2302 1222/1227/2302 1169/1170/2302
f 1126/1128/2303 1226/1228/2303 1151/1147/2303
f 1189/1148/2304 1203/1229/2304 1216/1215/2304
f 1216/1215/2305 1190/1216/2305 1162/1151/2305
f 1139/1143/2306 1217/1217/2306 1196/1198/2306
f 1205/1203/2307 1210/1210/2307 1184/1187/2307
f 1223/1222/2308 1218/1219/2308 1198/1194/2308
f 1211/1211/2309 1227/1230/2309 1206/1212/2309
f 1224/1223/2310 1220/1224/2310 1200/1197/2310
f 1221/1225/2311 1212/1213/2311 1202/1204/2311
f 1207/1205/2312 1244/1231/2312 1214/1226/2312
f 1169/1170/2313 1222/1227/2313 1208/1207/2313
f 1175/1171/2314 1226/1228/2314 1126/1128/2314
f 1151/1147/2315 1242/1232/2315 1183/1186/2315
f 1170/1172/2316 1228/1233/2316 1189/1148/2316
f 1223/1222/2317 1230/1234/2317 1218/1219/2317
f 1218/1219/2318 1231/1235/2318 1219/1220/2318
f 1219/1220/2319 1232/1236/2319 1211/1211/2319
f 1232/1236/2320 1227/1230/2320 1211/1211/2320
f 1234/1237/2321 1235/1238/2321 1212/1213/2321
f 1235/1238/2322 1213/1214/2322 1212/1213/2322
f 1213/1214/2323 1235/1238/2323 1207/1205/2323
f 1205/1203/2324 1236/1239/2324 1210/1210/2324
f 1231/1235/2325 1232/1236/2325 1219/1220/2325
f 1227/1230/2326 1233/1240/2326 1206/1212/2326
f 1221/1225/2327 1234/1237/2327 1212/1213/2327
f 1244/1231/2328 1239/1241/2328 1214/1226/2328
f 1188/1200/2329 1240/1242/2329 1174/1175/2329
f 1175/1171/2330 1241/1243/2330 1226/1228/2330
f 1183/1186/2331 1242/1232/2331 1215/1201/2331
f 1177/1192/2332 1229/1244/2332 1194/1202/2332
f 1204/1218/2333 1243/1245/2333 1205/1203/2333
f 1236/1239/2334 1237/1246/2334 1210/1210/2334
f 1206/1212/2335 1233/1240/2335 1224/1223/2335
f 1220/1224/2336 1238/1247/2336 1221/1225/2336
f 1235/1238/2337 1244/1231/2337 1207/1205/2337
f 1215/1201/2338 1246/1248/2338 1176/1176/2338
f 1189/1148/2339 1228/1233/2339 1203/1229/2339
f 1205/1203/2340 1243/1245/2340 1236/1239/2340
f 1210/1210/2341 1237/1246/2341 1223/1222/2341
f 1237/1246/2342 1230/1234/2342 1223/1222/2342
f 1218/1219/2343 1230/1234/2343 1231/1235/2343
f 1245/1249/2344 1233/1240/2344 1227/1230/2344
f 1224/1223/2345 1238/1247/2345 1220/1224/2345
f 1242/1232/2346 1246/1248/2346 1215/1201/2346
f 1178/1177/2347 1259/1221/2347 1163/1163/2347
f 1163/1163/2348 1259/1221/2348 1195/1178/2348
f 1259/1221/2349 1295/1250/2349 1368/1066/2349
f 1164/1167/2350 1248/1251/2350 1217/1217/2350
f 1237/1246/2351 1251/1252/2351 1230/1234/2351
f 1230/1234/2352 1249/1253/2352 1231/1235/2352
f 1238/1247/2353 1234/1237/2353 1221/1225/2353
f 1229/1244/2354 1178/1177/2354 1194/1202/2354
f 1231/1235/2355 1249/1253/2355 1232/1236/2355
f 1233/1240/2356 1252/1254/2356 1224/1223/2356
f 1224/1223/2357 1253/1255/2357 1238/1247/2357
f 1244/1231/2358 1254/1256/2358 1239/1241/2358
f 1225/1206/2359 1255/1257/2359 1182/1185/2359
f 1174/1175/2360 1250/1258/2360 1175/1171/2360
f 1226/1228/2361 1242/1232/2361 1151/1147/2361
f 1177/1192/2362 1247/1259/2362 1229/1244/2362
f 1158/1166/2363 1248/1251/2363 1164/1167/2363
f 1236/1239/2364 1251/1252/2364 1237/1246/2364
f 1251/1252/2365 1262/1260/2365 1230/1234/2365
f 1249/1253/2366 1227/1230/2366 1232/1236/2366
f 1245/1249/2367 1272/1261/2367 1233/1240/2367
f 1272/1261/2368 1252/1254/2368 1233/1240/2368
f 1224/1223/2369 1256/1262/2369 1253/1255/2369
f 1253/1255/2370 1234/1237/2370 1238/1247/2370
f 1235/1238/2371 1257/1263/2371 1244/1231/2371
f 1257/1263/2372 1254/1256/2372 1244/1231/2372
f 1182/1185/2373 1255/1257/2373 1222/1227/2373
f 1250/1258/2374 1241/1243/2374 1175/1171/2374
f 1190/1216/2375 1247/1259/2375 1177/1192/2375
f 1217/1217/2376 1277/1264/2376 1196/1198/2376
f 1196/1198/2377 1277/1264/2377 1204/1218/2377
f 1230/1234/2378 1263/1265/2378 1249/1253/2378
f 1227/1230/2379 1264/1266/2379 1245/1249/2379
f 1224/1223/2380 1252/1254/2380 1256/1262/2380
f 1254/1256/2381 1265/1267/2381 1239/1241/2381
f 1261/1268/2382 1251/1252/2382 1236/1239/2382
f 1261/1268/2383 1262/1260/2383 1251/1252/2383
f 1262/1260/2384 1271/1269/2384 1230/1234/2384
f 1230/1234/2385 1271/1269/2385 1263/1265/2385
f 1249/1253/2386 1264/1266/2386 1227/1230/2386
f 1264/1266/2387 1272/1261/2387 1245/1249/2387
f 1253/1255/2388 1268/1270/2388 1234/1237/2388
f 1234/1237/2389 1268/1270/2389 1235/1238/2389
f 1240/1242/2390 1250/1258/2390 1174/1175/2390
f 1226/1228/2391 1270/1271/2391 1242/1232/2391
f 1229/1244/2392 1259/1221/2392 1178/1177/2392
f 1272/1261/2393 1273/1272/2393 1252/1254/2393
f 1256/1262/2394 1268/1270/2394 1253/1255/2394
f 1268/1270/2395 1269/1273/2395 1235/1238/2395
f 1269/1273/2396 1257/1263/2396 1235/1238/2396
f 1274/1274/2397 1265/1267/2397 1254/1256/2397
f 1176/1176/2398 1246/1248/2398 1170/1172/2398
f 1246/1248/2399 1276/1275/2399 1170/1172/2399
f 1228/1233/2400 1282/1276/2400 1203/1229/2400
f 1217/1217/2401 1248/1251/2401 1260/1277/2401
f 1204/1218/2402 1267/1278/2402 1243/1245/2402
f 1243/1245/2403 1261/1268/2403 1236/1239/2403
f 1271/1269/2404 1249/1253/2404 1263/1265/2404
f 1264/1266/2405 1278/1279/2405 1272/1261/2405
f 1256/1262/2406 1279/1280/2406 1268/1270/2406
f 1257/1263/2407 1280/1281/2407 1254/1256/2407
f 1258/1282/2408 1255/1257/2408 1225/1206/2408
f 1188/1200/2409 1208/1207/2409 1275/1283/2409
f 1188/1200/2410 1275/1283/2410 1240/1242/2410
f 1241/1243/2411 1281/1284/2411 1226/1228/2411
f 1226/1228/2412 1289/1285/2412 1270/1271/2412
f 1216/1215/2413 1247/1259/2413 1190/1216/2413
f 1204/1218/2414 1277/1264/2414 1267/1278/2414
f 1283/1286/2415 1271/1269/2415 1262/1260/2415
f 1291/1287/2416 1284/1288/2416 1271/1269/2416
f 1271/1269/2417 1284/1288/2417 1249/1253/2417
f 1249/1253/2418 1285/1289/2418 1264/1266/2418
f 1278/1279/2419 1286/1290/2419 1272/1261/2419
f 1273/1272/2420 1256/1262/2420 1252/1254/2420
f 1280/1281/2421 1274/1274/2421 1254/1256/2421
f 1240/1242/2422 1275/1283/2422 1250/1258/2422
f 1250/1258/2423 1293/1291/2423 1241/1243/2423
f 1281/1284/2424 1289/1285/2424 1226/1228/2424
f 1242/1232/2425 1270/1271/2425 1246/1248/2425
f 1276/1275/2426 1228/1233/2426 1170/1172/2426
f 1247/1259/2427 1294/1292/2427 1229/1244/2427
f 1229/1244/2428 1295/1250/2428 1259/1221/2428
f 1217/1217/2429 1260/1277/2429 1277/1264/2429
f 1261/1268/2430 1283/1286/2430 1262/1260/2430
f 1249/1253/2431 1284/1288/2431 1285/1289/2431
f 1264/1266/2432 1285/1289/2432 1278/1279/2432
f 1286/1290/2433 1287/1293/2433 1272/1261/2433
f 1272/1261/2434 1287/1293/2434 1273/1272/2434
f 1269/1273/2435 1280/1281/2435 1257/1263/2435
f 1274/1274/2436 1292/1294/2436 1265/1267/2436
f 1288/1295/2437 1281/1284/2437 1241/1243/2437
f 1203/1229/2438 1290/1296/2438 1216/1215/2438
f 1267/1278/2439 1296/1297/2439 1243/1245/2439
f 1243/1245/2440 1296/1297/2440 1261/1268/2440
f 1278/1279/2441 1285/1289/2441 1286/1290/2441
f 1273/1272/2442 1279/1280/2442 1256/1262/2442
f 1261/1268/2443 1297/1298/2443 1283/1286/2443
f 1284/1288/2444 1291/1287/2444 1298/1299/2444
f 1285/1289/2445 1306/1300/2445 1286/1290/2445
f 1300/1301/2446 1287/1293/2446 1286/1290/2446
f 1301/1302/2447 1268/1270/2447 1279/1280/2447
f 1268/1270/2448 1308/1303/2448 1269/1273/2448
f 1280/1281/2449 1309/1304/2449 1274/1274/2449
f 1241/1243/2450 1293/1291/2450 1288/1295/2450
f 1315/1305/2451 1282/1276/2451 1228/1233/2451
f 1209/1209/2452 1303/1306/2452 1158/1166/2452
f 1303/1306/2453 1248/1251/2453 1158/1166/2453
f 1283/1286/2454 1304/1307/2454 1271/1269/2454
f 1271/1269/2455 1304/1307/2455 1291/1287/2455
f 1298/1299/2456 1305/1308/2456 1284/1288/2456
f 1305/1308/2457 1285/1289/2457 1284/1288/2457
f 1306/1300/2458 1300/1301/2458 1286/1290/2458
f 1287/1293/2459 1307/1309/2459 1273/1272/2459
f 1301/1302/2460 1308/1303/2460 1268/1270/2460
f 1270/1271/2461 1302/1310/2461 1246/1248/2461
f 1302/1310/2462 1276/1275/2462 1246/1248/2462
f 1228/1233/2463 1276/1275/2463 1315/1305/2463
f 1282/1276/2464 1290/1296/2464 1203/1229/2464
f 1216/1215/2465 1319/1311/2465 1247/1259/2465
f 1296/1297/2466 1297/1298/2466 1261/1268/2466
f 1297/1298/2467 1299/1312/2467 1283/1286/2467
f 1304/1307/2468 1298/1299/2468 1291/1287/2468
f 1285/1289/2469 1310/1313/2469 1306/1300/2469
f 1273/1272/2470 1307/1309/2470 1279/1280/2470
f 1307/1309/2471 1301/1302/2471 1279/1280/2471
f 1308/1303/2472 1280/1281/2472 1269/1273/2472
f 1255/1257/2473 1258/1282/2473 1222/1227/2473
f 1222/1227/2474 1312/1314/2474 1208/1207/2474
f 1299/1312/2475 1304/1307/2475 1283/1286/2475
f 1305/1308/2476 1310/1313/2476 1285/1289/2476
f 1300/1301/2477 1330/1315/2477 1287/1293/2477
f 1330/1315/2478 1307/1309/2478 1287/1293/2478
f 1309/1304/2479 1314/1316/2479 1274/1274/2479
f 1274/1274/2480 1314/1316/2480 1292/1294/2480
f 1208/1207/2481 1313/1317/2481 1275/1283/2481
f 1275/1283/2482 1293/1291/2482 1250/1258/2482
f 1290/1296/2483 1319/1311/2483 1216/1215/2483
f 1247/1259/2484 1319/1311/2484 1294/1292/2484
f 1316/1318/2485 1267/1278/2485 1277/1264/2485
f 1267/1278/2486 1316/1318/2486 1296/1297/2486
f 1304/1307/2487 1321/1319/2487 1298/1299/2487
f 1321/1319/2488 1305/1308/2488 1298/1299/2488
f 1307/1309/2489 1322/1320/2489 1301/1302/2489
f 1301/1302/2490 1318/1321/2490 1308/1303/2490
f 1308/1303/2491 1323/1322/2491 1280/1281/2491
f 1368/1066/2492 1266/1208/2492 1105/1015/2492
f 1299/1312/2493 1320/1323/2493 1304/1307/2493
f 1329/1324/2494 1310/1313/2494 1305/1308/2494
f 1306/1300/2495 1330/1315/2495 1300/1301/2495
f 1330/1315/2496 1317/1325/2496 1307/1309/2496
f 1322/1320/2497 1318/1321/2497 1301/1302/2497
f 1318/1321/2498 1323/1322/2498 1308/1303/2498
f 1323/1322/2499 1324/1326/2499 1280/1281/2499
f 1280/1281/2500 1324/1326/2500 1309/1304/2500
f 1258/1282/2501 1342/1327/2501 1222/1227/2501
f 1288/1295/2502 1325/1328/2502 1281/1284/2502
f 1289/1285/2503 1326/1329/2503 1270/1271/2503
f 1266/1208/2504 1327/1330/2504 1209/1209/2504
f 1209/1209/2505 1327/1330/2505 1303/1306/2505
f 1260/1277/2506 1328/1331/2506 1277/1264/2506
f 1296/1297/2507 1332/1332/2507 1297/1298/2507
f 1321/1319/2508 1329/1324/2508 1305/1308/2508
f 1314/1316/2509 1341/1333/2509 1292/1294/2509
f 1312/1314/2510 1313/1317/2510 1208/1207/2510
f 1270/1271/2511 1326/1329/2511 1302/1310/2511
f 1302/1310/2512 1339/1334/2512 1276/1275/2512
f 1290/1296/2513 1331/1335/2513 1319/1311/2513
f 1260/1277/2514 1248/1251/2514 1328/1331/2514
f 1316/1318/2515 1332/1332/2515 1296/1297/2515
f 1320/1323/2516 1321/1319/2516 1304/1307/2516
f 1310/1313/2517 1330/1315/2517 1306/1300/2517
f 1330/1315/2518 1335/1336/2518 1317/1325/2518
f 1317/1325/2519 1322/1320/2519 1307/1309/2519
f 1318/1321/2520 1336/1337/2520 1323/1322/2520
f 1337/1338/2521 1324/1326/2521 1323/1322/2521
f 1292/1294/2522 1341/1333/2522 1311/1339/2522
f 1341/1333/2523 1338/1340/2523 1311/1339/2523
f 1281/1284/2524 1326/1329/2524 1289/1285/2524
f 1294/1292/2525 1295/1250/2525 1229/1244/2525
f 1332/1332/2526 1350/1341/2526 1297/1298/2526
f 1333/1342/2527 1334/1343/2527 1310/1313/2527
f 1310/1313/2528 1334/1343/2528 1330/1315/2528
f 1336/1337/2529 1337/1338/2529 1323/1322/2529
f 1324/1326/2530 1340/1344/2530 1309/1304/2530
f 1309/1304/2531 1340/1344/2531 1314/1316/2531
f 1222/1227/2532 1342/1327/2532 1312/1314/2532
f 1275/1283/2533 1348/1345/2533 1293/1291/2533
f 1276/1275/2534 1339/1334/2534 1315/1305/2534
f 1303/1306/2535 1328/1331/2535 1248/1251/2535
f 1328/1331/2536 1316/1318/2536 1277/1264/2536
f 1343/1346/2537 1332/1332/2537 1316/1318/2537
f 1350/1341/2538 1299/1312/2538 1297/1298/2538
f 1329/1324/2539 1344/1347/2539 1310/1313/2539
f 1310/1313/2540 1344/1347/2540 1333/1342/2540
f 1334/1343/2541 1335/1336/2541 1330/1315/2541
f 1317/1325/2542 1345/1348/2542 1322/1320/2542
f 1318/1321/2543 1346/1349/2543 1336/1337/2543
f 1258/1282/2544 1347/1350/2544 1342/1327/2544
f 1313/1317/2545 1348/1345/2545 1275/1283/2545
f 1335/1336/2546 1345/1348/2546 1317/1325/2546
f 1322/1320/2547 1346/1349/2547 1318/1321/2547
f 1346/1349/2548 1337/1338/2548 1336/1337/2548
f 1340/1344/2549 1341/1333/2549 1314/1316/2549
f 1281/1284/2550 1325/1328/2550 1326/1329/2550
f 1344/1347/2551 1334/1343/2551 1333/1342/2551
f 1334/1343/2552 1351/1351/2552 1335/1336/2552
f 1346/1349/2553 1352/1352/2553 1337/1338/2553
f 1337/1338/2554 1353/1353/2554 1324/1326/2554
f 1353/1353/2555 1358/1354/2555 1324/1326/2555
f 1324/1326/2556 1358/1354/2556 1340/1344/2556
f 1354/1355/2557 1338/1340/2557 1341/1333/2557
f 1293/1291/2558 1355/1356/2558 1288/1295/2558
f 1294/1292/2559 1360/1357/2559 1295/1250/2559
f 1343/1346/2560 1350/1341/2560 1332/1332/2560
f 1345/1348/2561 1346/1349/2561 1322/1320/2561
f 1352/1352/2562 1353/1353/2562 1337/1338/2562
f 1340/1344/2563 1354/1355/2563 1341/1333/2563
f 1348/1345/2564 1349/1358/2564 1293/1291/2564
f 1349/1358/2565 1355/1356/2565 1293/1291/2565
f 1288/1295/2566 1355/1356/2566 1325/1328/2566
f 1326/1329/2567 1378/1359/2567 1302/1310/2567
f 1282/1276/2568 1315/1305/2568 1290/1296/2568
f 1290/1296/2569 1379/1360/2569 1331/1335/2569
f 1303/1306/2570 1381/1361/2570 1328/1331/2570
f 1350/1341/2571 1320/1323/2571 1299/1312/2571
f 1320/1323/2572 1361/1362/2572 1356/1363/2572
f 1320/1323/2573 1356/1363/2573 1321/1319/2573
f 1321/1319/2574 1356/1363/2574 1329/1324/2574
f 1329/1324/2575 1362/1364/2575 1344/1347/2575
f 1335/1336/2576 1351/1351/2576 1345/1348/2576
f 1357/1365/2577 1352/1352/2577 1346/1349/2577
f 1371/1366/2578 1338/1340/2578 1354/1355/2578
f 1312/1314/2579 1377/1367/2579 1313/1317/2579
f 1339/1334/2580 1359/1368/2580 1315/1305/2580
f 1315/1305/2581 1379/1360/2581 1290/1296/2581
f 1331/1335/2582 1360/1357/2582 1319/1311/2582
f 1319/1311/2583 1360/1357/2583 1294/1292/2583
f 1328/1331/2584 1363/1369/2584 1316/1318/2584
f 1350/1341/2585 1361/1362/2585 1320/1323/2585
f 1344/1347/2586 1364/1370/2586 1334/1343/2586
f 1364/1370/2587 1351/1351/2587 1334/1343/2587
f 1345/1348/2588 1365/1371/2588 1346/1349/2588
f 1358/1354/2589 1366/1372/2589 1340/1344/2589
f 1371/1366/2590 1367/1373/2590 1338/1340/2590
f 1266/1208/2591 1368/1066/2591 1327/1330/2591
f 1356/1363/2592 1362/1364/2592 1329/1324/2592
f 1344/1347/2593 1362/1364/2593 1364/1370/2593
f 1351/1351/2594 1369/1374/2594 1345/1348/2594
f 1345/1348/2595 1369/1374/2595 1365/1371/2595
f 1365/1371/2596 1357/1365/2596 1346/1349/2596
f 1357/1365/2597 1370/1375/2597 1352/1352/2597
f 1353/1353/2598 1366/1372/2598 1358/1354/2598
f 1366/1372/2599 1371/1366/2599 1340/1344/2599
f 1340/1344/2600 1371/1366/2600 1354/1355/2600
f 1355/1356/2601 1372/1376/2601 1325/1328/2601
f 1452/1377/2602 1368/1066/2602 1295/1250/2602
f 1364/1370/2603 1375/1378/2603 1351/1351/2603
f 1371/1366/2604 1385/1379/2604 1367/1373/2604
f 1385/1379/2605 1376/1380/2605 1367/1373/2605
f 1342/1327/2606 1377/1367/2606 1312/1314/2606
f 1359/1368/2607 1379/1360/2607 1315/1305/2607
f 1380/1381/2608 1360/1357/2608 1331/1335/2608
f 1381/1361/2609 1373/1382/2609 1328/1331/2609
f 1328/1331/2610 1373/1382/2610 1363/1369/2610
f 1361/1362/2611 1382/1383/2611 1356/1363/2611
f 1356/1363/2612 1383/1384/2612 1362/1364/2612
f 1374/1385/2613 1364/1370/2613 1362/1364/2613
f 1384/1386/2614 1366/1372/2614 1353/1353/2614
f 1359/1368/2615 1387/1387/2615 1379/1360/2615
f 1360/1357/2616 1393/1388/2616 1295/1250/2616
f 1393/1388/2617 1452/1377/2617 1295/1250/2617
f 1350/1341/2618 1388/1389/2618 1361/1362/2618
f 1383/1384/2619 1374/1385/2619 1362/1364/2619
f 1351/1351/2620 1375/1378/2620 1369/1374/2620
f 1369/1374/2621 1389/1390/2621 1365/1371/2621
f 1389/1390/2622 1390/1391/2622 1365/1371/2622
f 1390/1391/2623 1357/1365/2623 1365/1371/2623
f 1352/1352/2624 1370/1375/2624 1353/1353/2624
f 1384/1386/2625 1391/1392/2625 1366/1372/2625
f 1325/1328/2626 1386/1393/2626 1326/1329/2626
f 1386/1393/2627 1378/1359/2627 1326/1329/2627
f 1331/1335/2628 1379/1360/2628 1380/1381/2628
f 1364/1370/2629 1395/1394/2629 1375/1378/2629
f 1375/1378/2630 1394/1395/2630 1369/1374/2630
f 1390/1391/2631 1370/1375/2631 1357/1365/2631
f 1370/1375/2632 1384/1386/2632 1353/1353/2632
f 1371/1366/2633 1366/1372/2633 1392/1396/2633
f 1382/1383/2634 1383/1384/2634 1356/1363/2634
f 1374/1385/2635 1395/1394/2635 1364/1370/2635
f 1395/1394/2636 1396/1397/2636 1375/1378/2636
f 1394/1395/2637 1389/1390/2637 1369/1374/2637
f 1391/1392/2638 1392/1396/2638 1366/1372/2638
f 1371/1366/2639 1406/1398/2639 1385/1379/2639
f 1385/1379/2640 1397/1399/2640 1376/1380/2640
f 1372/1376/2641 1386/1393/2641 1325/1328/2641
f 1302/1310/2642 1378/1359/2642 1339/1334/2642
f 1327/1330/2643 1399/1400/2643 1303/1306/2643
f 1316/1318/2644 1410/1401/2644 1343/1346/2644
f 1343/1346/2645 1411/1402/2645 1350/1341/2645
f 1361/1362/2646 1400/1403/2646 1382/1383/2646
f 1382/1383/2647 1401/1404/2647 1383/1384/2647
f 1383/1384/2648 1402/1405/2648 1374/1385/2648
f 1402/1405/2649 1395/1394/2649 1374/1385/2649
f 1375/1378/2650 1396/1397/2650 1394/1395/2650
f 1390/1391/2651 1404/1406/2651 1370/1375/2651
f 1385/1379/2652 1407/1407/2652 1397/1399/2652
f 1347/1350/2653 1440/1408/2653 1342/1327/2653
f 1398/1409/2654 1372/1376/2654 1355/1356/2654
f 1363/1369/2655 1410/1401/2655 1316/1318/2655
f 1410/1401/2656 1411/1402/2656 1343/1346/2656
f 1411/1402/2657 1388/1389/2657 1350/1341/2657
f 1361/1362/2658 1388/1389/2658 1400/1403/2658
f 1400/1403/2659 1401/1404/2659 1382/1383/2659
f 1389/1390/2660 1403/1410/2660 1390/1391/2660
f 1403/1410/2661 1404/1406/2661 1390/1391/2661
f 1370/1375/2662 1404/1406/2662 1405/1411/2662
f 1370/1375/2663 1405/1411/2663 1384/1386/2663
f 1392/1396/2664 1406/1398/2664 1371/1366/2664
f 1377/1367/2665 1412/1412/2665 1313/1317/2665
f 1348/1345/2666 1408/1413/2666 1349/1358/2666
f 1408/1413/2667 1355/1356/2667 1349/1358/2667
f 1378/1359/2668 1413/1414/2668 1339/1334/2668
f 1399/1400/2669 1381/1361/2669 1303/1306/2669
f 1401/1404/2670 1402/1405/2670 1383/1384/2670
f 1394/1395/2671 1421/1415/2671 1389/1390/2671
f 1391/1392/2672 1417/1416/2672 1392/1396/2672
f 1406/1398/2673 1407/1407/2673 1385/1379/2673
f 1342/1327/2674 1430/1417/2674 1377/1367/2674
f 1339/1334/2675 1413/1414/2675 1359/1368/2675
f 1409/1418/2676 1387/1387/2676 1359/1368/2676
f 1381/1361/2677 1414/1419/2677 1373/1382/2677
f 1396/1397/2678 1421/1415/2678 1394/1395/2678
f 1423/1420/2679 1403/1410/2679 1389/1390/2679
f 1384/1386/2680 1416/1421/2680 1391/1392/2680
f 1416/1421/2681 1417/1416/2681 1391/1392/2681
f 1407/1407/2682 1419/1422/2682 1397/1399/2682
f 1408/1413/2683 1398/1409/2683 1355/1356/2683
f 1413/1414/2684 1409/1418/2684 1359/1368/2684
f 1424/1423/2685 1380/1381/2685 1379/1360/2685
f 1414/1419/2686 1363/1369/2686 1373/1382/2686
f 1402/1405/2687 1420/1424/2687 1395/1394/2687
f 1420/1424/2688 1396/1397/2688 1395/1394/2688
f 1396/1397/2689 1420/1424/2689 1415/1425/2689
f 1415/1425/2690 1421/1415/2690 1396/1397/2690
f 1421/1415/2691 1422/1426/2691 1389/1390/2691
f 1422/1426/2692 1423/1420/2692 1389/1390/2692
f 1404/1406/2693 1428/1427/2693 1405/1411/2693
f 1384/1386/2694 1405/1411/2694 1416/1421/2694
f 1417/1416/2695 1418/1428/2695 1392/1396/2695
f 1392/1396/2696 1418/1428/2696 1406/1398/2696
f 1406/1398/2697 1418/1428/2697 1407/1407/2697
f 1387/1387/2698 1424/1423/2698 1379/1360/2698
f 1427/1429/2699 1420/1424/2699 1402/1405/2699
f 1417/1416/2700 1425/1430/2700 1418/1428/2700
f 1342/1327/2701 1440/1408/2701 1430/1417/2701
f 1313/1317/2702 1412/1412/2702 1348/1345/2702
f 1386/1393/2703 1450/1431/2703 1378/1359/2703
f 1360/1357/2704 1441/1432/2704 1393/1388/2704
f 1442/1433/2705 1327/1330/2705 1368/1066/2705
f 1399/1400/2706 1426/1434/2706 1381/1361/2706
f 1363/1369/2707 1414/1419/2707 1410/1401/2707
f 1401/1404/2708 1427/1429/2708 1402/1405/2708
f 1427/1429/2709 1445/1435/2709 1420/1424/2709
f 1423/1420/2710 1432/1436/2710 1403/1410/2710
f 1432/1436/2711 1404/1406/2711 1403/1410/2711
f 1439/1437/2712 1416/1421/2712 1405/1411/2712
f 1407/1407/2713 1433/1438/2713 1419/1422/2713
f 1441/1432/2714 1452/1377/2714 1393/1388/2714
f 1431/1439/2715 1415/1425/2715 1420/1424/2715
f 1421/1415/2716 1423/1420/2716 1422/1426/2716
f 1432/1436/2717 1428/1427/2717 1404/1406/2717
f 1428/1427/2718 1439/1437/2718 1405/1411/2718
f 1416/1421/2719 1429/1440/2719 1417/1416/2719
f 1417/1416/2720 1429/1440/2720 1425/1430/2720
f 1418/1428/2721 1433/1438/2721 1407/1407/2721
f 1412/1412/2722 1434/1441/2722 1348/1345/2722
f 1372/1376/2723 1435/1442/2723 1386/1393/2723
f 1380/1381/2724 1441/1432/2724 1360/1357/2724
f 1381/1361/2725 1436/1443/2725 1414/1419/2725
f 1411/1402/2726 1437/1444/2726 1388/1389/2726
f 1388/1389/2727 1438/1445/2727 1400/1403/2727
f 1444/1446/2728 1427/1429/2728 1401/1404/2728
f 1348/1345/2729 1434/1441/2729 1408/1413/2729
f 1413/1414/2730 1456/1447/2730 1409/1418/2730
f 1327/1330/2731 1442/1433/2731 1399/1400/2731
f 1399/1400/2732 1443/1448/2732 1426/1434/2732
f 1438/1445/2733 1444/1446/2733 1400/1403/2733
f 1400/1403/2734 1444/1446/2734 1401/1404/2734
f 1431/1439/2735 1451/1449/2735 1415/1425/2735
f 1421/1415/2736 1446/1450/2736 1423/1420/2736
f 1446/1450/2737 1432/1436/2737 1423/1420/2737
f 1432/1436/2738 1447/1451/2738 1428/1427/2738
f 1448/1452/2739 1439/1437/2739 1428/1427/2739
f 1433/1438/2740 1449/1453/2740 1419/1422/2740
f 1435/1442/2741 1450/1431/2741 1386/1393/2741
f 1450/1431/2742 1413/1414/2742 1378/1359/2742
f 1437/1444/2743 1438/1445/2743 1388/1389/2743
f 1445/1435/2744 1431/1439/2744 1420/1424/2744
f 1415/1425/2745 1451/1449/2745 1421/1415/2745
f 1451/1449/2746 1446/1450/2746 1421/1415/2746
f 1425/1430/2747 1433/1438/2747 1418/1428/2747
f 1398/1409/2748 1435/1442/2748 1372/1376/2748
f 1380/1381/2749 1457/1454/2749 1441/1432/2749
f 1414/1419/2750 1453/1455/2750 1410/1401/2750
f 1428/1427/2751 1447/1451/2751 1448/1452/2751
f 1448/1452/2752 1454/1456/2752 1439/1437/2752
f 1439/1437/2753 1454/1456/2753 1416/1421/2753
f 1454/1456/2754 1429/1440/2754 1416/1421/2754
f 1425/1430/2755 1455/1457/2755 1433/1438/2755
f 1424/1423/2756 1457/1454/2756 1380/1381/2756
f 1442/1433/2757 1443/1448/2757 1399/1400/2757
f 1426/1434/2758 1436/1443/2758 1381/1361/2758
f 1410/1401/2759 1453/1455/2759 1411/1402/2759
f 1451/1449/2760 1464/1458/2760 1446/1450/2760
f 1429/1440/2761 1455/1457/2761 1425/1430/2761
f 1430/1417/2762 1458/1459/2762 1377/1367/2762
f 1434/1441/2763 1467/1460/2763 1408/1413/2763
f 1456/1447/2764 1460/1461/2764 1409/1418/2764
f 1409/1418/2765 1460/1461/2765 1387/1387/2765
f 1457/1454/2766 1481/1462/2766 1441/1432/2766
f 1438/1445/2767 1461/1463/2767 1444/1446/2767
f 1427/1429/2768 1462/1464/2768 1445/1435/2768
f 1445/1435/2769 1463/1465/2769 1431/1439/2769
f 1431/1439/2770 1463/1465/2770 1451/1449/2770
f 1446/1450/2771 1465/1466/2771 1432/1436/2771
f 1465/1466/2772 1447/1451/2772 1432/1436/2772
f 1455/1457/2773 1480/1467/2773 1433/1438/2773
f 1433/1438/2774 1496/1468/2774 1449/1453/2774
f 1408/1413/2775 1467/1460/2775 1398/1409/2775
f 1450/1431/2776 1468/1469/2776 1413/1414/2776
f 1413/1414/2777 1468/1469/2777 1459/1470/2777
f 1387/1387/2778 1460/1461/2778 1424/1423/2778
f 1469/1471/2779 1443/1448/2779 1442/1433/2779
f 1444/1446/2780 1470/1472/2780 1427/1429/2780
f 1427/1429/2781 1470/1472/2781 1462/1464/2781
f 1462/1464/2782 1463/1465/2782 1445/1435/2782
f 1463/1465/2783 1471/1473/2783 1451/1449/2783
f 1471/1473/2784 1464/1458/2784 1451/1449/2784
f 1464/1458/2785 1465/1466/2785 1446/1450/2785
f 1466/1474/2786 1455/1457/2786 1429/1440/2786
f 1480/1467/2787 1496/1468/2787 1433/1438/2787
f 1496/1468/2788 1473/1475/2788 1449/1453/2788
f 1430/1417/2789 1486/1476/2789 1458/1459/2789
f 1434/1441/2790 1474/1477/2790 1467/1460/2790
f 1467/1460/2791 1475/1478/2791 1398/1409/2791
f 1459/1470/2792 1456/1447/2792 1413/1414/2792
f 1411/1402/2793 1453/1455/2793 1437/1444/2793
f 1437/1444/2794 1477/1479/2794 1438/1445/2794
f 1438/1445/2795 1477/1479/2795 1461/1463/2795
f 1465/1466/2796 1478/1480/2796 1447/1451/2796
f 1448/1452/2797 1479/1481/2797 1454/1456/2797
f 1479/1481/2798 1472/1482/2798 1454/1456/2798
f 1440/1408/2799 1486/1476/2799 1430/1417/2799
f 1458/1459/2800 1412/1412/2800 1377/1367/2800
f 1412/1412/2801 1474/1477/2801 1434/1441/2801
f 1398/1409/2802 1475/1478/2802 1435/1442/2802
f 1435/1442/2803 1475/1478/2803 1476/1483/2803
f 1435/1442/2804 1476/1483/2804 1450/1431/2804
f 1441/1432/2805 1481/1462/2805 1452/1377/2805
f 1368/1066/2806 1488/1484/2806 1442/1433/2806
f 1414/1419/2807 1436/1443/2807 1453/1455/2807
f 1444/1446/2808 1489/1485/2808 1470/1472/2808
f 1482/1486/2809 1471/1473/2809 1463/1465/2809
f 1484/1487/2810 1485/1488/2810 1447/1451/2810
f 1447/1451/2811 1485/1488/2811 1448/1452/2811
f 1466/1474/2812 1480/1467/2812 1455/1457/2812
f 1461/1463/2813 1489/1485/2813 1444/1446/2813
f 1462/1464/2814 1490/1489/2814 1463/1465/2814
f 1491/1490/2815 1464/1458/2815 1471/1473/2815
f 1478/1480/2816 1484/1487/2816 1447/1451/2816
f 1485/1488/2817 1479/1481/2817 1448/1452/2817
f 1454/1456/2818 1466/1474/2818 1429/1440/2818
f 1424/1423/2819 1487/1491/2819 1457/1454/2819
f 1452/1377/2820 1493/1492/2820 1368/1066/2820
f 1470/1472/2821 1490/1489/2821 1462/1464/2821
f 1463/1465/2822 1499/1493/2822 1482/1486/2822
f 1464/1458/2823 1491/1490/2823 1483/1494/2823
f 1483/1494/2824 1465/1466/2824 1464/1458/2824
f 1454/1456/2825 1472/1482/2825 1466/1474/2825
f 1472/1482/2826 1495/1495/2826 1466/1474/2826
f 1460/1461/2827 1487/1491/2827 1424/1423/2827
f 1453/1455/2828 1494/1496/2828 1437/1444/2828
f 1498/1497/2829 1477/1479/2829 1437/1444/2829
f 1477/1479/2830 1489/1485/2830 1461/1463/2830
f 1490/1489/2831 1499/1493/2831 1463/1465/2831
f 1482/1486/2832 1491/1490/2832 1471/1473/2832
f 1466/1474/2833 1500/1498/2833 1480/1467/2833
f 1500/1498/2834 1496/1468/2834 1480/1467/2834
f 1496/1468/2835 1501/1499/2835 1473/1475/2835
f 1458/1459/2836 1492/1500/2836 1412/1412/2836
f 1476/1483/2837 1468/1469/2837 1450/1431/2837
f 1456/1447/2838 1505/1501/2838 1460/1461/2838
f 1481/1462/2839 1493/1492/2839 1452/1377/2839
f 1488/1484/2840 1469/1471/2840 1442/1433/2840
f 1426/1434/2841 1506/1502/2841 1436/1443/2841
f 1506/1502/2842 1497/1503/2842 1436/1443/2842
f 1497/1503/2843 1453/1455/2843 1436/1443/2843
f 1494/1496/2844 1498/1497/2844 1437/1444/2844
f 1489/1485/2845 1490/1489/2845 1470/1472/2845
f 1503/1504/2846 1483/1494/2846 1491/1490/2846
f 1479/1481/2847 1495/1495/2847 1472/1482/2847
f 1504/1505/2848 1475/1478/2848 1467/1460/2848
f 1497/1503/2849 1511/1506/2849 1453/1455/2849
f 1503/1504/2850 1507/1507/2850 1483/1494/2850
f 1483/1494/2851 1478/1480/2851 1465/1466/2851
f 1495/1495/2852 1500/1498/2852 1466/1474/2852
f 1473/1475/2853 1501/1499/2853 1502/1508/2853
f 1492/1500/2854 1474/1477/2854 1412/1412/2854
f 1475/1478/2855 1518/1509/2855 1476/1483/2855
f 1476/1483/2856 1508/1510/2856 1468/1469/2856
f 1487/1491/2857 1509/1511/2857 1457/1454/2857
f 1510/1512/2858 1481/1462/2858 1457/1454/2858
f 1481/1462/2859 1510/1512/2859 1493/1492/2859
f 1498/1497/2860 1512/1513/2860 1477/1479/2860
f 1512/1513/2861 1489/1485/2861 1477/1479/2861
f 1489/1485/2862 1513/1514/2862 1490/1489/2862
f 1482/1486/2863 1503/1504/2863 1491/1490/2863
f 1483/1494/2864 1507/1507/2864 1478/1480/2864
f 1484/1487/2865 1514/1515/2865 1485/1488/2865
f 1500/1498/2866 1501/1499/2866 1496/1468/2866
f 1459/1470/2867 1505/1501/2867 1456/1447/2867
f 1443/1448/2868 1506/1502/2868 1426/1434/2868
f 1482/1486/2869 1515/1516/2869 1503/1504/2869
f 1518/1509/2870 1508/1510/2870 1476/1483/2870
f 1468/1469/2871 1508/1510/2871 1459/1470/2871
f 1511/1506/2872 1494/1496/2872 1453/1455/2872
f 1489/1485/2873 1534/1517/2873 1513/1514/2873
f 1490/1489/2874 1526/1518/2874 1499/1493/2874
f 1499/1493/2875 1515/1516/2875 1482/1486/2875
f 1515/1516/2876 1519/1519/2876 1503/1504/2876
f 1507/1507/2877 1520/1520/2877 1478/1480/2877
f 1478/1480/2878 1522/1521/2878 1484/1487/2878
f 1495/1495/2879 1516/1522/2879 1500/1498/2879
f 1474/1477/2880 1504/1505/2880 1467/1460/2880
f 1534/1517/2881 1525/1523/2881 1513/1514/2881
f 1503/1504/2882 1519/1519/2882 1507/1507/2882
f 1520/1520/2883 1522/1521/2883 1478/1480/2883
f 1528/1524/2884 1479/1481/2884 1485/1488/2884
f 1479/1481/2885 1516/1522/2885 1495/1495/2885
f 1500/1498/2886 1529/1525/2886 1501/1499/2886
f 1501/1499/2887 1521/1526/2887 1502/1508/2887
f 1458/1459/2888 1536/1527/2888 1492/1500/2888
f 1504/1505/2889 1523/1528/2889 1475/1478/2889
f 1475/1478/2890 1523/1528/2890 1518/1509/2890
f 1457/1454/2891 1509/1511/2891 1510/1512/2891
f 1506/1502/2892 1524/1529/2892 1497/1503/2892
f 1542/1530/2893 1512/1513/2893 1498/1497/2893
f 1513/1514/2894 1526/1518/2894 1490/1489/2894
f 1519/1519/2895 1520/1520/2895 1507/1507/2895
f 1522/1521/2896 1527/1531/2896 1484/1487/2896
f 1484/1487/2897 1527/1531/2897 1514/1515/2897
f 1514/1515/2898 1528/1524/2898 1485/1488/2898
f 1516/1522/2899 1529/1525/2899 1500/1498/2899
f 1486/1476/2900 1536/1527/2900 1458/1459/2900
f 1474/1477/2901 1523/1528/2901 1504/1505/2901
f 1518/1509/2902 1530/1532/2902 1508/1510/2902
f 1459/1470/2903 1508/1510/2903 1505/1501/2903
f 1508/1510/2904 1531/1533/2904 1505/1501/2904
f 1493/1492/2905 1533/1534/2905 1368/1066/2905
f 1494/1496/2906 1541/1535/2906 1498/1497/2906
f 1512/1513/2907 1534/1517/2907 1489/1485/2907
f 1510/1512/2908 1540/1536/2908 1493/1492/2908
f 1541/1535/2909 1542/1530/2909 1498/1497/2909
f 1513/1514/2910 1535/1537/2910 1526/1518/2910
f 1526/1518/2911 1515/1516/2911 1499/1493/2911
f 1522/1521/2912 1543/1538/2912 1527/1531/2912
f 1528/1524/2913 1516/1522/2913 1479/1481/2913
f 1517/1539/2914 1536/1527/2914 1486/1476/2914
f 1474/1477/2915 1492/1500/2915 1537/1540/2915
f 1505/1501/2916 1539/1541/2916 1460/1461/2916
f 1460/1461/2917 1539/1541/2917 1487/1491/2917
f 1539/1541/2918 1532/1542/2918 1487/1491/2918
f 1487/1491/2919 1532/1542/2919 1509/1511/2919
f 1534/1517/2920 1545/1543/2920 1525/1523/2920
f 1526/1518/2921 1535/1537/2921 1515/1516/2921
f 1546/1544/2922 1547/1545/2922 1515/1516/2922
f 1520/1520/2923 1543/1538/2923 1522/1521/2923
f 1514/1515/2924 1527/1531/2924 1528/1524/2924
f 1537/1540/2925 1523/1528/2925 1474/1477/2925
f 1511/1506/2926 1544/1546/2926 1494/1496/2926
f 1544/1546/2927 1541/1535/2927 1494/1496/2927
f 1513/1514/2928 1525/1523/2928 1535/1537/2928
f 1535/1537/2929 1546/1544/2929 1515/1516/2929
f 1515/1516/2930 1547/1545/2930 1519/1519/2930
f 1547/1545/2931 1550/1547/2931 1519/1519/2931
f 1550/1547/2932 1520/1520/2932 1519/1519/2932
f 1529/1525/2933 1551/1548/2933 1501/1499/2933
f 1501/1499/2934 1552/1549/2934 1521/1526/2934
f 1536/1527/2935 1553/1550/2935 1492/1500/2935
f 1540/1536/2936 1548/1551/2936 1493/1492/2936
f 1548/1551/2937 1533/1534/2937 1493/1492/2937
f 1497/1503/2938 1524/1529/2938 1511/1506/2938
f 1549/1552/2939 1542/1530/2939 1541/1535/2939
f 1525/1523/2940 1554/1553/2940 1535/1537/2940
f 1516/1522/2941 1564/1554/2941 1529/1525/2941
f 1556/1555/2942 1530/1532/2942 1518/1509/2942
f 1531/1533/2943 1538/1556/2943 1505/1501/2943
f 1524/1529/2944 1544/1546/2944 1511/1506/2944
f 1542/1530/2945 1558/1557/2945 1512/1513/2945
f 1512/1513/2946 1558/1557/2946 1534/1517/2946
f 1546/1544/2947 1559/1558/2947 1547/1545/2947
f 1559/1558/2948 1550/1547/2948 1547/1545/2948
f 1520/1520/2949 1560/1559/2949 1555/1560/2949
f 1520/1520/2950 1555/1560/2950 1543/1538/2950
f 1527/1531/2951 1561/1561/2951 1528/1524/2951
f 1528/1524/2952 1562/1562/2952 1516/1522/2952
f 1492/1500/2953 1553/1550/2953 1537/1540/2953
f 1505/1501/2954 1538/1556/2954 1539/1541/2954
f 1443/1448/2955 1469/1471/2955 1506/1502/2955
f 1545/1543/2956 1554/1553/2956 1525/1523/2956
f 1550/1547/2957 1560/1559/2957 1520/1520/2957
f 1543/1538/2958 1563/1563/2958 1527/1531/2958
f 1561/1561/2959 1562/1562/2959 1528/1524/2959
f 1562/1562/2960 1564/1554/2960 1516/1522/2960
f 1529/1525/2961 1565/1564/2961 1551/1548/2961
f 1501/1499/2962 1551/1548/2962 1552/1549/2962
f 1537/1540/2963 1576/1565/2963 1523/1528/2963
f 1530/1532/2964 1571/1566/2964 1508/1510/2964
f 1509/1511/2965 1567/1567/2965 1510/1512/2965
f 1469/1471/2966 1585/1568/2966 1506/1502/2966
f 1544/1546/2967 1549/1552/2967 1541/1535/2967
f 1535/1537/2968 1573/1569/2968 1546/1544/2968
f 1573/1569/2969 1559/1558/2969 1546/1544/2969
f 1550/1547/2970 1581/1570/2970 1560/1559/2970
f 1555/1560/2971 1563/1563/2971 1543/1538/2971
f 1563/1563/2972 1568/1571/2972 1527/1531/2972
f 1527/1531/2973 1568/1571/2973 1561/1561/2973
f 1564/1554/2974 1565/1564/2974 1529/1525/2974
f 1553/1550/2975 1569/1572/2975 1537/1540/2975
f 1523/1528/2976 1570/1573/2976 1518/1509/2976
f 1557/1574/2977 1571/1566/2977 1530/1532/2977
f 1531/1533/2978 1566/1575/2978 1538/1556/2978
f 1534/1517/2979 1579/1576/2979 1545/1543/2979
f 1554/1553/2980 1572/1577/2980 1535/1537/2980
f 1555/1560/2981 1574/1578/2981 1563/1563/2981
f 1536/1527/2982 1575/1579/2982 1553/1550/2982
f 1556/1555/2983 1577/1580/2983 1530/1532/2983
f 1530/1532/2984 1577/1580/2984 1557/1574/2984
f 1508/1510/2985 1571/1566/2985 1531/1533/2985
f 1510/1512/2986 1567/1567/2986 1540/1536/2986
f 1585/1568/2987 1524/1529/2987 1506/1502/2987
f 1596/1581/2988 1578/1582/2988 1542/1530/2988
f 1558/1557/2989 1579/1576/2989 1534/1517/2989
f 1572/1577/2990 1573/1569/2990 1535/1537/2990
f 1561/1561/2991 1582/1583/2991 1562/1562/2991
f 1562/1562/2992 1582/1583/2992 1564/1554/2992
f 1551/1548/2993 1583/1584/2993 1552/1549/2993
f 1517/1539/2994 1584/1585/2994 1536/1527/2994
f 1518/1509/2995 1570/1573/2995 1556/1555/2995
f 1566/1575/2996 1539/1541/2996 1538/1556/2996
f 1509/1511/2997 1532/1542/2997 1567/1567/2997
f 1533/1534/2998 1591/1586/2998 1368/1066/2998
f 1586/1587/2999 1544/1546/2999 1524/1529/2999
f 1542/1530/3000 1549/1552/3000 1596/1581/3000
f 1542/1530/3001 1578/1582/3001 1558/1557/3001
f 1580/1588/3002 1587/1589/3002 1550/1547/3002
f 1550/1547/3003 1587/1589/3003 1581/1570/3003
f 1592/1590/3004 1555/1560/3004 1560/1559/3004
f 1563/1563/3005 1588/1591/3005 1568/1571/3005
f 1568/1571/3006 1589/1592/3006 1561/1561/3006
f 1561/1561/3007 1589/1592/3007 1582/1583/3007
f 1540/1536/3008 1590/1593/3008 1548/1551/3008
f 1545/1543/3009 1597/1594/3009 1554/1553/3009
f 1597/1594/3010 1572/1577/3010 1554/1553/3010
f 1559/1558/3011 1580/1588/3011 1550/1547/3011
f 1581/1570/3012 1592/1590/3012 1560/1559/3012
f 1555/1560/3013 1593/1595/3013 1574/1578/3013
f 1584/1585/3014 1594/1596/3014 1536/1527/3014
f 1571/1566/3015 1595/1597/3015 1531/1533/3015
f 1548/1551/3016 1591/1586/3016 1533/1534/3016
f 1573/1569/3017 1580/1588/3017 1559/1558/3017
f 1592/1590/3018 1593/1595/3018 1555/1560/3018
f 1563/1563/3019 1598/1598/3019 1588/1591/3019
f 1577/1580/3020 1607/1599/3020 1557/1574/3020
f 1544/1546/3021 1600/1600/3021 1549/1552/3021
f 1558/1557/3022 1601/1601/3022 1579/1576/3022
f 1579/1576/3023 1597/1594/3023 1545/1543/3023
f 1572/1577/3024 1602/1602/3024 1573/1569/3024
f 1574/1578/3025 1598/1598/3025 1563/1563/3025
f 1537/1540/3026 1569/1572/3026 1576/1565/3026
f 1567/1567/3027 1590/1593/3027 1540/1536/3027
f 1585/1568/3028 1604/1603/3028 1524/1529/3028
f 1573/1569/3029 1605/1604/3029 1580/1588/3029
f 1589/1592/3030 1606/1605/3030 1582/1583/3030
f 1582/1583/3031 1606/1605/3031 1564/1554/3031
f 1536/1527/3032 1594/1596/3032 1575/1579/3032
f 1539/1541/3033 1599/1606/3033 1532/1542/3033
f 1488/1484/3034 1609/1607/3034 1469/1471/3034
f 1586/1587/3035 1600/1600/3035 1544/1546/3035
f 1597/1594/3036 1610/1608/3036 1572/1577/3036
f 1580/1588/3037 1605/1604/3037 1587/1589/3037
f 1587/1589/3038 1611/1609/3038 1581/1570/3038
f 1593/1595/3039 1616/1610/3039 1574/1578/3039
f 1616/1610/3040 1598/1598/3040 1574/1578/3040
f 1568/1571/3041 1612/1611/3041 1589/1592/3041
f 1589/1592/3042 1617/1612/3042 1606/1605/3042
f 1575/1579/3043 1569/1572/3043 1553/1550/3043
f 1576/1565/3044 1613/1613/3044 1523/1528/3044
f 1557/1574/3045 1607/1599/3045 1571/1566/3045
f 1595/1597/3046 1566/1575/3046 1531/1533/3046
f 1566/1575/3047 1599/1606/3047 1539/1541/3047
f 1524/1529/3048 1614/1614/3048 1586/1587/3048
f 1601/1601/3049 1597/1594/3049 1579/1576/3049
f 1602/1602/3050 1605/1604/3050 1573/1569/3050
f 1605/1604/3051 1615/1615/3051 1587/1589/3051
f 1581/1570/3052 1611/1609/3052 1592/1590/3052
f 1611/1609/3053 1616/1610/3053 1592/1590/3053
f 1592/1590/3054 1616/1610/3054 1593/1595/3054
f 1588/1591/3055 1598/1598/3055 1612/1611/3055
f 1588/1591/3056 1612/1611/3056 1568/1571/3056
f 1606/1605/3057 1565/1564/3057 1564/1554/3057
f 1551/1548/3058 1565/1564/3058 1603/1616/3058
f 1613/1613/3059 1570/1573/3059 1523/1528/3059
f 1595/1597/3060 1619/1617/3060 1566/1575/3060
f 1599/1606/3061 1608/1618/3061 1532/1542/3061
f 1608/1618/3062 1567/1567/3062 1532/1542/3062
f 1604/1603/3063 1585/1568/3063 1469/1471/3063
f 1604/1603/3064 1614/1614/3064 1524/1529/3064
f 1578/1582/3065 1601/1601/3065 1558/1557/3065
f 1615/1615/3066 1611/1609/3066 1587/1589/3066
f 1606/1605/3067 1618/1619/3067 1565/1564/3067
f 1565/1564/3068 1618/1619/3068 1603/1616/3068
f 1569/1572/3069 1621/1620/3069 1576/1565/3069
f 1556/1555/3070 1622/1621/3070 1577/1580/3070
f 1571/1566/3071 1607/1599/3071 1595/1597/3071
f 1590/1593/3072 1620/1622/3072 1548/1551/3072
f 1578/1582/3073 1626/1623/3073 1601/1601/3073
f 1616/1610/3074 1652/1624/3074 1598/1598/3074
f 1612/1611/3075 1617/1612/3075 1589/1592/3075
f 1623/1625/3076 1618/1619/3076 1606/1605/3076
f 1551/1548/3077 1630/1626/3077 1583/1584/3077
f 1567/1567/3078 1624/1627/3078 1590/1593/3078
f 1548/1551/3079 1620/1622/3079 1591/1586/3079
f 1549/1552/3080 1647/1628/3080 1596/1581/3080
f 1596/1581/3081 1644/1629/3081 1578/1582/3081
f 1644/1629/3082 1626/1623/3082 1578/1582/3082
f 1601/1601/3083 1627/1630/3083 1597/1594/3083
f 1610/1608/3084 1628/1631/3084 1572/1577/3084
f 1572/1577/3085 1628/1631/3085 1602/1602/3085
f 1570/1573/3086 1622/1621/3086 1556/1555/3086
f 1609/1607/3087 1604/1603/3087 1469/1471/3087
f 1614/1614/3088 1625/1632/3088 1586/1587/3088
f 1626/1623/3089 1627/1630/3089 1601/1601/3089
f 1627/1630/3090 1610/1608/3090 1597/1594/3090
f 1605/1604/3091 1629/1633/3091 1615/1615/3091
f 1594/1596/3092 1635/1634/3092 1575/1579/3092
f 1575/1579/3093 1636/1635/3093 1569/1572/3093
f 1622/1621/3094 1631/1636/3094 1577/1580/3094
f 1566/1575/3095 1632/1637/3095 1599/1606/3095
f 1586/1587/3096 1625/1632/3096 1600/1600/3096
f 1600/1600/3097 1647/1628/3097 1549/1552/3097
f 1616/1610/3098 1637/1638/3098 1652/1624/3098
f 1652/1624/3099 1633/1639/3099 1598/1598/3099
f 1598/1598/3100 1633/1639/3100 1612/1611/3100
f 1612/1611/3101 1634/1640/3101 1617/1612/3101
f 1603/1616/3102 1630/1626/3102 1551/1548/3102
f 1631/1636/3103 1607/1599/3103 1577/1580/3103
f 1607/1599/3104 1638/1641/3104 1595/1597/3104
f 1608/1618/3105 1624/1627/3105 1567/1567/3105
f 1620/1622/3106 1646/1642/3106 1591/1586/3106
f 1615/1615/3107 1639/1643/3107 1611/1609/3107
f 1639/1643/3108 1640/1644/3108 1611/1609/3108
f 1611/1609/3109 1640/1644/3109 1616/1610/3109
f 1633/1639/3110 1634/1640/3110 1612/1611/3110
f 1662/1645/3111 1606/1605/3111 1617/1612/3111
f 1584/1585/3112 1641/1646/3112 1594/1596/3112
f 1569/1572/3113 1636/1635/3113 1621/1620/3113
f 1613/1613/3114 1642/1647/3114 1570/1573/3114
f 1570/1573/3115 1642/1647/3115 1622/1621/3115
f 1632/1637/3116 1643/1648/3116 1599/1606/3116
f 1590/1593/3117 1624/1627/3117 1620/1622/3117
f 1647/1628/3118 1644/1629/3118 1596/1581/3118
f 1628/1631/3119 1645/1649/3119 1602/1602/3119
f 1640/1644/3120 1637/1638/3120 1616/1610/3120
f 1662/1645/3121 1623/1625/3121 1606/1605/3121
f 1625/1632/3122 1647/1628/3122 1600/1600/3122
f 1627/1630/3123 1648/1650/3123 1610/1608/3123
f 1602/1602/3124 1645/1649/3124 1605/1604/3124
f 1645/1649/3125 1649/1651/3125 1605/1604/3125
f 1605/1604/3126 1649/1651/3126 1629/1633/3126
f 1575/1579/3127 1635/1634/3127 1636/1635/3127
f 1619/1617/3128 1632/1637/3128 1566/1575/3128
f 1674/1652/3129 1627/1630/3129 1626/1623/3129
f 1610/1608/3130 1651/1653/3130 1628/1631/3130
f 1615/1615/3131 1660/1654/3131 1639/1643/3131
f 1634/1640/3132 1662/1645/3132 1617/1612/3132
f 1653/1655/3133 1635/1634/3133 1594/1596/3133
f 1576/1565/3134 1654/1656/3134 1613/1613/3134
f 1655/1657/3135 1608/1618/3135 1599/1606/3135
f 1628/1631/3136 1651/1653/3136 1645/1649/3136
f 1629/1633/3137 1660/1654/3137 1615/1615/3137
f 1639/1643/3138 1657/1658/3138 1640/1644/3138
f 1633/1639/3139 1658/1659/3139 1634/1640/3139
f 1603/1616/3140 1671/1660/3140 1630/1626/3140
f 1576/1565/3141 1621/1620/3141 1654/1656/3141
f 1613/1613/3142 1654/1656/3142 1642/1647/3142
f 1631/1636/3143 1659/1661/3143 1607/1599/3143
f 1626/1623/3144 1644/1629/3144 1674/1652/3144
f 1649/1651/3145 1660/1654/3145 1629/1633/3145
f 1640/1644/3146 1657/1658/3146 1637/1638/3146
f 1637/1638/3147 1657/1658/3147 1652/1624/3147
f 1652/1624/3148 1661/1662/3148 1633/1639/3148
f 1595/1597/3149 1638/1641/3149 1619/1617/3149
f 1599/1606/3150 1643/1648/3150 1655/1657/3150
f 1368/1066/3151 1665/1663/3151 1488/1484/3151
f 1666/1664/3152 1656/1665/3152 1644/1629/3152
f 1674/1652/3153 1648/1650/3153 1627/1630/3153
f 1648/1650/3154 1670/1666/3154 1610/1608/3154
f 1661/1662/3155 1658/1659/3155 1633/1639/3155
f 1658/1659/3156 1662/1645/3156 1634/1640/3156
f 1641/1646/3157 1653/1655/3157 1594/1596/3157
f 1663/1667/3158 1654/1656/3158 1621/1620/3158
f 1642/1647/3159 1667/1668/3159 1622/1621/3159
f 1620/1622/3160 1650/1669/3160 1646/1642/3160
f 1650/1669/3161 1669/1670/3161 1646/1642/3161
f 1591/1586/3162 1646/1642/3162 1664/1671/3162
f 1625/1632/3163 1683/1672/3163 1647/1628/3163
f 1647/1628/3164 1666/1664/3164 1644/1629/3164
f 1662/1645/3165 1680/1673/3165 1623/1625/3165
f 1678/1674/3166 1671/1660/3166 1618/1619/3166
f 1671/1660/3167 1672/1675/3167 1630/1626/3167
f 1654/1656/3168 1667/1668/3168 1642/1647/3168
f 1667/1668/3169 1631/1636/3169 1622/1621/3169
f 1607/1599/3170 1659/1661/3170 1638/1641/3170
f 1638/1641/3171 1673/1676/3171 1619/1617/3171
f 1619/1617/3172 1673/1676/3172 1632/1637/3172
f 1624/1627/3173 1650/1669/3173 1620/1622/3173
f 1683/1672/3174 1666/1664/3174 1647/1628/3174
f 1623/1625/3175 1678/1674/3175 1618/1619/3175
f 1636/1635/3176 1663/1667/3176 1621/1620/3176
f 1656/1665/3177 1674/1652/3177 1644/1629/3177
f 1610/1608/3178 1670/1666/3178 1651/1653/3178
f 1639/1643/3179 1675/1677/3179 1657/1658/3179
f 1676/1678/3180 1652/1624/3180 1657/1658/3180
f 1661/1662/3181 1677/1679/3181 1658/1659/3181
f 1658/1659/3182 1677/1679/3182 1662/1645/3182
f 1618/1619/3183 1671/1660/3183 1603/1616/3183
f 1608/1618/3184 1668/1680/3184 1624/1627/3184
f 1676/1678/3185 1661/1662/3185 1652/1624/3185
f 1654/1656/3186 1682/1681/3186 1667/1668/3186
f 1673/1676/3187 1643/1648/3187 1632/1637/3187
f 1604/1603/3188 1679/1682/3188 1614/1614/3188
f 1648/1650/3189 1685/1683/3189 1670/1666/3189
f 1686/1684/3190 1672/1675/3190 1671/1660/3190
f 1636/1635/3191 1635/1634/3191 1663/1667/3191
f 1663/1667/3192 1688/1685/3192 1654/1656/3192
f 1654/1656/3193 1681/1686/3193 1682/1681/3193
f 1614/1614/3194 1689/1687/3194 1625/1632/3194
f 1666/1664/3195 1684/1688/3195 1656/1665/3195
f 1670/1666/3196 1690/1689/3196 1651/1653/3196
f 1660/1654/3197 1700/1690/3197 1639/1643/3197
f 1700/1690/3198 1675/1677/3198 1639/1643/3198
f 1662/1645/3199 1691/1691/3199 1680/1673/3199
f 1672/1675/3200 1692/1692/3200 1630/1626/3200
f 1608/1618/3201 1655/1657/3201 1668/1680/3201
f 1668/1680/3202 1650/1669/3202 1624/1627/3202
f 1683/1672/3203 1684/1688/3203 1666/1664/3203
f 1674/1652/3204 1694/1693/3204 1648/1650/3204
f 1694/1693/3205 1685/1683/3205 1648/1650/3205
f 1651/1653/3206 1690/1689/3206 1645/1649/3206
f 1657/1658/3207 1675/1677/3207 1676/1678/3207
f 1695/1694/3208 1677/1679/3208 1661/1662/3208
f 1677/1679/3209 1691/1691/3209 1662/1645/3209
f 1623/1625/3210 1680/1673/3210 1678/1674/3210
f 1687/1695/3211 1696/1696/3211 1635/1634/3211
f 1688/1685/3212 1681/1686/3212 1654/1656/3212
f 1659/1661/3213 1693/1697/3213 1638/1641/3213
f 1638/1641/3214 1693/1697/3214 1673/1676/3214
f 1614/1614/3215 1679/1682/3215 1689/1687/3215
f 1653/1655/3216 1687/1695/3216 1635/1634/3216
f 1696/1696/3217 1663/1667/3217 1635/1634/3217
f 1689/1687/3218 1698/1698/3218 1625/1632/3218
f 1625/1632/3219 1698/1698/3219 1683/1672/3219
f 1674/1652/3220 1656/1665/3220 1694/1693/3220
f 1631/1636/3221 1697/1699/3221 1659/1661/3221
f 1673/1676/3222 1701/1700/3222 1643/1648/3222
f 1706/1701/3223 1669/1670/3223 1650/1669/3223
f 1591/1586/3224 1664/1671/3224 1368/1066/3224
f 1649/1651/3225 1700/1690/3225 1660/1654/3225
f 1675/1677/3226 1703/1702/3226 1676/1678/3226
f 1676/1678/3227 1695/1694/3227 1661/1662/3227
f 1667/1668/3228 1697/1699/3228 1631/1636/3228
f 1668/1680/3229 1706/1701/3229 1650/1669/3229
f 1702/1703/3230 1703/1702/3230 1675/1677/3230
f 1691/1691/3231 1715/1704/3231 1680/1673/3231
f 1710/1705/3232 1687/1695/3232 1653/1655/3232
f 1682/1681/3233 1716/1706/3233 1667/1668/3233
f 1697/1699/3234 1704/1707/3234 1659/1661/3234
f 1659/1661/3235 1704/1707/3235 1693/1697/3235
f 1693/1697/3236 1701/1700/3236 1673/1676/3236
f 1609/1607/3237 1679/1682/3237 1604/1603/3237
f 1683/1672/3238 1713/1708/3238 1684/1688/3238
f 1684/1688/3239 1707/1709/3239 1656/1665/3239
f 1700/1690/3240 1702/1703/3240 1675/1677/3240
f 1641/1646/3241 1710/1705/3241 1653/1655/3241
f 1696/1696/3242 1688/1685/3242 1663/1667/3242
f 1643/1648/3243 1705/1710/3243 1655/1657/3243
f 1705/1710/3244 1668/1680/3244 1655/1657/3244
f 1669/1670/3245 1720/1711/3245 1646/1642/3245
f 1698/1698/3246 1711/1712/3246 1683/1672/3246
f 1707/1709/3247 1694/1693/3247 1656/1665/3247
f 1670/1666/3248 1685/1683/3248 1690/1689/3248
f 1649/1651/3249 1708/1713/3249 1700/1690/3249
f 1695/1694/3250 1714/1714/3250 1677/1679/3250
f 1677/1679/3251 1715/1704/3251 1691/1691/3251
f 1715/1704/3252 1709/1715/3252 1680/1673/3252
f 1681/1686/3253 1716/1706/3253 1682/1681/3253
f 1716/1706/3254 1699/1716/3254 1667/1668/3254
f 1667/1668/3255 1699/1716/3255 1697/1699/3255
f 1683/1672/3256 1711/1712/3256 1712/1717/3256
f 1712/1717/3257 1713/1708/3257 1683/1672/3257
f 1645/1649/3258 1718/1718/3258 1649/1651/3258
f 1676/1678/3259 1703/1702/3259 1695/1694/3259
f 1693/1697/3260 1719/1719/3260 1701/1700/3260
f 1668/1680/3261 1747/1720/3261 1706/1701/3261
f 1488/1484/3262 1717/1721/3262 1609/1607/3262
f 1690/1689/3263 1718/1718/3263 1645/1649/3263
f 1708/1713/3264 1721/1722/3264 1700/1690/3264
f 1680/1673/3265 1709/1715/3265 1678/1674/3265
f 1678/1674/3266 1722/1723/3266 1671/1660/3266
f 1696/1696/3267 1723/1724/3267 1688/1685/3267
f 1697/1699/3268 1724/1725/3268 1704/1707/3268
f 1705/1710/3269 1747/1720/3269 1668/1680/3269
f 1707/1709/3270 1685/1683/3270 1694/1693/3270
f 1718/1718/3271 1708/1713/3271 1649/1651/3271
f 1700/1690/3272 1721/1722/3272 1702/1703/3272
f 1695/1694/3273 1703/1702/3273 1714/1714/3273
f 1714/1714/3274 1715/1704/3274 1677/1679/3274
f 1643/1648/3275 1725/1726/3275 1705/1710/3275
f 1609/1607/3276 1726/1727/3276 1679/1682/3276
f 1684/1688/3277 1713/1708/3277 1707/1709/3277
f 1708/1713/3278 1727/1728/3278 1721/1722/3278
f 1728/1729/3279 1703/1702/3279 1702/1703/3279
f 1709/1715/3280 1722/1723/3280 1678/1674/3280
f 1722/1723/3281 1686/1684/3281 1671/1660/3281
f 1672/1675/3282 1729/1730/3282 1692/1692/3282
f 1688/1685/3283 1723/1724/3283 1681/1686/3283
f 1701/1700/3284 1725/1726/3284 1643/1648/3284
f 1488/1484/3285 1665/1663/3285 1717/1721/3285
f 1685/1683/3286 1732/1731/3286 1690/1689/3286
f 1715/1704/3287 1734/1732/3287 1709/1715/3287
f 1687/1695/3288 1730/1733/3288 1696/1696/3288
f 1704/1707/3289 1743/1734/3289 1693/1697/3289
f 1720/1711/3290 1664/1671/3290 1646/1642/3290
f 1685/1683/3291 1731/1735/3291 1732/1731/3291
f 1702/1703/3292 1739/1736/3292 1728/1729/3292
f 1735/1737/3293 1687/1695/3293 1710/1705/3293
f 1681/1686/3294 1733/1738/3294 1716/1706/3294
f 1609/1607/3295 1717/1721/3295 1726/1727/3295
f 1748/1739/3296 1711/1712/3296 1698/1698/3296
f 1713/1708/3297 1738/1740/3297 1707/1709/3297
f 1707/1709/3298 1731/1735/3298 1685/1683/3298
f 1732/1731/3299 1718/1718/3299 1690/1689/3299
f 1721/1722/3300 1739/1736/3300 1702/1703/3300
f 1703/1702/3301 1740/1741/3301 1714/1714/3301
f 1714/1714/3302 1741/1742/3302 1715/1704/3302
f 1742/1743/3303 1686/1684/3303 1722/1723/3303
f 1686/1684/3304 1729/1730/3304 1672/1675/3304
f 1723/1724/3305 1733/1738/3305 1681/1686/3305
f 1693/1697/3306 1743/1734/3306 1719/1719/3306
f 1744/1744/3307 1736/1745/3307 1706/1701/3307
f 1706/1701/3308 1736/1745/3308 1669/1670/3308
f 1669/1670/3309 1736/1745/3309 1720/1711/3309
f 1679/1682/3310 1746/1746/3310 1689/1687/3310
f 1734/1732/3311 1745/1747/3311 1709/1715/3311
f 1733/1738/3312 1699/1716/3312 1716/1706/3312
f 1689/1687/3313 1748/1739/3313 1698/1698/3313
f 1728/1729/3314 1740/1741/3314 1703/1702/3314
f 1740/1741/3315 1741/1742/3315 1714/1714/3315
f 1730/1733/3316 1723/1724/3316 1696/1696/3316
f 1699/1716/3317 1724/1725/3317 1697/1699/3317
f 1724/1725/3318 1743/1734/3318 1704/1707/3318
f 1701/1700/3319 1719/1719/3319 1725/1726/3319
f 1746/1746/3320 1748/1739/3320 1689/1687/3320
f 1711/1712/3321 1752/1748/3321 1712/1717/3321
f 1712/1717/3322 1752/1748/3322 1713/1708/3322
f 1739/1736/3323 1749/1749/3323 1728/1729/3323
f 1745/1747/3324 1722/1723/3324 1709/1715/3324
f 1747/1720/3325 1744/1744/3325 1706/1701/3325
f 1720/1711/3326 1737/1750/3326 1664/1671/3326
f 1713/1708/3327 1756/1751/3327 1738/1740/3327
f 1707/1709/3328 1738/1740/3328 1731/1735/3328
f 1718/1718/3329 1754/1752/3329 1708/1713/3329
f 1715/1704/3330 1741/1742/3330 1734/1732/3330
f 1710/1705/3331 1750/1753/3331 1735/1737/3331
f 1726/1727/3332 1755/1754/3332 1679/1682/3332
f 1708/1713/3333 1754/1752/3333 1727/1728/3333
f 1722/1723/3334 1757/1755/3334 1742/1743/3334
f 1686/1684/3335 1742/1743/3335 1729/1730/3335
f 1687/1695/3336 1735/1737/3336 1730/1733/3336
f 1733/1738/3337 1751/1756/3337 1699/1716/3337
f 1724/1725/3338 1758/1757/3338 1743/1734/3338
f 1738/1740/3339 1753/1758/3339 1731/1735/3339
f 1759/1759/3340 1754/1752/3340 1718/1718/3340
f 1728/1729/3341 1760/1760/3341 1740/1741/3341
f 1731/1735/3342 1753/1758/3342 1732/1731/3342
f 1732/1731/3343 1759/1759/3343 1718/1718/3343
f 1721/1722/3344 1727/1728/3344 1739/1736/3344
f 1742/1743/3345 1762/1761/3345 1729/1730/3345
f 1750/1753/3346 1761/1762/3346 1735/1737/3346
f 1730/1733/3347 1763/1763/3347 1723/1724/3347
f 1733/1738/3348 1764/1764/3348 1751/1756/3348
f 1699/1716/3349 1765/1765/3349 1724/1725/3349
f 1743/1734/3350 1771/1766/3350 1719/1719/3350
f 1725/1726/3351 1766/1767/3351 1705/1710/3351
f 1705/1710/3352 1766/1767/3352 1747/1720/3352
f 1736/1745/3353 1767/1768/3353 1720/1711/3353
f 1737/1750/3354 1368/1066/3354 1664/1671/3354
f 1679/1682/3355 1755/1754/3355 1746/1746/3355
f 1753/1758/3356 1768/1769/3356 1732/1731/3356
f 1728/1729/3357 1749/1749/3357 1760/1760/3357
f 1745/1747/3358 1770/1770/3358 1722/1723/3358
f 1770/1770/3359 1757/1755/3359 1722/1723/3359
f 1769/1771/3360 1764/1764/3360 1733/1738/3360
f 1758/1757/3361 1771/1766/3361 1743/1734/3361
f 1752/1748/3362 1756/1751/3362 1713/1708/3362
f 1768/1769/3363 1759/1759/3363 1732/1731/3363
f 1727/1728/3364 1775/1772/3364 1739/1736/3364
f 1739/1736/3365 1775/1772/3365 1749/1749/3365
f 1730/1733/3366 1735/1737/3366 1763/1763/3366
f 1723/1724/3367 1776/1773/3367 1733/1738/3367
f 1699/1716/3368 1751/1756/3368 1765/1765/3368
f 1765/1765/3369 1758/1757/3369 1724/1725/3369
f 1719/1719/3370 1791/1774/3370 1725/1726/3370
f 1747/1720/3371 1777/1775/3371 1744/1744/3371
f 1717/1721/3372 1773/1776/3372 1726/1727/3372
f 1759/1759/3373 1778/1777/3373 1754/1752/3373
f 1760/1760/3374 1741/1742/3374 1740/1741/3374
f 1772/1778/3375 1773/1776/3375 1717/1721/3375
f 1726/1727/3376 1773/1776/3376 1755/1754/3376
f 1800/1779/3377 1752/1748/3377 1711/1712/3377
f 1752/1748/3378 1780/1780/3378 1756/1751/3378
f 1790/1781/3379 1778/1777/3379 1759/1759/3379
f 1762/1761/3380 1779/1782/3380 1729/1730/3380
f 1761/1762/3381 1763/1763/3381 1735/1737/3381
f 1776/1773/3382 1769/1771/3382 1733/1738/3382
f 1720/1711/3383 1783/1783/3383 1737/1750/3383
f 1665/1663/3384 1784/1784/3384 1717/1721/3384
f 1784/1784/3385 1772/1778/3385 1717/1721/3385
f 1754/1752/3386 1778/1777/3386 1727/1728/3386
f 1778/1777/3387 1785/1785/3387 1727/1728/3387
f 1727/1728/3388 1785/1785/3388 1775/1772/3388
f 1749/1749/3389 1775/1772/3389 1781/1786/3389
f 1734/1732/3390 1809/1787/3390 1745/1747/3390
f 1791/1774/3391 1766/1767/3391 1725/1726/3391
f 1747/1720/3392 1766/1767/3392 1777/1775/3392
f 1744/1744/3393 1787/1788/3393 1736/1745/3393
f 1787/1788/3394 1767/1768/3394 1736/1745/3394
f 1774/1789/3395 1711/1712/3395 1748/1739/3395
f 1788/1790/3396 1756/1751/3396 1780/1780/3396
f 1738/1740/3397 1789/1791/3397 1753/1758/3397
f 1768/1769/3398 1790/1781/3398 1759/1759/3398
f 1749/1749/3399 1781/1786/3399 1760/1760/3399
f 1734/1732/3400 1741/1742/3400 1809/1787/3400
f 1810/1792/3401 1764/1764/3401 1769/1771/3401
f 1720/1711/3402 1782/1793/3402 1783/1783/3402
f 1753/1758/3403 1789/1791/3403 1768/1769/3403
f 1785/1785/3404 1792/1794/3404 1775/1772/3404
f 1775/1772/3405 1793/1795/3405 1781/1786/3405
f 1760/1760/3406 1809/1787/3406 1741/1742/3406
f 1750/1753/3407 1795/1796/3407 1761/1762/3407
f 1763/1763/3408 1776/1773/3408 1723/1724/3408
f 1764/1764/3409 1786/1797/3409 1751/1756/3409
f 1765/1765/3410 1797/1798/3410 1758/1757/3410
f 1720/1711/3411 1767/1768/3411 1782/1793/3411
f 1813/1799/3412 1798/1800/3412 1773/1776/3412
f 1748/1739/3413 1746/1746/3413 1774/1789/3413
f 1774/1789/3414 1800/1779/3414 1711/1712/3414
f 1778/1777/3415 1804/1801/3415 1785/1785/3415
f 1757/1755/3416 1794/1802/3416 1742/1743/3416
f 1786/1797/3417 1796/1803/3417 1751/1756/3417
f 1758/1757/3418 1799/1804/3418 1771/1766/3418
f 1772/1778/3419 1813/1799/3419 1773/1776/3419
f 1800/1779/3420 1780/1780/3420 1752/1748/3420
f 1756/1751/3421 1801/1805/3421 1738/1740/3421
f 1801/1805/3422 1789/1791/3422 1738/1740/3422
f 1794/1802/3423 1762/1761/3423 1742/1743/3423
f 1751/1756/3424 1802/1806/3424 1765/1765/3424
f 1758/1757/3425 1797/1798/3425 1799/1804/3425
f 1719/1719/3426 1806/1807/3426 1791/1774/3426
f 1777/1775/3427 1787/1788/3427 1744/1744/3427
f 1368/1066/3428 1885/1808/3428 1665/1663/3428
f 1774/1789/3429 1803/1809/3429 1800/1779/3429
f 1790/1781/3430 1804/1801/3430 1778/1777/3430
f 1792/1794/3431 1793/1795/3431 1775/1772/3431
f 1761/1762/3432 1805/1810/3432 1763/1763/3432
f 1802/1806/3433 1797/1798/3433 1765/1765/3433
f 1780/1780/3434 1807/1811/3434 1788/1790/3434
f 1756/1751/3435 1788/1790/3435 1801/1805/3435
f 1781/1786/3436 1808/1812/3436 1760/1760/3436
f 1776/1773/3437 1810/1792/3437 1769/1771/3437
f 1811/1813/3438 1368/1066/3438 1737/1750/3438
f 1745/1747/3439 1812/1814/3439 1770/1770/3439
f 1796/1803/3440 1802/1806/3440 1751/1756/3440
f 1784/1784/3441 1813/1799/3441 1772/1778/3441
f 1809/1787/3442 1812/1814/3442 1745/1747/3442
f 1763/1763/3443 1814/1815/3443 1776/1773/3443
f 1783/1783/3444 1811/1813/3444 1737/1750/3444
f 1793/1795/3445 1808/1812/3445 1781/1786/3445
f 1757/1755/3446 1770/1770/3446 1794/1802/3446
f 1776/1773/3447 1815/1816/3447 1810/1792/3447
f 1810/1792/3448 1841/1817/3448 1764/1764/3448
f 1764/1764/3449 1841/1817/3449 1786/1797/3449
f 1719/1719/3450 1771/1766/3450 1806/1807/3450
f 1885/1808/3451 1816/1818/3451 1665/1663/3451
f 1665/1663/3452 1834/1819/3452 1784/1784/3452
f 1746/1746/3453 1828/1820/3453 1774/1789/3453
f 1789/1791/3454 1790/1781/3454 1768/1769/3454
f 1785/1785/3455 1818/1821/3455 1792/1794/3455
f 1777/1775/3456 1821/1822/3456 1787/1788/3456
f 1784/1784/3457 1822/1823/3457 1813/1799/3457
f 1755/1754/3458 1828/1820/3458 1746/1746/3458
f 1804/1801/3459 1818/1821/3459 1785/1785/3459
f 1792/1794/3460 1833/1824/3460 1793/1795/3460
f 1760/1760/3461 1808/1812/3461 1809/1787/3461
f 1770/1770/3462 1829/1825/3462 1794/1802/3462
f 1820/1826/3463 1762/1761/3463 1794/1802/3463
f 1795/1796/3464 1805/1810/3464 1761/1762/3464
f 1843/1827/3465 1771/1766/3465 1799/1804/3465
f 1816/1818/3466 1834/1819/3466 1665/1663/3466
f 1817/1828/3467 1798/1800/3467 1813/1799/3467
f 1798/1800/3468 1827/1829/3468 1773/1776/3468
f 1827/1829/3469 1755/1754/3469 1773/1776/3469
f 1774/1789/3470 1828/1820/3470 1803/1809/3470
f 1800/1779/3471 1807/1811/3471 1780/1780/3471
f 1801/1805/3472 1823/1830/3472 1789/1791/3472
f 1804/1801/3473 1844/1831/3473 1818/1821/3473
f 1794/1802/3474 1829/1825/3474 1820/1826/3474
f 1814/1815/3475 1815/1816/3475 1776/1773/3475
f 1796/1803/3476 1830/1832/3476 1802/1806/3476
f 1771/1766/3477 1831/1833/3477 1806/1807/3477
f 1791/1774/3478 1832/1834/3478 1766/1767/3478
f 1766/1767/3479 1821/1822/3479 1777/1775/3479
f 1787/1788/3480 1825/1835/3480 1767/1768/3480
f 1783/1783/3481 1782/1793/3481 1826/1836/3481
f 1818/1821/3482 1833/1824/3482 1792/1794/3482
f 1793/1795/3483 1837/1837/3483 1808/1812/3483
f 1837/1837/3484 1819/1838/3484 1808/1812/3484
f 1808/1812/3485 1819/1838/3485 1809/1787/3485
f 1810/1792/3486 1815/1816/3486 1841/1817/3486
f 1806/1807/3487 1832/1834/3487 1791/1774/3487
f 1834/1819/3488 1822/1823/3488 1784/1784/3488
f 1800/1779/3489 1803/1809/3489 1807/1811/3489
f 1807/1811/3490 1835/1839/3490 1788/1790/3490
f 1823/1830/3491 1836/1840/3491 1789/1791/3491
f 1836/1840/3492 1824/1841/3492 1789/1791/3492
f 1789/1791/3493 1824/1841/3493 1790/1781/3493
f 1790/1781/3494 1824/1841/3494 1804/1801/3494
f 1804/1801/3495 1824/1841/3495 1844/1831/3495
f 1809/1787/3496 1838/1842/3496 1812/1814/3496
f 1770/1770/3497 1812/1814/3497 1829/1825/3497
f 1795/1796/3498 1839/1843/3498 1805/1810/3498
f 1805/1810/3499 1814/1815/3499 1763/1763/3499
f 1815/1816/3500 1840/1844/3500 1841/1817/3500
f 1797/1798/3501 1843/1827/3501 1799/1804/3501
f 1755/1754/3502 1827/1829/3502 1828/1820/3502
f 1788/1790/3503 1835/1839/3503 1801/1805/3503
f 1838/1842/3504 1845/1845/3504 1812/1814/3504
f 1820/1826/3505 1846/1846/3505 1762/1761/3505
f 1786/1797/3506 1842/1847/3506 1796/1803/3506
f 1832/1834/3507 1847/1848/3507 1766/1767/3507
f 1767/1768/3508 1848/1849/3508 1782/1793/3508
f 1783/1783/3509 1826/1836/3509 1811/1813/3509
f 1833/1824/3510 1837/1837/3510 1793/1795/3510
f 1819/1838/3511 1838/1842/3511 1809/1787/3511
f 1786/1797/3512 1841/1817/3512 1842/1847/3512
f 1787/1788/3513 1821/1822/3513 1825/1835/3513
f 1825/1835/3514 1848/1849/3514 1767/1768/3514
f 1782/1793/3515 1848/1849/3515 1826/1836/3515
f 1835/1839/3516 1869/1850/3516 1801/1805/3516
f 1833/1824/3517 1852/1851/3517 1837/1837/3517
f 1762/1761/3518 1846/1846/3518 1779/1782/3518
f 1846/1846/3519 1854/1852/3519 1779/1782/3519
f 1849/1853/3520 1839/1843/3520 1795/1796/3520
f 1814/1815/3521 1840/1844/3521 1815/1816/3521
f 1843/1827/3522 1855/1854/3522 1771/1766/3522
f 1850/1855/3523 1832/1834/3523 1806/1807/3523
f 1766/1767/3524 1847/1848/3524 1821/1822/3524
f 1885/1808/3525 1856/1856/3525 1816/1818/3525
f 1798/1800/3526 1851/1857/3526 1827/1829/3526
f 1844/1831/3527 1858/1858/3527 1818/1821/3527
f 1819/1838/3528 1837/1837/3528 1853/1859/3528
f 1812/1814/3529 1845/1845/3529 1829/1825/3529
f 1771/1766/3530 1855/1854/3530 1831/1833/3530
f 1847/1848/3531 1859/1860/3531 1821/1822/3531
f 1811/1813/3532 1860/1861/3532 1368/1066/3532
f 1822/1823/3533 1817/1828/3533 1813/1799/3533
f 1803/1809/3534 1857/1862/3534 1807/1811/3534
f 1869/1850/3535 1862/1863/3535 1801/1805/3535
f 1836/1840/3536 1863/1864/3536 1824/1841/3536
f 1818/1821/3537 1858/1858/3537 1833/1824/3537
f 1829/1825/3538 1865/1865/3538 1820/1826/3538
f 1888/1866/3539 1805/1810/3539 1839/1843/3539
f 1840/1844/3540 1866/1867/3540 1841/1817/3540
f 1796/1803/3541 1842/1847/3541 1830/1832/3541
f 1830/1832/3542 1867/1868/3542 1802/1806/3542
f 1867/1868/3543 1797/1798/3543 1802/1806/3543
f 1806/1807/3544 1831/1833/3544 1850/1855/3544
f 1817/1828/3545 1851/1857/3545 1798/1800/3545
f 1827/1829/3546 1868/1869/3546 1828/1820/3546
f 1807/1811/3547 1857/1862/3547 1835/1839/3547
f 1801/1805/3472 1862/1863/3472 1823/1830/3472
f 1858/1858/3548 1864/1870/3548 1833/1824/3548
f 1864/1870/3549 1852/1851/3549 1833/1824/3549
f 1852/1851/3550 1853/1859/3550 1837/1837/3550
f 1805/1810/3551 1888/1866/3551 1814/1815/3551
f 1868/1869/3552 1861/1871/3552 1828/1820/3552
f 1824/1841/3553 1863/1864/3553 1844/1831/3553
f 1865/1865/3554 1870/1872/3554 1820/1826/3554
f 1820/1826/3555 1870/1872/3555 1846/1846/3555
f 1841/1817/3556 1866/1867/3556 1842/1847/3556
f 1842/1847/3557 1876/1873/3557 1830/1832/3557
f 1861/1871/3558 1879/1874/3558 1828/1820/3558
f 1828/1820/3559 1879/1874/3559 1803/1809/3559
f 1849/1853/3560 1874/1875/3560 1839/1843/3560
f 1866/1867/3561 1875/1876/3561 1842/1847/3561
f 1797/1798/3562 1867/1868/3562 1843/1827/3562
f 1877/1877/3563 1855/1854/3563 1843/1827/3563
f 1826/1836/3564 1871/1878/3564 1811/1813/3564
f 1872/1879/3565 1856/1856/3565 1885/1808/3565
f 1822/1823/3566 1878/1880/3566 1817/1828/3566
f 1803/1809/3567 1879/1874/3567 1857/1862/3567
f 1880/1881/3568 1858/1858/3568 1844/1831/3568
f 1819/1838/3569 1853/1859/3569 1838/1842/3569
f 1887/1882/3570 1899/1883/3570 1838/1842/3570
f 1838/1842/3571 1899/1883/3571 1845/1845/3571
f 1845/1845/3572 1865/1865/3572 1829/1825/3572
f 1896/1884/3573 1873/1885/3573 1822/1823/3573
f 1835/1839/3574 1857/1862/3574 1869/1850/3574
f 1853/1859/3575 1887/1882/3575 1838/1842/3575
f 1840/1844/3576 1814/1815/3576 1882/1886/3576
f 1882/1886/3577 1866/1867/3577 1840/1844/3577
f 1883/1887/3578 1867/1868/3578 1830/1832/3578
f 1811/1813/3579 1884/1888/3579 1860/1861/3579
f 1368/1066/3580 1872/1879/3580 1885/1808/3580
f 1834/1819/3581 1896/1884/3581 1822/1823/3581
f 1844/1831/3582 1863/1864/3582 1880/1881/3582
f 1888/1866/3583 1881/1889/3583 1814/1815/3583
f 1876/1873/3584 1883/1887/3584 1830/1832/3584
f 1855/1854/3585 1850/1855/3585 1831/1833/3585
f 1821/1822/3586 1859/1860/3586 1825/1835/3586
f 1822/1823/3587 1873/1885/3587 1878/1880/3587
f 1878/1880/3588 1851/1857/3588 1817/1828/3588
f 1864/1870/3589 1890/1890/3589 1852/1851/3589
f 1874/1875/3590 1888/1866/3590 1839/1843/3590
f 1867/1868/3591 1877/1877/3591 1843/1827/3591
f 1871/1878/3592 1884/1888/3592 1811/1813/3592
f 1860/1861/3593 1895/1891/3593 1368/1066/3593
f 1872/1879/3594 1892/1892/3594 1856/1856/3594
f 1816/1818/3595 1896/1884/3595 1834/1819/3595
f 1857/1862/3596 1893/1893/3596 1869/1850/3596
f 1823/1830/3597 1897/1894/3597 1836/1840/3597
f 1886/1895/3598 1880/1881/3598 1863/1864/3598
f 1858/1858/3599 1889/1896/3599 1864/1870/3599
f 1852/1851/3600 1894/1897/3600 1853/1859/3600
f 1845/1845/3601 1905/1898/3601 1865/1865/3601
f 1814/1815/3602 1891/1899/3602 1882/1886/3602
f 1842/1847/3603 1875/1876/3603 1876/1873/3603
f 1826/1836/3604 1900/1900/3604 1871/1878/3604
f 1862/1863/3605 1897/1894/3605 1823/1830/3605
f 1836/1840/3606 1886/1895/3606 1863/1864/3606
f 1880/1881/3607 1898/1901/3607 1858/1858/3607
f 1864/1870/3608 1889/1896/3608 1890/1890/3608
f 1890/1890/3609 1894/1897/3609 1852/1851/3609
f 1881/1889/3610 1891/1899/3610 1814/1815/3610
f 1867/1868/3611 1907/1902/3611 1877/1877/3611
f 1917/1903/3612 1832/1834/3612 1850/1855/3612
f 1832/1834/3613 1917/1903/3613 1847/1848/3613
f 1912/1904/3614 1848/1849/3614 1825/1835/3614
f 1827/1829/3615 1919/1905/3615 1868/1869/3615
f 1868/1869/3616 1902/1906/3616 1861/1871/3616
f 1902/1906/3617 1879/1874/3617 1861/1871/3617
f 1879/1874/3618 1903/1907/3618 1857/1862/3618
f 1853/1859/3619 1904/1908/3619 1887/1882/3619
f 1882/1886/3620 1906/1909/3620 1866/1867/3620
f 1855/1854/3621 1908/1910/3621 1850/1855/3621
f 1859/1860/3622 1912/1904/3622 1825/1835/3622
f 1851/1857/3623 1919/1905/3623 1827/1829/3623
f 1897/1894/3624 1886/1895/3624 1836/1840/3624
f 1845/1845/3625 1899/1883/3625 1905/1898/3625
f 1870/1872/3626 1910/1911/3626 1846/1846/3626
f 1846/1846/3627 1910/1911/3627 1854/1852/3627
f 1881/1889/3628 1911/1912/3628 1891/1899/3628
f 1867/1868/3629 1883/1887/3629 1907/1902/3629
f 1826/1836/3630 1848/1849/3630 1900/1900/3630
f 1869/1850/3631 1932/1913/3631 1862/1863/3631
f 1862/1863/3632 1913/1914/3632 1897/1894/3632
f 1858/1858/3633 1915/1915/3633 1889/1896/3633
f 1853/1859/3634 1894/1897/3634 1904/1908/3634
f 1887/1882/3635 1904/1908/3635 1899/1883/3635
f 1927/1916/3636 1905/1898/3636 1899/1883/3636
f 1866/1867/3637 1906/1909/3637 1875/1876/3637
f 1875/1876/3638 1916/1917/3638 1876/1873/3638
f 1847/1848/3639 1909/1918/3639 1859/1860/3639
f 1909/1918/3640 1912/1904/3640 1859/1860/3640
f 1816/1818/3641 1918/1919/3641 1896/1884/3641
f 1879/1874/3642 1920/1920/3642 1903/1907/3642
f 1857/1862/3643 1921/1921/3643 1893/1893/3643
f 1880/1881/3644 1925/1922/3644 1898/1901/3644
f 1865/1865/3645 1922/1923/3645 1870/1872/3645
f 1850/1855/3646 1931/1924/3646 1917/1903/3646
f 1847/1848/3647 1917/1903/3647 1909/1918/3647
f 1860/1861/3648 1884/1888/3648 1895/1891/3648
f 1368/1066/3649 1895/1891/3649 1901/1925/3649
f 1856/1856/3650 1918/1919/3650 1816/1818/3650
f 1873/1885/3651 1936/1926/3651 1878/1880/3651
f 1851/1857/3652 1924/1927/3652 1919/1905/3652
f 1902/1906/3653 1920/1920/3653 1879/1874/3653
f 1903/1907/3654 1921/1921/3654 1857/1862/3654
f 1897/1894/3655 1914/1928/3655 1886/1895/3655
f 1886/1895/3656 1925/1922/3656 1880/1881/3656
f 1889/1896/3657 1926/1929/3657 1890/1890/3657
f 1891/1899/3658 1929/1930/3658 1882/1886/3658
f 1882/1886/3659 1929/1930/3659 1906/1909/3659
f 1906/1909/3660 1916/1917/3660 1875/1876/3660
f 1876/1873/3661 1916/1917/3661 1883/1887/3661
f 1908/1910/3662 1931/1924/3662 1850/1855/3662
f 1893/1893/3663 1932/1913/3663 1869/1850/3663
f 1898/1901/3664 1915/1915/3664 1858/1858/3664
f 1905/1898/3665 1928/1931/3665 1865/1865/3665
f 1865/1865/3666 1928/1931/3666 1922/1923/3666
f 1883/1887/3667 1930/1932/3667 1907/1902/3667
f 1930/1932/3668 1877/1877/3668 1907/1902/3668
f 1923/1933/3669 1872/1879/3669 1368/1066/3669
f 1878/1880/3670 1924/1927/3670 1851/1857/3670
f 1913/1914/3671 1914/1928/3671 1897/1894/3671
f 1886/1895/3672 1964/1934/3672 1925/1922/3672
f 1933/1935/3673 1888/1866/3673 1874/1875/3673
f 1877/1877/3674 1908/1910/3674 1855/1854/3674
f 1848/1849/3675 1912/1904/3675 1900/1900/3675
f 1871/1878/3676 1935/1936/3676 1884/1888/3676
f 1932/1913/3677 1913/1914/3677 1862/1863/3677
f 1904/1908/3678 1937/1937/3678 1899/1883/3678
f 1937/1937/3679 1927/1916/3679 1899/1883/3679
f 1934/1938/3680 1916/1917/3680 1906/1909/3680
f 1917/1903/3681 1938/1939/3681 1909/1918/3681
f 1871/1878/3682 1900/1900/3682 1935/1936/3682
f 1896/1884/3683 1939/1940/3683 1873/1885/3683
f 1889/1896/3684 1915/1915/3684 1926/1929/3684
f 1890/1890/3685 1940/1941/3685 1894/1897/3685
f 1940/1941/3686 1904/1908/3686 1894/1897/3686
f 1870/1872/3687 1922/1923/3687 1910/1911/3687
f 1881/1889/3688 1942/1942/3688 1911/1912/3688
f 1911/1912/3689 1929/1930/3689 1891/1899/3689
f 1925/1922/3690 1950/1943/3690 1898/1901/3690
f 1898/1901/3691 1943/1944/3691 1915/1915/3691
f 1911/1912/3692 1957/1945/3692 1929/1930/3692
f 1929/1930/3693 1945/1946/3693 1906/1909/3693
f 1884/1888/3694 1947/1947/3694 1895/1891/3694
f 1901/1925/3695 1923/1933/3695 1368/1066/3695
f 1872/1879/3696 1948/1948/3696 1892/1892/3696
f 1919/1905/3697 1949/1949/3697 1868/1869/3697
f 1868/1869/3698 1949/1949/3698 1902/1906/3698
f 1921/1921/3699 1932/1913/3699 1893/1893/3699
f 1914/1928/3700 1964/1934/3700 1886/1895/3700
f 1964/1934/3701 1950/1943/3701 1925/1922/3701
f 1940/1941/3702 1937/1937/3702 1904/1908/3702
f 1905/1898/3703 1944/1950/3703 1928/1931/3703
f 1933/1935/3704 1956/1951/3704 1888/1866/3704
f 1888/1866/3705 1956/1951/3705 1941/1952/3705
f 1941/1952/3706 1881/1889/3706 1888/1866/3706
f 1941/1952/3707 1942/1942/3707 1881/1889/3707
f 1945/1946/3708 1934/1938/3708 1906/1909/3708
f 1916/1917/3709 1930/1932/3709 1883/1887/3709
f 1908/1910/3710 1946/1953/3710 1931/1924/3710
f 1912/1904/3711 1959/1954/3711 1900/1900/3711
f 1961/1955/3712 1948/1948/3712 1872/1879/3712
f 1948/1948/3713 1856/1856/3713 1892/1892/3713
f 1856/1856/3714 1954/1956/3714 1918/1919/3714
f 1918/1919/3715 1939/1940/3715 1896/1884/3715
f 1920/1920/3716 1955/1957/3716 1903/1907/3716
f 1950/1943/3717 1943/1944/3717 1898/1901/3717
f 1942/1942/3718 1957/1945/3718 1911/1912/3718
f 1895/1891/3719 1947/1947/3719 1901/1925/3719
f 1947/1947/3720 1953/1958/3720 1901/1925/3720
f 1923/1933/3721 1961/1955/3721 1872/1879/3721
f 1873/1885/3722 1939/1940/3722 1936/1926/3722
f 1878/1880/3723 1936/1926/3723 1966/1959/3723
f 1955/1957/3724 1962/1960/3724 1903/1907/3724
f 1903/1907/3725 1962/1960/3725 1921/1921/3725
f 1914/1928/3726 1963/1961/3726 1964/1934/3726
f 1926/1929/3727 1940/1941/3727 1890/1890/3727
f 1927/1916/3728 1944/1950/3728 1905/1898/3728
f 1934/1938/3729 1958/1962/3729 1916/1917/3729
f 1909/1918/3730 1952/1963/3730 1912/1904/3730
f 1935/1936/3731 1947/1947/3731 1884/1888/3731
f 1901/1925/3732 1969/1964/3732 1923/1933/3732
f 1948/1948/3733 1965/1965/3733 1856/1856/3733
f 1965/1965/3734 1954/1956/3734 1856/1856/3734
f 1924/1927/3735 1985/1966/3735 1919/1905/3735
f 1921/1921/3736 1967/1967/3736 1932/1913/3736
f 1929/1930/3737 1957/1945/3737 1945/1946/3737
f 1916/1917/3738 1958/1962/3738 1930/1932/3738
f 1877/1877/3739 1951/1968/3739 1908/1910/3739
f 1931/1924/3740 1938/1939/3740 1917/1903/3740
f 1959/1954/3741 1960/1969/3741 1900/1900/3741
f 1968/1970/3742 1935/1936/3742 1900/1900/3742
f 1969/1964/3743 1961/1955/3743 1923/1933/3743
f 1902/1906/3744 1955/1957/3744 1920/1920/3744
f 1915/1915/3745 1975/1971/3745 1926/1929/3745
f 1944/1950/3746 1970/1972/3746 1928/1931/3746
f 1934/1938/3747 1945/1946/3747 1983/1973/3747
f 1946/1953/3748 1938/1939/3748 1931/1924/3748
f 1953/1958/3749 1969/1964/3749 1901/1925/3749
f 1954/1956/3750 1972/1974/3750 1918/1919/3750
f 1932/1913/3751 1973/1975/3751 1913/1914/3751
f 1974/1976/3752 1950/1943/3752 1964/1934/3752
f 1943/1944/3753 1975/1971/3753 1915/1915/3753
f 1926/1929/3754 1976/1977/3754 1940/1941/3754
f 1928/1931/3755 1981/1978/3755 1922/1923/3755
f 1958/1962/3756 1979/1979/3756 1930/1932/3756
f 1951/1968/3757 1946/1953/3757 1908/1910/3757
f 1935/1936/3758 1968/1970/3758 1947/1947/3758
f 1918/1919/3759 1972/1974/3759 1939/1940/3759
f 1966/1959/3760 1924/1927/3760 1878/1880/3760
f 1940/1941/3761 1980/1980/3761 1937/1937/3761
f 1922/1923/3762 1971/1981/3762 1910/1911/3762
f 1971/1981/3763 1977/1982/3763 1910/1911/3763
f 1986/1983/3764 1941/1952/3764 1956/1951/3764
f 1942/1942/3765 1982/1984/3765 1957/1945/3765
f 1978/1985/3766 1945/1946/3766 1957/1945/3766
f 1952/1963/3767 1959/1954/3767 1912/1904/3767
f 1936/1926/3768 1939/1940/3768 1966/1959/3768
f 1919/1905/3769 1985/1966/3769 1949/1949/3769
f 1962/1960/3770 1967/1967/3770 1921/1921/3770
f 1913/1914/3771 1963/1961/3771 1914/1928/3771
f 1937/1937/3772 1980/1980/3772 1927/1916/3772
f 1980/1980/3773 1944/1950/3773 1927/1916/3773
f 1981/1978/3774 1971/1981/3774 1922/1923/3774
f 1957/1945/3775 1987/1986/3775 1978/1985/3775
f 1979/1979/3776 1988/1987/3776 1930/1932/3776
f 1900/1900/3777 1989/1988/3777 1968/1970/3777
f 1968/1970/3778 1990/1989/3778 1947/1947/3778
f 1947/1947/3779 1990/1989/3779 1953/1958/3779
f 1953/1958/3780 1991/1990/3780 1969/1964/3780
f 1972/1974/3781 1992/1991/3781 1939/1940/3781
f 1973/1975/3782 1963/1961/3782 1913/1914/3782
f 1950/1943/3783 1993/1992/3783 1943/1944/3783
f 1993/1992/3784 1975/1971/3784 1943/1944/3784
f 1934/1938/3785 1983/1973/3785 1958/1962/3785
f 1958/1962/3786 1984/1993/3786 1979/1979/3786
f 1988/1987/3787 1877/1877/3787 1930/1932/3787
f 1960/1969/3788 1989/1988/3788 1900/1900/3788
f 1990/1989/3789 1991/1990/3789 1953/1958/3789
f 1902/1906/3790 1949/1949/3790 1955/1957/3790
f 1967/1967/3791 1973/1975/3791 1932/1913/3791
f 1993/1992/3792 1995/1994/3792 1975/1971/3792
f 1975/1971/3793 1976/1977/3793 1926/1929/3793
f 1970/1972/3794 1981/1978/3794 1928/1931/3794
f 1941/1952/3795 1982/1984/3795 1942/1942/3795
f 1982/1984/3796 1987/1986/3796 1957/1945/3796
f 1978/1985/3797 1983/1973/3797 1945/1946/3797
f 1939/1940/3798 1997/1995/3798 1966/1959/3798
f 1974/1976/3799 1993/1992/3799 1950/1943/3799
f 1941/1952/3800 2000/1996/3800 1982/1984/3800
f 1983/1973/3801 1998/1997/3801 1958/1962/3801
f 1998/1997/3802 1984/1993/3802 1958/1962/3802
f 1968/1970/3803 1999/1998/3803 1990/1989/3803
f 1949/1949/3804 2021/1999/3804 1955/1957/3804
f 1963/1961/3805 1994/2000/3805 1964/1934/3805
f 1964/1934/3806 1994/2000/3806 1974/1976/3806
f 1978/1985/3807 2001/2001/3807 1983/1973/3807
f 1988/1987/3808 2017/2002/3808 1877/1877/3808
f 1946/1953/3809 1996/2003/3809 1938/1939/3809
f 1969/1964/3810 2019/2004/3810 1961/1955/3810
f 1974/1976/3811 2004/2005/3811 1993/1992/3811
f 1976/1977/3812 2006/2006/3812 1940/1941/3812
f 1940/1941/3813 2006/2006/3813 1980/1980/3813
f 1970/1972/3814 2007/2007/3814 1981/1978/3814
f 1979/1979/3815 1984/1993/3815 1988/1987/3815
f 1877/1877/3816 2017/2002/3816 1951/1968/3816
f 2009/2008/3817 1996/2003/3817 1946/1953/3817
f 2013/2009/3818 1960/1969/3818 1959/1954/3818
f 1991/1990/3819 2002/2010/3819 1969/1964/3819
f 2002/2010/3820 2019/2004/3820 1969/1964/3820
f 1961/1955/3821 2014/2011/3821 1948/1948/3821
f 1992/1991/3822 1997/1995/3822 1939/1940/3822
f 2020/2012/3823 1985/1966/3823 1924/1927/3823
f 2003/2013/3824 1973/1975/3824 1967/1967/3824
f 1980/1980/3825 2010/2014/3825 1944/1950/3825
f 1971/1981/3826 2011/2015/3826 1977/1982/3826
f 1986/1983/3827 2000/1996/3827 1941/1952/3827
f 2012/2016/3828 1987/1986/3828 1982/1984/3828
f 2008/2017/3829 2009/2008/3829 1951/1968/3829
f 1951/1968/3830 2009/2008/3830 1946/1953/3830
f 1966/1959/3831 2020/2012/3831 1924/1927/3831
f 1985/1966/3832 2016/2018/3832 1949/1949/3832
f 2021/1999/3833 1962/1960/3833 1955/1957/3833
f 1962/1960/3834 2034/2019/3834 1967/1967/3834
f 2005/2020/3835 1976/1977/3835 1975/1971/3835
f 2010/2014/3836 1970/1972/3836 1944/1950/3836
f 1984/1993/3837 2017/2002/3837 1988/1987/3837
f 1938/1939/3838 2018/2021/3838 1909/1918/3838
f 1972/1974/3839 2015/2022/3839 1992/1991/3839
f 1995/1994/3840 2005/2020/3840 1975/1971/3840
f 2000/1996/3841 2012/2016/3841 1982/1984/3841
f 2017/2002/3842 2022/2023/3842 1951/1968/3842
f 2022/2023/3843 2008/2017/3843 1951/1968/3843
f 1996/2003/3844 2018/2021/3844 1938/1939/3844
f 1954/1956/3845 2024/2024/3845 1972/1974/3845
f 1966/1959/3846 1997/1995/3846 2020/2012/3846
f 2020/2012/3847 2030/2025/3847 1985/1966/3847
f 2030/2025/3848 2016/2018/3848 1985/1966/3848
f 1973/1975/3849 2025/2026/3849 1963/1961/3849
f 2004/2005/3850 1995/1994/3850 1993/1992/3850
f 1987/1986/3851 2027/2027/3851 1978/1985/3851
f 2001/2001/3852 1998/1997/3852 1983/1973/3852
f 1998/1997/3853 2028/2028/3853 1984/1993/3853
f 1909/1918/3854 2023/2029/3854 1952/1963/3854
f 1989/1988/3855 2046/2030/3855 1968/1970/3855
f 1968/1970/3856 2046/2030/3856 1999/1998/3856
f 1999/1998/3857 2029/2031/3857 1990/1989/3857
f 1961/1955/3858 2019/2004/3858 2014/2011/3858
f 2014/2011/3859 1965/1965/3859 1948/1948/3859
f 1965/1965/3860 2024/2024/3860 1954/1956/3860
f 1992/1991/3861 2033/2032/3861 1997/1995/3861
f 2016/2018/3862 2048/2033/3862 1949/1949/3862
f 1949/1949/3863 2048/2033/3863 2021/1999/3863
f 1963/1961/3864 2025/2026/3864 1994/2000/3864
f 2025/2026/3865 1974/1976/3865 1994/2000/3865
f 2007/2007/3866 2036/2034/3866 1981/1978/3866
f 1990/1989/3867 2029/2031/3867 1991/1990/3867
f 2024/2024/3868 2015/2022/3868 1972/1974/3868
f 1997/1995/3869 2033/2032/3869 2020/2012/3869
f 2034/2019/3870 2003/2013/3870 1967/1967/3870
f 2036/2034/3871 1971/1981/3871 1981/1978/3871
f 2017/2002/3872 2037/2035/3872 2022/2023/3872
f 2015/2022/3873 2033/2032/3873 1992/1991/3873
f 2004/2005/3874 2031/2036/3874 1995/1994/3874
f 2012/2016/3875 2027/2027/3875 1987/1986/3875
f 2027/2027/3876 2040/2037/3876 1978/1985/3876
f 2028/2028/3877 2017/2002/3877 1984/1993/3877
f 1909/1918/3878 2018/2021/3878 2023/2029/3878
f 1959/1954/3879 2042/2038/3879 2013/2009/3879
f 2013/2009/3880 2043/2039/3880 1960/1969/3880
f 2038/2040/3881 1989/1988/3881 1960/1969/3881
f 2029/2031/3882 2047/2041/3882 1991/1990/3882
f 1974/1976/3883 2044/2042/3883 2004/2005/3883
f 2044/2042/3884 2031/2036/3884 2004/2005/3884
f 2006/2006/3885 2010/2014/3885 1980/1980/3885
f 2026/2043/3886 2045/2044/3886 1986/1983/3886
f 2045/2044/3887 2000/1996/3887 1986/1983/3887
f 2041/2045/3888 1996/2003/3888 2009/2008/3888
f 1952/1963/3889 2042/2038/3889 1959/1954/3889
f 1960/1969/3890 2043/2039/3890 2038/2040/3890
f 1991/1990/3891 2047/2041/3891 2002/2010/3891
f 2021/1999/3892 2034/2019/3892 1962/1960/3892
f 2025/2026/3893 2044/2042/3893 1974/1976/3893
f 1995/1994/3894 2056/2046/3894 2005/2020/3894
f 2005/2020/3895 2082/2047/3895 1976/1977/3895
f 1976/1977/3896 2035/2048/3896 2006/2006/3896
f 2045/2044/3897 2012/2016/3897 2000/1996/3897
f 1978/1985/3898 2040/2037/3898 2001/2001/3898
f 2046/2030/3899 2029/2031/3899 1999/1998/3899
f 2002/2010/3900 2053/2049/3900 2019/2004/3900
f 2053/2049/3901 2032/2050/3901 2019/2004/3901
f 2016/2018/3902 2051/2051/3902 2048/2033/3902
f 2034/2019/3903 2052/2052/3903 2003/2013/3903
f 2082/2047/3904 2035/2048/3904 1976/1977/3904
f 2010/2014/3905 2049/2053/3905 1970/1972/3905
f 1970/1972/3906 2049/2053/3906 2007/2007/3906
f 2036/2034/3907 2083/2054/3907 1971/1981/3907
f 1971/1981/3908 2083/2054/3908 2011/2015/3908
f 2028/2028/3909 2073/2055/3909 2017/2002/3909
f 2073/2055/3910 2037/2035/3910 2017/2002/3910
f 1996/2003/3911 2041/2045/3911 2050/2056/3911
f 2047/2041/3912 2053/2049/3912 2002/2010/3912
f 2015/2022/3913 2062/2057/3913 2033/2032/3913
f 2020/2012/3914 2075/2058/3914 2030/2025/3914
f 2016/2018/3915 2030/2025/3915 2051/2051/3915
f 2007/2007/3916 2070/2059/3916 2036/2034/3916
f 2011/2015/3917 2059/2060/3917 1977/1982/3917
f 1998/1997/3918 2060/2061/3918 2028/2028/3918
f 1952/1963/3919 2061/2062/3919 2042/2038/3919
f 2038/2040/3920 2046/2030/3920 1989/1988/3920
f 2019/2004/3921 2054/2063/3921 2014/2011/3921
f 2014/2011/3922 2055/2064/3922 1965/1965/3922
f 2048/2033/3923 2063/2065/3923 2021/1999/3923
f 2021/1999/3924 2063/2065/3924 2034/2019/3924
f 1973/1975/3925 2064/2066/3925 2025/2026/3925
f 1995/1994/3926 2031/2036/3926 2056/2046/3926
f 2006/2006/3927 2057/2067/3927 2010/2014/3927
f 2057/2067/3928 2049/2053/3928 2010/2014/3928
f 2049/2053/3929 2070/2059/3929 2007/2007/3929
f 2058/2068/3930 2059/2060/3930 2011/2015/3930
f 2001/2001/3931 2066/2069/3931 1998/1997/3931
f 2008/2017/3932 2067/2070/3932 2009/2008/3932
f 2009/2008/3933 2067/2070/3933 2041/2045/3933
f 1996/2003/3934 2050/2056/3934 2018/2021/3934
f 2055/2064/3935 2024/2024/3935 1965/1965/3935
f 2033/2032/3936 2092/2071/3936 2020/2012/3936
f 2005/2020/3937 2056/2046/3937 2082/2047/3937
f 2083/2054/3938 2058/2068/3938 2011/2015/3938
f 2045/2044/3939 2072/2072/3939 2012/2016/3939
f 2072/2072/3940 2027/2027/3940 2012/2016/3940
f 2040/2037/3941 2066/2069/3941 2001/2001/3941
f 2066/2069/3942 2060/2061/3942 1998/1997/3942
f 2060/2061/3943 2073/2055/3943 2028/2028/3943
f 2073/2055/3944 2022/2023/3944 2037/2035/3944
f 2008/2017/3945 2022/2023/3945 2067/2070/3945
f 2042/2038/3946 2074/2073/3946 2013/2009/3946
f 2013/2009/3947 2074/2073/3947 2043/2039/3947
f 2062/2057/3948 2095/2074/3948 2033/2032/3948
f 2092/2071/3949 2075/2058/3949 2020/2012/3949
f 2075/2058/3950 2076/2075/3950 2030/2025/3950
f 2076/2075/3951 2077/2076/3951 2030/2025/3951
f 2030/2025/3952 2077/2076/3952 2051/2051/3952
f 2051/2051/3953 2063/2065/3953 2048/2033/3953
f 2034/2019/3954 2068/2077/3954 2052/2052/3954
f 2003/2013/3955 2078/2078/3955 1973/1975/3955
f 2078/2078/3956 2064/2066/3956 1973/1975/3956
f 2025/2026/3957 2065/2079/3957 2044/2042/3957
f 2044/2042/3958 2069/2080/3958 2031/2036/3958
f 2031/2036/3959 2079/2081/3959 2056/2046/3959
f 2046/2030/3960 2080/2082/3960 2029/2031/3960
f 2019/2004/3961 2032/2050/3961 2054/2063/3961
f 2081/2083/3962 2015/2022/3962 2024/2024/3962
f 2091/2084/3963 2062/2057/3963 2015/2022/3963
f 2003/2013/3964 2052/2052/3964 2078/2078/3964
f 2065/2079/3965 2069/2080/3965 2044/2042/3965
f 2031/2036/3966 2069/2080/3966 2079/2081/3966
f 2026/2043/3967 2084/2085/3967 2045/2044/3967
f 2050/2056/3968 2085/2086/3968 2018/2021/3968
f 2023/2029/3969 2061/2062/3969 1952/1963/3969
f 2043/2039/3970 2090/2087/3970 2038/2040/3970
f 2054/2063/3971 2055/2064/3971 2014/2011/3971
f 2055/2064/3972 2039/2088/3972 2024/2024/3972
f 2039/2088/3973 2081/2083/3973 2024/2024/3973
f 2064/2066/3974 2087/2089/3974 2025/2026/3974
f 2035/2048/3975 2088/2090/3975 2006/2006/3975
f 2006/2006/3976 2097/2091/3976 2057/2067/3976
f 2036/2034/3977 2070/2059/3977 2071/2092/3977
f 2084/2085/3978 2072/2072/3978 2045/2044/3978
f 2072/2072/3979 2089/2093/3979 2027/2027/3979
f 2038/2040/3980 2090/2087/3980 2046/2030/3980
f 2029/2031/3981 2119/2094/3981 2047/2041/3981
f 2053/2049/3982 2086/2095/3982 2032/2050/3982
f 2081/2083/3983 2091/2084/3983 2015/2022/3983
f 2095/2074/3984 2092/2071/3984 2033/2032/3984
f 2071/2092/3985 2083/2054/3985 2036/2034/3985
f 2089/2093/3986 2040/2037/3986 2027/2027/3986
f 2073/2055/3987 2093/2096/3987 2022/2023/3987
f 2041/2045/3988 2085/2086/3988 2050/2056/3988
f 2119/2094/3989 2053/2049/3989 2047/2041/3989
f 2092/2071/3990 2076/2075/3990 2075/2058/3990
f 2063/2065/3991 2068/2077/3991 2034/2019/3991
f 2088/2090/3992 2097/2091/3992 2006/2006/3992
f 2084/2085/3993 2107/2097/3993 2072/2072/3993
f 2107/2097/3994 2098/2098/3994 2072/2072/3994
f 2115/2099/3995 2041/2045/3995 2067/2070/3995
f 2085/2086/3996 2100/2100/3996 2018/2021/3996
f 2043/2039/3997 2094/2101/3997 2090/2087/3997
f 2029/2031/3998 2080/2082/3998 2119/2094/3998
f 2091/2084/3999 2102/2102/3999 2062/2057/3999
f 2056/2046/4000 2096/2103/4000 2082/2047/4000
f 2049/2053/4001 2106/2104/4001 2070/2059/4001
f 2072/2072/4002 2098/2098/4002 2089/2093/4002
f 2089/2093/4003 2099/2105/4003 2040/2037/4003
f 2040/2037/4004 2099/2105/4004 2066/2069/4004
f 2060/2061/4005 2114/2106/4005 2073/2055/4005
f 2093/2096/4006 2108/2107/4006 2022/2023/4006
f 2022/2023/4007 2108/2107/4007 2067/2070/4007
f 2074/2073/4008 2094/2101/4008 2043/2039/4008
f 2053/2049/4009 2119/2094/4009 2086/2095/4009
f 2081/2083/4010 2111/2108/4010 2091/2084/4010
f 2062/2057/4011 2102/2102/4011 2095/2074/4011
f 2103/2109/4012 2112/2110/4012 2092/2071/4012
f 2092/2071/4013 2112/2110/4013 2076/2075/4013
f 2069/2080/4014 2113/2111/4014 2079/2081/4014
f 2056/2046/4015 2079/2081/4015 2096/2103/4015
f 2082/2047/4016 2104/2112/4016 2035/2048/4016
f 2104/2112/4017 2088/2090/4017 2035/2048/4017
f 2049/2053/4018 2105/2113/4018 2106/2104/4018
f 2041/2045/4019 2109/2114/4019 2085/2086/4019
f 2018/2021/4020 2100/2100/4020 2023/2029/4020
f 2061/2062/4021 2074/2073/4021 2042/2038/4021
f 2090/2087/4022 2080/2082/4022 2046/2030/4022
f 2032/2050/4023 2116/2115/4023 2054/2063/4023
f 2054/2063/4024 2120/2116/4024 2055/2064/4024
f 2077/2076/4025 2121/2117/4025 2051/2051/4025
f 2121/2117/4026 2063/2065/4026 2051/2051/4026
f 2068/2077/4027 2117/2118/4027 2052/2052/4027
f 2025/2026/4028 2087/2089/4028 2065/2079/4028
f 2087/2089/4029 2118/2119/4029 2065/2079/4029
f 2055/2064/4030 2081/2083/4030 2039/2088/4030
f 2092/2071/4031 2095/2074/4031 2103/2109/4031
f 2112/2110/4032 2077/2076/4032 2076/2075/4032
f 2063/2065/4033 2121/2117/4033 2068/2077/4033
f 2118/2119/4034 2069/2080/4034 2065/2079/4034
f 2057/2067/4035 2105/2113/4035 2049/2053/4035
f 2108/2107/4036 2115/2099/4036 2067/2070/4036
f 2115/2099/4037 2109/2114/4037 2041/2045/4037
f 2032/2050/4038 2130/2120/4038 2116/2115/4038
f 2116/2115/4039 2101/2121/4039 2054/2063/4039
f 2118/2119/4040 2113/2111/4040 2069/2080/4040
f 2098/2098/4041 2099/2105/4041 2089/2093/4041
f 2114/2106/4042 2123/2122/4042 2073/2055/4042
f 2080/2082/4043 2125/2123/4043 2119/2094/4043
f 2086/2095/4044 2130/2120/4044 2032/2050/4044
f 2054/2063/4045 2101/2121/4045 2120/2116/4045
f 2126/2124/4046 2081/2083/4046 2055/2064/4046
f 2110/2125/4047 2111/2108/4047 2081/2083/4047
f 2127/2126/4048 2103/2109/4048 2095/2074/4048
f 2121/2117/4049 2117/2118/4049 2068/2077/4049
f 2113/2111/4050 2096/2103/4050 2079/2081/4050
f 2096/2103/4051 2104/2112/4051 2082/2047/4051
f 2097/2091/4052 2105/2113/4052 2057/2067/4052
f 2107/2097/4053 2136/2127/4053 2098/2098/4053
f 2119/2094/4054 2177/2128/4054 2086/2095/4054
f 2081/2083/4055 2126/2124/4055 2110/2125/4055
f 2155/2129/4056 2091/2084/4056 2111/2108/4056
f 2103/2109/4057 2131/2130/4057 2112/2110/4057
f 2112/2110/4058 2132/2131/4058 2077/2076/4058
f 2132/2131/4059 2133/2132/4059 2077/2076/4059
f 2052/2052/4060 2117/2118/4060 2078/2078/4060
f 2096/2103/4061 2145/2133/4061 2104/2112/4061
f 2105/2113/4062 2146/2134/4062 2106/2104/4062
f 2058/2068/4063 2128/2135/4063 2059/2060/4063
f 2099/2105/4064 2122/2136/4064 2066/2069/4064
f 2123/2122/4065 2093/2096/4065 2073/2055/4065
f 2108/2107/4066 2137/2137/4066 2115/2099/4066
f 2023/2029/4067 2124/2138/4067 2061/2062/4067
f 2090/2087/4068 2125/2123/4068 2080/2082/4068
f 2077/2076/4069 2133/2132/4069 2121/2117/4069
f 2117/2118/4070 2144/2139/4070 2078/2078/4070
f 2060/2061/4071 2140/2140/4071 2114/2106/4071
f 2100/2100/4072 2141/2141/4072 2023/2029/4072
f 2074/2073/4073 2142/2142/4073 2094/2101/4073
f 2094/2101/4074 2143/2143/4074 2090/2087/4074
f 2138/2144/4075 2111/2108/4075 2110/2125/4075
f 2102/2102/4076 2127/2126/4076 2095/2074/4076
f 2131/2130/4077 2132/2131/4077 2112/2110/4077
f 2121/2117/4078 2139/2145/4078 2117/2118/4078
f 2083/2054/4079 2071/2092/4079 2135/2146/4079
f 2136/2127/4080 2168/2147/4080 2098/2098/4080
f 2098/2098/4081 2147/2148/4081 2099/2105/4081
f 2129/2149/4082 2122/2136/4082 2099/2105/4082
f 2066/2069/4083 2140/2140/4083 2060/2061/4083
f 2109/2114/4084 2148/2150/4084 2085/2086/4084
f 2061/2062/4085 2124/2138/4085 2074/2073/4085
f 2149/2151/4086 2130/2120/4086 2086/2095/4086
f 2120/2116/4087 2126/2124/4087 2055/2064/4087
f 2138/2144/4088 2160/2152/4088 2111/2108/4088
f 2133/2132/4089 2134/2153/4089 2121/2117/4089
f 2078/2078/4090 2144/2139/4090 2064/2066/4090
f 2087/2089/4091 2150/2154/4091 2118/2119/4091
f 2113/2111/4092 2145/2133/4092 2096/2103/4092
f 2104/2112/4093 2151/2155/4093 2088/2090/4093
f 2122/2136/4094 2140/2140/4094 2066/2069/4094
f 2123/2122/4095 2108/2107/4095 2093/2096/4095
f 2109/2114/4096 2159/2156/4096 2148/2150/4096
f 2085/2086/4097 2148/2150/4097 2100/2100/4097
f 2090/2087/4098 2153/2157/4098 2125/2123/4098
f 2121/2117/4099 2134/2153/4099 2139/2145/4099
f 2118/2119/4100 2167/2158/4100 2113/2111/4100
f 2146/2134/4101 2152/2159/4101 2106/2104/4101
f 2152/2159/4102 2070/2059/4102 2106/2104/4102
f 2107/2097/4103 2154/2160/4103 2136/2127/4103
f 2099/2105/4104 2147/2148/4104 2129/2149/4104
f 2023/2029/4105 2141/2141/4105 2124/2138/4105
f 2126/2124/4106 2138/2144/4106 2110/2125/4106
f 2160/2152/4107 2155/2129/4107 2111/2108/4107
f 2091/2084/4108 2155/2129/4108 2102/2102/4108
f 2117/2118/4109 2139/2145/4109 2144/2139/4109
f 2097/2091/4110 2156/2161/4110 2105/2113/4110
f 2168/2147/4111 2147/2148/4111 2098/2098/4111
f 2140/2140/4112 2123/2122/4112 2114/2106/4112
f 2158/2162/4113 2159/2156/4113 2109/2114/4113
f 2155/2129/4114 2161/2163/4114 2102/2102/4114
f 2102/2102/4115 2161/2163/4115 2127/2126/4115
f 2127/2126/4116 2131/2130/4116 2103/2109/4116
f 2132/2131/4117 2162/2164/4117 2133/2132/4117
f 2070/2059/4118 2163/2165/4118 2071/2092/4118
f 2163/2165/4119 2189/2166/4119 2071/2092/4119
f 2189/2166/4120 2135/2146/4120 2071/2092/4120
f 2083/2054/4121 2135/2146/4121 2058/2068/4121
f 2123/2122/4122 2157/2167/4122 2108/2107/4122
f 2115/2099/4123 2164/2168/4123 2109/2114/4123
f 2094/2101/4124 2142/2142/4124 2143/2143/4124
f 2143/2143/4125 2153/2157/4125 2090/2087/4125
f 2125/2123/4126 2165/2169/4126 2119/2094/4126
f 2119/2094/4127 2165/2169/4127 2177/2128/4127
f 2152/2159/4128 2163/2165/4128 2070/2059/4128
f 2154/2160/4129 2168/2147/4129 2136/2127/4129
f 2164/2168/4130 2158/2162/4130 2109/2114/4130
f 2074/2073/4131 2169/2170/4131 2142/2142/4131
f 2086/2095/4132 2177/2128/4132 2149/2151/4132
f 2101/2121/4133 2116/2115/4133 2120/2116/4133
f 2144/2139/4134 2166/2171/4134 2064/2066/4134
f 2064/2066/4135 2166/2171/4135 2087/2089/4135
f 2113/2111/4136 2174/2172/4136 2145/2133/4136
f 2105/2113/4137 2156/2161/4137 2146/2134/4137
f 2181/2173/4138 2163/2165/4138 2152/2159/4138
f 2135/2146/4139 2182/2174/4139 2058/2068/4139
f 2124/2138/4140 2169/2170/4140 2074/2073/4140
f 2170/2175/4141 2116/2115/4141 2130/2120/4141
f 2139/2145/4142 2171/2176/4142 2144/2139/4142
f 2150/2154/4143 2167/2158/4143 2118/2119/4143
f 2088/2090/4144 2156/2161/4144 2097/2091/4144
f 2058/2068/4145 2172/2177/4145 2128/2135/4145
f 2154/2160/4146 2175/2178/4146 2168/2147/4146
f 2140/2140/4147 2183/2179/4147 2123/2122/4147
f 2148/2150/4148 2176/2180/4148 2100/2100/4148
f 2100/2100/4149 2176/2180/4149 2141/2141/4149
f 2141/2141/4150 2173/2181/4150 2124/2138/4150
f 2116/2115/4151 2170/2175/4151 2120/2116/4151
f 2127/2126/4152 2185/2182/4152 2131/2130/4152
f 2131/2130/4153 2179/2183/4153 2132/2131/4153
f 2167/2158/4154 2180/2184/4154 2113/2111/4154
f 2113/2111/4155 2180/2184/4155 2174/2172/4155
f 2145/2133/4156 2188/2185/4156 2104/2112/4156
f 2104/2112/4157 2188/2185/4157 2151/2155/4157
f 2151/2155/4158 2156/2161/4158 2088/2090/4158
f 2108/2107/4159 2192/2186/4159 2137/2137/4159
f 2137/2137/4160 2192/2186/4160 2115/2099/4160
f 2115/2099/4161 2192/2186/4161 2164/2168/4161
f 2148/2150/4162 2159/2156/4162 2176/2180/4162
f 2124/2138/4163 2173/2181/4163 2169/2170/4163
f 2126/2124/4164 2201/2187/4164 2138/2144/4164
f 2161/2163/4165 2185/2182/4165 2127/2126/4165
f 2133/2132/4166 2162/2164/4166 2134/2153/4166
f 2162/2164/4167 2186/2188/4167 2134/2153/4167
f 2171/2176/4168 2166/2171/4168 2144/2139/4168
f 2156/2161/4169 2152/2159/4169 2146/2134/4169
f 2122/2136/4170 2191/2189/4170 2140/2140/4170
f 2183/2179/4171 2184/2190/4171 2123/2122/4171
f 2157/2167/4172 2192/2186/4172 2108/2107/4172
f 2170/2175/4173 2178/2191/4173 2120/2116/4173
f 2126/2124/4174 2120/2116/4174 2201/2187/4174
f 2160/2152/4175 2202/2192/4175 2155/2129/4175
f 2134/2153/4176 2187/2193/4176 2139/2145/4176
f 2087/2089/4177 2166/2171/4177 2150/2154/4177
f 2174/2172/4178 2194/2194/4178 2145/2133/4178
f 2189/2166/4179 2190/2195/4179 2135/2146/4179
f 2058/2068/4180 2195/2196/4180 2172/2177/4180
f 2154/2160/4181 2196/2197/4181 2175/2178/4181
f 2129/2149/4182 2205/2198/4182 2122/2136/4182
f 2205/2198/4183 2191/2189/4183 2122/2136/4183
f 2123/2122/4184 2184/2190/4184 2157/2167/4184
f 2158/2162/4185 2197/2199/4185 2159/2156/4185
f 2143/2143/4186 2199/2200/4186 2153/2157/4186
f 2149/2151/4187 2200/2201/4187 2130/2120/4187
f 2167/2158/4188 2193/2202/4188 2180/2184/4188
f 2163/2165/4189 2203/2203/4189 2189/2166/4189
f 2135/2146/4190 2190/2195/4190 2182/2174/4190
f 2182/2174/4191 2195/2196/4191 2058/2068/4191
f 2168/2147/4192 2204/2204/4192 2147/2148/4192
f 2147/2148/4193 2205/2198/4193 2129/2149/4193
f 2157/2167/4194 2206/2205/4194 2192/2186/4194
f 2159/2156/4195 2197/2199/4195 2176/2180/4195
f 2198/2206/4196 2143/2143/4196 2142/2142/4196
f 2198/2206/4197 2199/2200/4197 2143/2143/4197
f 2153/2157/4198 2199/2200/4198 2125/2123/4198
f 2199/2200/4199 2165/2169/4199 2125/2123/4199
f 2120/2116/4200 2178/2191/4200 2201/2187/4200
f 2145/2133/4201 2194/2194/4201 2188/2185/4201
f 2151/2155/4202 2207/2207/4202 2156/2161/4202
f 2204/2204/4203 2205/2198/4203 2147/2148/4203
f 2140/2140/4204 2191/2189/4204 2183/2179/4204
f 2184/2190/4205 2206/2205/4205 2157/2167/4205
f 2197/2199/4206 2208/2208/4206 2176/2180/4206
f 2141/2141/4207 2209/2209/4207 2173/2181/4207
f 2142/2142/4208 2169/2170/4208 2198/2206/4208
f 2200/2201/4209 2170/2175/4209 2130/2120/4209
f 2138/2144/4210 2214/2210/4210 2160/2152/4210
f 2155/2129/4211 2202/2192/4211 2161/2163/4211
f 2179/2183/4212 2162/2164/4212 2132/2131/4212
f 2187/2193/4213 2171/2176/4213 2139/2145/4213
f 2150/2154/4214 2193/2202/4214 2167/2158/4214
f 2180/2184/4215 2194/2194/4215 2174/2172/4215
f 2230/2211/4216 2204/2204/4216 2168/2147/4216
f 2183/2179/4217 2211/2212/4217 2184/2190/4217
f 2212/2213/4218 2164/2168/4218 2192/2186/4218
f 2158/2162/4219 2231/2214/4219 2197/2199/4219
f 2165/2169/4220 2213/2215/4220 2177/2128/4220
f 2188/2185/4221 2207/2207/4221 2151/2155/4221
f 2156/2161/4222 2207/2207/4222 2210/2216/4222
f 2152/2159/4223 2225/2217/4223 2181/2173/4223
f 2181/2173/4224 2203/2203/4224 2163/2165/4224
f 2175/2178/4225 2230/2211/4225 2168/2147/4225
f 2164/2168/4226 2231/2214/4226 2158/2162/4226
f 2141/2141/4227 2176/2180/4227 2209/2209/4227
f 2177/2128/4228 2200/2201/4228 2149/2151/4228
f 2138/2144/4229 2201/2187/4229 2214/2210/4229
f 2202/2192/4230 2216/2218/4230 2161/2163/4230
f 2161/2163/4231 2216/2218/4231 2185/2182/4231
f 2185/2182/4232 2179/2183/4232 2131/2130/4232
f 2242/2219/4233 2217/2220/4233 2162/2164/4233
f 2166/2171/4234 2193/2202/4234 2150/2154/4234
f 2180/2184/4235 2220/2221/4235 2194/2194/4235
f 2210/2216/4236 2225/2217/4236 2156/2161/4236
f 2156/2161/4237 2225/2217/4237 2152/2159/4237
f 2181/2173/4238 2226/2222/4238 2203/2203/4238
f 2205/2198/4239 2222/2223/4239 2191/2189/4239
f 2199/2200/4240 2239/2224/4240 2165/2169/4240
f 2217/2220/4241 2186/2188/4241 2162/2164/4241
f 2186/2188/4242 2187/2193/4242 2134/2153/4242
f 2218/2225/4243 2171/2176/4243 2187/2193/4243
f 2193/2202/4244 2219/2226/4244 2180/2184/4244
f 2173/2181/4245 2209/2209/4245 2169/2170/4245
f 2198/2206/4246 2233/2227/4246 2199/2200/4246
f 2216/2218/4247 2229/2228/4247 2185/2182/4247
f 2179/2183/4248 2242/2219/4248 2162/2164/4248
f 2224/2229/4249 2166/2171/4249 2171/2176/4249
f 2180/2184/4250 2219/2226/4250 2220/2221/4250
f 2221/2230/4251 2207/2207/4251 2188/2185/4251
f 2203/2203/4252 2190/2195/4252 2189/2166/4252
f 2182/2174/4253 2190/2195/4253 2249/2231/4253
f 2184/2190/4254 2227/2232/4254 2206/2205/4254
f 2212/2213/4255 2231/2214/4255 2164/2168/4255
f 2231/2214/4256 2236/2233/4256 2197/2199/4256
f 2176/2180/4257 2232/2234/4257 2209/2209/4257
f 2239/2224/4258 2213/2215/4258 2165/2169/4258
f 2217/2220/4259 2234/2235/4259 2186/2188/4259
f 2186/2188/4260 2234/2235/4260 2187/2193/4260
f 2196/2197/4261 2230/2211/4261 2175/2178/4261
f 2235/2236/4262 2222/2223/4262 2205/2198/4262
f 2184/2190/4263 2211/2212/4263 2227/2232/4263
f 2208/2208/4264 2237/2237/4264 2176/2180/4264
f 2169/2170/4265 2228/2238/4265 2198/2206/4265
f 2177/2128/4266 2213/2215/4266 2200/2201/4266
f 2200/2201/4267 2223/2239/4267 2170/2175/4267
f 2178/2191/4268 2241/2240/4268 2201/2187/4268
f 2195/2196/4269 2243/2241/4269 2172/2177/4269
f 2204/2204/4270 2235/2236/4270 2205/2198/4270
f 2206/2205/4271 2212/2213/4271 2192/2186/4271
f 2237/2237/4272 2238/2242/4272 2176/2180/4272
f 2238/2242/4273 2232/2234/4273 2176/2180/4273
f 2233/2227/4274 2239/2224/4274 2199/2200/4274
f 2239/2224/4275 2251/2243/4275 2213/2215/4275
f 2178/2191/4276 2244/2244/4276 2241/2240/4276
f 2214/2210/4277 2202/2192/4277 2160/2152/4277
f 2220/2221/4278 2246/2245/4278 2194/2194/4278
f 2194/2194/4279 2221/2230/4279 2188/2185/4279
f 2225/2217/4280 2226/2222/4280 2181/2173/4280
f 2215/2246/4281 2230/2211/4281 2196/2197/4281
f 2183/2179/4282 2191/2189/4282 2253/2247/4282
f 2236/2233/4283 2208/2208/4283 2197/2199/4283
f 2209/2209/4284 2261/2248/4284 2169/2170/4284
f 2261/2248/4285 2254/2249/4285 2169/2170/4285
f 2254/2249/4286 2228/2238/4286 2169/2170/4286
f 2218/2225/4287 2224/2229/4287 2171/2176/4287
f 2221/2230/4288 2247/2250/4288 2207/2207/4288
f 2247/2250/4289 2210/2216/4289 2207/2207/4289
f 2203/2203/4290 2256/2251/4290 2190/2195/4290
f 2232/2234/4291 2261/2248/4291 2209/2209/4291
f 2239/2224/4292 2250/2252/4292 2251/2243/4292
f 2223/2239/4293 2240/2253/4293 2170/2175/4293
f 2170/2175/4294 2244/2244/4294 2178/2191/4294
f 2229/2228/4295 2245/2254/4295 2185/2182/4295
f 2185/2182/4296 2245/2254/4296 2179/2183/4296
f 2245/2254/4297 2242/2219/4297 2179/2183/4297
f 2187/2193/4298 2252/2255/4298 2218/2225/4298
f 2166/2171/4299 2280/2256/4299 2193/2202/4299
f 2194/2194/4300 2246/2245/4300 2221/2230/4300
f 2226/2222/4301 2256/2251/4301 2203/2203/4301
f 2198/2206/4302 2228/2238/4302 2233/2227/4302
f 2233/2227/4303 2250/2252/4303 2239/2224/4303
f 2213/2215/4304 2263/2257/4304 2200/2201/4304
f 2264/2258/4305 2219/2226/4305 2193/2202/4305
f 2210/2216/4306 2255/2259/4306 2225/2217/4306
f 2225/2217/4307 2255/2259/4307 2248/2260/4307
f 2249/2231/4308 2258/2261/4308 2182/2174/4308
f 2259/2262/4309 2204/2204/4309 2230/2211/4309
f 2253/2247/4310 2257/2263/4310 2183/2179/4310
f 2206/2205/4311 2267/2264/4311 2212/2213/4311
f 2240/2253/4312 2244/2244/4312 2170/2175/4312
f 2201/2187/4313 2241/2240/4313 2214/2210/4313
f 2280/2256/4314 2264/2258/4314 2193/2202/4314
f 2264/2258/4315 2265/2265/4315 2219/2226/4315
f 2246/2245/4316 2282/2266/4316 2221/2230/4316
f 2221/2230/4317 2282/2266/4317 2247/2250/4317
f 2182/2174/4318 2258/2261/4318 2195/2196/4318
f 2191/2189/4319 2222/2223/4319 2253/2247/4319
f 2267/2264/4320 2206/2205/4320 2227/2232/4320
f 2251/2243/4321 2262/2267/4321 2213/2215/4321
f 2200/2201/4322 2263/2257/4322 2223/2239/4322
f 2242/2219/4323 2268/2268/4323 2217/2220/4323
f 2187/2193/4324 2234/2235/4324 2252/2255/4324
f 2292/2269/4325 2280/2256/4325 2166/2171/4325
f 2210/2216/4326 2247/2250/4326 2255/2259/4326
f 2195/2196/4327 2270/2270/4327 2243/2241/4327
f 2230/2211/4328 2215/2246/4328 2266/2271/4328
f 2235/2236/4329 2253/2247/4329 2222/2223/4329
f 2257/2263/4330 2211/2212/4330 2183/2179/4330
f 2212/2213/4331 2275/2272/4331 2231/2214/4331
f 2236/2233/4332 2271/2273/4332 2208/2208/4332
f 2254/2249/4333 2272/2274/4333 2228/2238/4333
f 2262/2267/4334 2263/2257/4334 2213/2215/4334
f 2245/2254/4335 2278/2275/4335 2242/2219/4335
f 2219/2226/4336 2265/2265/4336 2220/2221/4336
f 2288/2276/4337 2226/2222/4337 2225/2217/4337
f 2256/2251/4338 2274/2277/4338 2190/2195/4338
f 2257/2263/4339 2260/2278/4339 2211/2212/4339
f 2208/2208/4340 2271/2273/4340 2237/2237/4340
f 2276/2279/4341 2238/2242/4341 2237/2237/4341
f 2251/2243/4342 2273/2280/4342 2262/2267/4342
f 2311/2281/4343 2268/2268/4343 2242/2219/4343
f 2217/2220/4344 2279/2282/4344 2234/2235/4344
f 2218/2225/4345 2252/2255/4345 2224/2229/4345
f 2265/2265/4346 2281/2283/4346 2220/2221/4346
f 2247/2250/4347 2269/2284/4347 2255/2259/4347
f 2309/2285/4348 2256/2251/4348 2226/2222/4348
f 2267/2264/4349 2283/2286/4349 2212/2213/4349
f 2284/2287/4350 2285/2288/4350 2261/2248/4350
f 2233/2227/4351 2286/2289/4351 2250/2252/4351
f 2262/2267/4352 2277/2290/4352 2263/2257/4352
f 2229/2228/4353 2278/2275/4353 2245/2254/4353
f 2278/2275/4354 2311/2281/4354 2242/2219/4354
f 2268/2268/4355 2279/2282/4355 2217/2220/4355
f 2220/2221/4356 2281/2283/4356 2246/2245/4356
f 2282/2266/4357 2269/2284/4357 2247/2250/4357
f 2274/2277/4358 2304/2291/4358 2190/2195/4358
f 2190/2195/4359 2304/2291/4359 2249/2231/4359
f 2230/2211/4360 2266/2271/4360 2259/2262/4360
f 2211/2212/4361 2260/2278/4361 2227/2232/4361
f 2283/2286/4362 2275/2272/4362 2212/2213/4362
f 2275/2272/4363 2289/2292/4363 2231/2214/4363
f 2231/2214/4364 2289/2292/4364 2236/2233/4364
f 2289/2292/4365 2271/2273/4365 2236/2233/4365
f 2271/2273/4366 2276/2279/4366 2237/2237/4366
f 2232/2234/4367 2284/2287/4367 2261/2248/4367
f 2285/2288/4368 2254/2249/4368 2261/2248/4368
f 2229/2228/4369 2291/2293/4369 2278/2275/4369
f 2279/2282/4370 2252/2255/4370 2234/2235/4370
f 2252/2255/4371 2293/2294/4371 2224/2229/4371
f 2224/2229/4372 2292/2269/4372 2166/2171/4372
f 2248/2260/4373 2294/2295/4373 2225/2217/4373
f 2238/2242/4374 2276/2279/4374 2232/2234/4374
f 2228/2238/4375 2299/2296/4375 2233/2227/4375
f 2250/2252/4376 2273/2280/4376 2251/2243/4376
f 2223/2239/4377 2290/2297/4377 2240/2253/4377
f 2214/2210/4378 2316/2298/4378 2202/2192/4378
f 2281/2283/4379 2282/2266/4379 2246/2245/4379
f 2255/2259/4380 2294/2295/4380 2248/2260/4380
f 2294/2295/4381 2288/2276/4381 2225/2217/4381
f 2226/2222/4382 2288/2276/4382 2309/2285/4382
f 2309/2285/4383 2295/2299/4383 2256/2251/4383
f 2260/2278/4384 2297/2300/4384 2227/2232/4384
f 2227/2232/4385 2297/2300/4385 2267/2264/4385
f 2276/2279/4386 2298/2301/4386 2232/2234/4386
f 2232/2234/4387 2298/2301/4387 2284/2287/4387
f 2272/2274/4388 2299/2296/4388 2228/2238/4388
f 2250/2252/4389 2286/2289/4389 2273/2280/4389
f 2263/2257/4390 2300/2302/4390 2223/2239/4390
f 2202/2192/4391 2316/2298/4391 2216/2218/4391
f 2216/2218/4392 2291/2293/4392 2229/2228/4392
f 2287/2303/4393 2279/2282/4393 2268/2268/4393
f 2279/2282/4394 2308/2304/4394 2252/2255/4394
f 2252/2255/4395 2302/2305/4395 2293/2294/4395
f 2304/2291/4396 2305/2306/4396 2249/2231/4396
f 2305/2306/4397 2258/2261/4397 2249/2231/4397
f 2271/2273/4398 2307/2307/4398 2276/2279/4398
f 2300/2302/4399 2290/2297/4399 2223/2239/4399
f 2316/2298/4400 2301/2308/4400 2216/2218/4400
f 2301/2308/4401 2291/2293/4401 2216/2218/4401
f 2268/2268/4402 2312/2309/4402 2287/2303/4402
f 2293/2294/4403 2292/2269/4403 2224/2229/4403
f 2281/2283/4404 2303/2310/4404 2282/2266/4404
f 2256/2251/4405 2295/2299/4405 2274/2277/4405
f 2274/2277/4406 2323/2311/4406 2304/2291/4406
f 2270/2270/4407 2306/2312/4407 2243/2241/4407
f 2285/2288/4408 2272/2274/4408 2254/2249/4408
f 2233/2227/4409 2299/2296/4409 2286/2289/4409
f 2277/2290/4410 2300/2302/4410 2263/2257/4410
f 2291/2293/4411 2311/2281/4411 2278/2275/4411
f 2313/2313/4412 2269/2284/4412 2282/2266/4412
f 2259/2262/4413 2296/2314/4413 2204/2204/4413
f 2253/2247/4414 2314/2315/4414 2257/2263/4414
f 2273/2280/4415 2315/2316/4415 2262/2267/4415
f 2241/2240/4416 2316/2298/4416 2214/2210/4416
f 2311/2281/4417 2312/2309/4417 2268/2268/4417
f 2280/2256/4418 2317/2317/4418 2264/2258/4418
f 2264/2258/4419 2321/2318/4419 2265/2265/4419
f 2258/2261/4420 2270/2270/4420 2195/2196/4420
f 2296/2314/4421 2235/2236/4421 2204/2204/4421
f 2284/2287/4422 2318/2319/4422 2285/2288/4422
f 2285/2288/4423 2324/2320/4423 2272/2274/4423
f 2272/2274/4424 2319/2321/4424 2299/2296/4424
f 2262/2267/4425 2315/2316/4425 2277/2290/4425
f 2240/2253/4426 2320/2322/4426 2244/2244/4426
f 2321/2318/4427 2281/2283/4427 2265/2265/4427
f 2281/2283/4428 2322/2323/4428 2303/2310/4428
f 2303/2310/4429 2313/2313/4429 2282/2266/4429
f 2235/2236/4430 2314/2315/4430 2253/2247/4430
f 2324/2320/4431 2319/2321/4431 2272/2274/4431
f 2277/2290/4432 2325/2324/4432 2300/2302/4432
f 2316/2298/4433 2338/2325/4433 2301/2308/4433
f 2312/2309/4434 2327/2326/4434 2287/2303/4434
f 2279/2282/4435 2332/2327/4435 2308/2304/4435
f 2310/2328/4436 2266/2271/4436 2215/2246/4436
f 2296/2314/4437 2328/2329/4437 2235/2236/4437
f 2260/2278/4438 2329/2330/4438 2297/2300/4438
f 2297/2300/4439 2283/2286/4439 2267/2264/4439
f 2289/2292/4440 2307/2307/4440 2271/2273/4440
f 2276/2279/4441 2330/2331/4441 2298/2301/4441
f 2284/2287/4442 2298/2301/4442 2318/2319/4442
f 2311/2281/4443 2326/2332/4443 2312/2309/4443
f 2287/2303/4444 2331/2333/4444 2279/2282/4444
f 2252/2255/4445 2345/2334/4445 2302/2305/4445
f 2293/2294/4446 2333/2335/4446 2292/2269/4446
f 2292/2269/4447 2333/2335/4447 2280/2256/4447
f 2305/2306/4448 2334/2336/4448 2258/2261/4448
f 2235/2236/4449 2328/2329/4449 2314/2315/4449
f 2335/2337/4450 2275/2272/4450 2283/2286/4450
f 2300/2302/4451 2337/2338/4451 2290/2297/4451
f 2240/2253/4452 2290/2297/4452 2320/2322/4452
f 2331/2333/4453 2332/2327/4453 2279/2282/4453
f 2308/2304/4454 2345/2334/4454 2252/2255/4454
f 2280/2256/4455 2333/2335/4455 2317/2317/4455
f 2334/2336/4456 2270/2270/4456 2258/2261/4456
f 2260/2278/4457 2339/2339/4457 2329/2330/4457
f 2275/2272/4458 2340/2340/4458 2289/2292/4458
f 2307/2307/4459 2330/2331/4459 2276/2279/4459
f 2318/2319/4460 2324/2320/4460 2285/2288/4460
f 2319/2321/4461 2341/2341/4461 2299/2296/4461
f 2299/2296/4462 2341/2341/4462 2286/2289/4462
f 2343/2342/4463 2291/2293/4463 2301/2308/4463
f 2317/2317/4464 2321/2318/4464 2264/2258/4464
f 2321/2318/4465 2322/2323/4465 2281/2283/4465
f 2274/2277/4466 2381/2343/4466 2323/2311/4466
f 2297/2300/4467 2335/2337/4467 2283/2286/4467
f 2273/2280/4468 2336/2344/4468 2315/2316/4468
f 2291/2293/4469 2344/2345/4469 2311/2281/4469
f 2269/2284/4470 2347/2346/4470 2255/2259/4470
f 2295/2299/4471 2381/2343/4471 2274/2277/4471
f 2314/2315/4472 2260/2278/4472 2257/2263/4472
f 2350/2347/4473 2340/2340/4473 2275/2272/4473
f 2340/2340/4474 2307/2307/4474 2289/2292/4474
f 2286/2289/4475 2336/2344/4475 2273/2280/4475
f 2344/2345/4476 2326/2332/4476 2311/2281/4476
f 2327/2326/4477 2331/2333/4477 2287/2303/4477
f 2347/2346/4478 2294/2295/4478 2255/2259/4478
f 2323/2311/4479 2305/2306/4479 2304/2291/4479
f 2296/2314/4480 2420/2348/4480 2328/2329/4480
f 2314/2315/4481 2369/2349/4481 2260/2278/4481
f 2335/2337/4482 2350/2347/4482 2275/2272/4482
f 2298/2301/4483 2348/2350/4483 2318/2319/4483
f 2318/2319/4484 2352/2351/4484 2324/2320/4484
f 2324/2320/4485 2352/2351/4485 2319/2321/4485
f 2286/2289/4486 2353/2352/4486 2336/2344/4486
f 2315/2316/4487 2354/2353/4487 2277/2290/4487
f 2337/2338/4488 2355/2354/4488 2290/2297/4488
f 2241/2240/4489 2359/2355/4489 2316/2298/4489
f 2343/2342/4490 2344/2345/4490 2291/2293/4490
f 2293/2294/4491 2360/2356/4491 2333/2335/4491
f 2346/2357/4492 2322/2323/4492 2321/2318/4492
f 2313/2313/4493 2356/2358/4493 2269/2284/4493
f 2270/2270/4494 2357/2359/4494 2306/2312/4494
f 2259/2262/4495 2358/2360/4495 2296/2314/4495
f 2328/2329/4496 2349/2361/4496 2314/2315/4496
f 2354/2353/4497 2325/2324/4497 2277/2290/4497
f 2244/2244/4498 2359/2355/4498 2241/2240/4498
f 2301/2308/4499 2338/2325/4499 2343/2342/4499
f 2326/2332/4500 2361/2362/4500 2312/2309/4500
f 2308/2304/4501 2332/2327/4501 2345/2334/4501
f 2374/2363/4502 2303/2310/4502 2322/2323/4502
f 2356/2358/4503 2347/2346/4503 2269/2284/4503
f 2296/2314/4504 2358/2360/4504 2420/2348/4504
f 2298/2301/4505 2330/2331/4505 2351/2364/4505
f 2286/2289/4506 2341/2341/4506 2353/2352/4506
f 2359/2355/4507 2342/2365/4507 2316/2298/4507
f 2342/2365/4508 2338/2325/4508 2316/2298/4508
f 2344/2345/4509 2361/2362/4509 2326/2332/4509
f 2312/2309/4510 2361/2362/4510 2327/2326/4510
f 2302/2305/4511 2373/2366/4511 2293/2294/4511
f 2317/2317/4512 2346/2357/4512 2321/2318/4512
f 2347/2346/4513 2288/2276/4513 2294/2295/4513
f 2309/2285/4514 2366/2367/4514 2295/2299/4514
f 2358/2360/4515 2259/2262/4515 2266/2271/4515
f 2329/2330/4516 2335/2337/4516 2297/2300/4516
f 2319/2321/4517 2352/2351/4517 2370/2368/4517
f 2336/2344/4518 2363/2369/4518 2315/2316/4518
f 2300/2302/4519 2364/2370/4519 2337/2338/4519
f 2355/2354/4520 2320/2322/4520 2290/2297/4520
f 2244/2244/4521 2377/2371/4521 2359/2355/4521
f 2332/2327/4522 2365/2372/4522 2345/2334/4522
f 2381/2343/4523 2362/2373/4523 2323/2311/4523
f 2323/2311/4524 2367/2374/4524 2305/2306/4524
f 2420/2348/4525 2368/2375/4525 2328/2329/4525
f 2307/2307/4526 2376/2376/4526 2330/2331/4526
f 2298/2301/4527 2351/2364/4527 2348/2350/4527
f 2348/2350/4528 2352/2351/4528 2318/2319/4528
f 2319/2321/4529 2370/2368/4529 2341/2341/4529
f 2300/2302/4530 2325/2324/4530 2364/2370/4530
f 2343/2342/4531 2378/2377/4531 2344/2345/4531
f 2346/2357/4532 2385/2378/4532 2322/2323/4532
f 2303/2310/4533 2375/2379/4533 2313/2313/4533
f 2356/2358/4534 2380/2380/4534 2347/2346/4534
f 2295/2299/4535 2366/2367/4535 2381/2343/4535
f 2334/2336/4536 2357/2359/4536 2270/2270/4536
f 2310/2328/4537 2386/2381/4537 2266/2271/4537
f 2260/2278/4538 2369/2349/4538 2339/2339/4538
f 2336/2344/4539 2353/2352/4539 2363/2369/4539
f 2320/2322/4540 2377/2371/4540 2244/2244/4540
f 2372/2382/4541 2343/2342/4541 2338/2325/4541
f 2361/2362/4542 2379/2383/4542 2327/2326/4542
f 2327/2326/4543 2391/2384/4543 2331/2333/4543
f 2293/2294/4544 2373/2366/4544 2360/2356/4544
f 2385/2378/4545 2374/2363/4545 2322/2323/4545
f 2362/2373/4546 2367/2374/4546 2323/2311/4546
f 2305/2306/4547 2367/2374/4547 2334/2336/4547
f 2349/2361/4548 2369/2349/4548 2314/2315/4548
f 2339/2339/4549 2382/2385/4549 2329/2330/4549
f 2382/2385/4550 2335/2337/4550 2329/2330/4550
f 2340/2340/4551 2376/2376/4551 2307/2307/4551
f 2330/2331/4552 2383/2386/4552 2351/2364/4552
f 2363/2369/4553 2354/2353/4553 2315/2316/4553
f 2354/2353/4554 2371/2387/4554 2325/2324/4554
f 2331/2333/4555 2384/2388/4555 2332/2327/4555
f 2384/2388/4556 2365/2372/4556 2332/2327/4556
f 2333/2335/4557 2400/2389/4557 2317/2317/4557
f 2393/2390/4558 2309/2285/4558 2288/2276/4558
f 2266/2271/4559 2386/2381/4559 2358/2360/4559
f 2352/2351/4560 2402/2391/4560 2370/2368/4560
f 2325/2324/4561 2371/2387/4561 2364/2370/4561
f 2355/2354/4562 2377/2371/4562 2320/2322/4562
f 2345/2334/4563 2389/2392/4563 2302/2305/4563
f 2317/2317/4564 2400/2389/4564 2346/2357/4564
f 2303/2310/4565 2374/2363/4565 2375/2379/4565
f 2335/2337/4566 2388/2393/4566 2350/2347/4566
f 2341/2341/4567 2390/2394/4567 2353/2352/4567
f 2379/2383/4568 2391/2384/4568 2327/2326/4568
f 2391/2384/4569 2384/2388/4569 2331/2333/4569
f 2302/2305/4570 2389/2392/4570 2373/2366/4570
f 2347/2346/4571 2393/2390/4571 2288/2276/4571
f 2366/2367/4572 2433/2395/4572 2381/2343/4572
f 2310/2328/4573 2394/2396/4573 2386/2381/4573
f 2328/2329/4574 2368/2375/4574 2349/2361/4574
f 2369/2349/4575 2387/2397/4575 2339/2339/4575
f 2388/2393/4576 2340/2340/4576 2350/2347/4576
f 2396/2398/4577 2363/2369/4577 2353/2352/4577
f 2364/2370/4578 2355/2354/4578 2337/2338/4578
f 2344/2345/4579 2378/2377/4579 2361/2362/4579
f 2365/2372/4580 2392/2399/4580 2345/2334/4580
f 2373/2366/4581 2399/2400/4581 2360/2356/4581
f 2360/2356/4582 2400/2389/4582 2333/2335/4582
f 2393/2390/4583 2366/2367/4583 2309/2285/4583
f 2349/2361/4584 2421/2401/4584 2369/2349/4584
f 2421/2401/4585 2387/2397/4585 2369/2349/4585
f 2335/2337/4586 2395/2402/4586 2388/2393/4586
f 2340/2340/4587 2409/2403/4587 2376/2376/4587
f 2376/2376/4588 2410/2404/4588 2330/2331/4588
f 2364/2370/4589 2404/2405/4589 2355/2354/4589
f 2355/2354/4590 2397/2406/4590 2377/2371/4590
f 2398/2407/4591 2359/2355/4591 2377/2371/4591
f 2378/2377/4592 2405/2408/4592 2361/2362/4592
f 2375/2379/4593 2356/2358/4593 2313/2313/4593
f 2368/2375/4594 2407/2409/4594 2349/2361/4594
f 2388/2393/4595 2409/2403/4595 2340/2340/4595
f 2351/2364/4596 2352/2351/4596 2348/2350/4596
f 2417/2410/4597 2402/2391/4597 2352/2351/4597
f 2341/2341/4598 2418/2411/4598 2390/2394/4598
f 2354/2353/4599 2411/2412/4599 2371/2387/4599
f 2372/2382/4600 2413/2413/4600 2343/2342/4600
f 2343/2342/4601 2413/2413/4601 2378/2377/4601
f 2405/2408/4602 2379/2383/4602 2361/2362/4602
f 2345/2334/4603 2392/2399/4603 2389/2392/4603
f 2393/2390/4604 2415/2414/4604 2366/2367/4604
f 2382/2385/4605 2408/2415/4605 2335/2337/4605
f 2424/2416/4606 2409/2403/4606 2388/2393/4606
f 2383/2386/4607 2429/2417/4607 2351/2364/4607
f 2351/2364/4608 2417/2410/4608 2352/2351/4608
f 2370/2368/4609 2402/2391/4609 2403/2418/4609
f 2370/2368/4610 2403/2418/4610 2341/2341/4610
f 2403/2418/4611 2418/2411/4611 2341/2341/4611
f 2390/2394/4612 2396/2398/4612 2353/2352/4612
f 2377/2371/4613 2397/2406/4613 2398/2407/4613
f 2389/2392/4614 2399/2400/4614 2373/2366/4614
f 2400/2389/4615 2423/2419/4615 2346/2357/4615
f 2346/2357/4616 2423/2419/4616 2385/2378/4616
f 2385/2378/4617 2414/2420/4617 2374/2363/4617
f 2374/2363/4618 2414/2420/4618 2375/2379/4618
f 2381/2343/4619 2433/2395/4619 2362/2373/4619
f 2433/2395/4620 2401/2421/4620 2362/2373/4620
f 2362/2373/4621 2401/2421/4621 2367/2374/4621
f 2334/2336/4622 2406/2422/4622 2357/2359/4622
f 2406/2422/4623 2416/2423/4623 2357/2359/4623
f 2408/2415/4624 2395/2402/4624 2335/2337/4624
f 2330/2331/4625 2422/2424/4625 2383/2386/4625
f 2355/2354/4626 2412/2425/4626 2397/2406/4626
f 2387/2397/4627 2428/2426/4627 2339/2339/4627
f 2339/2339/4628 2428/2426/4628 2382/2385/4628
f 2410/2404/4629 2422/2424/4629 2330/2331/4629
f 2354/2353/4630 2363/2369/4630 2411/2412/4630
f 2404/2405/4631 2412/2425/4631 2355/2354/4631
f 2360/2356/4632 2399/2400/4632 2400/2389/4632
f 2375/2379/4633 2427/2427/4633 2356/2358/4633
f 2401/2421/4634 2419/2428/4634 2367/2374/4634
f 2376/2376/4635 2409/2403/4635 2410/2404/4635
f 2390/2394/4636 2430/2429/4636 2396/2398/4636
f 2342/2365/4637 2425/2430/4637 2338/2325/4637
f 2338/2325/4638 2425/2430/4638 2372/2382/4638
f 2413/2413/4639 2426/2431/4639 2378/2377/4639
f 2378/2377/4640 2426/2431/4640 2405/2408/4640
f 2399/2400/4641 2431/2432/4641 2400/2389/4641
f 2431/2432/4642 2423/2419/4642 2400/2389/4642
f 2385/2378/4643 2423/2419/4643 2414/2420/4643
f 2347/2346/4644 2443/2433/4644 2393/2390/4644
f 2443/2433/4645 2415/2414/4645 2393/2390/4645
f 2367/2374/4646 2406/2422/4646 2334/2336/4646
f 2368/2375/4647 2420/2348/4647 2407/2409/4647
f 2428/2426/4648 2434/2434/4648 2382/2385/4648
f 2418/2411/4649 2430/2429/4649 2390/2394/4649
f 2435/2435/4650 2411/2412/4650 2363/2369/4650
f 2398/2407/4651 2437/2436/4651 2359/2355/4651
f 2359/2355/4652 2437/2436/4652 2342/2365/4652
f 2342/2365/4653 2438/2437/4653 2425/2430/4653
f 2405/2408/4654 2439/2438/4654 2379/2383/4654
f 2379/2383/4655 2440/2439/4655 2391/2384/4655
f 2380/2380/4656 2443/2433/4656 2347/2346/4656
f 2408/2415/4657 2461/2440/4657 2395/2402/4657
f 2395/2402/4658 2461/2440/4658 2388/2393/4658
f 2403/2418/4659 2444/2441/4659 2418/2411/4659
f 2396/2398/4660 2445/2442/4660 2363/2369/4660
f 2371/2387/4661 2411/2412/4661 2364/2370/4661
f 2364/2370/4662 2436/2443/4662 2404/2405/4662
f 2439/2438/4663 2440/2439/4663 2379/2383/4663
f 2391/2384/4664 2446/2444/4664 2384/2388/4664
f 2441/2445/4665 2392/2399/4665 2365/2372/4665
f 2392/2399/4666 2442/2446/4666 2389/2392/4666
f 2389/2392/4667 2442/2446/4667 2399/2400/4667
f 2375/2379/4668 2414/2420/4668 2427/2427/4668
f 2356/2358/4669 2456/2447/4669 2380/2380/4669
f 2386/2381/4670 2447/2448/4670 2358/2360/4670
f 2358/2360/4671 2447/2448/4671 2420/2348/4671
f 2351/2364/4672 2429/2417/4672 2417/2410/4672
f 2417/2410/4673 2403/2418/4673 2402/2391/4673
f 2437/2436/4674 2438/2437/4674 2342/2365/4674
f 2425/2430/4675 2413/2413/4675 2372/2382/4675
f 2432/2449/4676 2426/2431/4676 2413/2413/4676
f 2405/2408/4677 2426/2431/4677 2439/2438/4677
f 2384/2388/4678 2446/2444/4678 2365/2372/4678
f 2441/2445/4679 2442/2446/4679 2392/2399/4679
f 2423/2419/4680 2449/2450/4680 2414/2420/4680
f 2367/2374/4681 2419/2428/4681 2406/2422/4681
f 2420/2348/4682 2451/2451/4682 2407/2409/4682
f 2349/2361/4683 2452/2452/4683 2421/2401/4683
f 2388/2393/4684 2486/2453/4684 2424/2416/4684
f 2418/2411/4685 2444/2441/4685 2430/2429/4685
f 2363/2369/4686 2445/2442/4686 2435/2435/4686
f 2404/2405/4687 2454/2454/4687 2412/2425/4687
f 2391/2384/4688 2440/2439/4688 2446/2444/4688
f 2399/2400/4689 2448/2455/4689 2431/2432/4689
f 2431/2432/4690 2449/2450/4690 2423/2419/4690
f 2427/2427/4691 2456/2447/4691 2356/2358/4691
f 2428/2426/4692 2466/2456/4692 2434/2434/4692
f 2434/2434/4693 2408/2415/4693 2382/2385/4693
f 2403/2418/4694 2457/2457/4694 2444/2441/4694
f 2364/2370/4695 2411/2412/4695 2453/2458/4695
f 2364/2370/4696 2453/2458/4696 2436/2443/4696
f 2404/2405/4697 2436/2443/4697 2454/2454/4697
f 2425/2430/4698 2432/2449/4698 2413/2413/4698
f 2433/2395/4699 2464/2459/4699 2401/2421/4699
f 2401/2421/4700 2464/2459/4700 2419/2428/4700
f 2394/2396/4701 2447/2448/4701 2386/2381/4701
f 2407/2409/4702 2452/2452/4702 2349/2361/4702
f 2421/2401/4703 2460/2460/4703 2387/2397/4703
f 2434/2434/4704 2461/2440/4704 2408/2415/4704
f 2462/2461/4705 2388/2393/4705 2461/2440/4705
f 2422/2424/4706 2429/2417/4706 2383/2386/4706
f 2412/2425/4707 2458/2462/4707 2397/2406/4707
f 2438/2437/4708 2463/2463/4708 2425/2430/4708
f 2432/2449/4709 2472/2464/4709 2426/2431/4709
f 2441/2445/4710 2469/2465/4710 2442/2446/4710
f 2449/2450/4711 2455/2466/4711 2414/2420/4711
f 2455/2466/4712 2427/2427/4712 2414/2420/4712
f 2427/2427/4713 2470/2467/4713 2456/2447/4713
f 2380/2380/4714 2456/2447/4714 2443/2433/4714
f 2415/2414/4715 2433/2395/4715 2366/2367/4715
f 2464/2459/4716 2450/2468/4716 2419/2428/4716
f 2447/2448/4717 2465/2469/4717 2420/2348/4717
f 2420/2348/4718 2465/2469/4718 2451/2451/4718
f 2452/2452/4719 2460/2460/4719 2421/2401/4719
f 2466/2456/4720 2428/2426/4720 2387/2397/4720
f 2388/2393/4721 2462/2461/4721 2486/2453/4721
f 2409/2403/4722 2424/2416/4722 2410/2404/4722
f 2454/2454/4723 2458/2462/4723 2412/2425/4723
f 2365/2372/4724 2446/2444/4724 2441/2445/4724
f 2399/2400/4725 2442/2446/4725 2448/2455/4725
f 2456/2447/4726 2459/2470/4726 2443/2433/4726
f 2443/2433/4727 2485/2471/4727 2415/2414/4727
f 2415/2414/4728 2471/2472/4728 2433/2395/4728
f 2424/2416/4729 2486/2453/4729 2467/2473/4729
f 2424/2416/4730 2467/2473/4730 2410/2404/4730
f 2417/2410/4731 2480/2474/4731 2403/2418/4731
f 2425/2430/4732 2463/2463/4732 2432/2449/4732
f 2470/2467/4733 2475/2475/4733 2456/2447/4733
f 2394/2396/4734 2477/2476/4734 2447/2448/4734
f 2460/2460/4735 2466/2456/4735 2387/2397/4735
f 2422/2424/4736 2478/2477/4736 2429/2417/4736
f 2403/2418/4737 2498/2478/4737 2457/2457/4737
f 2444/2441/4738 2481/2479/4738 2430/2429/4738
f 2445/2442/4739 2482/2480/4739 2435/2435/4739
f 2482/2480/4740 2411/2412/4740 2435/2435/4740
f 2472/2464/4741 2473/2481/4741 2426/2431/4741
f 2473/2481/4742 2439/2438/4742 2426/2431/4742
f 2446/2444/4743 2468/2482/4743 2441/2445/4743
f 2468/2482/4744 2483/2483/4744 2441/2445/4744
f 2455/2466/4745 2474/2484/4745 2427/2427/4745
f 2475/2475/4746 2484/2485/4746 2456/2447/4746
f 2484/2485/4747 2459/2470/4747 2456/2447/4747
f 2459/2470/4748 2485/2471/4748 2443/2433/4748
f 2417/2410/4749 2429/2417/4749 2479/2486/4749
f 2430/2429/4750 2445/2442/4750 2396/2398/4750
f 2436/2443/4751 2453/2458/4751 2454/2454/4751
f 2397/2406/4752 2488/2487/4752 2398/2407/4752
f 2483/2483/4753 2469/2465/4753 2441/2445/4753
f 2433/2395/4754 2471/2472/4754 2464/2459/4754
f 2419/2428/4755 2476/2488/4755 2406/2422/4755
f 2476/2488/4756 2490/2489/4756 2406/2422/4756
f 2406/2422/4757 2490/2489/4757 2416/2423/4757
f 2429/2417/4758 2478/2477/4758 2479/2486/4758
f 2457/2457/4759 2481/2479/4759 2444/2441/4759
f 2430/2429/4760 2493/2490/4760 2445/2442/4760
f 2445/2442/4761 2524/2491/4761 2482/2480/4761
f 2398/2407/4762 2488/2487/4762 2437/2436/4762
f 2432/2449/4763 2489/2492/4763 2472/2464/4763
f 2439/2438/4764 2509/2493/4764 2440/2439/4764
f 2509/2493/4765 2446/2444/4765 2440/2439/4765
f 2469/2465/4766 2494/2494/4766 2442/2446/4766
f 2442/2446/4767 2506/2495/4767 2448/2455/4767
f 2448/2455/4768 2449/2450/4768 2431/2432/4768
f 2415/2414/4769 2495/2496/4769 2471/2472/4769
f 2467/2473/4770 2492/2497/4770 2410/2404/4770
f 2479/2486/4771 2480/2474/4771 2417/2410/4771
f 2482/2480/4772 2453/2458/4772 2411/2412/4772
f 2453/2458/4773 2487/2498/4773 2454/2454/4773
f 2474/2484/4774 2470/2467/4774 2427/2427/4774
f 2485/2471/4775 2495/2496/4775 2415/2414/4775
f 2407/2409/4776 2497/2499/4776 2452/2452/4776
f 2410/2404/4777 2492/2497/4777 2422/2424/4777
f 2492/2497/4778 2478/2477/4778 2422/2424/4778
f 2480/2474/4779 2498/2478/4779 2403/2418/4779
f 2481/2479/4780 2493/2490/4780 2430/2429/4780
f 2493/2490/4781 2524/2491/4781 2445/2442/4781
f 2463/2463/4782 2504/2500/4782 2432/2449/4782
f 2472/2464/4783 2515/2501/4783 2473/2481/4783
f 2439/2438/4784 2473/2481/4784 2509/2493/4784
f 2448/2455/4785 2510/2502/4785 2449/2450/4785
f 2449/2450/4786 2507/2503/4786 2455/2466/4786
f 2450/2468/4787 2476/2488/4787 2419/2428/4787
f 2460/2460/4788 2500/2504/4788 2466/2456/4788
f 2434/2434/4789 2491/2505/4789 2461/2440/4789
f 2397/2406/4790 2458/2462/4790 2488/2487/4790
f 2488/2487/4791 2502/2506/4791 2437/2436/4791
f 2437/2436/4792 2502/2506/4792 2438/2437/4792
f 2438/2437/4793 2503/2507/4793 2463/2463/4793
f 2432/2449/4794 2504/2500/4794 2489/2492/4794
f 2473/2481/4795 2505/2508/4795 2509/2493/4795
f 2469/2465/4796 2483/2483/4796 2499/2509/4796
f 2494/2494/4797 2506/2495/4797 2442/2446/4797
f 2477/2476/4798 2508/2510/4798 2447/2448/4798
f 2452/2452/4799 2522/2511/4799 2460/2460/4799
f 2522/2511/4800 2500/2504/4800 2460/2460/4800
f 2466/2456/4801 2500/2504/4801 2434/2434/4801
f 2454/2454/4802 2537/2512/4802 2458/2462/4802
f 2446/2444/4803 2483/2483/4803 2468/2482/4803
f 2500/2504/4804 2491/2505/4804 2434/2434/4804
f 2491/2505/4805 2501/2513/4805 2461/2440/4805
f 2486/2453/4806 2517/2514/4806 2467/2473/4806
f 2517/2514/4807 2543/2515/4807 2467/2473/4807
f 2498/2478/4808 2512/2516/4808 2457/2457/4808
f 2482/2480/4809 2513/2517/4809 2453/2458/4809
f 2487/2498/4810 2514/2518/4810 2454/2454/4810
f 2502/2506/4811 2503/2507/4811 2438/2437/4811
f 2489/2492/4812 2515/2501/4812 2472/2464/4812
f 2469/2465/4813 2499/2509/4813 2494/2494/4813
f 2506/2495/4814 2510/2502/4814 2448/2455/4814
f 2510/2502/4815 2507/2503/4815 2449/2450/4815
f 2507/2503/4816 2532/2519/4816 2455/2466/4816
f 2541/2520/4817 2475/2475/4817 2470/2467/4817
f 2484/2485/4818 2511/2521/4818 2459/2470/4818
f 2461/2440/4819 2501/2513/4819 2462/2461/4819
f 2478/2477/4820 2518/2522/4820 2479/2486/4820
f 2457/2457/4821 2512/2516/4821 2481/2479/4821
f 2524/2491/4822 2519/2523/4822 2482/2480/4822
f 2453/2458/4823 2513/2517/4823 2487/2498/4823
f 2516/2524/4824 2499/2509/4824 2483/2483/4824
f 2477/2476/4825 2496/2525/4825 2508/2510/4825
f 2462/2461/4826 2517/2514/4826 2486/2453/4826
f 2492/2497/4827 2523/2526/4827 2478/2477/4827
f 2519/2523/4828 2513/2517/4828 2482/2480/4828
f 2446/2444/4829 2530/2527/4829 2483/2483/4829
f 2507/2503/4830 2531/2528/4830 2532/2519/4830
f 2474/2484/4831 2541/2520/4831 2470/2467/4831
f 2471/2472/4832 2520/2529/4832 2464/2459/4832
f 2447/2448/4833 2508/2510/4833 2465/2469/4833
f 2521/2530/4834 2497/2499/4834 2407/2409/4834
f 2467/2473/4835 2527/2531/4835 2492/2497/4835
f 2515/2501/4836 2529/2532/4836 2473/2481/4836
f 2509/2493/4837 2530/2527/4837 2446/2444/4837
f 2451/2451/4838 2521/2530/4838 2407/2409/4838
f 2535/2533/4839 2462/2461/4839 2501/2513/4839
f 2535/2533/4840 2517/2514/4840 2462/2461/4840
f 2481/2479/4841 2536/2534/4841 2493/2490/4841
f 2538/2535/4842 2488/2487/4842 2458/2462/4842
f 2473/2481/4843 2529/2532/4843 2505/2508/4843
f 2455/2466/4844 2539/2536/4844 2474/2484/4844
f 2540/2537/4845 2476/2488/4845 2450/2468/4845
f 2497/2499/4846 2522/2511/4846 2452/2452/4846
f 2522/2511/4847 2534/2538/4847 2500/2504/4847
f 2543/2515/4848 2527/2531/4848 2467/2473/4848
f 2523/2526/4849 2518/2522/4849 2478/2477/4849
f 2545/2539/4850 2498/2478/4850 2480/2474/4850
f 2512/2516/4851 2536/2534/4851 2481/2479/4851
f 2524/2491/4852 2547/2540/4852 2519/2523/4852
f 2487/2498/4853 2548/2541/4853 2514/2518/4853
f 2454/2454/4854 2514/2518/4854 2537/2512/4854
f 2458/2462/4855 2537/2512/4855 2538/2535/4855
f 2509/2493/4856 2525/2542/4856 2530/2527/4856
f 2530/2527/4857 2516/2524/4857 2483/2483/4857
f 2499/2509/4858 2506/2495/4858 2494/2494/4858
f 2532/2519/4859 2539/2536/4859 2455/2466/4859
f 2459/2470/4860 2511/2521/4860 2485/2471/4860
f 2485/2471/4861 2542/2543/4861 2495/2496/4861
f 2495/2496/4862 2542/2543/4862 2471/2472/4862
f 2471/2472/4863 2542/2543/4863 2520/2529/4863
f 2450/2468/4864 2464/2459/4864 2540/2537/4864
f 2416/2423/4865 2490/2489/4865 2526/2544/4865
f 2465/2469/4866 2521/2530/4866 2451/2451/4866
f 2500/2504/4867 2553/2545/4867 2491/2505/4867
f 2493/2490/4868 2536/2534/4868 2524/2491/4868
f 2513/2517/4869 2548/2541/4869 2487/2498/4869
f 2514/2518/4870 2561/2546/4870 2537/2512/4870
f 2528/2547/4871 2489/2492/4871 2504/2500/4871
f 2507/2503/4872 2550/2548/4872 2531/2528/4872
f 2474/2484/4873 2539/2536/4873 2541/2520/4873
f 2497/2499/4874 2534/2538/4874 2522/2511/4874
f 2479/2486/4875 2544/2549/4875 2480/2474/4875
f 2544/2549/4876 2545/2539/4876 2480/2474/4876
f 2546/2550/4877 2547/2540/4877 2524/2491/4877
f 2554/2551/4878 2548/2541/4878 2513/2517/4878
f 2463/2463/4879 2528/2547/4879 2504/2500/4879
f 2529/2532/4880 2589/2552/4880 2505/2508/4880
f 2505/2508/4881 2525/2542/4881 2509/2493/4881
f 2499/2509/4882 2549/2553/4882 2506/2495/4882
f 2510/2502/4883 2550/2548/4883 2507/2503/4883
f 2541/2520/4884 2551/2554/4884 2475/2475/4884
f 2511/2521/4885 2552/2555/4885 2485/2471/4885
f 2552/2555/4886 2542/2543/4886 2485/2471/4886
f 2491/2505/4887 2553/2545/4887 2501/2513/4887
f 2492/2497/4888 2527/2531/4888 2523/2526/4888
f 2524/2491/4889 2536/2534/4889 2546/2550/4889
f 2519/2523/4890 2554/2551/4890 2513/2517/4890
f 2589/2552/4891 2525/2542/4891 2505/2508/4891
f 2476/2488/4892 2540/2537/4892 2490/2489/4892
f 2534/2538/4893 2553/2545/4893 2500/2504/4893
f 2518/2522/4894 2544/2549/4894 2479/2486/4894
f 2545/2539/4895 2512/2516/4895 2498/2478/4895
f 2503/2507/4896 2528/2547/4896 2463/2463/4896
f 2489/2492/4897 2529/2532/4897 2515/2501/4897
f 2551/2554/4898 2484/2485/4898 2475/2475/4898
f 2520/2529/4899 2558/2556/4899 2464/2459/4899
f 2533/2557/4900 2508/2510/4900 2496/2525/4900
f 2527/2531/4901 2557/2558/4901 2523/2526/4901
f 2548/2541/4902 2561/2546/4902 2514/2518/4902
f 2562/2559/4903 2528/2547/4903 2503/2507/4903
f 2489/2492/4904 2528/2547/4904 2555/2560/4904
f 2489/2492/4905 2555/2560/4905 2529/2532/4905
f 2525/2542/4906 2559/2561/4906 2530/2527/4906
f 2516/2524/4907 2610/2562/4907 2499/2509/4907
f 2499/2509/4908 2556/2563/4908 2549/2553/4908
f 2508/2510/4909 2585/2564/4909 2465/2469/4909
f 2521/2530/4910 2574/2565/4910 2497/2499/4910
f 2569/2566/4911 2535/2533/4911 2501/2513/4911
f 2535/2533/4912 2570/2567/4912 2517/2514/4912
f 2561/2546/4913 2538/2535/4913 2537/2512/4913
f 2502/2506/4914 2562/2559/4914 2503/2507/4914
f 2499/2509/4915 2610/2562/4915 2556/2563/4915
f 2549/2553/4916 2566/2568/4916 2506/2495/4916
f 2532/2519/4917 2560/2569/4917 2539/2536/4917
f 2558/2556/4918 2540/2537/4918 2464/2459/4918
f 2553/2545/4919 2569/2566/4919 2501/2513/4919
f 2517/2514/4920 2563/2570/4920 2543/2515/4920
f 2512/2516/4921 2565/2571/4921 2536/2534/4921
f 2565/2571/4922 2546/2550/4922 2536/2534/4922
f 2530/2527/4923 2582/2572/4923 2516/2524/4923
f 2542/2543/4924 2584/2573/4924 2520/2529/4924
f 2490/2489/4925 2579/2574/4925 2526/2544/4925
f 2579/2574/4926 2567/2575/4926 2526/2544/4926
f 2568/2576/4927 2569/2566/4927 2553/2545/4927
f 2543/2515/4928 2571/2577/4928 2527/2531/4928
f 2547/2540/4929 2572/2578/4929 2519/2523/4929
f 2559/2561/4930 2582/2572/4930 2530/2527/4930
f 2520/2529/4931 2573/2579/4931 2558/2556/4931
f 2534/2538/4932 2580/2580/4932 2553/2545/4932
f 2570/2567/4933 2575/2581/4933 2517/2514/4933
f 2557/2558/4934 2564/2582/4934 2523/2526/4934
f 2523/2526/4935 2564/2582/4935 2518/2522/4935
f 2518/2522/4936 2564/2582/4936 2544/2549/4936
f 2544/2549/4937 2591/2583/4937 2545/2539/4937
f 2561/2546/4938 2577/2584/4938 2538/2535/4938
f 2555/2560/4939 2578/2585/4939 2529/2532/4939
f 2539/2536/4940 2560/2569/4940 2541/2520/4940
f 2545/2539/4941 2565/2571/4941 2512/2516/4941
f 2519/2523/4942 2576/2586/4942 2554/2551/4942
f 2488/2487/4943 2562/2559/4943 2502/2506/4943
f 2562/2559/4944 2581/2587/4944 2528/2547/4944
f 2560/2569/4945 2551/2554/4945 2541/2520/4945
f 2551/2554/4946 2583/2588/4946 2484/2485/4946
f 2552/2555/4947 2584/2573/4947 2542/2543/4947
f 2465/2469/4948 2585/2564/4948 2521/2530/4948
f 2521/2530/4949 2594/2589/4949 2574/2565/4949
f 2497/2499/4950 2574/2565/4950 2534/2538/4950
f 2575/2581/4951 2563/2570/4951 2517/2514/4951
f 2572/2578/4952 2576/2586/4952 2519/2523/4952
f 2554/2551/4953 2586/2590/4953 2548/2541/4953
f 2538/2535/4954 2588/2591/4954 2488/2487/4954
f 2529/2532/4955 2578/2585/4955 2589/2552/4955
f 2506/2495/4956 2566/2568/4956 2510/2502/4956
f 2484/2485/4957 2583/2588/4957 2511/2521/4957
f 2584/2573/4958 2590/2592/4958 2520/2529/4958
f 2580/2580/4959 2568/2576/4959 2553/2545/4959
f 2535/2533/4960 2569/2566/4960 2570/2567/4960
f 2547/2540/4961 2597/2593/4961 2572/2578/4961
f 2586/2590/4962 2587/2594/4962 2548/2541/4962
f 2548/2541/4963 2587/2594/4963 2561/2546/4963
f 2562/2559/4964 2601/2595/4964 2581/2587/4964
f 2589/2552/4965 2592/2596/4965 2525/2542/4965
f 2566/2568/4966 2550/2548/4966 2510/2502/4966
f 2511/2521/4967 2593/2597/4967 2552/2555/4967
f 2520/2529/4968 2590/2592/4968 2573/2579/4968
f 2490/2489/4969 2607/2598/4969 2579/2574/4969
f 2574/2565/4970 2580/2580/4970 2534/2538/4970
f 2543/2515/4971 2595/2599/4971 2571/2577/4971
f 2571/2577/4972 2557/2558/4972 2527/2531/4972
f 2564/2582/4973 2591/2583/4973 2544/2549/4973
f 2546/2550/4974 2597/2593/4974 2547/2540/4974
f 2640/2600/4975 2538/2535/4975 2577/2584/4975
f 2581/2587/4976 2555/2560/4976 2528/2547/4976
f 2525/2542/4977 2592/2596/4977 2559/2561/4977
f 2559/2561/4978 2598/2601/4978 2582/2572/4978
f 2582/2572/4979 2610/2562/4979 2516/2524/4979
f 2552/2555/4980 2593/2597/4980 2584/2573/4980
f 2540/2537/4981 2607/2598/4981 2490/2489/4981
f 2533/2557/4982 2600/2602/4982 2508/2510/4982
f 2564/2582/4983 2596/2603/4983 2591/2583/4983
f 2561/2546/4984 2587/2594/4984 2577/2584/4984
f 2578/2585/4985 2602/2604/4985 2589/2552/4985
f 2556/2563/4986 2603/2605/4986 2549/2553/4986
f 2615/2606/4987 2560/2569/4987 2532/2519/4987
f 2573/2579/4988 2599/2607/4988 2558/2556/4988
f 2558/2556/4989 2604/2608/4989 2540/2537/4989
f 2563/2570/4990 2595/2599/4990 2543/2515/4990
f 2557/2558/4991 2596/2603/4991 2564/2582/4991
f 2591/2583/4992 2613/2609/4992 2545/2539/4992
f 2605/2610/4993 2565/2571/4993 2545/2539/4993
f 2576/2586/4994 2586/2590/4994 2554/2551/4994
f 2538/2535/4995 2640/2600/4995 2588/2591/4995
f 2488/2487/4996 2601/2595/4996 2562/2559/4996
f 2592/2596/4997 2606/2611/4997 2559/2561/4997
f 2606/2611/4998 2598/2601/4998 2559/2561/4998
f 2569/2566/4999 2625/2612/4999 2570/2567/4999
f 2571/2577/5000 2608/2613/5000 2557/2558/5000
f 2546/2550/5001 2614/2614/5001 2597/2593/5001
f 2588/2591/5002 2601/2595/5002 2488/2487/5002
f 2609/2615/5003 2602/2604/5003 2578/2585/5003
f 2589/2552/5004 2602/2604/5004 2592/2596/5004
f 2603/2605/5005 2566/2568/5005 2549/2553/5005
f 2583/2588/5006 2611/2616/5006 2511/2521/5006
f 2613/2609/5007 2605/2610/5007 2545/2539/5007
f 2565/2571/5008 2614/2614/5008 2546/2550/5008
f 2555/2560/5009 2629/2617/5009 2578/2585/5009
f 2610/2562/5010 2603/2605/5010 2556/2563/5010
f 2531/2528/5011 2615/2606/5011 2532/2519/5011
f 2611/2616/5012 2617/2618/5012 2511/2521/5012
f 2617/2618/5013 2593/2597/5013 2511/2521/5013
f 2590/2592/5014 2618/2619/5014 2573/2579/5014
f 2599/2607/5015 2604/2608/5015 2558/2556/5015
f 2540/2537/5016 2604/2608/5016 2607/2598/5016
f 2508/2510/5017 2600/2602/5017 2585/2564/5017
f 2521/2530/5018 2623/2620/5018 2594/2589/5018
f 2594/2589/5019 2612/2621/5019 2574/2565/5019
f 2570/2567/5020 2625/2612/5020 2575/2581/5020
f 2595/2599/5021 2608/2613/5021 2571/2577/5021
f 2616/2622/5022 2583/2588/5022 2551/2554/5022
f 2632/2623/5023 2567/2575/5023 2579/2574/5023
f 2633/2624/5024 2622/2625/5024 2585/2564/5024
f 2585/2564/5025 2623/2620/5025 2521/2530/5025
f 2596/2603/5026 2626/2626/5026 2591/2583/5026
f 2581/2587/5027 2601/2595/5027 2620/2627/5027
f 2606/2611/5028 2627/2628/5028 2598/2601/5028
f 2582/2572/5029 2628/2629/5029 2610/2562/5029
f 2600/2602/5030 2633/2624/5030 2585/2564/5030
f 2598/2601/5031 2628/2629/5031 2582/2572/5031
f 2615/2606/5032 2621/2630/5032 2560/2569/5032
f 2560/2569/5033 2621/2630/5033 2551/2554/5033
f 2568/2576/5034 2624/2631/5034 2569/2566/5034
f 2608/2613/5035 2619/2632/5035 2557/2558/5035
f 2591/2583/5036 2626/2626/5036 2613/2609/5036
f 2605/2610/5037 2631/2633/5037 2565/2571/5037
f 2565/2571/5038 2631/2633/5038 2614/2614/5038
f 2581/2587/5039 2629/2617/5039 2555/2560/5039
f 2598/2601/5040 2627/2628/5040 2628/2629/5040
f 2628/2629/5041 2603/2605/5041 2610/2562/5041
f 2550/2548/5042 2630/2634/5042 2531/2528/5042
f 2531/2528/5043 2630/2634/5043 2615/2606/5043
f 2621/2630/5044 2616/2622/5044 2551/2554/5044
f 2557/2558/5045 2619/2632/5045 2596/2603/5045
f 2614/2614/5046 2631/2633/5046 2597/2593/5046
f 2662/2635/5047 2629/2617/5047 2581/2587/5047
f 2629/2617/5048 2609/2615/5048 2578/2585/5048
f 2635/2636/5049 2606/2611/5049 2592/2596/5049
f 2659/2637/5050 2636/2638/5050 2566/2568/5050
f 2683/2639/5051 2611/2616/5051 2583/2588/5051
f 2593/2597/5052 2649/2640/5052 2584/2573/5052
f 2584/2573/5053 2649/2640/5053 2590/2592/5053
f 2618/2619/5054 2637/2641/5054 2573/2579/5054
f 2573/2579/5055 2637/2641/5055 2599/2607/5055
f 2607/2598/5056 2632/2623/5056 2579/2574/5056
f 2622/2625/5057 2639/2642/5057 2585/2564/5057
f 2585/2564/5058 2639/2642/5058 2623/2620/5058
f 2594/2589/5059 2623/2620/5059 2612/2621/5059
f 2574/2565/5060 2612/2621/5060 2580/2580/5060
f 2569/2566/5061 2624/2631/5061 2625/2612/5061
f 2625/2612/5062 2563/2570/5062 2575/2581/5062
f 2563/2570/5063 2645/2643/5063 2595/2599/5063
f 2657/2644/5064 2577/2584/5064 2587/2594/5064
f 2602/2604/5065 2641/2645/5065 2592/2596/5065
f 2628/2629/5066 2642/2646/5066 2603/2605/5066
f 2603/2605/5067 2659/2637/5067 2566/2568/5067
f 2566/2568/5068 2636/2638/5068 2550/2548/5068
f 2636/2638/5069 2630/2634/5069 2550/2548/5069
f 2616/2622/5070 2683/2639/5070 2583/2588/5070
f 2607/2598/5071 2604/2608/5071 2638/2647/5071
f 2633/2624/5072 2643/2648/5072 2622/2625/5072
f 2645/2643/5073 2608/2613/5073 2595/2599/5073
f 2608/2613/5074 2646/2649/5074 2619/2632/5074
f 2588/2591/5075 2634/2650/5075 2601/2595/5075
f 2620/2627/5076 2662/2635/5076 2581/2587/5076
f 2635/2636/5077 2647/2651/5077 2606/2611/5077
f 2617/2618/5078 2649/2640/5078 2593/2597/5078
f 2590/2592/5079 2649/2640/5079 2618/2619/5079
f 2596/2603/5080 2619/2632/5080 2626/2626/5080
f 2631/2633/5081 2650/2652/5081 2597/2593/5081
f 2597/2593/5082 2656/2653/5082 2572/2578/5082
f 2634/2650/5083 2620/2627/5083 2601/2595/5083
f 2592/2596/5084 2641/2645/5084 2635/2636/5084
f 2615/2606/5085 2651/2654/5085 2621/2630/5085
f 2638/2647/5086 2652/2655/5086 2607/2598/5086
f 2568/2576/5087 2580/2580/5087 2644/2656/5087
f 2568/2576/5088 2644/2656/5088 2624/2631/5088
f 2613/2609/5089 2654/2657/5089 2605/2610/5089
f 2572/2578/5090 2656/2653/5090 2576/2586/5090
f 2576/2586/5091 2656/2653/5091 2586/2590/5091
f 2586/2590/5092 2657/2644/5092 2587/2594/5092
f 2640/2600/5093 2667/2658/5093 2588/2591/5093
f 2606/2611/5094 2647/2651/5094 2627/2628/5094
f 2628/2629/5095 2648/2659/5095 2642/2646/5095
f 2642/2646/5096 2659/2637/5096 2603/2605/5096
f 2599/2607/5097 2638/2647/5097 2604/2608/5097
f 2622/2625/5098 2643/2648/5098 2639/2642/5098
f 2563/2570/5099 2625/2612/5099 2645/2643/5099
f 2605/2610/5100 2655/2660/5100 2631/2633/5100
f 2611/2616/5101 2661/2661/5101 2617/2618/5101
f 2665/2662/5102 2637/2641/5102 2618/2619/5102
f 2632/2623/5103 2653/2663/5103 2567/2575/5103
f 2605/2610/5104 2654/2657/5104 2655/2660/5104
f 2597/2593/5105 2650/2652/5105 2656/2653/5105
f 2577/2584/5106 2657/2644/5106 2640/2600/5106
f 2659/2637/5107 2673/2664/5107 2636/2638/5107
f 2612/2621/5108 2666/2665/5108 2580/2580/5108
f 2645/2643/5109 2646/2649/5109 2608/2613/5109
f 2629/2617/5110 2660/2666/5110 2609/2615/5110
f 2609/2615/5111 2663/2667/5111 2602/2604/5111
f 2647/2651/5112 2658/2668/5112 2627/2628/5112
f 2661/2661/5113 2664/2669/5113 2617/2618/5113
f 2668/2670/5114 2653/2663/5114 2632/2623/5114
f 2619/2632/5115 2670/2671/5115 2626/2626/5115
f 2679/2672/5116 2613/2609/5116 2626/2626/5116
f 2631/2633/5117 2671/2673/5117 2650/2652/5117
f 2660/2666/5118 2663/2667/5118 2609/2615/5118
f 2663/2667/5119 2641/2645/5119 2602/2604/5119
f 2627/2628/5120 2658/2668/5120 2628/2629/5120
f 2658/2668/5121 2648/2659/5121 2628/2629/5121
f 2621/2630/5122 2675/2674/5122 2616/2622/5122
f 2580/2580/5123 2669/2675/5123 2644/2656/5123
f 2678/2676/5124 2670/2671/5124 2619/2632/5124
f 2656/2653/5125 2672/2677/5125 2586/2590/5125
f 2586/2590/5126 2672/2677/5126 2657/2644/5126
f 2620/2627/5127 2634/2650/5127 2662/2635/5127
f 2662/2635/5128 2660/2666/5128 2629/2617/5128
f 2630/2634/5129 2674/2678/5129 2615/2606/5129
f 2651/2654/5130 2675/2674/5130 2621/2630/5130
f 2607/2598/5131 2652/2655/5131 2632/2623/5131
f 2652/2655/5132 2676/2679/5132 2632/2623/5132
f 2633/2624/5133 2685/2680/5133 2643/2648/5133
f 2666/2665/5134 2669/2675/5134 2580/2580/5134
f 2624/2631/5135 2677/2681/5135 2625/2612/5135
f 2646/2649/5136 2678/2676/5136 2619/2632/5136
f 2670/2671/5137 2679/2672/5137 2626/2626/5137
f 2680/2682/5138 2656/2653/5138 2650/2652/5138
f 2667/2658/5139 2634/2650/5139 2588/2591/5139
f 2630/2634/5140 2636/2638/5140 2674/2678/5140
f 2617/2618/5141 2664/2669/5141 2649/2640/5141
f 2632/2623/5142 2676/2679/5142 2668/2670/5142
f 2623/2620/5143 2681/2683/5143 2612/2621/5143
f 2644/2656/5144 2677/2681/5144 2624/2631/5144
f 2625/2612/5145 2690/2684/5145 2645/2643/5145
f 2679/2672/5146 2654/2657/5146 2613/2609/5146
f 2648/2659/5147 2682/2685/5147 2642/2646/5147
f 2615/2606/5148 2674/2678/5148 2651/2654/5148
f 2618/2619/5149 2649/2640/5149 2665/2662/5149
f 2599/2607/5150 2637/2641/5150 2638/2647/5150
f 2638/2647/5151 2684/2686/5151 2652/2655/5151
f 2612/2621/5152 2681/2683/5152 2666/2665/5152
f 2655/2660/5153 2671/2673/5153 2631/2633/5153
f 2656/2653/5154 2680/2682/5154 2672/2677/5154
f 2657/2644/5155 2686/2687/5155 2640/2600/5155
f 2662/2635/5156 2692/2688/5156 2660/2666/5156
f 2682/2685/5157 2659/2637/5157 2642/2646/5157
f 2623/2620/5158 2689/2689/5158 2681/2683/5158
f 2677/2681/5159 2690/2684/5159 2625/2612/5159
f 2645/2643/5160 2691/2690/5160 2646/2649/5160
f 2686/2687/5161 2667/2658/5161 2640/2600/5161
f 2641/2645/5162 2687/2691/5162 2635/2636/5162
f 2673/2664/5163 2710/2692/5163 2636/2638/5163
f 2611/2616/5164 2693/2693/5164 2661/2661/5164
f 2637/2641/5165 2694/2694/5165 2638/2647/5165
f 2623/2620/5166 2639/2642/5166 2689/2689/5166
f 2672/2677/5167 2695/2695/5167 2657/2644/5167
f 2663/2667/5168 2687/2691/5168 2641/2645/5168
f 2659/2637/5169 2688/2696/5169 2673/2664/5169
f 2636/2638/5170 2710/2692/5170 2674/2678/5170
f 2683/2639/5171 2693/2693/5171 2611/2616/5171
f 2665/2662/5172 2696/2697/5172 2637/2641/5172
f 2652/2655/5173 2684/2686/5173 2676/2679/5173
f 2690/2684/5174 2691/2690/5174 2645/2643/5174
f 2678/2676/5175 2723/2698/5175 2670/2671/5175
f 2657/2644/5176 2695/2695/5176 2686/2687/5176
f 2634/2650/5177 2712/2699/5177 2662/2635/5177
f 2712/2699/5178 2692/2688/5178 2662/2635/5178
f 2635/2636/5179 2705/2700/5179 2647/2651/5179
f 2647/2651/5180 2705/2700/5180 2658/2668/5180
f 2682/2685/5181 2688/2696/5181 2659/2637/5181
f 2675/2674/5182 2700/2701/5182 2616/2622/5182
f 2638/2647/5183 2697/2702/5183 2684/2686/5183
f 2691/2690/5184 2702/2703/5184 2646/2649/5184
f 2646/2649/5185 2698/2704/5185 2678/2676/5185
f 2679/2672/5186 2703/2705/5186 2654/2657/5186
f 2654/2657/5187 2703/2705/5187 2655/2660/5187
f 2655/2660/5188 2699/2706/5188 2671/2673/5188
f 2680/2682/5189 2704/2707/5189 2672/2677/5189
f 2686/2687/5190 2715/2708/5190 2667/2658/5190
f 2658/2668/5191 2705/2700/5191 2648/2659/5191
f 2705/2700/5192 2682/2685/5192 2648/2659/5192
f 2688/2696/5193 2707/2709/5193 2673/2664/5193
f 2616/2622/5194 2700/2701/5194 2683/2639/5194
f 2649/2640/5195 2701/2710/5195 2665/2662/5195
f 2719/2711/5196 2639/2642/5196 2643/2648/5196
f 2666/2665/5197 2681/2683/5197 2669/2675/5197
f 2646/2649/5198 2702/2703/5198 2698/2704/5198
f 2670/2671/5199 2720/2712/5199 2679/2672/5199
f 2703/2705/5200 2699/2706/5200 2655/2660/5200
f 2663/2667/5201 2716/2713/5201 2687/2691/5201
f 2687/2691/5202 2705/2700/5202 2635/2636/5202
f 2674/2678/5203 2718/2714/5203 2651/2654/5203
f 2696/2697/5204 2694/2694/5204 2637/2641/5204
f 2638/2647/5205 2694/2694/5205 2697/2702/5205
f 2668/2670/5206 2711/2715/5206 2653/2663/5206
f 2679/2672/5207 2713/2716/5207 2703/2705/5207
f 2715/2708/5208 2712/2699/5208 2667/2658/5208
f 2667/2658/5209 2712/2699/5209 2634/2650/5209
f 2710/2692/5210 2718/2714/5210 2674/2678/5210
f 2718/2714/5211 2675/2674/5211 2651/2654/5211
f 2649/2640/5212 2664/2669/5212 2701/2710/5212
f 2684/2686/5213 2697/2702/5213 2676/2679/5213
f 2719/2711/5214 2689/2689/5214 2639/2642/5214
f 2699/2706/5215 2714/2717/5215 2671/2673/5215
f 2671/2673/5216 2714/2717/5216 2650/2652/5216
f 2650/2652/5217 2714/2717/5217 2680/2682/5217
f 2704/2707/5218 2695/2695/5218 2672/2677/5218
f 2692/2688/5219 2716/2713/5219 2660/2666/5219
f 2716/2713/5220 2663/2667/5220 2660/2666/5220
f 2709/2718/5221 2705/2700/5221 2687/2691/5221
f 2682/2685/5222 2706/2719/5222 2688/2696/5222
f 2707/2709/5223 2710/2692/5223 2673/2664/5223
f 2701/2710/5224 2696/2697/5224 2665/2662/5224
f 2685/2680/5225 2719/2711/5225 2643/2648/5225
f 2723/2698/5226 2720/2712/5226 2670/2671/5226
f 2720/2712/5227 2713/2716/5227 2679/2672/5227
f 2716/2713/5228 2721/2720/5228 2687/2691/5228
f 2709/2718/5229 2717/2721/5229 2705/2700/5229
f 2705/2700/5230 2722/2722/5230 2682/2685/5230
f 2677/2681/5231 2644/2656/5231 2708/2723/5231
f 2708/2723/5232 2690/2684/5232 2677/2681/5232
f 2698/2704/5233 2723/2698/5233 2678/2676/5233
f 2714/2717/5234 2704/2707/5234 2680/2682/5234
f 2695/2695/5235 2715/2708/5235 2686/2687/5235
f 2687/2691/5236 2721/2720/5236 2709/2718/5236
f 2717/2721/5237 2722/2722/5237 2705/2700/5237
f 2722/2722/5238 2706/2719/5238 2682/2685/5238
f 2706/2719/5239 2707/2709/5239 2688/2696/5239
f 2700/2701/5240 2693/2693/5240 2683/2639/5240
f 2693/2693/5241 2664/2669/5241 2661/2661/5241
